,Repo,GitHub_Type,Nr,original_statement,statement,Non_knowledge_Type_Roberts,original_Repo,original_GitHub_Type,original_Nr,original_Non_Knowledge_old,roberts_label,label
0,pytorch_pytorch,issue,154997,"I accidentally discovered that nn.Linear with datatype float16/bfloat16 can produce significant numerical errors on sliced tensors:
 import torch
 torch.random.manual_seed(42)
 from torch import nn
 

 dtype = torch.float16
 batch, seq, embed_dim, delay = 2, 16, 4, 2
 x1 = torch.randn(batch, seq, embed_dim, device=""cuda"", dtype=dtype)
 x2 = x1[:, delay:]
 assert torch.allclose(x1[:, delay:], x2)
 net = nn.Linear(embed_dim, embed_dim).to(""cuda"").to(dtype=dtype)
 out1 = net(x1)
 out2 = net(x2)
 print((out1[:, delay:] - out2).abs().max())
 assert torch.allclose(out1[:, delay:], out2)
 

 I got the output like this:
 tensor(0.0010, device='cuda:0', dtype=torch.float16, grad_fn=<MaxBackward1>)
 Traceback (most recent call last):
  File ""/home/jewel/Workspaces/cusrl/test.py"", line 14, in <module>
  assert torch.allclose(out1[:, delay:], out2)
 AssertionError
 

 If the type is bfloat16, the error is even greater:
 tensor(0.0078, device='cuda:0', dtype=torch.bfloat16, grad_fn=<MaxBackward1>)
 Traceback (most recent call last):
  File ""/home/jewel/Workspaces/cusrl/test.py"", line 14, in <module>
  assert torch.allclose(out1[:, delay:], out2)
 AssertionError
 

 However, if the tensor is cloned after sliced x2 = x1[:, delay:].clone() or the type is float32, it will produce an error of exactly zero.
 tensor(0., device='cuda:0', grad_fn=<MaxBackward1>)
 

 I don't know if this is an allowable margin of error or a bug.","I noticed unexpected numerical discrepancies when using nn.Linear with float16/bfloat16 tensors after slicing. Here's a minimal example: `x2 = x1[:, delay:]` results in assertion failures when passed through a linear layer, but `x2 = x1[:, delay:].clone()` works correctly. The error magnifies with bfloat16. I'm unsure whether this is a precision limitation or a bug in PyTorch's handling of strided tensors.",Known Unknown,pytorch_pytorch,issue,154997,Known,2,1
1,pytorch_pytorch,issue,154997,"I accidentally discovered that nn.Linear with datatype float16/bfloat16 can produce significant numerical errors on sliced tensors:
 import torch
 torch.random.manual_seed(42)
 from torch import nn
 

 dtype = torch.float16
 batch, seq, embed_dim, delay = 2, 16, 4, 2
 x1 = torch.randn(batch, seq, embed_dim, device=""cuda"", dtype=dtype)
 x2 = x1[:, delay:]
 assert torch.allclose(x1[:, delay:], x2)
 net = nn.Linear(embed_dim, embed_dim).to(""cuda"").to(dtype=dtype)
 out1 = net(x1)
 out2 = net(x2)
 print((out1[:, delay:] - out2).abs().max())
 assert torch.allclose(out1[:, delay:], out2)
 

 I got the output like this:
 tensor(0.0010, device='cuda:0', dtype=torch.float16, grad_fn=<MaxBackward1>)
 Traceback (most recent call last):
  File ""/home/jewel/Workspaces/cusrl/test.py"", line 14, in <module>
  assert torch.allclose(out1[:, delay:], out2)
 AssertionError
 

 If the type is bfloat16, the error is even greater:
 tensor(0.0078, device='cuda:0', dtype=torch.bfloat16, grad_fn=<MaxBackward1>)
 Traceback (most recent call last):
  File ""/home/jewel/Workspaces/cusrl/test.py"", line 14, in <module>
  assert torch.allclose(out1[:, delay:], out2)
 AssertionError
 

 However, if the tensor is cloned after sliced x2 = x1[:, delay:].clone() or the type is float32, it will produce an error of exactly zero.
 tensor(0., device='cuda:0', grad_fn=<MaxBackward1>)
 

 I don't know if this is an allowable margin of error or a bug.","When applying nn.Linear to sliced float16 tensors, I observed non-zero output differences compared to non-sliced inputs. Code example: `net(x1[:, delay:])` vs `net(x2)` fails assertions with 0.0010+ errors in float16. Cloning the sliced tensor eliminates the issue. Could this be a memory layout problem, or is it expected behavior with reduced-precision types?",Known Unknown,pytorch_pytorch,issue,154997,Known,2,1
2,pytorch_pytorch,issue,154997,"I accidentally discovered that nn.Linear with datatype float16/bfloat16 can produce significant numerical errors on sliced tensors:
 import torch
 torch.random.manual_seed(42)
 from torch import nn
 

 dtype = torch.float16
 batch, seq, embed_dim, delay = 2, 16, 4, 2
 x1 = torch.randn(batch, seq, embed_dim, device=""cuda"", dtype=dtype)
 x2 = x1[:, delay:]
 assert torch.allclose(x1[:, delay:], x2)
 net = nn.Linear(embed_dim, embed_dim).to(""cuda"").to(dtype=dtype)
 out1 = net(x1)
 out2 = net(x2)
 print((out1[:, delay:] - out2).abs().max())
 assert torch.allclose(out1[:, delay:], out2)
 

 I got the output like this:
 tensor(0.0010, device='cuda:0', dtype=torch.float16, grad_fn=<MaxBackward1>)
 Traceback (most recent call last):
  File ""/home/jewel/Workspaces/cusrl/test.py"", line 14, in <module>
  assert torch.allclose(out1[:, delay:], out2)
 AssertionError
 

 If the type is bfloat16, the error is even greater:
 tensor(0.0078, device='cuda:0', dtype=torch.bfloat16, grad_fn=<MaxBackward1>)
 Traceback (most recent call last):
  File ""/home/jewel/Workspaces/cusrl/test.py"", line 14, in <module>
  assert torch.allclose(out1[:, delay:], out2)
 AssertionError
 

 However, if the tensor is cloned after sliced x2 = x1[:, delay:].clone() or the type is float32, it will produce an error of exactly zero.
 tensor(0., device='cuda:0', grad_fn=<MaxBackward1>)
 

 I don't know if this is an allowable margin of error or a bug.","I'm getting inconsistent outputs from nn.Linear when using sliced float16/bfloat16 tensors. The code `out1 = net(x1)` and `out2 = net(x1[:, delay:])` produces non-zero differences in outputs despite input equivalence. This only occurs with float16/bfloat16, not float32. Is this a known precision issue, or is there a mistake in my implementation?",Known Unknown,pytorch_pytorch,issue,154997,Known,2,1
3,pytorch_pytorch,issue,154997,"I accidentally discovered that nn.Linear with datatype float16/bfloat16 can produce significant numerical errors on sliced tensors:
 import torch
 torch.random.manual_seed(42)
 from torch import nn
 

 dtype = torch.float16
 batch, seq, embed_dim, delay = 2, 16, 4, 2
 x1 = torch.randn(batch, seq, embed_dim, device=""cuda"", dtype=dtype)
 x2 = x1[:, delay:]
 assert torch.allclose(x1[:, delay:], x2)
 net = nn.Linear(embed_dim, embed_dim).to(""cuda"").to(dtype=dtype)
 out1 = net(x1)
 out2 = net(x2)
 print((out1[:, delay:] - out2).abs().max())
 assert torch.allclose(out1[:, delay:], out2)
 

 I got the output like this:
 tensor(0.0010, device='cuda:0', dtype=torch.float16, grad_fn=<MaxBackward1>)
 Traceback (most recent call last):
  File ""/home/jewel/Workspaces/cusrl/test.py"", line 14, in <module>
  assert torch.allclose(out1[:, delay:], out2)
 AssertionError
 

 If the type is bfloat16, the error is even greater:
 tensor(0.0078, device='cuda:0', dtype=torch.bfloat16, grad_fn=<MaxBackward1>)
 Traceback (most recent call last):
  File ""/home/jewel/Workspaces/cusrl/test.py"", line 14, in <module>
  assert torch.allclose(out1[:, delay:], out2)
 AssertionError
 

 However, if the tensor is cloned after sliced x2 = x1[:, delay:].clone() or the type is float32, it will produce an error of exactly zero.
 tensor(0., device='cuda:0', grad_fn=<MaxBackward1>)
 

 I don't know if this is an allowable margin of error or a bug.","A strange error occurs with nn.Linear when using float16 on sliced tensors. My test code shows that `x1[:, delay:]` and its clone behave differently through the network. The error grows with bfloat16, but disappears in float32. I'm not sure if this is a PyTorch bug or an inherent limitation of low-precision calculations on strided tensors.",Known Unknown,pytorch_pytorch,issue,154997,Known,2,1
4,pytorch_pytorch,issue,154997,"I accidentally discovered that nn.Linear with datatype float16/bfloat16 can produce significant numerical errors on sliced tensors:
 import torch
 torch.random.manual_seed(42)
 from torch import nn
 

 dtype = torch.float16
 batch, seq, embed_dim, delay = 2, 16, 4, 2
 x1 = torch.randn(batch, seq, embed_dim, device=""cuda"", dtype=dtype)
 x2 = x1[:, delay:]
 assert torch.allclose(x1[:, delay:], x2)
 net = nn.Linear(embed_dim, embed_dim).to(""cuda"").to(dtype=dtype)
 out1 = net(x1)
 out2 = net(x2)
 print((out1[:, delay:] - out2).abs().max())
 assert torch.allclose(out1[:, delay:], out2)
 

 I got the output like this:
 tensor(0.0010, device='cuda:0', dtype=torch.float16, grad_fn=<MaxBackward1>)
 Traceback (most recent call last):
  File ""/home/jewel/Workspaces/cusrl/test.py"", line 14, in <module>
  assert torch.allclose(out1[:, delay:], out2)
 AssertionError
 

 If the type is bfloat16, the error is even greater:
 tensor(0.0078, device='cuda:0', dtype=torch.bfloat16, grad_fn=<MaxBackward1>)
 Traceback (most recent call last):
  File ""/home/jewel/Workspaces/cusrl/test.py"", line 14, in <module>
  assert torch.allclose(out1[:, delay:], out2)
 AssertionError
 

 However, if the tensor is cloned after sliced x2 = x1[:, delay:].clone() or the type is float32, it will produce an error of exactly zero.
 tensor(0., device='cuda:0', grad_fn=<MaxBackward1>)
 

 I don't know if this is an allowable margin of error or a bug.","I encountered assertion failures when applying a linear layer to float16 sliced tensors. The code `assert torch.allclose(net(x1[:, delay:]), net(x2))` fails with 0.0078+ errors in bfloat16. This doesn't happen with float32 or cloned tensors. Could this be related to how PyTorch handles tensor strides in mixed-precision operations? I'm unsure how to interpret these results.",Known Unknown,pytorch_pytorch,issue,154997,Known,2,1
5,pytorch_pytorch,Issue,154556,"When I use torch.compile(flex_attention) with NJT inputs I get the following error:
 torch._dynamo.exc.BackendCompilerFailed: backend='inductor' raised:
 RuntimeError: Attempting to use FunctionalTensor on its own. Instead, please use it with a corresponding FunctionalTensorMode()
 

 This happens both on cpu and cuda devices (A100, 6000 ADA, 2080Ti) and independent of setting dynamic=True/False.
 Depending on how K,V are constructed, their jagged dimensions might have shapes j2,j3 which are not detected as matching. I made some effort to get both equal to j2, but that didn't help.
 Note that Q has a different shape j1. Running self-attention flex_attention(Q,Q,Q) with all jagged axes equal to j1 didn't help either.
 A minimal reproducer for this issue:
 import torch
 from torch.nested import nested_tensor_from_jagged
 from torch.nn.attention.flex_attention import flex_attention
 

 device = 'cuda' if torch.cuda.is_available() else 'cpu'
 H, E_inner, E_value= 8, 16, 32
 lengths_Q = torch.tensor([11, 13, 15])
 lengths_KV = torch.tensor([10, 15, 11])
 offsets_Q = torch.cat([torch.tensor([0]), torch.cumsum(lengths_Q, dim=0)])
 offsets_KV = torch.cat([torch.tensor([0]), torch.cumsum(lengths_KV, dim=0)])
 

 Q = torch.cat([torch.randn(Ni,H,E_inner) for Ni in lengths_Q], dim=0)
 K = torch.cat([torch.randn(Ni,H,E_inner) for Ni in lengths_KV], dim=0)
 V = torch.cat([torch.randn(Ni,H,E_value) for Ni in lengths_KV], dim=0)
 Q = nested_tensor_from_jagged(Q, offsets=offsets_Q )
 K = nested_tensor_from_jagged(K, offsets=offsets_KV)
 V = nested_tensor_from_jagged(V, offsets=offsets_KV)
 Q = Q.moveaxis(1,2).contiguous().to(device) # size=(B, H, j1, E_inner), contiguous=True
 K = K.moveaxis(1,2).contiguous().to(device) # size=(B, H, j2, E_inner), contiguous=True
 V = V.moveaxis(1,2).contiguous().to(device) # size=(B, H, j2, E_value), contiguous=True
 

 flex_attention = torch.compile(flex_attention)
 attn_out = flex_attention(Q,K,V) # size=(B, H, j1, E_value), crashes when flex_attention is compiled
 print(attn_out)","I'm encountering a RuntimeError when using torch.compile(flex_attention) with Nested Jagged Tensors (NJT). The error message mentions FunctionalTensor requiring a FunctionalTensorMode, and it occurs consistently across CPU and CUDA devices. Even after aligning jagged dimensions manually (e.g., j2 for K/V) and testing dynamic compilation settings, the issue persists. Can someone clarify if this is a bug in PyTorch's NJT support or an incorrect usage pattern?",Known Unknown,pytorch_pytorch,Issue,154556,Irrelevant,2,1
6,pytorch_pytorch,Issue,154556,"When I use torch.compile(flex_attention) with NJT inputs I get the following error:
 torch._dynamo.exc.BackendCompilerFailed: backend='inductor' raised:
 RuntimeError: Attempting to use FunctionalTensor on its own. Instead, please use it with a corresponding FunctionalTensorMode()
 

 This happens both on cpu and cuda devices (A100, 6000 ADA, 2080Ti) and independent of setting dynamic=True/False.
 Depending on how K,V are constructed, their jagged dimensions might have shapes j2,j3 which are not detected as matching. I made some effort to get both equal to j2, but that didn't help.
 Note that Q has a different shape j1. Running self-attention flex_attention(Q,Q,Q) with all jagged axes equal to j1 didn't help either.
 A minimal reproducer for this issue:
 import torch
 from torch.nested import nested_tensor_from_jagged
 from torch.nn.attention.flex_attention import flex_attention
 

 device = 'cuda' if torch.cuda.is_available() else 'cpu'
 H, E_inner, E_value= 8, 16, 32
 lengths_Q = torch.tensor([11, 13, 15])
 lengths_KV = torch.tensor([10, 15, 11])
 offsets_Q = torch.cat([torch.tensor([0]), torch.cumsum(lengths_Q, dim=0)])
 offsets_KV = torch.cat([torch.tensor([0]), torch.cumsum(lengths_KV, dim=0)])
 

 Q = torch.cat([torch.randn(Ni,H,E_inner) for Ni in lengths_Q], dim=0)
 K = torch.cat([torch.randn(Ni,H,E_inner) for Ni in lengths_KV], dim=0)
 V = torch.cat([torch.randn(Ni,H,E_value) for Ni in lengths_KV], dim=0)
 Q = nested_tensor_from_jagged(Q, offsets=offsets_Q )
 K = nested_tensor_from_jagged(K, offsets=offsets_KV)
 V = nested_tensor_from_jagged(V, offsets=offsets_KV)
 Q = Q.moveaxis(1,2).contiguous().to(device) # size=(B, H, j1, E_inner), contiguous=True
 K = K.moveaxis(1,2).contiguous().to(device) # size=(B, H, j2, E_inner), contiguous=True
 V = V.moveaxis(1,2).contiguous().to(device) # size=(B, H, j2, E_value), contiguous=True
 

 flex_attention = torch.compile(flex_attention)
 attn_out = flex_attention(Q,K,V) # size=(B, H, j1, E_value), crashes when flex_attention is compiled
 print(attn_out)","When compiling flex_attention with NJT inputs via torch.compile, I get a BackendCompilerFailed error related to FunctionalTensor. The error appears regardless of device (A100, 6000 ADA, 2080Ti) or dynamic=True/False. My minimal example shows jagged dimensions j1/j2/j3 fail to match, even after explicit alignment. Why does FunctionalTensorMode need to be explicitly used here, and is this a limitation of the current implementation?",Known Unknown,pytorch_pytorch,Issue,154556,Irrelevant,2,1
7,pytorch_pytorch,Issue,154556,"When I use torch.compile(flex_attention) with NJT inputs I get the following error:
 torch._dynamo.exc.BackendCompilerFailed: backend='inductor' raised:
 RuntimeError: Attempting to use FunctionalTensor on its own. Instead, please use it with a corresponding FunctionalTensorMode()
 

 This happens both on cpu and cuda devices (A100, 6000 ADA, 2080Ti) and independent of setting dynamic=True/False.
 Depending on how K,V are constructed, their jagged dimensions might have shapes j2,j3 which are not detected as matching. I made some effort to get both equal to j2, but that didn't help.
 Note that Q has a different shape j1. Running self-attention flex_attention(Q,Q,Q) with all jagged axes equal to j1 didn't help either.
 A minimal reproducer for this issue:
 import torch
 from torch.nested import nested_tensor_from_jagged
 from torch.nn.attention.flex_attention import flex_attention
 

 device = 'cuda' if torch.cuda.is_available() else 'cpu'
 H, E_inner, E_value= 8, 16, 32
 lengths_Q = torch.tensor([11, 13, 15])
 lengths_KV = torch.tensor([10, 15, 11])
 offsets_Q = torch.cat([torch.tensor([0]), torch.cumsum(lengths_Q, dim=0)])
 offsets_KV = torch.cat([torch.tensor([0]), torch.cumsum(lengths_KV, dim=0)])
 

 Q = torch.cat([torch.randn(Ni,H,E_inner) for Ni in lengths_Q], dim=0)
 K = torch.cat([torch.randn(Ni,H,E_inner) for Ni in lengths_KV], dim=0)
 V = torch.cat([torch.randn(Ni,H,E_value) for Ni in lengths_KV], dim=0)
 Q = nested_tensor_from_jagged(Q, offsets=offsets_Q )
 K = nested_tensor_from_jagged(K, offsets=offsets_KV)
 V = nested_tensor_from_jagged(V, offsets=offsets_KV)
 Q = Q.moveaxis(1,2).contiguous().to(device) # size=(B, H, j1, E_inner), contiguous=True
 K = K.moveaxis(1,2).contiguous().to(device) # size=(B, H, j2, E_inner), contiguous=True
 V = V.moveaxis(1,2).contiguous().to(device) # size=(B, H, j2, E_value), contiguous=True
 

 flex_attention = torch.compile(flex_attention)
 attn_out = flex_attention(Q,K,V) # size=(B, H, j1, E_value), crashes when flex_attention is compiled
 print(attn_out)","I'm facing a crash in flex_attention when using NJT inputs with torch.compile. The error `RuntimeError: Attempting to use FunctionalTensor on its own` occurs even after setting all jagged dimensions to j2 for K/V. This happens on both CPU and CUDA, and dynamic compilation settings don't resolve it. Is there a specific way to interface FunctionalTensorMode with NJT in this context?",Known Unknown,pytorch_pytorch,Issue,154556,Irrelevant,2,1
8,pytorch_pytorch,Issue,154556,"When I use torch.compile(flex_attention) with NJT inputs I get the following error:
 torch._dynamo.exc.BackendCompilerFailed: backend='inductor' raised:
 RuntimeError: Attempting to use FunctionalTensor on its own. Instead, please use it with a corresponding FunctionalTensorMode()
 

 This happens both on cpu and cuda devices (A100, 6000 ADA, 2080Ti) and independent of setting dynamic=True/False.
 Depending on how K,V are constructed, their jagged dimensions might have shapes j2,j3 which are not detected as matching. I made some effort to get both equal to j2, but that didn't help.
 Note that Q has a different shape j1. Running self-attention flex_attention(Q,Q,Q) with all jagged axes equal to j1 didn't help either.
 A minimal reproducer for this issue:
 import torch
 from torch.nested import nested_tensor_from_jagged
 from torch.nn.attention.flex_attention import flex_attention
 

 device = 'cuda' if torch.cuda.is_available() else 'cpu'
 H, E_inner, E_value= 8, 16, 32
 lengths_Q = torch.tensor([11, 13, 15])
 lengths_KV = torch.tensor([10, 15, 11])
 offsets_Q = torch.cat([torch.tensor([0]), torch.cumsum(lengths_Q, dim=0)])
 offsets_KV = torch.cat([torch.tensor([0]), torch.cumsum(lengths_KV, dim=0)])
 

 Q = torch.cat([torch.randn(Ni,H,E_inner) for Ni in lengths_Q], dim=0)
 K = torch.cat([torch.randn(Ni,H,E_inner) for Ni in lengths_KV], dim=0)
 V = torch.cat([torch.randn(Ni,H,E_value) for Ni in lengths_KV], dim=0)
 Q = nested_tensor_from_jagged(Q, offsets=offsets_Q )
 K = nested_tensor_from_jagged(K, offsets=offsets_KV)
 V = nested_tensor_from_jagged(V, offsets=offsets_KV)
 Q = Q.moveaxis(1,2).contiguous().to(device) # size=(B, H, j1, E_inner), contiguous=True
 K = K.moveaxis(1,2).contiguous().to(device) # size=(B, H, j2, E_inner), contiguous=True
 V = V.moveaxis(1,2).contiguous().to(device) # size=(B, H, j2, E_value), contiguous=True
 

 flex_attention = torch.compile(flex_attention)
 attn_out = flex_attention(Q,K,V) # size=(B, H, j1, E_value), crashes when flex_attention is compiled
 print(attn_out)","I'm getting a BackendCompilerFailed error when applying torch.compile to flex_attention with NJT inputs. The issue appears to stem from FunctionalTensor requirements, and my attempts to force matching jagged dimensions (j2 for K/V) haven't fixed it. The problem is consistent across devices and dynamic settings. Could this be a missing compatibility between FunctionalTensor and NJT in PyTorch?",Known Unknown,pytorch_pytorch,Issue,154556,Irrelevant,2,1
9,pytorch_pytorch,Issue,154556,"When I use torch.compile(flex_attention) with NJT inputs I get the following error:
 torch._dynamo.exc.BackendCompilerFailed: backend='inductor' raised:
 RuntimeError: Attempting to use FunctionalTensor on its own. Instead, please use it with a corresponding FunctionalTensorMode()
 

 This happens both on cpu and cuda devices (A100, 6000 ADA, 2080Ti) and independent of setting dynamic=True/False.
 Depending on how K,V are constructed, their jagged dimensions might have shapes j2,j3 which are not detected as matching. I made some effort to get both equal to j2, but that didn't help.
 Note that Q has a different shape j1. Running self-attention flex_attention(Q,Q,Q) with all jagged axes equal to j1 didn't help either.
 A minimal reproducer for this issue:
 import torch
 from torch.nested import nested_tensor_from_jagged
 from torch.nn.attention.flex_attention import flex_attention
 

 device = 'cuda' if torch.cuda.is_available() else 'cpu'
 H, E_inner, E_value= 8, 16, 32
 lengths_Q = torch.tensor([11, 13, 15])
 lengths_KV = torch.tensor([10, 15, 11])
 offsets_Q = torch.cat([torch.tensor([0]), torch.cumsum(lengths_Q, dim=0)])
 offsets_KV = torch.cat([torch.tensor([0]), torch.cumsum(lengths_KV, dim=0)])
 

 Q = torch.cat([torch.randn(Ni,H,E_inner) for Ni in lengths_Q], dim=0)
 K = torch.cat([torch.randn(Ni,H,E_inner) for Ni in lengths_KV], dim=0)
 V = torch.cat([torch.randn(Ni,H,E_value) for Ni in lengths_KV], dim=0)
 Q = nested_tensor_from_jagged(Q, offsets=offsets_Q )
 K = nested_tensor_from_jagged(K, offsets=offsets_KV)
 V = nested_tensor_from_jagged(V, offsets=offsets_KV)
 Q = Q.moveaxis(1,2).contiguous().to(device) # size=(B, H, j1, E_inner), contiguous=True
 K = K.moveaxis(1,2).contiguous().to(device) # size=(B, H, j2, E_inner), contiguous=True
 V = V.moveaxis(1,2).contiguous().to(device) # size=(B, H, j2, E_value), contiguous=True
 

 flex_attention = torch.compile(flex_attention)
 attn_out = flex_attention(Q,K,V) # size=(B, H, j1, E_value), crashes when flex_attention is compiled
 print(attn_out)","Using torch.compile(flex_attention) with NJT inputs results in a FunctionalTensor error that I can't resolve. I've tested this on multiple CUDA devices and verified that dynamic=True/False doesn't affect the outcome. Even when explicitly aligning K/V jagged dimensions to j2, the error persists. Is there a known workaround for this issue, or is it a bug in the current implementation?",Known Unknown,pytorch_pytorch,Issue,154556,Irrelevant,2,1
10,pytorch_pytorch,Issue,154556,"When I use torch.compile(flex_attention) with NJT inputs I get the following error:
 torch._dynamo.exc.BackendCompilerFailed: backend='inductor' raised:
 RuntimeError: Attempting to use FunctionalTensor on its own. Instead, please use it with a corresponding FunctionalTensorMode()
 

 This happens both on cpu and cuda devices (A100, 6000 ADA, 2080Ti) and independent of setting dynamic=True/False.
 Depending on how K,V are constructed, their jagged dimensions might have shapes j2,j3 which are not detected as matching. I made some effort to get both equal to j2, but that didn't help.
 Note that Q has a different shape j1. Running self-attention flex_attention(Q,Q,Q) with all jagged axes equal to j1 didn't help either.
 A minimal reproducer for this issue:
 import torch
 from torch.nested import nested_tensor_from_jagged
 from torch.nn.attention.flex_attention import flex_attention
 

 device = 'cuda' if torch.cuda.is_available() else 'cpu'
 H, E_inner, E_value= 8, 16, 32
 lengths_Q = torch.tensor([11, 13, 15])
 lengths_KV = torch.tensor([10, 15, 11])
 offsets_Q = torch.cat([torch.tensor([0]), torch.cumsum(lengths_Q, dim=0)])
 offsets_KV = torch.cat([torch.tensor([0]), torch.cumsum(lengths_KV, dim=0)])
 

 Q = torch.cat([torch.randn(Ni,H,E_inner) for Ni in lengths_Q], dim=0)
 K = torch.cat([torch.randn(Ni,H,E_inner) for Ni in lengths_KV], dim=0)
 V = torch.cat([torch.randn(Ni,H,E_value) for Ni in lengths_KV], dim=0)
 Q = nested_tensor_from_jagged(Q, offsets=offsets_Q )
 K = nested_tensor_from_jagged(K, offsets=offsets_KV)
 V = nested_tensor_from_jagged(V, offsets=offsets_KV)
 Q = Q.moveaxis(1,2).contiguous().to(device) # size=(B, H, j1, E_inner), contiguous=True
 K = K.moveaxis(1,2).contiguous().to(device) # size=(B, H, j2, E_inner), contiguous=True
 V = V.moveaxis(1,2).contiguous().to(device) # size=(B, H, j2, E_value), contiguous=True
 

 flex_attention = torch.compile(flex_attention)
 attn_out = flex_attention(Q,K,V) # size=(B, H, j1, E_value), crashes when flex_attention is compiled
 print(attn_out)","I'm struggling to use flex_attention with NJT inputs in a compiled context. The error `FunctionalTensor requires FunctionalTensorMode` appears, and my code fails on both CPU and CUDA. Despite aligning jagged dimensions and testing dynamic compilation settings, the issue remains. Could someone explain the correct way to use FunctionalTensorMode with NJT in this scenario?",Known Unknown,pytorch_pytorch,Issue,154556,Irrelevant,2,1
11,pytorch_pytorch,Issue,154556,"When I use torch.compile(flex_attention) with NJT inputs I get the following error:
 torch._dynamo.exc.BackendCompilerFailed: backend='inductor' raised:
 RuntimeError: Attempting to use FunctionalTensor on its own. Instead, please use it with a corresponding FunctionalTensorMode()
 

 This happens both on cpu and cuda devices (A100, 6000 ADA, 2080Ti) and independent of setting dynamic=True/False.
 Depending on how K,V are constructed, their jagged dimensions might have shapes j2,j3 which are not detected as matching. I made some effort to get both equal to j2, but that didn't help.
 Note that Q has a different shape j1. Running self-attention flex_attention(Q,Q,Q) with all jagged axes equal to j1 didn't help either.
 A minimal reproducer for this issue:
 import torch
 from torch.nested import nested_tensor_from_jagged
 from torch.nn.attention.flex_attention import flex_attention
 

 device = 'cuda' if torch.cuda.is_available() else 'cpu'
 H, E_inner, E_value= 8, 16, 32
 lengths_Q = torch.tensor([11, 13, 15])
 lengths_KV = torch.tensor([10, 15, 11])
 offsets_Q = torch.cat([torch.tensor([0]), torch.cumsum(lengths_Q, dim=0)])
 offsets_KV = torch.cat([torch.tensor([0]), torch.cumsum(lengths_KV, dim=0)])
 

 Q = torch.cat([torch.randn(Ni,H,E_inner) for Ni in lengths_Q], dim=0)
 K = torch.cat([torch.randn(Ni,H,E_inner) for Ni in lengths_KV], dim=0)
 V = torch.cat([torch.randn(Ni,H,E_value) for Ni in lengths_KV], dim=0)
 Q = nested_tensor_from_jagged(Q, offsets=offsets_Q )
 K = nested_tensor_from_jagged(K, offsets=offsets_KV)
 V = nested_tensor_from_jagged(V, offsets=offsets_KV)
 Q = Q.moveaxis(1,2).contiguous().to(device) # size=(B, H, j1, E_inner), contiguous=True
 K = K.moveaxis(1,2).contiguous().to(device) # size=(B, H, j2, E_inner), contiguous=True
 V = V.moveaxis(1,2).contiguous().to(device) # size=(B, H, j2, E_value), contiguous=True
 

 flex_attention = torch.compile(flex_attention)
 attn_out = flex_attention(Q,K,V) # size=(B, H, j1, E_value), crashes when flex_attention is compiled
 print(attn_out)","When compiling flex_attention for NJT inputs, I encounter a RuntimeError related to FunctionalTensor. This happens across all tested devices and settings, and manual alignment of jagged dimensions (j2 for K/V) doesn't resolve it. The minimal example demonstrates the problem clearly. Is this an unsupported use case for torch.compile with NJT, or is there a missing configuration step?",Known Unknown,pytorch_pytorch,Issue,154556,Irrelevant,2,1
12,pytorch_pytorch,Issue,154556,"When I use torch.compile(flex_attention) with NJT inputs I get the following error:
 torch._dynamo.exc.BackendCompilerFailed: backend='inductor' raised:
 RuntimeError: Attempting to use FunctionalTensor on its own. Instead, please use it with a corresponding FunctionalTensorMode()
 

 This happens both on cpu and cuda devices (A100, 6000 ADA, 2080Ti) and independent of setting dynamic=True/False.
 Depending on how K,V are constructed, their jagged dimensions might have shapes j2,j3 which are not detected as matching. I made some effort to get both equal to j2, but that didn't help.
 Note that Q has a different shape j1. Running self-attention flex_attention(Q,Q,Q) with all jagged axes equal to j1 didn't help either.
 A minimal reproducer for this issue:
 import torch
 from torch.nested import nested_tensor_from_jagged
 from torch.nn.attention.flex_attention import flex_attention
 

 device = 'cuda' if torch.cuda.is_available() else 'cpu'
 H, E_inner, E_value= 8, 16, 32
 lengths_Q = torch.tensor([11, 13, 15])
 lengths_KV = torch.tensor([10, 15, 11])
 offsets_Q = torch.cat([torch.tensor([0]), torch.cumsum(lengths_Q, dim=0)])
 offsets_KV = torch.cat([torch.tensor([0]), torch.cumsum(lengths_KV, dim=0)])
 

 Q = torch.cat([torch.randn(Ni,H,E_inner) for Ni in lengths_Q], dim=0)
 K = torch.cat([torch.randn(Ni,H,E_inner) for Ni in lengths_KV], dim=0)
 V = torch.cat([torch.randn(Ni,H,E_value) for Ni in lengths_KV], dim=0)
 Q = nested_tensor_from_jagged(Q, offsets=offsets_Q )
 K = nested_tensor_from_jagged(K, offsets=offsets_KV)
 V = nested_tensor_from_jagged(V, offsets=offsets_KV)
 Q = Q.moveaxis(1,2).contiguous().to(device) # size=(B, H, j1, E_inner), contiguous=True
 K = K.moveaxis(1,2).contiguous().to(device) # size=(B, H, j2, E_inner), contiguous=True
 V = V.moveaxis(1,2).contiguous().to(device) # size=(B, H, j2, E_value), contiguous=True
 

 flex_attention = torch.compile(flex_attention)
 attn_out = flex_attention(Q,K,V) # size=(B, H, j1, E_value), crashes when flex_attention is compiled
 print(attn_out)","I'm seeing a BackendCompilerFailed error when using torch.compile with flex_attention and Nested Jagged Tensors. The error message about FunctionalTensor suggests a missing context manager, but I'm unsure how to integrate FunctionalTensorMode into this workflow. This issue occurs on all devices tested and persists regardless of dynamic compilation settings. Can anyone provide guidance on resolving this?",Known Unknown,pytorch_pytorch,Issue,154556,Irrelevant,2,1
13,pytorch_pytorch,Issue,154556,"When I use torch.compile(flex_attention) with NJT inputs I get the following error:
 torch._dynamo.exc.BackendCompilerFailed: backend='inductor' raised:
 RuntimeError: Attempting to use FunctionalTensor on its own. Instead, please use it with a corresponding FunctionalTensorMode()
 

 This happens both on cpu and cuda devices (A100, 6000 ADA, 2080Ti) and independent of setting dynamic=True/False.
 Depending on how K,V are constructed, their jagged dimensions might have shapes j2,j3 which are not detected as matching. I made some effort to get both equal to j2, but that didn't help.
 Note that Q has a different shape j1. Running self-attention flex_attention(Q,Q,Q) with all jagged axes equal to j1 didn't help either.
 A minimal reproducer for this issue:
 import torch
 from torch.nested import nested_tensor_from_jagged
 from torch.nn.attention.flex_attention import flex_attention
 

 device = 'cuda' if torch.cuda.is_available() else 'cpu'
 H, E_inner, E_value= 8, 16, 32
 lengths_Q = torch.tensor([11, 13, 15])
 lengths_KV = torch.tensor([10, 15, 11])
 offsets_Q = torch.cat([torch.tensor([0]), torch.cumsum(lengths_Q, dim=0)])
 offsets_KV = torch.cat([torch.tensor([0]), torch.cumsum(lengths_KV, dim=0)])
 

 Q = torch.cat([torch.randn(Ni,H,E_inner) for Ni in lengths_Q], dim=0)
 K = torch.cat([torch.randn(Ni,H,E_inner) for Ni in lengths_KV], dim=0)
 V = torch.cat([torch.randn(Ni,H,E_value) for Ni in lengths_KV], dim=0)
 Q = nested_tensor_from_jagged(Q, offsets=offsets_Q )
 K = nested_tensor_from_jagged(K, offsets=offsets_KV)
 V = nested_tensor_from_jagged(V, offsets=offsets_KV)
 Q = Q.moveaxis(1,2).contiguous().to(device) # size=(B, H, j1, E_inner), contiguous=True
 K = K.moveaxis(1,2).contiguous().to(device) # size=(B, H, j2, E_inner), contiguous=True
 V = V.moveaxis(1,2).contiguous().to(device) # size=(B, H, j2, E_value), contiguous=True
 

 flex_attention = torch.compile(flex_attention)
 attn_out = flex_attention(Q,K,V) # size=(B, H, j1, E_value), crashes when flex_attention is compiled
 print(attn_out)","My code fails with `RuntimeError: Attempting to use FunctionalTensor on its own` when using torch.compile(flex_attention) with NJT inputs. Despite aligning jagged dimensions and testing multiple devices (A100, 6000 ADA, 2080Ti), the error remains. The problem appears unrelated to dynamic compilation settings. Is this a bug in PyTorch's handling of NJT in compiled mode, or is there a missing step in my implementation?",Known Unknown,pytorch_pytorch,Issue,154556,Irrelevant,2,1
14,pytorch_pytorch,Issue,154556,"When I use torch.compile(flex_attention) with NJT inputs I get the following error:
 torch._dynamo.exc.BackendCompilerFailed: backend='inductor' raised:
 RuntimeError: Attempting to use FunctionalTensor on its own. Instead, please use it with a corresponding FunctionalTensorMode()
 

 This happens both on cpu and cuda devices (A100, 6000 ADA, 2080Ti) and independent of setting dynamic=True/False.
 Depending on how K,V are constructed, their jagged dimensions might have shapes j2,j3 which are not detected as matching. I made some effort to get both equal to j2, but that didn't help.
 Note that Q has a different shape j1. Running self-attention flex_attention(Q,Q,Q) with all jagged axes equal to j1 didn't help either.
 A minimal reproducer for this issue:
 import torch
 from torch.nested import nested_tensor_from_jagged
 from torch.nn.attention.flex_attention import flex_attention
 

 device = 'cuda' if torch.cuda.is_available() else 'cpu'
 H, E_inner, E_value= 8, 16, 32
 lengths_Q = torch.tensor([11, 13, 15])
 lengths_KV = torch.tensor([10, 15, 11])
 offsets_Q = torch.cat([torch.tensor([0]), torch.cumsum(lengths_Q, dim=0)])
 offsets_KV = torch.cat([torch.tensor([0]), torch.cumsum(lengths_KV, dim=0)])
 

 Q = torch.cat([torch.randn(Ni,H,E_inner) for Ni in lengths_Q], dim=0)
 K = torch.cat([torch.randn(Ni,H,E_inner) for Ni in lengths_KV], dim=0)
 V = torch.cat([torch.randn(Ni,H,E_value) for Ni in lengths_KV], dim=0)
 Q = nested_tensor_from_jagged(Q, offsets=offsets_Q )
 K = nested_tensor_from_jagged(K, offsets=offsets_KV)
 V = nested_tensor_from_jagged(V, offsets=offsets_KV)
 Q = Q.moveaxis(1,2).contiguous().to(device) # size=(B, H, j1, E_inner), contiguous=True
 K = K.moveaxis(1,2).contiguous().to(device) # size=(B, H, j2, E_inner), contiguous=True
 V = V.moveaxis(1,2).contiguous().to(device) # size=(B, H, j2, E_value), contiguous=True
 

 flex_attention = torch.compile(flex_attention)
 attn_out = flex_attention(Q,K,V) # size=(B, H, j1, E_value), crashes when flex_attention is compiled
 print(attn_out)","I'm unable to compile flex_attention with NJT inputs due to a FunctionalTensor error that persists across devices and settings. My attempts to manually align jagged dimensions (e.g., j2 for K/V) haven't resolved the issue. The error message suggests needing FunctionalTensorMode, but I'm unclear how to apply it here. Could this be a limitation in the current PyTorch implementation for NJT compilation?",Known Unknown,pytorch_pytorch,Issue,154556,Irrelevant,2,1
15,pytorch_pytorch,Issue,154556,The symptom comes from the functionalization implementation for the flex_attention HOP,I'm noticing that the functionalization code for flex_attention HOP might be responsible for the current issue. I'm not sure if this is expected behavior for functionalized operations or if there's a bug in the implementation. The symptoms seem to align with how the HOP is being transformed.,Knowledge,pytorch_pytorch,Issue,154556,Knowledge,0,0
16,pytorch_pytorch,Issue,154556,The symptom comes from the functionalization implementation for the flex_attention HOP,The observed problem appears to originate from the functionalization process applied to the flex_attention HOP. I'm trying to determine whether this is a limitation of the functionalization framework or if there's an error in how the HOP is being handled specifically.,Knowledge,pytorch_pytorch,Issue,154556,Knowledge,0,0
17,pytorch_pytorch,Issue,154556,The symptom comes from the functionalization implementation for the flex_attention HOP,"I suspect the functionalization implementation for flex_attention HOP is causing the issue, but I'm not certain. Could this be a known limitation of functionalized attention operations, or should I investigate further into the HOP's code?",Knowledge,pytorch_pytorch,Issue,154556,Knowledge,0,0
18,pytorch_pytorch,Issue,154556,The symptom comes from the functionalization implementation for the flex_attention HOP,The symptoms we're seeing seem to trace back to the functionalization of the flex_attention HOP. I'm trying to understand if this is a side effect of the transformation process or if there's an actual bug in the HOP's implementation.,Knowledge,pytorch_pytorch,Issue,154556,Knowledge,0,0
19,pytorch_pytorch,Issue,154556,The symptom comes from the functionalization implementation for the flex_attention HOP,"I think the functionalization code for flex_attention HOP is where the problem lies. Is this a known issue with functionalized operations, or should I dig deeper into the HOP's logic to identify the root cause?",Knowledge,pytorch_pytorch,Issue,154556,Knowledge,0,0
20,pytorch_pytorch,issue,154556,"On the surface, it seems like ctx.unwrap_tensors() (with ctx being a PythonFunctionalizeAPI in this case) is not smart enough to handle tensor subclasses? Should it be handled there or more ad-hoc within flex_attention's impl?","I'm wondering if the `ctx.unwrap_tensors()` method (where `ctx` is a PythonFunctionalizeAPI instance) lacks support for tensor subclasses. Should this functionality be implemented there, or should the handling be addressed more specifically within the flex_attention implementation?",Known Unknown,pytorch_pytorch,issue,154556,Irrelevant,2,1
21,pytorch_pytorch,issue,154556,"On the surface, it seems like ctx.unwrap_tensors() (with ctx being a PythonFunctionalizeAPI in this case) is not smart enough to handle tensor subclasses? Should it be handled there or more ad-hoc within flex_attention's impl?","I'm uncertain whether `ctx.unwrap_tensors()` is designed to handle tensor subclasses in the PythonFunctionalizeAPI context. Is it appropriate to modify unwrap_tensors to support this, or should the flex_attention implementation manage it in a more ad-hoc manner?",Known Unknown,pytorch_pytorch,issue,154556,Irrelevant,2,1
22,pytorch_pytorch,issue,154556,"On the surface, it seems like ctx.unwrap_tensors() (with ctx being a PythonFunctionalizeAPI in this case) is not smart enough to handle tensor subclasses? Should it be handled there or more ad-hoc within flex_attention's impl?","It seems like `ctx.unwrap_tensors()` might not properly handle tensor subclasses when using the PythonFunctionalizeAPI. Should this behavior be fixed in the unwrap_tensors method itself, or is it better to handle it directly in the flex_attention codebase?",Known Unknown,pytorch_pytorch,issue,154556,Irrelevant,2,1
23,pytorch_pytorch,issue,154556,"On the surface, it seems like ctx.unwrap_tensors() (with ctx being a PythonFunctionalizeAPI in this case) is not smart enough to handle tensor subclasses? Should it be handled there or more ad-hoc within flex_attention's impl?",I've noticed that `ctx.unwrap_tensors()` (from PythonFunctionalizeAPI) doesn't appear to work with tensor subclasses. Could someone clarify whether this functionality should be implemented at the unwrap_tensors level or left to be handled within flex_attention's implementation?,Known Unknown,pytorch_pytorch,issue,154556,Irrelevant,2,1
24,pytorch_pytorch,issue,154556,"On the surface, it seems like ctx.unwrap_tensors() (with ctx being a PythonFunctionalizeAPI in this case) is not smart enough to handle tensor subclasses? Should it be handled there or more ad-hoc within flex_attention's impl?","Is it expected that `ctx.unwrap_tensors()` in PythonFunctionalizeAPI doesn't support tensor subclasses? Should this limitation be addressed in the unwrap_tensors method, or is it better to handle it case-by-case in flex_attention's code?",Known Unknown,pytorch_pytorch,issue,154556,Irrelevant,2,1
25,pytorch_pytorch,issue,154556,"On the surface, it seems like ctx.unwrap_tensors() (with ctx being a PythonFunctionalizeAPI in this case) is not smart enough to handle tensor subclasses? Should it be handled there or more ad-hoc within flex_attention's impl?","I'm confused about where tensor subclass handling should occur: in the `ctx.unwrap_tensors()` method of PythonFunctionalizeAPI, or in the flex_attention implementation. Could someone explain the recommended approach?",Known Unknown,pytorch_pytorch,issue,154556,Irrelevant,2,1
26,pytorch_pytorch,issue,154556,"On the surface, it seems like ctx.unwrap_tensors() (with ctx being a PythonFunctionalizeAPI in this case) is not smart enough to handle tensor subclasses? Should it be handled there or more ad-hoc within flex_attention's impl?","The current `ctx.unwrap_tensors()` implementation (via PythonFunctionalizeAPI) doesn't seem to handle tensor subclasses correctly. Should this be fixed in the unwrap_tensors method, or is it better to implement a custom solution within flex_attention?",Known Unknown,pytorch_pytorch,issue,154556,Irrelevant,2,1
27,pytorch_pytorch,Issue,154093,"I want to export a model to onnx, the simple code like the following:
 from torch import nn
 import torch
 

 class Model(nn.Module):
  def forward(self, x, y):
  y = torch.repeat_interleave(y, x.shape[0], dim=0)
  return y
 

 device = 'cuda:1'
 model = Model()
 model.to(device)
 x = torch.zeros((3, 10)).to(device)
 y = torch.zeros((1, 10)).to(device)
 torch.onnx.export(model=model, f='model.onnx', args=(x, y))
 

 Running this code, and I got an exception:
 Expected all tensors to be on the same device, but found at least two devices, cuda:1 and cpu! (when checking argument for argument index in method wrapper_CUDA__index_select)
 

 After debugging, I found that x.shape[0] is a tensor not a int, and its device is 'cpu' not 'cuda:1'
 Is that a bug, and how can I fix it?","I'm trying to export a PyTorch model to ONNX but encountering a device mismatch error. When running `torch.onnx.export` with model inputs on 'cuda:1', I get an error about tensors being on different devices (cuda:1 vs cpu). Debugging shows `x.shape[0]` is a CPU tensor, while the model and inputs are on GPU. Is this a bug in PyTorch's shape calculation, and how can I ensure all operations use the correct device?",Known Unknown,pytorch_pytorch,Issue,154093,Known,2,1
28,pytorch_pytorch,Issue,154093,"I want to export a model to onnx, the simple code like the following:
 from torch import nn
 import torch
 

 class Model(nn.Module):
  def forward(self, x, y):
  y = torch.repeat_interleave(y, x.shape[0], dim=0)
  return y
 

 device = 'cuda:1'
 model = Model()
 model.to(device)
 x = torch.zeros((3, 10)).to(device)
 y = torch.zeros((1, 10)).to(device)
 torch.onnx.export(model=model, f='model.onnx', args=(x, y))
 

 Running this code, and I got an exception:
 Expected all tensors to be on the same device, but found at least two devices, cuda:1 and cpu! (when checking argument for argument index in method wrapper_CUDA__index_select)
 

 After debugging, I found that x.shape[0] is a tensor not a int, and its device is 'cpu' not 'cuda:1'
 Is that a bug, and how can I fix it?",Exporting my PyTorch model to ONNX results in a device conflict: 'Expected all tensors to be on the same device'. The error traces to `x.shape[0]` being CPU-based when the model is on 'cuda:1'. I can't determine if this is a framework limitation or my misuse of shape operations. How should I handle tensor shapes in GPU-located models to avoid this issue?,Known Unknown,pytorch_pytorch,Issue,154093,Known,2,1
29,pytorch_pytorch,Issue,154093,"I want to export a model to onnx, the simple code like the following:
 from torch import nn
 import torch
 

 class Model(nn.Module):
  def forward(self, x, y):
  y = torch.repeat_interleave(y, x.shape[0], dim=0)
  return y
 

 device = 'cuda:1'
 model = Model()
 model.to(device)
 x = torch.zeros((3, 10)).to(device)
 y = torch.zeros((1, 10)).to(device)
 torch.onnx.export(model=model, f='model.onnx', args=(x, y))
 

 Running this code, and I got an exception:
 Expected all tensors to be on the same device, but found at least two devices, cuda:1 and cpu! (when checking argument for argument index in method wrapper_CUDA__index_select)
 

 After debugging, I found that x.shape[0] is a tensor not a int, and its device is 'cpu' not 'cuda:1'
 Is that a bug, and how can I fix it?","My ONNX export fails with 'cuda:1 vs cpu' device error when using `torch.repeat_interleave`. Debugging reveals `x.shape[0]` is a CPU tensor, but the model and inputs are on GPU. This seems inconsistent - is PyTorch incorrectly handling shape metadata, or should I explicitly move shape values to the target device? What's the correct pattern for this scenario?",Known Unknown,pytorch_pytorch,Issue,154093,Known,2,1
30,pytorch_pytorch,Issue,154093,"I want to export a model to onnx, the simple code like the following:
 from torch import nn
 import torch
 

 class Model(nn.Module):
  def forward(self, x, y):
  y = torch.repeat_interleave(y, x.shape[0], dim=0)
  return y
 

 device = 'cuda:1'
 model = Model()
 model.to(device)
 x = torch.zeros((3, 10)).to(device)
 y = torch.zeros((1, 10)).to(device)
 torch.onnx.export(model=model, f='model.onnx', args=(x, y))
 

 Running this code, and I got an exception:
 Expected all tensors to be on the same device, but found at least two devices, cuda:1 and cpu! (when checking argument for argument index in method wrapper_CUDA__index_select)
 

 After debugging, I found that x.shape[0] is a tensor not a int, and its device is 'cpu' not 'cuda:1'
 Is that a bug, and how can I fix it?","I'm facing an unexpected device mismatch during ONNX export: the error points to `x.shape[0]` being on CPU while the model is on 'cuda:1'. The code runs fine normally but fails during export. Is this a known limitation with tensor shape operations in PyTorch, or should I cast shape values to the target device manually? How can I modify my model definition to avoid this cross-device issue?",Known Unknown,pytorch_pytorch,Issue,154093,Known,2,1
31,pytorch_pytorch,Issue,154093,"I want to export a model to onnx, the simple code like the following:
 from torch import nn
 import torch
 

 class Model(nn.Module):
  def forward(self, x, y):
  y = torch.repeat_interleave(y, x.shape[0], dim=0)
  return y
 

 device = 'cuda:1'
 model = Model()
 model.to(device)
 x = torch.zeros((3, 10)).to(device)
 y = torch.zeros((1, 10)).to(device)
 torch.onnx.export(model=model, f='model.onnx', args=(x, y))
 

 Running this code, and I got an exception:
 Expected all tensors to be on the same device, but found at least two devices, cuda:1 and cpu! (when checking argument for argument index in method wrapper_CUDA__index_select)
 

 After debugging, I found that x.shape[0] is a tensor not a int, and its device is 'cpu' not 'cuda:1'
 Is that a bug, and how can I fix it?","When exporting to ONNX, my PyTorch model throws an error about tensors on different devices. The problem stems from `x.shape[0]` being CPU-based despite all inputs being on GPU. I'm unsure if this is a bug in PyTorch's ONNX export handling or requires explicit device management for shape operations. What's the recommended approach to ensure compatibility with ONNX export in this case?",Known Unknown,pytorch_pytorch,Issue,154093,Known,2,1
32,pytorch_pytorch,issue,153992,"By default AOTI generated code doesn't perform input shape checking for efficiency reason. If you take a recent nightly build, run your test with AOTI_RUNTIME_CHECK_INPUTS, the first sliced version will also fail.","By default, AOTI-generated code omits input shape validation for performance optimization. When using a recent nightly build and enabling the AOTI_RUNTIME_CHECK_INPUTS flag, the first sliced version of your test will fail. This behavior highlights the importance of runtime checks in catching such issues.",Knowledge,pytorch_pytorch,issue,153992,Knowledge,0,0
33,pytorch_pytorch,issue,153992,"By default AOTI generated code doesn't perform input shape checking for efficiency reason. If you take a recent nightly build, run your test with AOTI_RUNTIME_CHECK_INPUTS, the first sliced version will also fail.","The default configuration of AOTI sacrifices input shape checks to prioritize efficiency. If you run tests with the AOTI_RUNTIME_CHECK_INPUTS flag activated in the latest nightly build, the initial sliced test will fail. This demonstrates how the absence of checks can lead to undetected errors.",Knowledge,pytorch_pytorch,issue,153992,Knowledge,0,0
34,pytorch_pytorch,issue,153992,"By default AOTI generated code doesn't perform input shape checking for efficiency reason. If you take a recent nightly build, run your test with AOTI_RUNTIME_CHECK_INPUTS, the first sliced version will also fail.","For efficiency reasons, AOTI-generated code doesn't include input shape verification by default. Testing with the AOTI_RUNTIME_CHECK_INPUTS flag enabled in a recent nightly build will cause the first sliced version to fail. This reveals the hidden issues when validation is disabled.",Knowledge,pytorch_pytorch,issue,153992,Knowledge,0,0
35,pytorch_pytorch,issue,153992,"By default AOTI generated code doesn't perform input shape checking for efficiency reason. If you take a recent nightly build, run your test with AOTI_RUNTIME_CHECK_INPUTS, the first sliced version will also fail.","AOTI optimizes performance by excluding input shape checks in generated code by default. When you execute tests using the AOTI_RUNTIME_CHECK_INPUTS flag in a recent nightly version, the first sliced test case will also trigger an error. This illustrates the trade-off between speed and safety in AOTI's design.",Knowledge,pytorch_pytorch,issue,153992,Knowledge,0,0
36,pytorch_pytorch,issue,153960,"Upgrading to PyTorch 2.7 makes the following script randomly hang in distributed mode:
 import argparse
 import os
 import torch
 

 

 def main(bad = False):
  local_rank = int(os.environ[""LOCAL_RANK""])
  device = torch.device(""cuda"", local_rank)
  torch.cuda.set_device(device)
  if bad:
  torch.distributed.init_process_group(""nccl"", device_id=device)
  else:
  torch.distributed.init_process_group(""nccl"")
 

  device = torch.device(""cuda"")
  rank = torch.distributed.get_rank()
 

  for i in range(10000):
  if rank == 0:
  if i % 10 == 0:
  print(i)
  a = torch.ones(3, device=device)
  else:
  a = torch.zeros(3, device=device)
 

  torch.distributed.broadcast(a, src=0)
 

  torch.distributed.destroy_process_group()
 

 

 if __name__ == ""__main__"":
  parser = argparse.ArgumentParser()
  parser.add_argument(""--bad"", action=""store_true"", help=""Shows the bug"")
  args = parser.parse_args()
  main(args.bad)
 

 More precisely torchrun --nproc_per_node 8 -- script.py --bad will randomly start hanging (you might need to launch it a couple of times) whereas torchrun --nproc_per_node 8 -- script.py is fine.
 torchrun --nproc_per_node 8 -- script.py --bad completes normally in 2.6.0, so this looks like a regression in PyTorch 2.7. We tried different kinds of GPUs and it looks like the bug appears on all of them.","After upgrading to PyTorch 2.7, my distributed training script randomly hangs when using the `--bad` flag with `torchrun`. The script initializes the process group with `device_id=device` in this mode, but it works fine without the flag. This issue doesn't occur in PyTorch 2.6.0, and the problem persists across different GPU models. The hang appears inconsistent—sometimes the script completes normally, other times it freezes during execution.",Known Unknown,pytorch_pytorch,issue,153960,Unknown,2,1
37,pytorch_pytorch,issue,153960,"Upgrading to PyTorch 2.7 makes the following script randomly hang in distributed mode:
 import argparse
 import os
 import torch
 

 

 def main(bad = False):
  local_rank = int(os.environ[""LOCAL_RANK""])
  device = torch.device(""cuda"", local_rank)
  torch.cuda.set_device(device)
  if bad:
  torch.distributed.init_process_group(""nccl"", device_id=device)
  else:
  torch.distributed.init_process_group(""nccl"")
 

  device = torch.device(""cuda"")
  rank = torch.distributed.get_rank()
 

  for i in range(10000):
  if rank == 0:
  if i % 10 == 0:
  print(i)
  a = torch.ones(3, device=device)
  else:
  a = torch.zeros(3, device=device)
 

  torch.distributed.broadcast(a, src=0)
 

  torch.distributed.destroy_process_group()
 

 

 if __name__ == ""__main__"":
  parser = argparse.ArgumentParser()
  parser.add_argument(""--bad"", action=""store_true"", help=""Shows the bug"")
  args = parser.parse_args()
  main(args.bad)
 

 More precisely torchrun --nproc_per_node 8 -- script.py --bad will randomly start hanging (you might need to launch it a couple of times) whereas torchrun --nproc_per_node 8 -- script.py is fine.
 torchrun --nproc_per_node 8 -- script.py --bad completes normally in 2.6.0, so this looks like a regression in PyTorch 2.7. We tried different kinds of GPUs and it looks like the bug appears on all of them.","I'm encountering a regression in PyTorch 2.7 where a distributed script hangs unpredictably when the `--bad` argument is enabled. The script uses `torch.distributed.init_process_group` with a `device_id` parameter in this mode, and the failure rate varies between runs. This behavior is reproducible on multiple GPU architectures, but the script runs without issues in PyTorch 2.6.0. The problem seems specific to the combination of device assignment and distributed initialization.",Known Unknown,pytorch_pytorch,issue,153960,Unknown,2,1
38,pytorch_pytorch,issue,153960,"Upgrading to PyTorch 2.7 makes the following script randomly hang in distributed mode:
 import argparse
 import os
 import torch
 

 

 def main(bad = False):
  local_rank = int(os.environ[""LOCAL_RANK""])
  device = torch.device(""cuda"", local_rank)
  torch.cuda.set_device(device)
  if bad:
  torch.distributed.init_process_group(""nccl"", device_id=device)
  else:
  torch.distributed.init_process_group(""nccl"")
 

  device = torch.device(""cuda"")
  rank = torch.distributed.get_rank()
 

  for i in range(10000):
  if rank == 0:
  if i % 10 == 0:
  print(i)
  a = torch.ones(3, device=device)
  else:
  a = torch.zeros(3, device=device)
 

  torch.distributed.broadcast(a, src=0)
 

  torch.distributed.destroy_process_group()
 

 

 if __name__ == ""__main__"":
  parser = argparse.ArgumentParser()
  parser.add_argument(""--bad"", action=""store_true"", help=""Shows the bug"")
  args = parser.parse_args()
  main(args.bad)
 

 More precisely torchrun --nproc_per_node 8 -- script.py --bad will randomly start hanging (you might need to launch it a couple of times) whereas torchrun --nproc_per_node 8 -- script.py is fine.
 torchrun --nproc_per_node 8 -- script.py --bad completes normally in 2.6.0, so this looks like a regression in PyTorch 2.7. We tried different kinds of GPUs and it looks like the bug appears on all of them.","There's an issue in PyTorch 2.7 where the following script hangs randomly in distributed mode when the `--bad` flag is set. The code uses `torch.distributed.init_process_group` with an explicit `device_id` parameter, which caused the problem in 2.7 but worked reliably in 2.6.0. Testing with different GPUs confirmed the issue is consistent, and the hang occurs during the broadcast step of the loop. The problem disappears when the `--bad` flag is removed.",Known Unknown,pytorch_pytorch,issue,153960,Unknown,2,1
39,pytorch_pytorch,issue,153960,"Upgrading to PyTorch 2.7 makes the following script randomly hang in distributed mode:
 import argparse
 import os
 import torch
 

 

 def main(bad = False):
  local_rank = int(os.environ[""LOCAL_RANK""])
  device = torch.device(""cuda"", local_rank)
  torch.cuda.set_device(device)
  if bad:
  torch.distributed.init_process_group(""nccl"", device_id=device)
  else:
  torch.distributed.init_process_group(""nccl"")
 

  device = torch.device(""cuda"")
  rank = torch.distributed.get_rank()
 

  for i in range(10000):
  if rank == 0:
  if i % 10 == 0:
  print(i)
  a = torch.ones(3, device=device)
  else:
  a = torch.zeros(3, device=device)
 

  torch.distributed.broadcast(a, src=0)
 

  torch.distributed.destroy_process_group()
 

 

 if __name__ == ""__main__"":
  parser = argparse.ArgumentParser()
  parser.add_argument(""--bad"", action=""store_true"", help=""Shows the bug"")
  args = parser.parse_args()
  main(args.bad)
 

 More precisely torchrun --nproc_per_node 8 -- script.py --bad will randomly start hanging (you might need to launch it a couple of times) whereas torchrun --nproc_per_node 8 -- script.py is fine.
 torchrun --nproc_per_node 8 -- script.py --bad completes normally in 2.6.0, so this looks like a regression in PyTorch 2.7. We tried different kinds of GPUs and it looks like the bug appears on all of them.","Upgrading to PyTorch 2.7 introduced a bug where my distributed training script freezes during execution when using the `--bad` flag. The script passes `device_id=device` to `init_process_group` in this mode, and the issue only occurs with the flag enabled. The script works as expected in 2.6.0, and the problem is not GPU-specific. The randomness of the hang makes debugging challenging, as it sometimes completes normally without freezing.",Known Unknown,pytorch_pytorch,issue,153960,Unknown,2,1
40,pytorch_pytorch,issue,153960,"Upgrading to PyTorch 2.7 makes the following script randomly hang in distributed mode:
 import argparse
 import os
 import torch
 

 

 def main(bad = False):
  local_rank = int(os.environ[""LOCAL_RANK""])
  device = torch.device(""cuda"", local_rank)
  torch.cuda.set_device(device)
  if bad:
  torch.distributed.init_process_group(""nccl"", device_id=device)
  else:
  torch.distributed.init_process_group(""nccl"")
 

  device = torch.device(""cuda"")
  rank = torch.distributed.get_rank()
 

  for i in range(10000):
  if rank == 0:
  if i % 10 == 0:
  print(i)
  a = torch.ones(3, device=device)
  else:
  a = torch.zeros(3, device=device)
 

  torch.distributed.broadcast(a, src=0)
 

  torch.distributed.destroy_process_group()
 

 

 if __name__ == ""__main__"":
  parser = argparse.ArgumentParser()
  parser.add_argument(""--bad"", action=""store_true"", help=""Shows the bug"")
  args = parser.parse_args()
  main(args.bad)
 

 More precisely torchrun --nproc_per_node 8 -- script.py --bad will randomly start hanging (you might need to launch it a couple of times) whereas torchrun --nproc_per_node 8 -- script.py is fine.
 torchrun --nproc_per_node 8 -- script.py --bad completes normally in 2.6.0, so this looks like a regression in PyTorch 2.7. We tried different kinds of GPUs and it looks like the bug appears on all of them.","PyTorch 2.7 causes a script to hang intermittently in distributed mode when the `--bad` argument is active. The script's `torch.distributed.init_process_group` call includes a `device_id` parameter in this case, which worked correctly in 2.6.0. The issue occurs with `torchrun --nproc_per_node 8` and affects all tested GPU types. The hang appears during the broadcast loop, and the problem is reliably reproducible in 2.7 but not in older versions.",Known Unknown,pytorch_pytorch,issue,153960,Unknown,2,1
41,pytorch_pytorch,Issue,153960,"What does the device_id do behind the scenes? What does it change with respect to NCCL?
 Can we get a NCCL debug log (NCCL_DEBUG=INFO)? Or does the race go away then?","I'm trying to understand how the device_id parameter affects NCCL operations under the hood. Can someone explain what changes in the communication layer when device_id is specified? Also, would enabling NCCL_DEBUG=INFO help trace the race condition we're seeing, or does the issue disappear when debug logging is active?",Known Unknown,pytorch_pytorch,Issue,153960,Known,2,1
42,pytorch_pytorch,Issue,153960,"What does the device_id do behind the scenes? What does it change with respect to NCCL?
 Can we get a NCCL debug log (NCCL_DEBUG=INFO)? Or does the race go away then?","What role does device_id play in NCCL's internal logic during distributed training? When we set device_id, how does that impact the collective communication behavior? I'm wondering if enabling NCCL_DEBUG=INFO would provide more visibility into this race condition or if the problem resolves itself in debug mode.",Known Unknown,pytorch_pytorch,Issue,153960,Known,2,1
43,pytorch_pytorch,Issue,153960,"What does the device_id do behind the scenes? What does it change with respect to NCCL?
 Can we get a NCCL debug log (NCCL_DEBUG=INFO)? Or does the race go away then?","I'm confused about the purpose of device_id in NCCL operations. How does this parameter modify the communication workflow? Would setting NCCL_DEBUG=INFO help diagnose the race we're encountering, or does the logging itself interfere with the issue?",Known Unknown,pytorch_pytorch,Issue,153960,Known,2,1
44,pytorch_pytorch,Issue,153960,"What does the device_id do behind the scenes? What does it change with respect to NCCL?
 Can we get a NCCL debug log (NCCL_DEBUG=INFO)? Or does the race go away then?","Can someone clarify what device_id does in NCCL's context? When we specify device_id, what exactly is being configured? I'm not sure whether enabling NCCL_DEBUG=INFO would help debug the race condition we're experiencing, or if the race disappears when debug logging is active.",Known Unknown,pytorch_pytorch,Issue,153960,Known,2,1
45,pytorch_pytorch,Issue,153960,"What does the device_id do behind the scenes? What does it change with respect to NCCL?
 Can we get a NCCL debug log (NCCL_DEBUG=INFO)? Or does the race go away then?","I'm unclear about how device_id influences NCCL's behavior. What changes in the communication process when device_id is set? Is there a way to capture NCCL_DEBUG=INFO logs to investigate the race condition, or does enabling debug mode inherently resolve the issue?",Known Unknown,pytorch_pytorch,Issue,153960,Known,2,1
46,pytorch_pytorch,Issue,153960,"What does the device_id do behind the scenes? What does it change with respect to NCCL?
 Can we get a NCCL debug log (NCCL_DEBUG=INFO)? Or does the race go away then?","How does the device_id parameter affect NCCL's operation when distributing workloads? When device_id is specified, what internal behaviors are modified? Would activating NCCL_DEBUG=INFO provide insights into our race condition, or does the race become non-existent in debug mode?",Known Unknown,pytorch_pytorch,Issue,153960,Known,2,1
47,pytorch_pytorch,Issue,153960,"What does the device_id do behind the scenes? What does it change with respect to NCCL?
 Can we get a NCCL debug log (NCCL_DEBUG=INFO)? Or does the race go away then?","What is the actual impact of device_id on NCCL's communication mechanisms? I'm struggling to understand how device_id changes the execution path. Could NCCL_DEBUG=INFO logs help identify the root cause of the race, or does enabling debug logging eliminate the problem?",Known Unknown,pytorch_pytorch,Issue,153960,Known,2,1
48,pytorch_pytorch,Issue,153960,"What does the device_id do behind the scenes? What does it change with respect to NCCL?
 Can we get a NCCL debug log (NCCL_DEBUG=INFO)? Or does the race go away then?","I'm not sure about the role of device_id in NCCL operations. How does this parameter affect the collective communication process? Is it possible to enable NCCL_DEBUG=INFO to trace the race condition, or does the race simply vanish when debug logging is turned on?",Known Unknown,pytorch_pytorch,Issue,153960,Known,2,1
49,pytorch_pytorch,issue,153960,"It would initialize NCCL communicator at that moment, because we know the device id at that moment, instead of delaying the init till the first collective (the traditional pytorch way). To compensate for ""ahead-of-time bill"", it uses NCCL's non-blocking API mode.","The system pre-initializes the NCCL communicator immediately when the device ID becomes available, bypassing the traditional PyTorch approach of delaying initialization until the first collective operation. To handle the overhead of this 'ahead-of-time' setup, it utilizes NCCL's non-blocking API mode. This ensures communication resources are allocated upfront without blocking the main execution thread.",Knowledge,pytorch_pytorch,issue,153960,Knowledge,0,0
50,pytorch_pytorch,issue,153960,"It would initialize NCCL communicator at that moment, because we know the device id at that moment, instead of delaying the init till the first collective (the traditional pytorch way). To compensate for ""ahead-of-time bill"", it uses NCCL's non-blocking API mode.","Rather than deferring NCCL communicator initialization to the first collective operation (as done in standard PyTorch workflows), the system initializes it when the device ID is determined. The non-blocking API mode of NCCL is used to mitigate the overhead of this early initialization, allowing asynchronous setup while continuing computation.",Knowledge,pytorch_pytorch,issue,153960,Knowledge,0,0
51,pytorch_pytorch,issue,153960,"It would initialize NCCL communicator at that moment, because we know the device id at that moment, instead of delaying the init till the first collective (the traditional pytorch way). To compensate for ""ahead-of-time bill"", it uses NCCL's non-blocking API mode.","This implementation chooses to initialize the NCCL communicator at the moment the the device ID is known, instead of waiting for the first collective operation. To offset the 'ahead-of-time' cost, NCCL's non-blocking API is employed, enabling asynchronous communication setup without disrupting the workflow.",Knowledge,pytorch_pytorch,issue,153960,Knowledge,0,0
52,pytorch_pytorch,issue,153960,"It would initialize NCCL communicator at that moment, because we know the device id at that moment, instead of delaying the init till the first collective (the traditional pytorch way). To compensate for ""ahead-of-time bill"", it uses NCCL's non-blocking API mode.","The NCCL communicator is initialized upfront when the device ID is available, rather than following PyTorch's conventional delayed initialization. This approach uses NCCL's non-blocking API mode to handle the overhead of early setup, ensuring communication readiness before the first collective operation.",Knowledge,pytorch_pytorch,issue,153960,Knowledge,0,0
53,pytorch_pytorch,issue,153960,"It would initialize NCCL communicator at that moment, because we know the device id at that moment, instead of delaying the init till the first collective (the traditional pytorch way). To compensate for ""ahead-of-time bill"", it uses NCCL's non-blocking API mode.","By initializing the NCCL communicator immediately upon detecting the device ID (rather than waiting for the first collective as in traditional PyTorch), the system employs NCCL's non-blocking API to manage the overhead. This allows asynchronous communicator setup while maintaining computational progress.",Knowledge,pytorch_pytorch,issue,153960,Knowledge,0,0
54,pytorch_pytorch,issue,153960,"Let me give you some background on this issue from the NCCL team's perspective:
 Until recently, ncclCommGetAsyncError was, as @ptrblck said, a pure read-op. It was never guaranteed to be, but it's just what it happened to be implementation-wise.
 This changed in NCCL 2.26, to fix a race condition in the cleanup of asynchronous operations issued by nonblocking communicators -- it's what @lw referred to in his earlier comment. So now ncclCommGetAsyncError, in addition to getting the error status, sometimes also performs a little bit of cleanup.","From the NCCL team's perspective, the function ncclCommGetAsyncError previously behaved as a read-only operation, as noted by @ptrblck. However, starting with NCCL 2.26, this behavior was modified to address a race condition during cleanup of nonblocking communicator operations—referenced by @lw earlier. Now, the function not only retrieves error status but also performs cleanup tasks in certain cases.",Knowledge,pytorch_pytorch,issue,153960,Knowledge,0,0
55,pytorch_pytorch,issue,153960,"Let me give you some background on this issue from the NCCL team's perspective:
 Until recently, ncclCommGetAsyncError was, as @ptrblck said, a pure read-op. It was never guaranteed to be, but it's just what it happened to be implementation-wise.
 This changed in NCCL 2.26, to fix a race condition in the cleanup of asynchronous operations issued by nonblocking communicators -- it's what @lw referred to in his earlier comment. So now ncclCommGetAsyncError, in addition to getting the error status, sometimes also performs a little bit of cleanup.","The NCCL team clarifies that prior to version 2.26, ncclCommGetAsyncError was implementation-wise a pure read operation, as @ptrblck mentioned. To resolve a concurrency issue in async cleanup workflows (as @lw highlighted), the function was updated in 2.26 to occasionally execute cleanup alongside retrieving error status.",Knowledge,pytorch_pytorch,issue,153960,Knowledge,0,0
56,pytorch_pytorch,issue,153960,"Let me give you some background on this issue from the NCCL team's perspective:
 Until recently, ncclCommGetAsyncError was, as @ptrblck said, a pure read-op. It was never guaranteed to be, but it's just what it happened to be implementation-wise.
 This changed in NCCL 2.26, to fix a race condition in the cleanup of asynchronous operations issued by nonblocking communicators -- it's what @lw referred to in his earlier comment. So now ncclCommGetAsyncError, in addition to getting the error status, sometimes also performs a little bit of cleanup.","Until NCCL 2.26, ncclCommGetAsyncError was treated as a non-mutating read operation, though this was never formally guaranteed. The change introduced in 2.26—discussed by @lw—adds cleanup functionality during error status retrieval to prevent race conditions in nonblocking communicator cleanup processes.",Knowledge,pytorch_pytorch,issue,153960,Knowledge,0,0
57,pytorch_pytorch,issue,153960,"Let me give you some background on this issue from the NCCL team's perspective:
 Until recently, ncclCommGetAsyncError was, as @ptrblck said, a pure read-op. It was never guaranteed to be, but it's just what it happened to be implementation-wise.
 This changed in NCCL 2.26, to fix a race condition in the cleanup of asynchronous operations issued by nonblocking communicators -- it's what @lw referred to in his earlier comment. So now ncclCommGetAsyncError, in addition to getting the error status, sometimes also performs a little bit of cleanup.","According to the NCCL team, the behavior of ncclCommGetAsyncError evolved in 2.26. Originally a read-only function as @ptrblck described, it now incorporates cleanup operations for async communicator resources. This modification was necessary to fix the race condition @lw referenced in earlier discussions about nonblocking workflows.",Knowledge,pytorch_pytorch,issue,153960,Knowledge,0,0
58,pytorch_pytorch,issue,153960,"Let me give you some background on this issue from the NCCL team's perspective:
 Until recently, ncclCommGetAsyncError was, as @ptrblck said, a pure read-op. It was never guaranteed to be, but it's just what it happened to be implementation-wise.
 This changed in NCCL 2.26, to fix a race condition in the cleanup of asynchronous operations issued by nonblocking communicators -- it's what @lw referred to in his earlier comment. So now ncclCommGetAsyncError, in addition to getting the error status, sometimes also performs a little bit of cleanup.","The NCCL team explains that ncclCommGetAsyncError was historically a read-only function, though not formally specified. With the 2.26 release, the function was updated to handle cleanup tasks in addition to error status retrieval, addressing a race condition during async communicator cleanup as @lw previously noted.",Knowledge,pytorch_pytorch,issue,153960,Knowledge,0,0
59,pytorch_pytorch,Issue,153955,"I've been trying to export a pytorch decoder layer of a command pipeline to onnx to run a deployment environment that supports onnxruntime-gpu but I had been unsuccessful. I've tried breaking it down into specifically just the autoregressive components.
 I’m trying to export a simplified “step‐by‐step” decoder (a single–step pass through nn.TransformerDecoder) to ONNX with fully dynamic sequence lengths, but I keep hitting a runtime reshape failure when I feed in shorter sequences than my dummy export shape.","I'm struggling to convert a PyTorch transformer decoder to ONNX for deployment on ONNX Runtime GPU. When I simplify the model to only the autoregressive path (single-step decoding), I get a reshape error at inference time when using input sequences shorter than the dummy input shape used during export. The error suggests dimension mismatches despite the model working correctly in PyTorch with dynamic lengths.",Known Unknown,pytorch_pytorch,Issue,153955,Unknown,2,1
60,pytorch_pytorch,Issue,153955,"I've been trying to export a pytorch decoder layer of a command pipeline to onnx to run a deployment environment that supports onnxruntime-gpu but I had been unsuccessful. I've tried breaking it down into specifically just the autoregressive components.
 I’m trying to export a simplified “step‐by‐step” decoder (a single–step pass through nn.TransformerDecoder) to ONNX with fully dynamic sequence lengths, but I keep hitting a runtime reshape failure when I feed in shorter sequences than my dummy export shape.","My attempts to export a PyTorch decoder layer (nn.TransformerDecoder) to ONNX for ONNX Runtime GPU have failed repeatedly. Even after isolating the autoregressive part of the model, I encounter a reshape exception during inference when testing with sequences shorter than the exported dummy input's shape. I'm not sure whether the issue stems from dynamic shape handling in PyTorch's ONNX exporter or ONNX Runtime's GPU execution.",Known Unknown,pytorch_pytorch,Issue,153955,Unknown,2,1
61,pytorch_pytorch,Issue,153955,"I've been trying to export a pytorch decoder layer of a command pipeline to onnx to run a deployment environment that supports onnxruntime-gpu but I had been unsuccessful. I've tried breaking it down into specifically just the autoregressive components.
 I’m trying to export a simplified “step‐by‐step” decoder (a single–step pass through nn.TransformerDecoder) to ONNX with fully dynamic sequence lengths, but I keep hitting a runtime reshape failure when I feed in shorter sequences than my dummy export shape.","I can't successfully export a simplified PyTorch decoder (single-step autoregressive pass) to ONNX for ONNX Runtime GPU. The exported model works with the original dummy input shape but crashes during inference with shorter sequences, showing reshape errors. I suspect the problem relates to dynamic axis propagation in the ONNX export process but haven't found a solution.",Known Unknown,pytorch_pytorch,Issue,153955,Unknown,2,1
62,pytorch_pytorch,Issue,153955,"I've been trying to export a pytorch decoder layer of a command pipeline to onnx to run a deployment environment that supports onnxruntime-gpu but I had been unsuccessful. I've tried breaking it down into specifically just the autoregressive components.
 I’m trying to export a simplified “step‐by‐step” decoder (a single–step pass through nn.TransformerDecoder) to ONNX with fully dynamic sequence lengths, but I keep hitting a runtime reshape failure when I feed in shorter sequences than my dummy export shape.","I'm trying to deploy a PyTorch transformer decoder using ONNX Runtime GPU, but my ONNX export fails during inference with shorter sequences. I've reduced the model to only the autoregressive components, yet the reshape error persists. The model works in PyTorch with dynamic inputs, so I'm unsure if the issue is with the export configuration or ONNX Runtime's handling of dynamic shapes.",Known Unknown,pytorch_pytorch,Issue,153955,Unknown,2,1
63,pytorch_pytorch,Issue,153955,"I've been trying to export a pytorch decoder layer of a command pipeline to onnx to run a deployment environment that supports onnxruntime-gpu but I had been unsuccessful. I've tried breaking it down into specifically just the autoregressive components.
 I’m trying to export a simplified “step‐by‐step” decoder (a single–step pass through nn.TransformerDecoder) to ONNX with fully dynamic sequence lengths, but I keep hitting a runtime reshape failure when I feed in shorter sequences than my dummy export shape.","When exporting a PyTorch decoder layer (nn.TransformerDecoder) to ONNX for ONNX Runtime GPU, I get reshape errors during inference with sequences shorter than the dummy input. I've tried isolating the autoregressive path and using dynamic axes, but the exported model still fails. I'm not sure whether the problem lies in PyTorch's export process or how ONNX Runtime processes dynamic dimensions on GPU.",Known Unknown,pytorch_pytorch,Issue,153955,Unknown,2,1
64,pytorch_pytorch,Issue,153955,"You would need to specify dynamic_shapes/dynamic_axes explicitly.
 When dynamo=True, dynamic_axes becomes a compatible api, we recommend dynamic_shapes.","When using dynamo=True, you must explicitly define dynamic_shapes as the preferred API. The dynamic_axes parameter remains compatible but is no longer recommended for new implementations. This ensures better compatibility with the optimized execution path in dynamo mode.",Knowledge,pytorch_pytorch,Issue,153955,Knowledge,0,0
65,pytorch_pytorch,Issue,153955,"You would need to specify dynamic_shapes/dynamic_axes explicitly.
 When dynamo=True, dynamic_axes becomes a compatible api, we recommend dynamic_shapes.","To work with dynamo=True, it's essential to explicitly specify dynamic_shapes. While dynamic_axes is still functional in this context, our documentation now recommends using dynamic_shapes for all new code. This change aligns with internal optimizations in the dynamo framework.",Knowledge,pytorch_pytorch,Issue,153955,Knowledge,0,0
66,pytorch_pytorch,Issue,153955,"You would need to specify dynamic_shapes/dynamic_axes explicitly.
 When dynamo=True, dynamic_axes becomes a compatible api, we recommend dynamic_shapes.","When enabling dynamo=True, you'll need to explicitly declare dynamic_shapes. Although dynamic_axes is technically compatible in this mode, we strongly suggest migrating to dynamic_shapes for improved consistency and performance. This approach simplifies the API surface while maintaining full functionality.",Knowledge,pytorch_pytorch,Issue,153955,Knowledge,0,0
67,pytorch_pytorch,Issue,153955,"You would need to specify dynamic_shapes/dynamic_axes explicitly.
 When dynamo=True, dynamic_axes becomes a compatible api, we recommend dynamic_shapes.","With dynamo=True active, dynamic_axes is still supported but deprecated. You should explicitly use dynamic_shapes instead to take advantage of the enhanced optimization capabilities. This explicit declaration is required to ensure correct behavior in dynamo-enabled execution.",Knowledge,pytorch_pytorch,Issue,153955,Knowledge,0,0
68,pytorch_pytorch,Issue,153955,"You would need to specify dynamic_shapes/dynamic_axes explicitly.
 When dynamo=True, dynamic_axes becomes a compatible api, we recommend dynamic_shapes.","For dynamo=True configurations, dynamic_shapes must be explicitly specified. The dynamic_axes parameter is compatible but considered outdated. Transitioning to dynamic_shapes is recommended to leverage the latest framework improvements and maintain code clarity.",Knowledge,pytorch_pytorch,Issue,153955,Knowledge,0,0
69,pytorch_pytorch,issue,21819,I met a strange illegal memory access error. It happens randomly without any regular pattern.,"I'm encountering an intermittent illegal memory access error that occurs without any predictable pattern. The error pops up randomly during execution, making it difficult to reproduce consistently. I haven't been able to identify any specific conditions that trigger this issue. Is there a known cause for random memory access violations in this context?",Unknown unknown,pytorch_pytorch,issue,21819,Unknown,1,1
70,pytorch_pytorch,issue,21819,I met a strange illegal memory access error. It happens randomly without any regular pattern.,"There's an unpredictable illegal memory access error in my code that appears sporadically. I've tried multiple runs under the same conditions, but the error only occurs occasionally without any regularity. This makes debugging particularly challenging as I can't establish a clear pattern. Does anyone have insights into why this might be happening?",Unknown unknown,pytorch_pytorch,issue,21819,Unknown,1,1
71,pytorch_pytorch,issue,21819,I met a strange illegal memory access error. It happens randomly without any regular pattern.,"I'm facing a random illegal memory access error in my application. The error doesn't follow any discernible pattern and can occur at different points in the execution. For instance, when running this loop: for (int i=0; i<1000; i++) { ... }, the error appears unpredictably. I'm unsure whether this is a memory leak or a race condition. Any suggestions on how to diagnose this?",Unknown unknown,pytorch_pytorch,issue,21819,Unknown,1,1
72,pytorch_pytorch,issue,21819,I met a strange illegal memory access error. It happens randomly without any regular pattern.,"An illegal memory access error keeps occurring randomly in my program with no apparent cause. The error message appears at different times in different runs, and I can't find a consistent trigger. This makes it hard to determine whether it's a bug in my code or an environment-specific issue. Can someone help identify potential causes for this erratic behavior?",Unknown unknown,pytorch_pytorch,issue,21819,Unknown,1,1
73,pytorch_pytorch,issue,21819,I met a strange illegal memory access error. It happens randomly without any regular pattern.,I'm troubleshooting an application that randomly crashes with an illegal memory access error. The error has no regular pattern and occurs even when the code is run with identical inputs. I've tried various debugging approaches but can't determine the root cause. Is this likely due to undefined behavior in my code or a system-level issue?,Unknown unknown,pytorch_pytorch,issue,21819,Unknown,1,1
74,pytorch_pytorch,issue,21819,"I know some wrong indexing operations and some wrong usage method of loss function may lead to illegal memory access error. But in this script, there is no such kind of operation.
 I am quite sure this error is not because of out of memory since only about 2G GPU memory is used, and I have totally 12G GPU memory.","I'm confident that this error isn't caused by incorrect indexing patterns or improper loss function implementation since the code avoids those pitfalls. The GPU memory usage remains at ~2GB (12GB total), so I can rule out memory exhaustion as the root cause. The error persists despite all operations being within bounds and memory limits.",Known Unknown,pytorch_pytorch,issue,21819,Unknown,2,1
75,pytorch_pytorch,issue,21819,"I know some wrong indexing operations and some wrong usage method of loss function may lead to illegal memory access error. But in this script, there is no such kind of operation.
 I am quite sure this error is not because of out of memory since only about 2G GPU memory is used, and I have totally 12G GPU memory.","After thorough inspection, I'm certain there are no illegal memory access triggers like out-of-bounds indexing or tensor shape mismatches in this implementation. My GPU monitoring shows only 2GB of the available 12GB is consumed, eliminating memory pressure as a factor. The error must stem from another source entirely.",Known Unknown,pytorch_pytorch,issue,21819,Unknown,2,1
76,pytorch_pytorch,issue,21819,"I know some wrong indexing operations and some wrong usage method of loss function may lead to illegal memory access error. But in this script, there is no such kind of operation.
 I am quite sure this error is not because of out of memory since only about 2G GPU memory is used, and I have totally 12G GPU memory.","I've verified that this script contains no operations that would violate memory access rules (e.g., tensor slicing errors or loss function misapplication). The memory allocation metrics show 2GB used out of 12GB, so OOM is not the issue. My analysis confirms the error must originate from a different cause.",Known Unknown,pytorch_pytorch,issue,21819,Unknown,2,1
77,pytorch_pytorch,issue,21819,"I know some wrong indexing operations and some wrong usage method of loss function may lead to illegal memory access error. But in this script, there is no such kind of operation.
 I am quite sure this error is not because of out of memory since only about 2G GPU memory is used, and I have totally 12G GPU memory.","This implementation avoids common causes of memory access violations like tensor shape mismatches or incorrect indexing. GPU memory utilization remains at 2GB with 10GB free, so I'm certain the error isn't memory-related. The problem must lie elsewhere in the execution flow.",Known Unknown,pytorch_pytorch,issue,21819,Unknown,2,1
78,pytorch_pytorch,issue,21819,"I know some wrong indexing operations and some wrong usage method of loss function may lead to illegal memory access error. But in this script, there is no such kind of operation.
 I am quite sure this error is not because of out of memory since only about 2G GPU memory is used, and I have totally 12G GPU memory.","I've confirmed that no illegal operations (e.g., out-of-bounds indexing or loss function misuse) are present in this codebase. The GPU memory usage is only 2GB of 12GB available, which rules out memory exhaustion. My investigation points to a different underlying cause for the error.",Known Unknown,pytorch_pytorch,issue,21819,Unknown,2,1
79,pytorch_pytorch,issue,21819,I solved by CUDA_LAUNCH_BLOCKING=1.,"I resolved the CUDA-related issue by setting the environment variable CUDA_LAUNCH_BLOCKING=1. This configuration enforces synchronous kernel execution, which made the problem reproducible and allowed me to identify the root cause. The instability disappeared after applying this change.",Knowledge,pytorch_pytorch,issue,21819,Knowledge,0,0
80,pytorch_pytorch,issue,21819,I solved by CUDA_LAUNCH_BLOCKING=1.,"The race condition in my CUDA code was fixed by enabling CUDA_LAUNCH_BLOCKING=1. This environment variable synchronizes kernel launches, eliminating non-deterministic behavior. I now consistently get correct results with this setting.",Knowledge,pytorch_pytorch,issue,21819,Knowledge,0,0
81,pytorch_pytorch,issue,21819,I solved by CUDA_LAUNCH_BLOCKING=1.,"To address the inconsistent CUDA kernel execution, I set CUDA_LAUNCH_BLOCKING=1. This ensures synchronous operation execution, which helped isolate the underlying race condition. The solution worked immediately after applying this configuration.",Knowledge,pytorch_pytorch,issue,21819,Knowledge,0,0
82,pytorch_pytorch,issue,21819,I solved by CUDA_LAUNCH_BLOCKING=1.,"I fixed the CUDA performance issue by setting CUDA_LAUNCH_BLOCKING=1 in my environment. This change forced synchronous execution of GPU operations, resolving the intermittent errors. The problem no longer occurs with this configuration.",Knowledge,pytorch_pytorch,issue,21819,Knowledge,0,0
83,pytorch_pytorch,issue,21819,I solved by CUDA_LAUNCH_BLOCKING=1.,"The CUDA_LAUNCH_BLOCKING=1 environment variable solved my synchronization issues with GPU kernels. By making all operations execute sequentially, it eliminated race conditions. This approach provided stable and predictable results.",Knowledge,pytorch_pytorch,issue,21819,Knowledge,0,0
84,pytorch_pytorch,issue,21819,I solved by CUDA_LAUNCH_BLOCKING=1.,"I addressed the CUDA instability by configuring CUDA_LAUNCH_BLOCKING=1. This environment variable ensures synchronous kernel execution, which resolved the non-reproducible errors. The fix was immediate and effective.",Knowledge,pytorch_pytorch,issue,21819,Knowledge,0,0
85,pytorch_pytorch,issue,21819,I solved by CUDA_LAUNCH_BLOCKING=1.,"Setting CUDA_LAUNCH_BLOCKING=1 resolved my CUDA-related debugging challenges. This forces the runtime to execute operations in order, making asynchronous issues visible. The problem was completely eliminated with this configuration.",Knowledge,pytorch_pytorch,issue,21819,Knowledge,0,0
86,pytorch_pytorch,Issue,21819,"It looks like pytorch-2.x. need some hostcall, that hostcall need PCIe Atomic feature, So if we can find where the hostcall, and remove them. Maybe we can use pytorch-2.x without PCIe3 Atomic requirement?","I noticed that PyTorch 2.x relies on hostcalls requiring PCIe Atomic features. If we can identify and remove these hostcalls, could we run PyTorch 2.x without PCIe3 Atomic support?",Known Unknown,pytorch_pytorch,Issue,21819,Known,2,1
87,pytorch_pytorch,Issue,21819,"It looks like pytorch-2.x. need some hostcall, that hostcall need PCIe Atomic feature, So if we can find where the hostcall, and remove them. Maybe we can use pytorch-2.x without PCIe3 Atomic requirement?",PyTorch 2.x seems to require hostcalls that depend on PCIe Atomic capabilities. Is there a way to modify or eliminate these hostcalls to avoid the PCIe3 Atomic dependency?,Known Unknown,pytorch_pytorch,Issue,21819,Known,2,1
88,pytorch_pytorch,Issue,21819,"It looks like pytorch-2.x. need some hostcall, that hostcall need PCIe Atomic feature, So if we can find where the hostcall, and remove them. Maybe we can use pytorch-2.x without PCIe3 Atomic requirement?","I'm encountering an issue where PyTorch 2.x uses hostcalls needing PCIe Atomic. If those hostcalls are removed, would it be possible to use PyTorch 2.x without the PCIe3 Atomic requirement?",Known Unknown,pytorch_pytorch,Issue,21819,Known,2,1
89,pytorch_pytorch,Issue,21819,"It looks like pytorch-2.x. need some hostcall, that hostcall need PCIe Atomic feature, So if we can find where the hostcall, and remove them. Maybe we can use pytorch-2.x without PCIe3 Atomic requirement?","It appears that in PyTorch 2.x, certain hostcalls necessitate PCIe Atomic features. Could removing these hostcalls allow usage without PCIe3 Atomic support?",Known Unknown,pytorch_pytorch,Issue,21819,Known,2,1
90,pytorch_pytorch,Issue,21819,"It looks like pytorch-2.x. need some hostcall, that hostcall need PCIe Atomic feature, So if we can find where the hostcall, and remove them. Maybe we can use pytorch-2.x without PCIe3 Atomic requirement?","I observed that PyTorch 2.x requires PCIe Atomic through hostcalls. By locating and removing these hostcalls, is it feasible to use PyTorch 2.x without PCIe3 Atomic?",Known Unknown,pytorch_pytorch,Issue,21819,Known,2,1
91,pytorch_pytorch,Issue,21819,"It looks like pytorch-2.x. need some hostcall, that hostcall need PCIe Atomic feature, So if we can find where the hostcall, and remove them. Maybe we can use pytorch-2.x without PCIe3 Atomic requirement?","PyTorch 2.x seems to depend on hostcalls that require PCIe Atomic. If we can find and eliminate these hostcalls, would that make PCIe3 Atomic unnecessary?",Known Unknown,pytorch_pytorch,Issue,21819,Known,2,1
92,pytorch_pytorch,Issue,21819,"It looks like pytorch-2.x. need some hostcall, that hostcall need PCIe Atomic feature, So if we can find where the hostcall, and remove them. Maybe we can use pytorch-2.x without PCIe3 Atomic requirement?",I've noticed that PyTorch 2.x uses hostcalls which need PCIe Atomic. Removing these hostcalls might let us use PyTorch 2.x without PCIe3 Atomic. Is this possible?,Known Unknown,pytorch_pytorch,Issue,21819,Known,2,1
93,pytorch_pytorch,Issue,21819,"It looks like pytorch-2.x. need some hostcall, that hostcall need PCIe Atomic feature, So if we can find where the hostcall, and remove them. Maybe we can use pytorch-2.x without PCIe3 Atomic requirement?",The use of hostcalls in PyTorch 2.x that require PCIe Atomic is causing an issue. Could removing these hostcalls help in avoiding the PCIe3 Atomic requirement?,Known Unknown,pytorch_pytorch,Issue,21819,Known,2,1
94,pytorch_pytorch,issue,21819,"Yes, for the hostcall with atomics issue, changing the motherboard with PCIe atomics support is a viable solution.","To resolve the hostcall issue related to atomics operations, upgrading to a motherboard with PCIe atomic operations support is a confirmed solution. This hardware-level fix addresses the root cause of the problem by ensuring proper PCIe protocol compatibility for atomic memory operations.",Knowledge,pytorch_pytorch,issue,21819,Knowledge,0,0
95,pytorch_pytorch,issue,21819,"Yes, for the hostcall with atomics issue, changing the motherboard with PCIe atomics support is a viable solution.","For the hostcall problem involving atomics, implementing a motherboard that explicitly supports PCIe atomics is an effective workaround. This solution works because systems without PCIe atomics may mishandle memory operations in specific compute scenarios.",Knowledge,pytorch_pytorch,issue,21819,Knowledge,0,0
96,pytorch_pytorch,issue,21819,"Yes, for the hostcall with atomics issue, changing the motherboard with PCIe atomics support is a viable solution.",The recommended solution for the hostcall with atomics issue involves replacing the motherboard with one that has PCIe atomics capabilities. This change resolves the compatibility problems by aligning the hardware with the required PCIe specification for atomic memory operations.,Knowledge,pytorch_pytorch,issue,21819,Knowledge,0,0
97,pytorch_pytorch,Issue,21819,"Using MPS for BERT inference appears to produce about a 2x slowdown compared to the CPU. Here is code to reproduce the issue:
 # MPS Version
 from transformers import AutoTokenizer, BertForSequenceClassification
 import timeit
 import torch
 

 tokenizer = AutoTokenizer.from_pretrained(""bert-base-cased"")
 model = BertForSequenceClassification.from_pretrained(""bert-base-cased"").to(torch.device(""mps""))
 

 tokens = tokenizer.tokenize(""Hello world, this is michael!"")
 tids = tokenizer.convert_tokens_to_ids(tokens)
 with torch.no_grad():
  t_tids = torch.tensor([tids]*64, device=torch.device(""mps""))
  res = timeit.timeit(lambda: model(input_ids=t_tids), number=100)
 print(res)
 

 torch.backends.mps.is_available() reports True as expected.
 I chose a batch size of 64, since that was mentioned on the blog post for the ~5x speedup in Huggingface BERT.
 Running this benchmark, swapping ""mps"" and ""cpu"" for the devices, I get:
 CPU 18.38 s
 MPS 36.00 s
 And, for comparison, running this same snippet on an A10G using CUDA 11.6 on an AWS g5.xlarge instance (ubuntu 20.04, pytorch 1.11.0 compiled from source), I get:
 CUDA 0.82 s
 I used the no_grad() construction due to the comment mentioned on #77753.
 I used today's nightly build. Furthermore, I also built PyTorch from source and observed no differences on the results here. Lastly, I confirmed with Activity Monitor and powermetrics that the GPU is in fact being used, seeing GPU usage at 98.8%, GPU power spike to 15711 mW when running the MPS benchmark, and CPU power spiking as expected when running the CPU benchmark.
 So it does seem like things are ""hooked up"" right, just not efficient.
 As a side note, when building PyTorch from source, I observed in the CMake logs that Accelerate.framework was selected as the BLAS library, but sadly I didn't observe any power consumption by the ANE module, which is too bad.","I'm seeing significant performance degradation when running BERT inference on MPS compared to CPU. The benchmark code using `torch.device('mps')` shows ~36 seconds for 100 inferences vs 18 seconds on CPU. Even though Activity Monitor confirms 98.8% GPU utilization, the execution time is about double. This contrasts with CUDA performance on AWS (0.82s) and contradicts the claimed 5x speedup in documentation. I verified this with both nightly builds and source-compiled PyTorch.",Known Unknown,pytorch_pytorch,Issue,21819,,2,1
98,pytorch_pytorch,Issue,21819,"Using MPS for BERT inference appears to produce about a 2x slowdown compared to the CPU. Here is code to reproduce the issue:
 # MPS Version
 from transformers import AutoTokenizer, BertForSequenceClassification
 import timeit
 import torch
 

 tokenizer = AutoTokenizer.from_pretrained(""bert-base-cased"")
 model = BertForSequenceClassification.from_pretrained(""bert-base-cased"").to(torch.device(""mps""))
 

 tokens = tokenizer.tokenize(""Hello world, this is michael!"")
 tids = tokenizer.convert_tokens_to_ids(tokens)
 with torch.no_grad():
  t_tids = torch.tensor([tids]*64, device=torch.device(""mps""))
  res = timeit.timeit(lambda: model(input_ids=t_tids), number=100)
 print(res)
 

 torch.backends.mps.is_available() reports True as expected.
 I chose a batch size of 64, since that was mentioned on the blog post for the ~5x speedup in Huggingface BERT.
 Running this benchmark, swapping ""mps"" and ""cpu"" for the devices, I get:
 CPU 18.38 s
 MPS 36.00 s
 And, for comparison, running this same snippet on an A10G using CUDA 11.6 on an AWS g5.xlarge instance (ubuntu 20.04, pytorch 1.11.0 compiled from source), I get:
 CUDA 0.82 s
 I used the no_grad() construction due to the comment mentioned on #77753.
 I used today's nightly build. Furthermore, I also built PyTorch from source and observed no differences on the results here. Lastly, I confirmed with Activity Monitor and powermetrics that the GPU is in fact being used, seeing GPU usage at 98.8%, GPU power spike to 15711 mW when running the MPS benchmark, and CPU power spiking as expected when running the CPU benchmark.
 So it does seem like things are ""hooked up"" right, just not efficient.
 As a side note, when building PyTorch from source, I observed in the CMake logs that Accelerate.framework was selected as the BLAS library, but sadly I didn't observe any power consumption by the ANE module, which is too bad.","My BERT inference benchmarks reveal MPS is roughly twice as slow as CPU. The test script with batch size 64 produces 36s for MPS vs 18s for CPU. While GPU usage metrics (15711mW power draw) confirm the device is active, the throughput remains suboptimal compared to CUDA. This contradicts the Accelerate.framework's BLAS integration and the blog claims about MPS efficiency. I've tested this with both pre-built and source-compiled PyTorch versions.",Known Unknown,pytorch_pytorch,Issue,21819,,2,1
99,pytorch_pytorch,Issue,21819,"Using MPS for BERT inference appears to produce about a 2x slowdown compared to the CPU. Here is code to reproduce the issue:
 # MPS Version
 from transformers import AutoTokenizer, BertForSequenceClassification
 import timeit
 import torch
 

 tokenizer = AutoTokenizer.from_pretrained(""bert-base-cased"")
 model = BertForSequenceClassification.from_pretrained(""bert-base-cased"").to(torch.device(""mps""))
 

 tokens = tokenizer.tokenize(""Hello world, this is michael!"")
 tids = tokenizer.convert_tokens_to_ids(tokens)
 with torch.no_grad():
  t_tids = torch.tensor([tids]*64, device=torch.device(""mps""))
  res = timeit.timeit(lambda: model(input_ids=t_tids), number=100)
 print(res)
 

 torch.backends.mps.is_available() reports True as expected.
 I chose a batch size of 64, since that was mentioned on the blog post for the ~5x speedup in Huggingface BERT.
 Running this benchmark, swapping ""mps"" and ""cpu"" for the devices, I get:
 CPU 18.38 s
 MPS 36.00 s
 And, for comparison, running this same snippet on an A10G using CUDA 11.6 on an AWS g5.xlarge instance (ubuntu 20.04, pytorch 1.11.0 compiled from source), I get:
 CUDA 0.82 s
 I used the no_grad() construction due to the comment mentioned on #77753.
 I used today's nightly build. Furthermore, I also built PyTorch from source and observed no differences on the results here. Lastly, I confirmed with Activity Monitor and powermetrics that the GPU is in fact being used, seeing GPU usage at 98.8%, GPU power spike to 15711 mW when running the MPS benchmark, and CPU power spiking as expected when running the CPU benchmark.
 So it does seem like things are ""hooked up"" right, just not efficient.
 As a side note, when building PyTorch from source, I observed in the CMake logs that Accelerate.framework was selected as the BLAS library, but sadly I didn't observe any power consumption by the ANE module, which is too bad.","Testing BERT inference on MPS yields unexpected results: ~2x slower than CPU despite full GPU utilization. The benchmark code with `no_grad()` shows 36s for MPS vs 18s for CPU. On CUDA, the same workload completes in 0.82s, suggesting hardware-specific optimizations. I've confirmed this behavior persists across PyTorch versions (nightly and source-built) and verified through power metrics (ANE module remains inactive). This seems to contradict the expected performance improvements mentioned in Huggingface documentation.",Known Unknown,pytorch_pytorch,Issue,21819,,2,1
100,pytorch_pytorch,Issue,21819,"Using MPS for BERT inference appears to produce about a 2x slowdown compared to the CPU. Here is code to reproduce the issue:
 # MPS Version
 from transformers import AutoTokenizer, BertForSequenceClassification
 import timeit
 import torch
 

 tokenizer = AutoTokenizer.from_pretrained(""bert-base-cased"")
 model = BertForSequenceClassification.from_pretrained(""bert-base-cased"").to(torch.device(""mps""))
 

 tokens = tokenizer.tokenize(""Hello world, this is michael!"")
 tids = tokenizer.convert_tokens_to_ids(tokens)
 with torch.no_grad():
  t_tids = torch.tensor([tids]*64, device=torch.device(""mps""))
  res = timeit.timeit(lambda: model(input_ids=t_tids), number=100)
 print(res)
 

 torch.backends.mps.is_available() reports True as expected.
 I chose a batch size of 64, since that was mentioned on the blog post for the ~5x speedup in Huggingface BERT.
 Running this benchmark, swapping ""mps"" and ""cpu"" for the devices, I get:
 CPU 18.38 s
 MPS 36.00 s
 And, for comparison, running this same snippet on an A10G using CUDA 11.6 on an AWS g5.xlarge instance (ubuntu 20.04, pytorch 1.11.0 compiled from source), I get:
 CUDA 0.82 s
 I used the no_grad() construction due to the comment mentioned on #77753.
 I used today's nightly build. Furthermore, I also built PyTorch from source and observed no differences on the results here. Lastly, I confirmed with Activity Monitor and powermetrics that the GPU is in fact being used, seeing GPU usage at 98.8%, GPU power spike to 15711 mW when running the MPS benchmark, and CPU power spiking as expected when running the CPU benchmark.
 So it does seem like things are ""hooked up"" right, just not efficient.
 As a side note, when building PyTorch from source, I observed in the CMake logs that Accelerate.framework was selected as the BLAS library, but sadly I didn't observe any power consumption by the ANE module, which is too bad.","I'm encountering performance issues where MPS-based BERT inference takes ~36 seconds for 100 inferences, compared to 18 seconds on CPU. The code using `BertForSequenceClassification` with batch size 64 shows no speed advantage. Despite GPU utilization at 98.8% and power metrics confirming hardware activity, the throughput is significantly lower than both CPU and CUDA (0.82s). This behavior remains consistent across PyTorch versions and contradicts the claimed 5x speedup. The Accelerate.framework BLAS integration doesn't seem to resolve this discrepancy.",Known Unknown,pytorch_pytorch,Issue,21819,,2,1
101,pytorch_pytorch,Issue,21819,"Using MPS for BERT inference appears to produce about a 2x slowdown compared to the CPU. Here is code to reproduce the issue:
 # MPS Version
 from transformers import AutoTokenizer, BertForSequenceClassification
 import timeit
 import torch
 

 tokenizer = AutoTokenizer.from_pretrained(""bert-base-cased"")
 model = BertForSequenceClassification.from_pretrained(""bert-base-cased"").to(torch.device(""mps""))
 

 tokens = tokenizer.tokenize(""Hello world, this is michael!"")
 tids = tokenizer.convert_tokens_to_ids(tokens)
 with torch.no_grad():
  t_tids = torch.tensor([tids]*64, device=torch.device(""mps""))
  res = timeit.timeit(lambda: model(input_ids=t_tids), number=100)
 print(res)
 

 torch.backends.mps.is_available() reports True as expected.
 I chose a batch size of 64, since that was mentioned on the blog post for the ~5x speedup in Huggingface BERT.
 Running this benchmark, swapping ""mps"" and ""cpu"" for the devices, I get:
 CPU 18.38 s
 MPS 36.00 s
 And, for comparison, running this same snippet on an A10G using CUDA 11.6 on an AWS g5.xlarge instance (ubuntu 20.04, pytorch 1.11.0 compiled from source), I get:
 CUDA 0.82 s
 I used the no_grad() construction due to the comment mentioned on #77753.
 I used today's nightly build. Furthermore, I also built PyTorch from source and observed no differences on the results here. Lastly, I confirmed with Activity Monitor and powermetrics that the GPU is in fact being used, seeing GPU usage at 98.8%, GPU power spike to 15711 mW when running the MPS benchmark, and CPU power spiking as expected when running the CPU benchmark.
 So it does seem like things are ""hooked up"" right, just not efficient.
 As a side note, when building PyTorch from source, I observed in the CMake logs that Accelerate.framework was selected as the BLAS library, but sadly I didn't observe any power consumption by the ANE module, which is too bad.",My benchmarks indicate that MPS is underperforming for BERT inference: ~36s vs 18s on CPU for 100 inferences. The test script with `torch.device('mps')` shows no speed gains despite GPU utilization metrics (15711mW). This contrasts sharply with CUDA performance (0.82s) and contradicts documentation claims. I've validated this across PyTorch versions (nightly and source-built) and confirmed hardware usage through Activity Monitor and powermetrics. The ANE module's inactivity suggests potential optimization gaps in the current implementation.,Known Unknown,pytorch_pytorch,Issue,21819,,2,1
102,pytorch_pytorch,issue,21819,"I wonder if we could convert this to actual MPS code in Swift, then profile how long that code takes. That would determine whether the bottleneck is PyTorch’s fault and something that can be fixed.","Could we reimplement this logic using Swift's MPS framework and benchmark its execution time? If the Swift version runs faster, that might indicate a PyTorch-specific performance bottleneck that could be addressed through optimization.",Known Unknown,pytorch_pytorch,issue,21819,Known,2,1
103,pytorch_pytorch,issue,21819,"I wonder if we could convert this to actual MPS code in Swift, then profile how long that code takes. That would determine whether the bottleneck is PyTorch’s fault and something that can be fixed.",I'm not sure if porting this code to Swift's MPS implementation and timing it would help identify if the slowdown originates from PyTorch. Profiling the Swift code's execution time could clarify whether the bottleneck is in PyTorch and potentially fixable.,Known Unknown,pytorch_pytorch,issue,21819,Known,2,1
104,pytorch_pytorch,issue,21819,"I wonder if we could convert this to actual MPS code in Swift, then profile how long that code takes. That would determine whether the bottleneck is PyTorch’s fault and something that can be fixed.","Would translating this code to Swift's MPS API and measuring its performance help determine if the current bottleneck is PyTorch's fault? If the Swift version executes faster, it might suggest there's room for optimization in PyTorch's implementation.",Known Unknown,pytorch_pytorch,issue,21819,Known,2,1
105,pytorch_pytorch,issue,21819,"I wonder if we could convert this to actual MPS code in Swift, then profile how long that code takes. That would determine whether the bottleneck is PyTorch’s fault and something that can be fixed.","Is there value in converting this to Swift's MPS code and benchmarking it? If the the Swift version's performance is significantly better, that could imply the bottleneck lies in PyTorch and might be fixable through code adjustments.",Known Unknown,pytorch_pytorch,issue,21819,Known,2,1
106,pytorch_pytorch,issue,21819,"I wonder if we could convert this to actual MPS code in Swift, then profile how long that code takes. That would determine whether the bottleneck is PyTorch’s fault and something that can be fixed.","I'm wondering whether implementing this in Swift's MPS framework and timing its execution would reveal if PyTorch is the source of the bottleneck. If the the Swift version runs faster, it might indicate a fixable performance issue in PyTorch.",Known Unknown,pytorch_pytorch,issue,21819,Known,2,1
107,pytorch_pytorch,issue,21819,"Currently the graphs for random ops are not cached, which is leading to un-necessary recompiles slowing the randn operations. We are actively working on it and will update here with a fix","Random operation graphs aren't currently being cached, causing redundant recompilation that degrades randn performance. Our team is actively investigating this issue and will share the resolution once implemented.",Knowledge,pytorch_pytorch,issue,21819,Knowledge,0,0
108,pytorch_pytorch,issue,21819,"Currently the graphs for random ops are not cached, which is leading to un-necessary recompiles slowing the randn operations. We are actively working on it and will update here with a fix",The lack of caching for random operation execution graphs is resulting in unnecessary recompilation overhead for randn operations. We're working on a fix for this performance bottleneck and will update the community when available.,Knowledge,pytorch_pytorch,issue,21819,Knowledge,0,0
109,pytorch_pytorch,issue,21819,"Currently the graphs for random ops are not cached, which is leading to un-necessary recompiles slowing the randn operations. We are actively working on it and will update here with a fix","Due to unoptimized caching for random operations, we're observing repeated graph recompilation that impacts randn efficiency. The development team is addressing this and will announce the solution here soon.",Knowledge,pytorch_pytorch,issue,21819,Knowledge,0,0
110,pytorch_pytorch,issue,21819,"Currently the graphs for random ops are not cached, which is leading to un-necessary recompiles slowing the randn operations. We are actively working on it and will update here with a fix","Current implementation doesn't cache graphs for random operations, leading to performance issues with randn. We're actively resolving this and will provide updates on the fix as work progresses.",Knowledge,pytorch_pytorch,issue,21819,Knowledge,0,0
111,pytorch_pytorch,issue,21819,"Currently the graphs for random ops are not cached, which is leading to un-necessary recompiles slowing the randn operations. We are actively working on it and will update here with a fix",Random operation graphs not being cached is causing unnecessary recompilation cycles that slow down randn execution. Our team is working on a fix for this problem and will share updates with the fix once ready.,Knowledge,pytorch_pytorch,issue,21819,Knowledge,0,0
112,pytorch_pytorch,issue,21819,"Currently the graphs for random ops are not cached, which is leading to un-necessary recompiles slowing the randn operations. We are actively working on it and will update here with a fix","The absence of caching for random operation graphs creates redundant recompilation, affecting randn performance. We're actively working on a solution and will update this thread with the fix when implemented.",Knowledge,pytorch_pytorch,issue,21819,Knowledge,0,0
113,pytorch_pytorch,issue,21819,"Currently the graphs for random ops are not cached, which is leading to un-necessary recompiles slowing the randn operations. We are actively working on it and will update here with a fix",We're experiencing performance degradation in randn due to un-cached random operation graphs requiring repeated recompilation. The team is addressing this issue and will share the fix here when complete.,Knowledge,pytorch_pytorch,issue,21819,Knowledge,0,0
114,pytorch_pytorch,issue,17501,"After testing on GPU, if I set the batch size low enough it runs very fast, but anything over 2 and it runs out of memory (8gb GPU). How would I go about debugging the memory usage?",I'm encountering out-of-memory errors on my 8GB GPU when using batch sizes over 2. The model runs quickly with smaller batches but crashes when I increase the size. I'm not sure how to systematically profile memory usage or identify what's consuming the most GPU resources. What tools or techniques could help troubleshoot this?,Known Unknown,pytorch_pytorch,issue,17501,Known,2,1
115,pytorch_pytorch,issue,17501,"After testing on GPU, if I set the batch size low enough it runs very fast, but anything over 2 and it runs out of memory (8gb GPU). How would I go about debugging the memory usage?","My model works fine with batch_size=2 on an 8GB GPU, but any larger batch causes an OOM error. I'm trying to understand how to debug memory allocation issues in PyTorch. Are there specific commands to track memory consumption during different parts of the training loop?",Known Unknown,pytorch_pytorch,issue,17501,Known,2,1
116,pytorch_pytorch,issue,17501,"After testing on GPU, if I set the batch size low enough it runs very fast, but anything over 2 and it runs out of memory (8gb GPU). How would I go about debugging the memory usage?","When I set batch_size=3 on my 8GB GPU, I get an out-of-memory error despite low VRAM usage with smaller batches. I'm unsure whether this is a framework limitation or an issue with my implementation. How can I analyze memory usage step-by-step to find the bottleneck?",Known Unknown,pytorch_pytorch,issue,17501,Known,2,1
117,pytorch_pytorch,issue,17501,"After testing on GPU, if I set the batch size low enough it runs very fast, but anything over 2 and it runs out of memory (8gb GPU). How would I go about debugging the memory usage?",I'm running into GPU memory problems where batch sizes over 2 cause crashes. The model functions normally with smaller batches but fails when scaling up. I'm trying to figure out how to optimize memory usage - what debugging tools or strategies would help identify the root cause?,Known Unknown,pytorch_pytorch,issue,17501,Known,2,1
118,pytorch_pytorch,issue,17501,"After testing on GPU, if I set the batch size low enough it runs very fast, but anything over 2 and it runs out of memory (8gb GPU). How would I go about debugging the memory usage?",My PyTorch model works with batch_size=2 on an 8GB GPU but crashes with larger batches. I'm not sure if this is due to model architecture or memory management. How can I profile each component's memory consumption to pinpoint the issue?,Known Unknown,pytorch_pytorch,issue,17501,Known,2,1
119,pytorch_pytorch,issue,17501,"After testing on GPU, if I set the batch size low enough it runs very fast, but anything over 2 and it runs out of memory (8gb GPU). How would I go about debugging the memory usage?",I'm getting OOM errors when increasing batch size beyond 2 on my 8GB GPU. The model runs quickly with smaller batches but fails when scaling up. I'm trying to understand how to debug memory allocation - are there specific PyTorch functions to monitor memory usage during training?,Known Unknown,pytorch_pytorch,issue,17501,Known,2,1
120,pytorch_pytorch,issue,17501,"After testing on GPU, if I set the batch size low enough it runs very fast, but anything over 2 and it runs out of memory (8gb GPU). How would I go about debugging the memory usage?","When I test with batch_size=3 on my 8GB GPU, the model crashes with an out-of-memory error. I'm not certain whether this is a hardware limitation or an implementation issue. What are some techniques to systematically analyze GPU memory consumption in PyTorch?",Known Unknown,pytorch_pytorch,issue,17501,Known,2,1
121,pytorch_pytorch,issue,17501,"After testing on GPU, if I set the batch size low enough it runs very fast, but anything over 2 and it runs out of memory (8gb GPU). How would I go about debugging the memory usage?",I'm experiencing GPU memory issues where batch sizes over 2 cause failures. The model works fine with smaller batches but crashes when scaling up. I'm trying to debug memory usage - are there any recommended approaches to identify what's consuming the most VRAM?,Known Unknown,pytorch_pytorch,issue,17501,Known,2,1
122,pytorch_pytorch,issue,17501,"After testing on GPU, if I set the batch size low enough it runs very fast, but anything over 2 and it runs out of memory (8gb GPU). How would I go about debugging the memory usage?",My model runs with batch_size=2 on an 8GB GPU but crashes when I increase the batch size. I'm unsure how to troubleshoot this memory issue. What tools or methods would help analyze memory allocation during different stages of the training process?,Known Unknown,pytorch_pytorch,issue,17501,Known,2,1
123,pytorch_pytorch,issue,17501,The backward pass of an unfold will involved a lot of atomicAdd CUDA instructions in the unfolded dimension. That is what slows down the backward a lot.,"The reverse operation of the unfold function heavily utilizes atomicAdd CUDA instructions in the unfolded dimension, which is the primary cause of the significant slowdown in the backward pass.",Knowledge,pytorch_pytorch,issue,17501,Knowledge,0,0
124,pytorch_pytorch,issue,17501,The backward pass of an unfold will involved a lot of atomicAdd CUDA instructions in the unfolded dimension. That is what slows down the backward a lot.,"During the backpropagation through an unfold layer, a large number of atomicAdd CUDA operations are executed in the unfolded dimension, leading to a substantial decrease in performance.",Knowledge,pytorch_pytorch,issue,17501,Knowledge,0,0
125,pytorch_pytorch,issue,17501,The backward pass of an unfold will involved a lot of atomicAdd CUDA instructions in the unfolded dimension. That is what slows down the backward a lot.,"The backward pass for the unfold operation involves numerous atomicAdd CUDA instructions along the unfolded dimension, which is responsible for the notable performance degradation observed.",Knowledge,pytorch_pytorch,issue,17501,Knowledge,0,0
126,pytorch_pytorch,issue,17501,The backward pass of an unfold will involved a lot of atomicAdd CUDA instructions in the unfolded dimension. That is what slows down the backward a lot.,"The gradient computation of the unfold function relies on many atomicAdd CUDA instructions in the unfolded dimension, resulting in a significant slowdown during the backward phase.",Knowledge,pytorch_pytorch,issue,17501,Knowledge,0,0
127,pytorch_pytorch,issue,17501,The backward pass of an unfold will involved a lot of atomicAdd CUDA instructions in the unfolded dimension. That is what slows down the backward a lot.,"When computing gradients for the unfold operation, the CUDA implementation generates a high volume of atomicAdd instructions in the unfolded dimension, which dramatically reduces the backward pass efficiency.",Knowledge,pytorch_pytorch,issue,17501,Knowledge,0,0
128,pytorch_pytorch,issue,155309,The error is likely caused by how torch.export interacts with GPU-backed LSTM internals. It's possible that torch.export is not properly handling fused GPU kernels or CUDNN ops when fake tensors are involved during graph capture.,"The issue likely stems from torch.export's handling of GPU-accelerated LSTM operations. When capturing computation graphs with fake tensors, the export process may not properly account for fused GPU kernels or CUDNN-based optimizations, leading to errors during execution.",Known Unknown,pytorch_pytorch,issue,155309,Known,2,1
129,pytorch_pytorch,issue,155309,The error is likely caused by how torch.export interacts with GPU-backed LSTM internals. It's possible that torch.export is not properly handling fused GPU kernels or CUDNN ops when fake tensors are involved during graph capture.,"This error could be due to torch.export's interaction with GPU-backed LSTM implementations. The export mechanism might be failing to preserve fused operations or CUDNN-specific behaviors when fake tensors are used for graph tracing, resulting in deployment inconsistencies.",Known Unknown,pytorch_pytorch,issue,155309,Known,2,1
130,pytorch_pytorch,issue,155309,The error is likely caused by how torch.export interacts with GPU-backed LSTM internals. It's possible that torch.export is not properly handling fused GPU kernels or CUDNN ops when fake tensors are involved during graph capture.,"The problem may arise from how torch.export processes GPU-specific LSTM components. During graph capture with fake tensors, the system could be misrepresenting fused kernels or CUDNN operations, causing runtime failures in the exported model.",Known Unknown,pytorch_pytorch,issue,155309,Known,2,1
131,pytorch_pytorch,issue,155309,The error is likely caused by how torch.export interacts with GPU-backed LSTM internals. It's possible that torch.export is not properly handling fused GPU kernels or CUDNN ops when fake tensors are involved during graph capture.,"It's possible that torch.export is not correctly handling GPU-accelerated LSTM layers with CUDNN optimizations. The use of fake tensors during graph capture might expose an incompatibility in how these operations are exported, leading to execution errors.",Known Unknown,pytorch_pytorch,issue,155309,Known,2,1
132,pytorch_pytorch,issue,155309,The error is likely caused by how torch.export interacts with GPU-backed LSTM internals. It's possible that torch.export is not properly handling fused GPU kernels or CUDNN ops when fake tensors are involved during graph capture.,"The error likely occurs because torch.export interacts improperly with GPU-backed LSTM internals. When fake tensors are involved, the export process may omit fused kernel operations or CUDNN-based computations, resulting in an invalid graph.",Known Unknown,pytorch_pytorch,issue,155309,Known,2,1
133,pytorch_pytorch,issue,155309,The error is likely caused by how torch.export interacts with GPU-backed LSTM internals. It's possible that torch.export is not properly handling fused GPU kernels or CUDNN ops when fake tensors are involved during graph capture.,"The issue might stem from torch.export's inability to manage GPU-accelerated LSTM components during graph capture. Fake tensors could cause the export to misrepresent fused operations or CUDNN functions, leading to model execution failures.",Known Unknown,pytorch_pytorch,issue,155309,Known,2,1
134,pytorch_pytorch,issue,155309,The error is likely caused by how torch.export interacts with GPU-backed LSTM internals. It's possible that torch.export is not properly handling fused GPU kernels or CUDNN ops when fake tensors are involved during graph capture.,"This could be a result of torch.export not properly handling the interaction between GPU-backed LSTM layers and CUDNN optimizations. The presence of fake tensors during graph capture may lead to incomplete or incorrect representation of fused operations, causing errors.",Known Unknown,pytorch_pytorch,issue,155309,Known,2,1
135,pytorch_pytorch,issue,155309,The error is likely caused by how torch.export interacts with GPU-backed LSTM internals. It's possible that torch.export is not properly handling fused GPU kernels or CUDNN ops when fake tensors are involved during graph capture.,"The error may be caused by torch.export's failure to capture GPU-specific LSTM behaviors when using fake tensors. This could result in the export process omitting critical fused kernels or CUDNN-based computations, leading to runtime exceptions.",Known Unknown,pytorch_pytorch,issue,155309,Known,2,1
136,pytorch_pytorch,issue,155309,The error is likely caused by how torch.export interacts with GPU-backed LSTM internals. It's possible that torch.export is not properly handling fused GPU kernels or CUDNN ops when fake tensors are involved during graph capture.,"The problem could lie in how torch.export handles GPU-accelerated LSTM operations during graph capture. Fake tensors might be triggering an incompatibility in the export pipeline, where fused kernels or CUDNN optimizations are not preserved correctly.",Known Unknown,pytorch_pytorch,issue,155309,Known,2,1
137,pytorch_pytorch,issue,155309,The error is likely caused by how torch.export interacts with GPU-backed LSTM internals. It's possible that torch.export is not properly handling fused GPU kernels or CUDNN ops when fake tensors are involved during graph capture.,"It's possible that torch.export is misprocessing GPU-backed LSTM layers, particularly when fake tensors are used. The export might not correctly represent fused operations or CUDNN-based computations, resulting in deployment errors.",Known Unknown,pytorch_pytorch,issue,155309,Known,2,1
138,pytorch_pytorch,issue,155309,"Thank you so much for the detailed and insightful analysis.

I followed your suggestion and tested with:

torch.backends.cudnn.enabled = False

As you anticipated, export on GPU succeeded when disabling cuDNN. This strongly indicates that the issue is indeed related to certain cuDNN-optimized fused kernels, likely being incorrectly traced during export when fake tensors are used.

For completeness, my environment reports the following cuDNN version:

torch.backends.cudnn.version() == 90100

This further supports the hypothesis that some low-level dispatch or fusion within cuDNN is not being properly marked as opaque or guarded during export tracing?

Additionally, I’d like to report that the same issue also occurs when using nn.RNN instead of nn.LSTM. Specifically, like:

self.rnn = nn.RNN(input_size, hidden_size, num_layers, batch_first=True)

This confirms that the problem is not limited to LSTM, but more broadly affects cuDNN-backed recurrent layers, including nn.RNN. Disabling torch.backends.cudnn.enabled continues to serve as a valid workaround in both cases.","Your thorough analysis was incredibly helpful in diagnosing this issue. By disabling torch.backends.cudnn.enabled, I confirmed that GPU export succeeds without cuDNN's optimized kernels, which aligns with your hypothesis about tracing errors in fused operations. My environment shows cudnn version 90100, further supporting the theory that low-level optimizations may not be properly handled during export tracing with fake tensors.",Known Unknown,pytorch_pytorch,issue,155309,Known,2,1
139,pytorch_pytorch,issue,155309,"Thank you so much for the detailed and insightful analysis.

I followed your suggestion and tested with:

torch.backends.cudnn.enabled = False

As you anticipated, export on GPU succeeded when disabling cuDNN. This strongly indicates that the issue is indeed related to certain cuDNN-optimized fused kernels, likely being incorrectly traced during export when fake tensors are used.

For completeness, my environment reports the following cuDNN version:

torch.backends.cudnn.version() == 90100

This further supports the hypothesis that some low-level dispatch or fusion within cuDNN is not being properly marked as opaque or guarded during export tracing?

Additionally, I’d like to report that the same issue also occurs when using nn.RNN instead of nn.LSTM. Specifically, like:

self.rnn = nn.RNN(input_size, hidden_size, num_layers, batch_first=True)

This confirms that the problem is not limited to LSTM, but more broadly affects cuDNN-backed recurrent layers, including nn.RNN. Disabling torch.backends.cudnn.enabled continues to serve as a valid workaround in both cases.","Following your guidance, I tested by disabling cudnn and observed successful GPU exports, validating the connection to cuDNN's fused kernels. The version check (cudnn 90100) reinforces this theory. Notably, the same problem occurs with nn.RNN layers like self.rnn = nn.RNN(...), proving the issue extends beyond LSTM to all cuDNN-backed recurrent layers when using fake tensors for tracing.",Known Unknown,pytorch_pytorch,issue,155309,Known,2,1
140,pytorch_pytorch,issue,155309,"Thank you so much for the detailed and insightful analysis.

I followed your suggestion and tested with:

torch.backends.cudnn.enabled = False

As you anticipated, export on GPU succeeded when disabling cuDNN. This strongly indicates that the issue is indeed related to certain cuDNN-optimized fused kernels, likely being incorrectly traced during export when fake tensors are used.

For completeness, my environment reports the following cuDNN version:

torch.backends.cudnn.version() == 90100

This further supports the hypothesis that some low-level dispatch or fusion within cuDNN is not being properly marked as opaque or guarded during export tracing?

Additionally, I’d like to report that the same issue also occurs when using nn.RNN instead of nn.LSTM. Specifically, like:

self.rnn = nn.RNN(input_size, hidden_size, num_layers, batch_first=True)

This confirms that the problem is not limited to LSTM, but more broadly affects cuDNN-backed recurrent layers, including nn.RNN. Disabling torch.backends.cudnn.enabled continues to serve as a valid workaround in both cases.","Thanks for the insightful approach! Disabling cudnn confirmed your hypothesis about tracing issues in optimized kernels. The environment reports cudnn 90100, and the problem persists with both LSTM and RNN layers (e.g., self.rnn = nn.RNN(...)), indicating a broader issue with how cuDNN-backed recurrent operations are handled during export tracing with fake tensors.",Known Unknown,pytorch_pytorch,issue,155309,Known,2,1
141,pytorch_pytorch,issue,155309,"Thank you so much for the detailed and insightful analysis.

I followed your suggestion and tested with:

torch.backends.cudnn.enabled = False

As you anticipated, export on GPU succeeded when disabling cuDNN. This strongly indicates that the issue is indeed related to certain cuDNN-optimized fused kernels, likely being incorrectly traced during export when fake tensors are used.

For completeness, my environment reports the following cuDNN version:

torch.backends.cudnn.version() == 90100

This further supports the hypothesis that some low-level dispatch or fusion within cuDNN is not being properly marked as opaque or guarded during export tracing?

Additionally, I’d like to report that the same issue also occurs when using nn.RNN instead of nn.LSTM. Specifically, like:

self.rnn = nn.RNN(input_size, hidden_size, num_layers, batch_first=True)

This confirms that the problem is not limited to LSTM, but more broadly affects cuDNN-backed recurrent layers, including nn.RNN. Disabling torch.backends.cudnn.enabled continues to serve as a valid workaround in both cases.","Your analysis correctly identified the cuDNN connection. With torch.backends.cudnn.enabled = False, exports work as expected, and the cudnn version check (90100) supports this. The same problem occurs with nn.RNN layers like self.rnn = nn.RNN(...), showing the issue affects all cuDNN-optimized recurrent layers during tracing with fake tensors.",Known Unknown,pytorch_pytorch,issue,155309,Known,2,1
142,pytorch_pytorch,issue,155309,"Thank you so much for the detailed and insightful analysis.

I followed your suggestion and tested with:

torch.backends.cudnn.enabled = False

As you anticipated, export on GPU succeeded when disabling cuDNN. This strongly indicates that the issue is indeed related to certain cuDNN-optimized fused kernels, likely being incorrectly traced during export when fake tensors are used.

For completeness, my environment reports the following cuDNN version:

torch.backends.cudnn.version() == 90100

This further supports the hypothesis that some low-level dispatch or fusion within cuDNN is not being properly marked as opaque or guarded during export tracing?

Additionally, I’d like to report that the same issue also occurs when using nn.RNN instead of nn.LSTM. Specifically, like:

self.rnn = nn.RNN(input_size, hidden_size, num_layers, batch_first=True)

This confirms that the problem is not limited to LSTM, but more broadly affects cuDNN-backed recurrent layers, including nn.RNN. Disabling torch.backends.cudnn.enabled continues to serve as a valid workaround in both cases.","Testing your suggestion revealed that disabling cudnn resolves the export issue, confirming the problem lies in its fused kernels. My environment shows cudnn 90100, and the same error appears with nn.RNN layers (e.g., self.rnn = nn.RNN(...)), demonstrating this isn't limited to LSTM but affects all cuDNN-backed recurrent operations during tracing with fake tensors.",Known Unknown,pytorch_pytorch,issue,155309,Known,2,1
143,pytorch_pytorch,issue,155309,It is due to this line which is not PT2 compatible: ,"The issue arises from this line, which isn't compatible with PyTorch 2. When executing the code, the output indicates an error that's specifically tied to this line. I'm not sure if there's a specific reason for this incompatibility or if it's a general issue with PT2.",Knowledge,pytorch_pytorch,issue,155309,Knowledge,0,0
144,pytorch_pytorch,issue,155309,It is due to this line which is not PT2 compatible: ,This problem is caused by a line that's not compatible with PyTorch 2. The output generated when running the code highlights the incompatibility. I'm uncertain whether this line requires modification to work with PT2 or if there's another underlying cause.,Knowledge,pytorch_pytorch,issue,155309,Knowledge,0,0
145,pytorch_pytorch,issue,155309,It is due to this line which is not PT2 compatible: ,The incompatibility with PyTorch 2 is due to this particular line in the code. The output demonstrates that this line is the source of the issue. I'm not certain how to resolve this PT2 incompatibility or if it's a known problem.,Knowledge,pytorch_pytorch,issue,155309,Knowledge,0,0
146,pytorch_pytorch,issue,155309,It is due to this line which is not PT2 compatible: ,"This line is not compatible with PyTorch 2, which is causing the issue. The output generated when running the code confirms this incompatibility. I'm unsure whether this is a known PT2 issue or if there's a workaround available.",Knowledge,pytorch_pytorch,issue,155309,Knowledge,0,0
147,pytorch_pytorch,issue,155309,It is due to this line which is not PT2 compatible: ,"The problem stems from a line that's incompatible with PyTorch 2. When the code is executed, the output shows that this line is the root cause. I'm not sure how to adjust this line to make it PT2 compatible or if there's a different solution.",Knowledge,pytorch_pytorch,issue,155309,Knowledge,0,0
148,pytorch_pytorch,issue,155309,I think we need a better way to detect aliasing here.,We should implement a more robust method for identifying aliasing in this context. Current approaches seem insufficient for tracking overlapping memory accesses accurately. Developing a better strategy here could improve both performance and correctness.,Known Unknown,pytorch_pytorch,issue,155309,Known,2,1
149,pytorch_pytorch,issue,155309,I think we need a better way to detect aliasing here.,The current aliasing detection mechanism has limitations that need addressing. I believe a more sophisticated algorithm for tracking memory relationships is necessary to resolve these issues. This would help prevent subtle bugs in the system.,Known Unknown,pytorch_pytorch,issue,155309,Known,2,1
150,pytorch_pytorch,issue,155309,I think we need a better way to detect aliasing here.,I propose we explore alternative strategies for detecting aliased memory accesses. The existing solution doesn't account for certain edge cases in the data flow analysis. A more comprehensive approach is required to ensure reliable results.,Known Unknown,pytorch_pytorch,issue,155309,Known,2,1
151,pytorch_pytorch,issue,155309,I think we need a better way to detect aliasing here.,We need to enhance our aliasing detection capabilities to handle complex memory layouts. The current implementation fails to identify overlapping references in specific scenarios. Improving this would significantly strengthen the system's reliability.,Known Unknown,pytorch_pytorch,issue,155309,Known,2,1
152,pytorch_pytorch,issue,155309,I think we need a better way to detect aliasing here.,An improved approach to tracking aliasing would help resolve the current limitations in our memory analysis. The existing method doesn't fully capture pointer relationships in critical code paths. Developing a better solution here is essential for correctness.,Known Unknown,pytorch_pytorch,issue,155309,Known,2,1
153,pytorch_pytorch,pull,155734,"torch.export.export() uses fake tensors during graph tracing, which don't have actual memory storage. The RNN module's flatten_parameters() method was calling p.data_ptr() for aliasing detection, causing ""Cannot access data pointer of Tensor"" errors on GPU.","The RNN module's flatten_parameters() method attempts to access p.data_ptr() during aliasing checks, which triggers 'Cannot access data pointer of Tensor' errors on GPU when using torch.export.export(). This occurs because the exported graph tracing creates fake tensors without actual memory storage, leading to invalid pointer operations during parameter flattening.",Knowledge,pytorch_pytorch,pull,155734,Knowledge,0,0
154,pytorch_pytorch,pull,155734,"torch.export.export() uses fake tensors during graph tracing, which don't have actual memory storage. The RNN module's flatten_parameters() method was calling p.data_ptr() for aliasing detection, causing ""Cannot access data pointer of Tensor"" errors on GPU.","During model export with torch.export(), fake tensors used for graph tracing lack real memory allocation. The RNN module's flatten_parameters() method calls p.data_ptr() for aliasing validation, which results in GPU errors since these fake tensors cannot provide valid memory pointers.",Knowledge,pytorch_pytorch,pull,155734,Knowledge,0,0
155,pytorch_pytorch,pull,155734,"torch.export.export() uses fake tensors during graph tracing, which don't have actual memory storage. The RNN module's flatten_parameters() method was calling p.data_ptr() for aliasing detection, causing ""Cannot access data pointer of Tensor"" errors on GPU.","Exporting models with torch.export.export() employs fake tensors for tracing, which have no memory backing. When the RNN module's flatten_parameters() method attempts to access tensor data pointers via p.data_ptr() for aliasing detection, it raises 'Cannot access data pointer of Tensor' errors on GPU devices.",Knowledge,pytorch_pytorch,pull,155734,Knowledge,0,0
156,pytorch_pytorch,pull,155734,"torch.export.export() uses fake tensors during graph tracing, which don't have actual memory storage. The RNN module's flatten_parameters() method was calling p.data_ptr() for aliasing detection, causing ""Cannot access data pointer of Tensor"" errors on GPU.","The RNN module's use of p.data_ptr() in flatten_parameters() conflicts with torch.export()'s fake tensor tracing mechanism. These synthetic tensors used during export have no actual storage, causing GPU errors when aliasing checks attempt to access non-existent memory pointers.",Knowledge,pytorch_pytorch,pull,155734,Knowledge,0,0
157,pytorch_pytorch,pull,155734,"torch.export.export() uses fake tensors during graph tracing, which don't have actual memory storage. The RNN module's flatten_parameters() method was calling p.data_ptr() for aliasing detection, causing ""Cannot access data pointer of Tensor"" errors on GPU.","When using torch.export.export(), the generated fake tensors during graph tracing don't have real memory storage. The RNN module's flatten_parameters() method, which relies on p.data_ptr() for aliasing detection, causes 'Cannot access data pointer of Tensor' errors on GPU due to this missing memory allocation.",Knowledge,pytorch_pytorch,pull,155734,Knowledge,0,0
158,pytorch_pytorch,issue,155218,"I'm wondering if there is a difference in the cuDNN version here, what does torch.backends.cudnn.version() show in your setup?",Could you confirm the cuDNN version in your environment by running `torch.backends.cudnn.version()`? I'm curious if version discrepancies might explain the behavior we're seeing.,Known Unknown,pytorch_pytorch,issue,155218,Known,2,1
159,pytorch_pytorch,issue,155218,"I'm wondering if there is a difference in the cuDNN version here, what does torch.backends.cudnn.version() show in your setup?",I'm noticing different outcomes and suspect the cuDNN version could be a factor. What does `torch.backends.cudnn.version()` return in your setup? This might help identify compatibility issues.,Known Unknown,pytorch_pytorch,issue,155218,Known,2,1
160,pytorch_pytorch,issue,155218,"I'm wondering if there is a difference in the cuDNN version here, what does torch.backends.cudnn.version() show in your setup?",Is there a possibility that varying cuDNN versions are causing inconsistencies? Could you share the result of `torch.backends.cudnn.version()` from your system for comparison?,Known Unknown,pytorch_pytorch,issue,155218,Known,2,1
161,pytorch_pytorch,issue,155218,"I'm wondering if there is a difference in the cuDNN version here, what does torch.backends.cudnn.version() show in your setup?",I'm not sure if the differences we're observing stem from cuDNN versions. Could you check what `torch.backends.cudnn.version()` shows on your machine to help narrow this down?,Known Unknown,pytorch_pytorch,issue,155218,Known,2,1
162,pytorch_pytorch,issue,155218,"I'm wondering if there is a difference in the cuDNN version here, what does torch.backends.cudnn.version() show in your setup?","To rule out version-related issues, could you verify your cuDNN version using `torch.backends.cudnn.version()`? This might clarify whether incompatibilities are contributing to the problem.",Known Unknown,pytorch_pytorch,issue,155218,Known,2,1
163,pytorch_pytorch,issue,154721,"torch.export.export seems to produce invalid code for Tensor.split when used with meta device.

I am not sure if this is something that needs to be fixed, but here is the report anyway.","I'm noticing that using torch.export.export with Tensor.split on the meta device generates problematic outputs. When exporting a module that includes this operation, the resulting code fails to execute correctly. I'm not certain whether this is an actual bug in the export functionality or if I'm missing something in the implementation process.",Known Unknown,pytorch_pytorch,issue,154721,Irrelevant,2,1
164,pytorch_pytorch,issue,154721,"torch.export.export seems to produce invalid code for Tensor.split when used with meta device.

I am not sure if this is something that needs to be fixed, but here is the report anyway.",There appears to be an issue where torch.export.export produces invalid code when handling Tensor.split operations on the meta device. My test case shows that the exported model cannot be loaded properly after this operation. I'm unsure if this is an oversight in the export process or if I'm violating some constraint about meta device usage.,Known Unknown,pytorch_pytorch,issue,154721,Irrelevant,2,1
165,pytorch_pytorch,issue,154721,"torch.export.export seems to produce invalid code for Tensor.split when used with meta device.

I am not sure if this is something that needs to be fixed, but here is the report anyway.",I've encountered potential problems with PyTorch's export function when using Tensor.split on the meta device. The exported model raises errors during execution even though the original code works. I'm not sure whether this is expected behavior or if it's a limitation in how the meta device is handled during export.,Known Unknown,pytorch_pytorch,issue,154721,Irrelevant,2,1
166,pytorch_pytorch,issue,154721,"torch.export.export seems to produce invalid code for Tensor.split when used with meta device.

I am not sure if this is something that needs to be fixed, but here is the report anyway.","When exporting a module that includes Tensor.split operations on the meta device, torch.export.export seems to generate invalid code. The exported model fails at runtime with shape or device mismatch errors. I'm uncertain if this is a bug in the export system or if I'm using the meta device incorrectly in this context.",Known Unknown,pytorch_pytorch,issue,154721,Irrelevant,2,1
167,pytorch_pytorch,issue,154721,"torch.export.export seems to produce invalid code for Tensor.split when used with meta device.

I am not sure if this is something that needs to be fixed, but here is the report anyway.",I'm observing unexpected behavior where Tensor.split operations on the meta device result in invalid exported code. The same model works fine during normal execution but fails after export. I'm not sure whether this is a known limitation of the export functionality or if I need to adjust my implementation approach.,Known Unknown,pytorch_pytorch,issue,154721,Irrelevant,2,1
168,pytorch_pytorch,issue,154456,"I'm running torch.compile on a transformer-based model. When I run the compiled function, I don't get any recompiles for subsequent calls in the same script, for example:

m = torch.compile(self.transformer.forward, fullgraph=True, dynamic=True, mode=""max-autotune"", disable=False)
m(...)
m(...)

works fine, with no recompiles. But when I run the script again, the torch.compile warmup takes a reasonably long time (running twice each for batch sizes 1, 2, and 4) -- about 10 seconds per input batch size. I ran the script with TORCH_LOGS=+dynamo,+inductor,+recompiles,+aot, and it seems like most of the time is spent tracing the code and running shape solving, even though the model code is unchanged.

Files are written to the disk cache, and the disk cache does speed up compile times, but I'm not sure why it still takes so long to trace and run the shape solver when the model code is unchanged, are the traced graphs not cached?","I'm observing inconsistent behavior with torch.compile in my transformer model implementation. While repeated calls to the compiled function in the same script don't trigger recompilation, re-running the entire script after the first execution causes a 10-second warmup period. Even though the model code remains unchanged, the logs show significant time spent on tracing and shape solving. The disk cache files are generated, but I'm confused why the shape solver isn't reusing previous results. Is there a reason the compiled graph wouldn't persist across script executions?",Known Unknown,pytorch_pytorch,issue,154456,Unknown,2,1
169,pytorch_pytorch,issue,154456,"I'm running torch.compile on a transformer-based model. When I run the compiled function, I don't get any recompiles for subsequent calls in the same script, for example:

m = torch.compile(self.transformer.forward, fullgraph=True, dynamic=True, mode=""max-autotune"", disable=False)
m(...)
m(...)

works fine, with no recompiles. But when I run the script again, the torch.compile warmup takes a reasonably long time (running twice each for batch sizes 1, 2, and 4) -- about 10 seconds per input batch size. I ran the script with TORCH_LOGS=+dynamo,+inductor,+recompiles,+aot, and it seems like most of the time is spent tracing the code and running shape solving, even though the model code is unchanged.

Files are written to the disk cache, and the disk cache does speed up compile times, but I'm not sure why it still takes so long to trace and run the shape solver when the model code is unchanged, are the traced graphs not cached?","When using torch.compile with my transformer model, the first run in a script works without recompilation, but subsequent script runs take ~10 seconds to warm up. The TORCH_LOGS output shows repeated tracing/shape solving even though the model architecture hasn't changed. While disk caching is enabled (files are written), the shape solving phase still takes time. I'm not sure why the compiled graphs aren't being reused between script executions - could this be a limitation of the current caching mechanism?",Known Unknown,pytorch_pytorch,issue,154456,Unknown,2,1
170,pytorch_pytorch,issue,154456,"I'm running torch.compile on a transformer-based model. When I run the compiled function, I don't get any recompiles for subsequent calls in the same script, for example:

m = torch.compile(self.transformer.forward, fullgraph=True, dynamic=True, mode=""max-autotune"", disable=False)
m(...)
m(...)

works fine, with no recompiles. But when I run the script again, the torch.compile warmup takes a reasonably long time (running twice each for batch sizes 1, 2, and 4) -- about 10 seconds per input batch size. I ran the script with TORCH_LOGS=+dynamo,+inductor,+recompiles,+aot, and it seems like most of the time is spent tracing the code and running shape solving, even though the model code is unchanged.

Files are written to the disk cache, and the disk cache does speed up compile times, but I'm not sure why it still takes so long to trace and run the shape solver when the model code is unchanged, are the traced graphs not cached?","I'm seeing unexpected performance characteristics with torch.compile in my transformer model. Within a single script execution, the compiled function works as expected without recompilation. However, when restarting the script, the warmup phase takes 10+ seconds per batch size (1, 2, 4). The logs indicate that tracing and shape solving are being repeated despite the model code being identical. Even though disk caching is active, the shape solver isn't appearing to reuse previous results. Is there a known reason for this behavior?",Known Unknown,pytorch_pytorch,issue,154456,Unknown,2,1
171,pytorch_pytorch,issue,154456,"I'm running torch.compile on a transformer-based model. When I run the compiled function, I don't get any recompiles for subsequent calls in the same script, for example:

m = torch.compile(self.transformer.forward, fullgraph=True, dynamic=True, mode=""max-autotune"", disable=False)
m(...)
m(...)

works fine, with no recompiles. But when I run the script again, the torch.compile warmup takes a reasonably long time (running twice each for batch sizes 1, 2, and 4) -- about 10 seconds per input batch size. I ran the script with TORCH_LOGS=+dynamo,+inductor,+recompiles,+aot, and it seems like most of the time is spent tracing the code and running shape solving, even though the model code is unchanged.

Files are written to the disk cache, and the disk cache does speed up compile times, but I'm not sure why it still takes so long to trace and run the shape solver when the model code is unchanged, are the traced graphs not cached?","My torch.compile experiments with a transformer model show strange caching behavior. Subsequent calls in the same script execution work quickly, but restarting the script causes a 10-second warmup period where tracing/shape solving happens again. The model code hasn't changed between runs, yet the compiler isn't reusing previous results. While disk caching is enabled (files are written), the shape solving phase still takes time. I'm trying to understand why the compiled graphs aren't being reused across different script invocations.",Known Unknown,pytorch_pytorch,issue,154456,Unknown,2,1
172,pytorch_pytorch,issue,154456,"I'm running torch.compile on a transformer-based model. When I run the compiled function, I don't get any recompiles for subsequent calls in the same script, for example:

m = torch.compile(self.transformer.forward, fullgraph=True, dynamic=True, mode=""max-autotune"", disable=False)
m(...)
m(...)

works fine, with no recompiles. But when I run the script again, the torch.compile warmup takes a reasonably long time (running twice each for batch sizes 1, 2, and 4) -- about 10 seconds per input batch size. I ran the script with TORCH_LOGS=+dynamo,+inductor,+recompiles,+aot, and it seems like most of the time is spent tracing the code and running shape solving, even though the model code is unchanged.

Files are written to the disk cache, and the disk cache does speed up compile times, but I'm not sure why it still takes so long to trace and run the shape solver when the model code is unchanged, are the traced graphs not cached?","When working with torch.compile on my transformer model, I notice that the first run in a script works without recompilation, but restarting the script causes a 10-second warmup period. The TORCH_LOGS show that the compiler is tracing and running shape solving again, even though the model code hasn't changed. Disk caching is active (files are written), but the shape solver isn't reusing previous results. I'm not sure why the compiled graphs aren't being reused between different script executions - could this be a caching mechanism limitation?",Known Unknown,pytorch_pytorch,issue,154456,Unknown,2,1
173,pytorch_pytorch,issue,154456,"I'm running torch.compile on a transformer-based model. When I run the compiled function, I don't get any recompiles for subsequent calls in the same script, for example:

m = torch.compile(self.transformer.forward, fullgraph=True, dynamic=True, mode=""max-autotune"", disable=False)
m(...)
m(...)

works fine, with no recompiles. But when I run the script again, the torch.compile warmup takes a reasonably long time (running twice each for batch sizes 1, 2, and 4) -- about 10 seconds per input batch size. I ran the script with TORCH_LOGS=+dynamo,+inductor,+recompiles,+aot, and it seems like most of the time is spent tracing the code and running shape solving, even though the model code is unchanged.

Files are written to the disk cache, and the disk cache does speed up compile times, but I'm not sure why it still takes so long to trace and run the shape solver when the model code is unchanged, are the traced graphs not cached?","I'm troubleshooting performance issues with torch.compile in my transformer model implementation. While repeated calls in the same script execution work without recompilation, restarting the script causes a 10-second warmup period. The logs show that tracing and shape solving are being performed again, even though the model code is identical. Disk caching is enabled (files are written), but the shape solving phase still takes time. I'm trying to understand why the compiler isn't reusing previous results across different script invocations.",Known Unknown,pytorch_pytorch,issue,154456,Unknown,2,1
174,pytorch_pytorch,issue,154456,"I'm running torch.compile on a transformer-based model. When I run the compiled function, I don't get any recompiles for subsequent calls in the same script, for example:

m = torch.compile(self.transformer.forward, fullgraph=True, dynamic=True, mode=""max-autotune"", disable=False)
m(...)
m(...)

works fine, with no recompiles. But when I run the script again, the torch.compile warmup takes a reasonably long time (running twice each for batch sizes 1, 2, and 4) -- about 10 seconds per input batch size. I ran the script with TORCH_LOGS=+dynamo,+inductor,+recompiles,+aot, and it seems like most of the time is spent tracing the code and running shape solving, even though the model code is unchanged.

Files are written to the disk cache, and the disk cache does speed up compile times, but I'm not sure why it still takes so long to trace and run the shape solver when the model code is unchanged, are the traced graphs not cached?","My experiments with torch.compile on a transformer model show inconsistent performance. Within a single script execution, the compiled function works without recompilation, but restarting the script causes a 10-second warmup period where tracing/shape solving happens again. The model code hasn't changed between runs, yet the compiler isn't reusing previous results. While disk caching is active (files are written), the shape solving phase still takes time. I'm trying to determine why the compiled graphs aren't being reused across different script executions.",Known Unknown,pytorch_pytorch,issue,154456,Unknown,2,1
175,pytorch_pytorch,issue,154456,"I was expecting the cache to write to TORCHINDUCTOR_CACHE_DIR automatically (or i guess in my case it was writing to /tmp/torchinductor_user) , is that not the case?","I was under the impression that TorchInductor would automatically write compiled artifacts to TORCHINDUCTOR_CACHE_DIR, but in my environment it's storing them in /tmp/torchinductor_user instead. Is this expected behavior or could there be a misconfiguration in my setup?",Unknown unknown,pytorch_pytorch,issue,154456,Unknown,1,1
176,pytorch_pytorch,issue,154456,"I was expecting the cache to write to TORCHINDUCTOR_CACHE_DIR automatically (or i guess in my case it was writing to /tmp/torchinductor_user) , is that not the case?","I'm confused about how TorchInductor handles cache directories. I expected the system to use TORCHINDUCTOR_CACHE_DIR by default, but it appears to be writing to /tmp/torchinductor_user. Could someone clarify if this is intentional or if I'm missing an environment configuration?",Unknown unknown,pytorch_pytorch,issue,154456,Unknown,1,1
177,pytorch_pytorch,issue,154456,"I was expecting the cache to write to TORCHINDUCTOR_CACHE_DIR automatically (or i guess in my case it was writing to /tmp/torchinductor_user) , is that not the case?","I thought the cache would automatically be stored in the TORCHINDUCTOR_CACHE_DIR environment variable, but I'm seeing files written to /tmp/torchinductor_user instead. Is there a reason this isn't using the configured cache directory, or is this a bug in the implementation?",Unknown unknown,pytorch_pytorch,issue,154456,Unknown,1,1
178,pytorch_pytorch,issue,154456,"I was expecting the cache to write to TORCHINDUCTOR_CACHE_DIR automatically (or i guess in my case it was writing to /tmp/torchinductor_user) , is that not the case?","I'm observing inconsistent cache behavior in TorchInductor. While I expected the system to use the specified TORCHINDUCTOR_CACHE_DIR, it's writing to /tmp/torchinductor_user. Is this a known limitation, or should the cache directory be explicitly set through some other configuration method?",Unknown unknown,pytorch_pytorch,issue,154456,Unknown,1,1
179,pytorch_pytorch,issue,154456,"I was expecting the cache to write to TORCHINDUCTOR_CACHE_DIR automatically (or i guess in my case it was writing to /tmp/torchinductor_user) , is that not the case?","I'm trying to understand why TorchInductor isn't writing to the expected cache directory. I assumed TORCHINDUCTOR_CACHE_DIR would be the default location, but files are appearing in /tmp/torchinductor_user. Could this be related to system-specific path resolution or an oversight in the configuration process?",Unknown unknown,pytorch_pytorch,issue,154456,Unknown,1,1
180,pytorch_pytorch,issue,154556,"The tracing component (Dynamo) is not fully cached today, but we are working on this.","The Dynamo tracing component currently lacks complete caching implementation, which means some operations may not be optimized as intended. This limitation affects performance in specific scenarios, but we're actively developing improvements to address it. Our team is prioritizing this feature to ensure full caching is available in future releases.",Knowledge,pytorch_pytorch,issue,154556,Knowledge,0,0
181,pytorch_pytorch,issue,154556,"The tracing component (Dynamo) is not fully cached today, but we are working on this.","Right now, the tracing system in Dynamo isn't fully utilizing caching mechanisms. This can lead to suboptimal execution efficiency for certain operations. However, the development team is actively working on enhancing the caching strategy to resolve this issue in upcoming updates.",Knowledge,pytorch_pytorch,issue,154556,Knowledge,0,0
182,pytorch_pytorch,issue,154556,"The tracing component (Dynamo) is not fully cached today, but we are working on this.","The current version of Dynamo's tracing component doesn't support full caching capabilities. As a result, some performance optimizations are missing in specific use cases. We're actively implementing changes to enable complete caching functionality and improve overall system efficiency.",Knowledge,pytorch_pytorch,issue,154556,Knowledge,0,0
183,pytorch_pytorch,issue,154556,"The tracing component (Dynamo) is not fully cached today, but we are working on this.","While the the Dynamo tracing system is functional, it's not yet fully optimized with caching features. This means there may be performance gaps in certain workflows. The development team is focused on resolving this limitation through ongoing improvements to the caching infrastructure.",Knowledge,pytorch_pytorch,issue,154556,Knowledge,0,0
184,pytorch_pytorch,issue,154556,"The tracing component (Dynamo) is not fully cached today, but we are working on this.","The tracing component (Dynamo) currently doesn't have complete caching implemented, which may impact performance for specific operations. This is an active area of development, and we're working to implement full caching capabilities to ensure optimal execution efficiency in all scenarios.",Knowledge,pytorch_pytorch,issue,154556,Knowledge,0,0
185,pytorch_pytorch,issue,132332,Under certain circumstances nn.Linear will have memory leaks on MPS. The exact failure mode and condition that leads to leakage is unclear at this moment. Need to investigate if the memory leak is in PyTorch or MPS,I'm observing potential memory leaks in PyTorch's nn.Linear layer when running on MPS devices. The specific conditions that trigger this behavior aren't well-defined yet. I'm unsure whether the issue lies in PyTorch's MPS implementation or if this is a limitation of the MPS backend itself. Need to determine if this is a known issue or requires further investigation.,Known Unknown,pytorch_pytorch,issue,132332,Known,2,1
186,pytorch_pytorch,issue,132332,Under certain circumstances nn.Linear will have memory leaks on MPS. The exact failure mode and condition that leads to leakage is unclear at this moment. Need to investigate if the memory leak is in PyTorch or MPS,"There appears to be an unreleased memory issue with nn.Linear on Apple's MPS backend, but the exact failure conditions remain undefined. I've noticed increasing memory usage during training loops, but I can't confirm if this is a bug in PyTorch or expected behavior for MPS. Could someone help clarify whether this is a PyTorch-specific issue or an MPS limitation?",Known Unknown,pytorch_pytorch,issue,132332,Known,2,1
187,pytorch_pytorch,issue,132332,Under certain circumstances nn.Linear will have memory leaks on MPS. The exact failure mode and condition that leads to leakage is unclear at this moment. Need to investigate if the memory leak is in PyTorch or MPS,"I've encountered unexplained memory consumption when using nn.Linear with MPS devices. The pattern suggests possible memory leaks, but I don't understand the root cause - is this a flaw in PyTorch's MPS integration, or a fundamental constraint of the MPS architecture? This requires further analysis to isolate the source of the issue.",Known Unknown,pytorch_pytorch,issue,132332,Known,2,1
188,pytorch_pytorch,issue,132332,Under certain circumstances nn.Linear will have memory leaks on MPS. The exact failure mode and condition that leads to leakage is unclear at this moment. Need to investigate if the memory leak is in PyTorch or MPS,"When running nn.Linear operations on MPS, I'm seeing unusual memory allocation patterns that might indicate leaks. The specific scenarios causing this behavior are unclear to me. I need to investigate whether this is a problem with PyTorch's implementation or an inherent characteristic of the MPS backend's memory management.",Known Unknown,pytorch_pytorch,issue,132332,Known,2,1
189,pytorch_pytorch,issue,132332,Under certain circumstances nn.Linear will have memory leaks on MPS. The exact failure mode and condition that leads to leakage is unclear at this moment. Need to investigate if the memory leak is in PyTorch or MPS,"I'm debugging a potential memory leak in PyTorch's linear layer when using MPS devices. While the exact trigger conditions aren't clear, the memory usage grows unexpectedly during model execution. I'm uncertain whether this is a bug in PyTorch's MPS handling or if this is expected behavior for Apple's GPU architecture.",Known Unknown,pytorch_pytorch,issue,132332,Known,2,1
190,pytorch_pytorch,issue,132332,Under certain circumstances nn.Linear will have memory leaks on MPS. The exact failure mode and condition that leads to leakage is unclear at this moment. Need to investigate if the memory leak is in PyTorch or MPS,"There seems to be memory not being properly released after nn.Linear operations on MPS devices. I haven't been able to isolate the specific conditions that cause this yet. Could this be a PyTorch issue with MPS integration, or is this a limitation of the MPS backend itself that requires further investigation?",Known Unknown,pytorch_pytorch,issue,132332,Known,2,1
191,pytorch_pytorch,issue,132332,Under certain circumstances nn.Linear will have memory leaks on MPS. The exact failure mode and condition that leads to leakage is unclear at this moment. Need to investigate if the memory leak is in PyTorch or MPS,"I've noticed increasing memory usage when using nn.Linear on MPS, which might indicate memory leaks. The exact circumstances leading to this behavior are still unclear. I need to determine whether this is a problem in PyTorch's implementation or if this is expected when using Apple's MPS backend for deep learning operations.",Known Unknown,pytorch_pytorch,issue,132332,Known,2,1
192,pytorch_pytorch,issue,132332,"Ok @hvaara thanks for your patience! Here's the results from my deep dive to the traces of metal resources getting generated during the execution of the code snippet and my current understanding on what's going on:

    The memory grows by the size of the output object of linear layer for each iteration run so by 4 * N * C * H * W bytes, making sense since this is the output object we allocate on L50 in the linear op 1
    When the executeMPSGraph is called using COMMIT_ADAPTIVE as the SyncMode, the operation is encoded to the active command buffer in MPSStream but unless the memory pressure is too high, the command buffer is not committed but instead we keep on encoding operations to the same command buffer 2
    Since each iteration with the nn.Linear needs to maintain its own output tensor until the computation is completed and the python object goes out of scope to be garbage collected, we see the memory increase while the command buffer keeps accumulating more encoded operations. In case we change to COMMIT_AND_WAIT as our SyncMode the command buffers get committed after each encode and the memory buffers required for the outputs are also released once the computation returns. This probably lets the garbage collector sees that the object is no longer needed since we don't assign the outputs of the computation to anything in the python script.
    To validate this I tried to adjust the original script slightly to allow for the adaptive commit to run its course and the computations to return so that the underlying objects can be released and we can see the memory get freed up. It seems like on my local setup it takes about 5-6s of waiting for the objects to get cleaned up. In actual code I assume this would happen more often since there can be other operations calling the command buffer to get synchronized in between in order to perform updates based on the results.

So in summary to me it seems like the memory is managed as intended in this case. In its current form the COMMIT_ADAPTIVE is a bit opaque to the user since it might make the memory seem like its behaving erratically as the commit is automated to only happen once the local device hits the low memory watermark, which depends on the device you are running on. Additionally there's the interplay of when will the underlying python objects get garbage collected that should finally release the memory buffers assigned to them. Let me know if this sounds reasonable or if you think there's still something we missed here. Or if this is causing a concrete issue on your side that would warrant us to do some changes on how the adaptive commit works at the moment.","After analyzing the Metal resource traces during execution, here's what I found: Each iteration allocates memory for the linear layer's output (4*N*C*H*W bytes), which accumulates in the command buffer when using COMMIT_ADAPTIVE mode. The memory pressure only triggers buffer commitment when the device's low memory threshold is reached, while COMMIT_AND_WAIT forces immediate buffer release after each operation. This explains why adaptive mode shows gradual memory growth until garbage collection can reclaim unused tensors. Would you agree with this interpretation of the memory management behavior?",Knowledge,pytorch_pytorch,issue,132332,Knowledge,0,0
193,pytorch_pytorch,issue,132332,"Ok @hvaara thanks for your patience! Here's the results from my deep dive to the traces of metal resources getting generated during the execution of the code snippet and my current understanding on what's going on:

    The memory grows by the size of the output object of linear layer for each iteration run so by 4 * N * C * H * W bytes, making sense since this is the output object we allocate on L50 in the linear op 1
    When the executeMPSGraph is called using COMMIT_ADAPTIVE as the SyncMode, the operation is encoded to the active command buffer in MPSStream but unless the memory pressure is too high, the command buffer is not committed but instead we keep on encoding operations to the same command buffer 2
    Since each iteration with the nn.Linear needs to maintain its own output tensor until the computation is completed and the python object goes out of scope to be garbage collected, we see the memory increase while the command buffer keeps accumulating more encoded operations. In case we change to COMMIT_AND_WAIT as our SyncMode the command buffers get committed after each encode and the memory buffers required for the outputs are also released once the computation returns. This probably lets the garbage collector sees that the object is no longer needed since we don't assign the outputs of the computation to anything in the python script.
    To validate this I tried to adjust the original script slightly to allow for the adaptive commit to run its course and the computations to return so that the underlying objects can be released and we can see the memory get freed up. It seems like on my local setup it takes about 5-6s of waiting for the objects to get cleaned up. In actual code I assume this would happen more often since there can be other operations calling the command buffer to get synchronized in between in order to perform updates based on the results.

So in summary to me it seems like the memory is managed as intended in this case. In its current form the COMMIT_ADAPTIVE is a bit opaque to the user since it might make the memory seem like its behaving erratically as the commit is automated to only happen once the local device hits the low memory watermark, which depends on the device you are running on. Additionally there's the interplay of when will the underlying python objects get garbage collected that should finally release the memory buffers assigned to them. Let me know if this sounds reasonable or if you think there's still something we missed here. Or if this is causing a concrete issue on your side that would warrant us to do some changes on how the adaptive commit works at the moment.","Here's my breakdown of the memory pattern we're observing: With COMMIT_ADAPTIVE, PyTorch for Metal keeps encoding operations into the same command buffer until memory pressure forces a commit. This creates a delay in releasing the linear layer's output tensors (which remain in memory until their Python references are garbage collected). Switching to COMMIT_AND_WAIT resolves the issue by explicitly synchronizing buffer commits and allowing earlier memory release. This suggests the adaptive mode's memory behavior is device-dependent and less predictable for users. Does this align with your observations?",Knowledge,pytorch_pytorch,issue,132332,Knowledge,0,0
194,pytorch_pytorch,issue,132332,"Ok @hvaara thanks for your patience! Here's the results from my deep dive to the traces of metal resources getting generated during the execution of the code snippet and my current understanding on what's going on:

    The memory grows by the size of the output object of linear layer for each iteration run so by 4 * N * C * H * W bytes, making sense since this is the output object we allocate on L50 in the linear op 1
    When the executeMPSGraph is called using COMMIT_ADAPTIVE as the SyncMode, the operation is encoded to the active command buffer in MPSStream but unless the memory pressure is too high, the command buffer is not committed but instead we keep on encoding operations to the same command buffer 2
    Since each iteration with the nn.Linear needs to maintain its own output tensor until the computation is completed and the python object goes out of scope to be garbage collected, we see the memory increase while the command buffer keeps accumulating more encoded operations. In case we change to COMMIT_AND_WAIT as our SyncMode the command buffers get committed after each encode and the memory buffers required for the outputs are also released once the computation returns. This probably lets the garbage collector sees that the object is no longer needed since we don't assign the outputs of the computation to anything in the python script.
    To validate this I tried to adjust the original script slightly to allow for the adaptive commit to run its course and the computations to return so that the underlying objects can be released and we can see the memory get freed up. It seems like on my local setup it takes about 5-6s of waiting for the objects to get cleaned up. In actual code I assume this would happen more often since there can be other operations calling the command buffer to get synchronized in between in order to perform updates based on the results.

So in summary to me it seems like the memory is managed as intended in this case. In its current form the COMMIT_ADAPTIVE is a bit opaque to the user since it might make the memory seem like its behaving erratically as the commit is automated to only happen once the local device hits the low memory watermark, which depends on the device you are running on. Additionally there's the interplay of when will the underlying python objects get garbage collected that should finally release the memory buffers assigned to them. Let me know if this sounds reasonable or if you think there's still something we missed here. Or if this is causing a concrete issue on your side that would warrant us to do some changes on how the adaptive commit works at the moment.","The memory growth pattern makes sense when considering how PyTorch for Metal handles different SyncModes. In adaptive mode, the command buffer accumulates operations until memory pressure forces a commit, while the output tensors persist until garbage collection occurs. This creates a delay that depends on both the device's memory thresholds and Python's GC timing. The explicit COMMIT_AND_WAIT approach avoids this by synchronizing buffer commits immediately, which aligns with the memory release timing we see. I'd appreciate your thoughts on whether this explanation addresses the behavior we're seeing.",Knowledge,pytorch_pytorch,issue,132332,Knowledge,0,0
195,pytorch_pytorch,issue,132332,"Ok @hvaara thanks for your patience! Here's the results from my deep dive to the traces of metal resources getting generated during the execution of the code snippet and my current understanding on what's going on:

    The memory grows by the size of the output object of linear layer for each iteration run so by 4 * N * C * H * W bytes, making sense since this is the output object we allocate on L50 in the linear op 1
    When the executeMPSGraph is called using COMMIT_ADAPTIVE as the SyncMode, the operation is encoded to the active command buffer in MPSStream but unless the memory pressure is too high, the command buffer is not committed but instead we keep on encoding operations to the same command buffer 2
    Since each iteration with the nn.Linear needs to maintain its own output tensor until the computation is completed and the python object goes out of scope to be garbage collected, we see the memory increase while the command buffer keeps accumulating more encoded operations. In case we change to COMMIT_AND_WAIT as our SyncMode the command buffers get committed after each encode and the memory buffers required for the outputs are also released once the computation returns. This probably lets the garbage collector sees that the object is no longer needed since we don't assign the outputs of the computation to anything in the python script.
    To validate this I tried to adjust the original script slightly to allow for the adaptive commit to run its course and the computations to return so that the underlying objects can be released and we can see the memory get freed up. It seems like on my local setup it takes about 5-6s of waiting for the objects to get cleaned up. In actual code I assume this would happen more often since there can be other operations calling the command buffer to get synchronized in between in order to perform updates based on the results.

So in summary to me it seems like the memory is managed as intended in this case. In its current form the COMMIT_ADAPTIVE is a bit opaque to the user since it might make the memory seem like its behaving erratically as the commit is automated to only happen once the local device hits the low memory watermark, which depends on the device you are running on. Additionally there's the interplay of when will the underlying python objects get garbage collected that should finally release the memory buffers assigned to them. Let me know if this sounds reasonable or if you think there's still something we missed here. Or if this is causing a concrete issue on your side that would warrant us to do some changes on how the adaptive commit works at the moment.","My analysis shows that the memory increase is a result of the interaction between tensor lifetime management and SyncMode behavior. When using COMMIT_ADAPTIVE, the command buffer accumulates operations until the device's low memory threshold is triggered, while the linear layer outputs remain in memory until garbage collection. This explains the 4*N*C*H*W bytes per iteration growth pattern. The memory appears to be managed as intended, but the adaptive mode's automated commit behavior makes it less transparent for users. Should we consider adding clearer documentation about this behavior for developers working with PyTorch for Metal?",Knowledge,pytorch_pytorch,issue,132332,Knowledge,0,0
196,pytorch_pytorch,issue,132332,"Ok @hvaara thanks for your patience! Here's the results from my deep dive to the traces of metal resources getting generated during the execution of the code snippet and my current understanding on what's going on:

    The memory grows by the size of the output object of linear layer for each iteration run so by 4 * N * C * H * W bytes, making sense since this is the output object we allocate on L50 in the linear op 1
    When the executeMPSGraph is called using COMMIT_ADAPTIVE as the SyncMode, the operation is encoded to the active command buffer in MPSStream but unless the memory pressure is too high, the command buffer is not committed but instead we keep on encoding operations to the same command buffer 2
    Since each iteration with the nn.Linear needs to maintain its own output tensor until the computation is completed and the python object goes out of scope to be garbage collected, we see the memory increase while the command buffer keeps accumulating more encoded operations. In case we change to COMMIT_AND_WAIT as our SyncMode the command buffers get committed after each encode and the memory buffers required for the outputs are also released once the computation returns. This probably lets the garbage collector sees that the object is no longer needed since we don't assign the outputs of the computation to anything in the python script.
    To validate this I tried to adjust the original script slightly to allow for the adaptive commit to run its course and the computations to return so that the underlying objects can be released and we can see the memory get freed up. It seems like on my local setup it takes about 5-6s of waiting for the objects to get cleaned up. In actual code I assume this would happen more often since there can be other operations calling the command buffer to get synchronized in between in order to perform updates based on the results.

So in summary to me it seems like the memory is managed as intended in this case. In its current form the COMMIT_ADAPTIVE is a bit opaque to the user since it might make the memory seem like its behaving erratically as the commit is automated to only happen once the local device hits the low memory watermark, which depends on the device you are running on. Additionally there's the interplay of when will the underlying python objects get garbage collected that should finally release the memory buffers assigned to them. Let me know if this sounds reasonable or if you think there's still something we missed here. Or if this is causing a concrete issue on your side that would warrant us to do some changes on how the adaptive commit works at the moment.","The memory allocation behavior we're seeing stems from how PyTorch for Metal manages command buffers in different SyncModes. With adaptive mode, operations accumulate in the buffer until memory pressure forces a commit, while the linear layer outputs stay in memory until garbage collection. This creates an apparent memory leak that resolves when using COMMIT_AND_WAIT. The timing of memory release depends on both the device's memory thresholds and Python's GC, which explains the 5-6 second delay in our test. Would you consider this a valid explanation of the observed behavior?",Knowledge,pytorch_pytorch,issue,132332,Knowledge,0,0
197,tensorflow_tensorflow,issue,83379,"You're absolutely right to point out that the CUDA plugin registration error #62075 has been a persistent issue for many users in the TensorFlow community, especially with newer CUDA versions like 12.x. This error typically arises due to the combination of incompatible library versions, improper installation, or misconfigurations between TensorFlow, CUDA, and cuDNN.","The CUDA plugin registration error #62075 in TensorFlow remains a widespread problem for users adopting CUDA 12.x. This issue often stems from version mismatches between TensorFlow, CUDA, and cuDNN libraries, or from incomplete installations. The error manifests when these components aren't properly aligned in their dependencies, especially with newer CUDA versions.",Knowledge,tensorflow_tensorflow,issue,83379,Knowledge,0,0
198,tensorflow_tensorflow,issue,83379,"You're absolutely right to point out that the CUDA plugin registration error #62075 has been a persistent issue for many users in the TensorFlow community, especially with newer CUDA versions like 12.x. This error typically arises due to the combination of incompatible library versions, improper installation, or misconfigurations between TensorFlow, CUDA, and cuDNN.","Many TensorFlow developers have reported encountering error #62075 when using CUDA 12.x toolchains. The root cause typically involves incompatible combinations of TensorFlow, CUDA, and cuDNN versions, or configuration errors during the setup process. This highlights the sensitivity of GPU-accelerated workflows to precise library version compatibility.",Knowledge,tensorflow_tensorflow,issue,83379,Knowledge,0,0
199,tensorflow_tensorflow,issue,83379,"You're absolutely right to point out that the CUDA plugin registration error #62075 has been a persistent issue for many users in the TensorFlow community, especially with newer CUDA versions like 12.x. This error typically arises due to the combination of incompatible library versions, improper installation, or misconfigurations between TensorFlow, CUDA, and cuDNN.",Error #62075 in TensorFlow's CUDA plugin has been a recurring challenge for users upgrading to CUDA 12.x. The problem frequently arises from improper installation procedures or misconfigured paths between the framework and GPU libraries. This underscores the importance of cross-verifying version compatibility across all components.,Knowledge,tensorflow_tensorflow,issue,83379,Knowledge,0,0
200,tensorflow_tensorflow,issue,83379,"You're absolutely right to point out that the CUDA plugin registration error #62075 has been a persistent issue for many users in the TensorFlow community, especially with newer CUDA versions like 12.x. This error typically arises due to the combination of incompatible library versions, improper installation, or misconfigurations between TensorFlow, CUDA, and cuDNN.","The persistent CUDA registration error (#62075) in TensorFlow communities using CUDA 12.x is commonly attributed to three factors: incompatible library versions, incomplete dependency installations, or misconfigured environment variables. This error pattern emphasizes the fragile compatibility chain between deep learning frameworks and GPU toolchains.",Knowledge,tensorflow_tensorflow,issue,83379,Knowledge,0,0
201,tensorflow_tensorflow,issue,83379,"You're absolutely right to point out that the CUDA plugin registration error #62075 has been a persistent issue for many users in the TensorFlow community, especially with newer CUDA versions like 12.x. This error typically arises due to the combination of incompatible library versions, improper installation, or misconfigurations between TensorFlow, CUDA, and cuDNN.","Users frequently encounter error #62075 when integrating newer CUDA 12.x versions with TensorFlow. This issue typically results from version conflicts between TensorFlow, CUDA, and cuDNN, or from improper installation practices. The error highlights the need for strict version alignment in GPU-accelerated machine learning workflows.",Knowledge,tensorflow_tensorflow,issue,83379,Knowledge,0,0
202,tensorflow_tensorflow,issue,84102,"I think TensorFlow on Windows is only supported on Intel, not ARM.",I've read that TensorFlow's Windows support is currently limited to Intel processors. I'm trying to run it on an ARM-based Windows machine but keep encountering compatibility issues. I'm not sure if this is due to TensorFlow's lack of ARM support on Windows or if there's a configuration step I'm missing. Could someone confirm if TensorFlow is indeed only compatible with Intel on Windows?,Known Unknown,tensorflow_tensorflow,issue,84102,Irrelevant,2,1
203,tensorflow_tensorflow,issue,84102,"I think TensorFlow on Windows is only supported on Intel, not ARM.","I believe that TensorFlow for Windows is only supported on Intel hardware, but I'm not entirely certain. When I try to install it on my ARM-based Windows system, the setup fails. I'm wondering if this is a known limitation or if there's an alternative way to get TensorFlow running on ARM Windows. Has anyone successfully used TensorFlow on ARM Windows?",Known Unknown,tensorflow_tensorflow,issue,84102,Irrelevant,2,1
204,tensorflow_tensorflow,issue,84102,"I think TensorFlow on Windows is only supported on Intel, not ARM.","I've noticed that most TensorFlow documentation mentions Intel as the supported architecture for Windows. I'm curious if this means ARM Windows systems are intentionally excluded. I attempted a standard installation on my ARM machine and it didn't work. Is there a specific reason ARM isn't supported, or could it be a bug in the Windows build process?",Known Unknown,tensorflow_tensorflow,issue,84102,Irrelevant,2,1
205,tensorflow_tensorflow,issue,84102,"I think TensorFlow on Windows is only supported on Intel, not ARM.","I'm confused about TensorFlow's hardware requirements for Windows. I understand ARM is gaining popularity, but I can't find any confirmation about ARM support. My tests on an ARM Windows machine show TensorFlow fails to initialize. Could this be a documentation gap, or is ARM truly unsupported on Windows?",Known Unknown,tensorflow_tensorflow,issue,84102,Irrelevant,2,1
206,tensorflow_tensorflow,issue,84102,"I think TensorFlow on Windows is only supported on Intel, not ARM.",I've been trying to run TensorFlow on a Windows ARM device but keep getting errors. The official documentation only mentions Intel support for Windows. I'm not sure if this means ARM is never going to be supported or if there's a specific technical limitation preventing it. Are there any workarounds for using TensorFlow on ARM Windows?,Known Unknown,tensorflow_tensorflow,issue,84102,Irrelevant,2,1
207,tensorflow_tensorflow,issue,84102,"I think TensorFlow on Windows is only supported on Intel, not ARM.","I think the TensorFlow Windows binaries are only built for Intel architectures. When I try to use them on an ARM device, the installation doesn't work. I'm not certain if this is by design or an oversight. Has anyone else tried this and found a solution for ARM Windows compatibility?",Known Unknown,tensorflow_tensorflow,issue,84102,Irrelevant,2,1
208,tensorflow_tensorflow,issue,84102,"I think TensorFlow on Windows is only supported on Intel, not ARM.","I'm trying to clarify if TensorFlow's Windows support is strictly for Intel processors. I've seen ARM devices running Windows, but TensorFlow doesn't seem to work there. I'm wondering if this is a known limitation or if there's a different version I should be using. Could someone explain why ARM isn't supported on Windows?",Known Unknown,tensorflow_tensorflow,issue,84102,Irrelevant,2,1
209,tensorflow_tensorflow,issue,84102,"I think TensorFlow on Windows is only supported on Intel, not ARM.","I've encountered issues running TensorFlow on my ARM-based Windows laptop. The documentation doesn't mention ARM support for Windows, only Intel. I'm trying to understand if this is a hardware limitation or a software one. Is there any official confirmation about TensorFlow's ARM support status for Windows?",Known Unknown,tensorflow_tensorflow,issue,84102,Irrelevant,2,1
210,tensorflow_tensorflow,issue,84102,"I think TensorFlow on Windows is only supported on Intel, not ARM.",I'm under the impression that TensorFlow on Windows is only compatible with Intel processors. My attempts to use it on an ARM Windows machine have failed consistently. I'm not sure if this is a bug in my setup or if ARM is fundamentally unsupported. Could someone confirm the exact hardware requirements for TensorFlow on Windows?,Known Unknown,tensorflow_tensorflow,issue,84102,Irrelevant,2,1
211,tensorflow_tensorflow,issue,84102,"I think TensorFlow on Windows is only supported on Intel, not ARM.",I'm trying to run TensorFlow on a Windows ARM system but can't get it working. The documentation only mentions Intel support for Windows. I'm wondering if this is an intentional design choice or if there's a technical reason preventing ARM compatibility. Are there any plans to support ARM on Windows in future releases?,Known Unknown,tensorflow_tensorflow,issue,84102,Irrelevant,2,1
212,tensorflow_tensorflow,issue,84102,"Confirmed that Windows support only exists for Intel CPUs. On https://pypi.org/project/tensorflow/#files there is no Windows + ARM wheel.

On https://pypi.org/project/tensorflow-intel/#files (which has the Windows CPU files), there is no ARM wheel.","I've verified that TensorFlow's official Windows distributions are only available for Intel CPUs. When I checked the PyPI page for tensorflow (https://pypi.org/project/tensorflow/#files), there were no ARM64 wheel files listed for Windows. The same limitation exists in the tensorflow-intel package, which also lacks ARM support for Windows. This means Windows users with ARM-based processors must either build TensorFlow from source or use alternative installation methods.",Knowledge,tensorflow_tensorflow,issue,84102,Knowledge,0,0
213,tensorflow_tensorflow,issue,84102,"Confirmed that Windows support only exists for Intel CPUs. On https://pypi.org/project/tensorflow/#files there is no Windows + ARM wheel.

On https://pypi.org/project/tensorflow-intel/#files (which has the Windows CPU files), there is no ARM wheel.","After reviewing the PyPI package listings, I can confirm that TensorFlow does not provide Windows-compatible wheels for ARM processors. Both the the main tensorflow package and the the tensorflow-intel variant (https://pypi.org/project/tensorflow-intel/#files) exclusively list Intel CPU wheels for Windows. This absence of ARM support on Windows requires users to either build the library manually or switch to different hardware architectures.",Knowledge,tensorflow_tensorflow,issue,84102,Knowledge,0,0
214,tensorflow_tensorflow,issue,84102,"Confirmed that Windows support only exists for Intel CPUs. On https://pypi.org/project/tensorflow/#files there is no Windows + ARM wheel.

On https://pypi.org/project/tensorflow-intel/#files (which has the Windows CPU files), there is no ARM wheel.","My investigation shows that TensorFlow's Windows support is limited to Intel CPUs. For both the standard tensorflow and the the tensorflow-intel packages, PyPI (https://pypi.org/project/tensorflow/#files and https://pypi.org/project/tensorflow-intel/#files) does not list any Windows + ARM wheel files. This lack of ARM compatibility for Windows means users with ARM-based systems cannot install these packages via pip without additional steps.",Knowledge,tensorflow_tensorflow,issue,84102,Knowledge,0,0
215,tensorflow_tensorflow,issue,84102,"Confirmed that Windows support only exists for Intel CPUs. On https://pypi.org/project/tensorflow/#files there is no Windows + ARM wheel.

On https://pypi.org/project/tensorflow-intel/#files (which has the Windows CPU files), there is no ARM wheel.","Upon checking the official PyPI repositories, I found that TensorFlow does not offer Windows binaries for ARM processors. The tensorflow package (https://pypi.org/project/tensorflow/#files) and the tensorflow-intel variant (https://pypi.org/project/tensorflow-intel/#files) both exclude ARM64 wheels for Windows. This indicates that Windows users with ARM-based hardware must use alternative installation methods or hardware.",Knowledge,tensorflow_tensorflow,issue,84102,Knowledge,0,0
216,tensorflow_tensorflow,issue,84102,"Confirmed that Windows support only exists for Intel CPUs. On https://pypi.org/project/tensorflow/#files there is no Windows + ARM wheel.

On https://pypi.org/project/tensorflow-intel/#files (which has the Windows CPU files), there is no ARM wheel.",TensorFlow's Windows distribution currently only supports Intel CPUs. Reviewing the PyPI files section for both the main tensorflow project and the tensorflow-intel package reveals no ARM64 wheel options for Windows. This absence of ARM support on Windows forces users to either build the library manually or consider other platforms.,Knowledge,tensorflow_tensorflow,issue,84102,Knowledge,0,0
217,tensorflow_tensorflow,issue,84102,"This is also weird, because the pip installer should not have proceeded due to missing wheels.","This behavior is unexpected because pip should have halted installation due to missing wheels. Normally, the installer requires wheels to be available for the current platform. I'm not sure why it proceeded without them.",Unknown unknown,tensorflow_tensorflow,issue,84102,Unknown,1,1
218,tensorflow_tensorflow,issue,84102,"This is also weird, because the pip installer should not have proceeded due to missing wheels.",It's strange that pip completed the installation despite no compatible wheels being present. The installer typically enforces wheel availability checks. Could this be a bug or a configuration issue?,Unknown unknown,tensorflow_tensorflow,issue,84102,Unknown,1,1
219,tensorflow_tensorflow,issue,84102,"This is also weird, because the pip installer should not have proceeded due to missing wheels.",The pip installer shouldn't have allowed installation with missing wheels. I expected it to fail with an error about unavailable wheels. Why did it bypass this requirement?,Unknown unknown,tensorflow_tensorflow,issue,84102,Unknown,1,1
220,tensorflow_tensorflow,issue,84102,"This is also weird, because the pip installer should not have proceeded due to missing wheels.",This seems odd because pip usually requires wheels to be present. The fact that installation proceeded without them contradicts the expected behavior. Is there a configuration option enabling this?,Unknown unknown,tensorflow_tensorflow,issue,84102,Unknown,1,1
221,tensorflow_tensorflow,issue,84102,"This is also weird, because the pip installer should not have proceeded due to missing wheels.",I'm confused why pip didn't fail when wheels were missing. The installer should have prevented installation due to the absence of compatible wheels. How does pip handle this scenario now?,Unknown unknown,tensorflow_tensorflow,issue,84102,Unknown,1,1
222,tensorflow_tensorflow,issue,84102,"This is also weird, because the pip installer should not have proceeded due to missing wheels.",This is unexpected. Pip should have stopped the installation process when wheels were unavailable. The fact that it proceeded suggests either a change in behavior or a bug.,Unknown unknown,tensorflow_tensorflow,issue,84102,Unknown,1,1
223,tensorflow_tensorflow,issue,84102,"This is also weird, because the pip installer should not have proceeded due to missing wheels.","The pip installer acted contrary to expectations by proceeding without wheels. Normally, it should enforce wheel availability. I'm not sure if this is intentional or an error in the installation logic.",Unknown unknown,tensorflow_tensorflow,issue,84102,Unknown,1,1
224,tensorflow_tensorflow,issue,82736,"I have a simple program that builds graphs through the c_api and executes sessions. It works perfectly as long as it is run only on CPU. If GPU is involved then at random places the program generates a Div0 error. The very same program run twice within one minute on the same hardware, etc. behave differently.
The error is somewhere deep in TF/Cuda because in the error dump I see 15 program jumps outside my code (what I can still debug).
I tried it on the different partition of a HPC, but both behave the same way. Card is Quadro RTX 6000, driver 565.57.01 Cuda 12.7 as seen in nvidia-smi, but 12.3 is available as libraries.
I tried with many different settings, etc., but cannot identify any rootcause. I am not even sure if the bug is in the TF binary or in one of the Cuda libraries (or elsewhere).","My TensorFlow program using the C API works flawlessly on CPU but randomly triggers division-by-zero errors when executing on GPU. The crashes occur at unpredictable points, and even repeated runs on identical hardware produce inconsistent behavior. Stack traces show the error originates deep within TF/CUDA code (15+ external calls), making debugging impossible. I've tested this on multiple HPC partitions with a Quadro RTX 6000 (driver 565.57.01, CUDA 12.7 vs 12.3 libraries) but can't identify if this is a TF binary issue or a CUDA library bug.",Known Unknown,tensorflow_tensorflow,issue,82736,Unknown,2,1
225,tensorflow_tensorflow,issue,82736,"I have a simple program that builds graphs through the c_api and executes sessions. It works perfectly as long as it is run only on CPU. If GPU is involved then at random places the program generates a Div0 error. The very same program run twice within one minute on the same hardware, etc. behave differently.
The error is somewhere deep in TF/Cuda because in the error dump I see 15 program jumps outside my code (what I can still debug).
I tried it on the different partition of a HPC, but both behave the same way. Card is Quadro RTX 6000, driver 565.57.01 Cuda 12.7 as seen in nvidia-smi, but 12.3 is available as libraries.
I tried with many different settings, etc., but cannot identify any rootcause. I am not even sure if the bug is in the TF binary or in one of the Cuda libraries (or elsewhere).","I'm encountering GPU-specific division-by-zero errors in a TensorFlow program that works perfectly on CPU. The issue appears sporadically during session execution, with identical runs on the same hardware yielding different results. Debugging reveals the error occurs in TF/CUDA internals with no traceable path to my code. Despite testing across HPC partitions, CUDA versions, and settings, I remain uncertain whether this stems from TensorFlow's GPU implementation or incompatible CUDA libraries.",Known Unknown,tensorflow_tensorflow,issue,82736,Unknown,2,1
226,tensorflow_tensorflow,issue,82736,"I have a simple program that builds graphs through the c_api and executes sessions. It works perfectly as long as it is run only on CPU. If GPU is involved then at random places the program generates a Div0 error. The very same program run twice within one minute on the same hardware, etc. behave differently.
The error is somewhere deep in TF/Cuda because in the error dump I see 15 program jumps outside my code (what I can still debug).
I tried it on the different partition of a HPC, but both behave the same way. Card is Quadro RTX 6000, driver 565.57.01 Cuda 12.7 as seen in nvidia-smi, but 12.3 is available as libraries.
I tried with many different settings, etc., but cannot identify any rootcause. I am not even sure if the bug is in the TF binary or in one of the Cuda libraries (or elsewhere).","A TensorFlow C API program behaves deterministically on CPU but exhibits random Div0 errors when using the GPU. The program's behavior changes even between consecutive runs on the same Quadro RTX 6000, despite identical inputs and hardware. Stack traces point to 15+ untraceable jumps in TF/CUDA code, and testing across HPC partitions (CUDA 12.3 vs 12.7) hasn't resolved the issue. I'm unsure if this is a TensorFlow bug, a CUDA library incompatibility, or an environmental configuration problem.",Known Unknown,tensorflow_tensorflow,issue,82736,Unknown,2,1
227,tensorflow_tensorflow,issue,82736,"I have a simple program that builds graphs through the c_api and executes sessions. It works perfectly as long as it is run only on CPU. If GPU is involved then at random places the program generates a Div0 error. The very same program run twice within one minute on the same hardware, etc. behave differently.
The error is somewhere deep in TF/Cuda because in the error dump I see 15 program jumps outside my code (what I can still debug).
I tried it on the different partition of a HPC, but both behave the same way. Card is Quadro RTX 6000, driver 565.57.01 Cuda 12.7 as seen in nvidia-smi, but 12.3 is available as libraries.
I tried with many different settings, etc., but cannot identify any rootcause. I am not even sure if the bug is in the TF binary or in one of the Cuda libraries (or elsewhere).","My GPU-accelerated TensorFlow program works on CPU but crashes with unpredictable division-by-zero errors when using the GPU. The error locations vary between runs, and debugging shows it originates in TF/CUDA code beyond my control. Testing across HPC partitions with a Quadro RTX 6000 (CUDA 12.3/12.7) and different driver versions hasn't revealed a root cause. I'm at a loss whether this is a TensorFlow binary flaw, CUDA library misbehavior, or an issue with my implementation.",Known Unknown,tensorflow_tensorflow,issue,82736,Unknown,2,1
228,tensorflow_tensorflow,issue,82736,"I have a simple program that builds graphs through the c_api and executes sessions. It works perfectly as long as it is run only on CPU. If GPU is involved then at random places the program generates a Div0 error. The very same program run twice within one minute on the same hardware, etc. behave differently.
The error is somewhere deep in TF/Cuda because in the error dump I see 15 program jumps outside my code (what I can still debug).
I tried it on the different partition of a HPC, but both behave the same way. Card is Quadro RTX 6000, driver 565.57.01 Cuda 12.7 as seen in nvidia-smi, but 12.3 is available as libraries.
I tried with many different settings, etc., but cannot identify any rootcause. I am not even sure if the bug is in the TF binary or in one of the Cuda libraries (or elsewhere).","A simple TensorFlow program using the C API and sessions works reliably on CPU but triggers random Div0 errors on GPU. The same code produces inconsistent results across runs on the same hardware, with stack traces showing the error arises deep within TF/CUDA internals. Despite testing on multiple HPC partitions, checking CUDA versions (12.3 vs 12.7), and adjusting settings, I can't determine if this is a TensorFlow bug, a CUDA library problem, or a configuration mismatch in my environment.",Known Unknown,tensorflow_tensorflow,issue,82736,Unknown,2,1
229,tensorflow_tensorflow,issue,24828,"I tried installting tensorflow 1.12 using both pip install and building from source.However when I am trying to run faster rcnn model i get following error message:
Failed to get convolution algorithm. This is probably because cuDNN failed to initialize, so try looking to see if a warning log message was printed above.

I only get this with tf 1.12 and python 3.6 ,it works fine with python 3.6","I encountered an error while using TensorFlow 1.12 with Python 3.6 for a Faster R-CNN model: 'Failed to get convolution algorithm. This is probably because cuDNN failed to initialize...'. I tried both pip installation and building from source, but the issue persists. Interestingly, the same setup works fine with Python 3.6 alone. I'm unsure whether this is a TensorFlow 1.12-specific bug or a cuDNN compatibility problem with Python 3.6.",Known Unknown,tensorflow_tensorflow,issue,24828,Unknown,2,1
230,tensorflow_tensorflow,issue,24828,"I tried installting tensorflow 1.12 using both pip install and building from source.However when I am trying to run faster rcnn model i get following error message:
Failed to get convolution algorithm. This is probably because cuDNN failed to initialize, so try looking to see if a warning log message was printed above.

I only get this with tf 1.12 and python 3.6 ,it works fine with python 3.6","When running Faster R-CNN on TensorFlow 1.12 and Python 3.6, I received an error about cuDNN initialization failure during convolution operations. The error disappears when using Python 3.6 without TensorFlow 1.12, but appears consistently with this specific version combination. I've tried both pip installs and source builds, yet the issue remains. Could this be a dependency conflict or an outdated cuDNN implementation in TensorFlow 1.12?",Known Unknown,tensorflow_tensorflow,issue,24828,Unknown,2,1
231,tensorflow_tensorflow,issue,24828,"I tried installting tensorflow 1.12 using both pip install and building from source.However when I am trying to run faster rcnn model i get following error message:
Failed to get convolution algorithm. This is probably because cuDNN failed to initialize, so try looking to see if a warning log message was printed above.

I only get this with tf 1.12 and python 3.6 ,it works fine with python 3.6","I'm getting a 'Failed to get convolution algorithm' error with TensorFlow 1.12 and Python 3.6 when executing Faster R-CNN models. The error references cuDNN initialization issues, but I only see this behavior with this exact version pair. While the code runs without problems on Python 3.6 alone, the combination with TensorFlow 1.12 causes failures. I've tested both pip installation and manual builds, but the issue is reproducible in both cases. Is there a known compatibility problem between these versions?",Known Unknown,tensorflow_tensorflow,issue,24828,Unknown,2,1
232,tensorflow_tensorflow,issue,24828,"I tried installting tensorflow 1.12 using both pip install and building from source.However when I am trying to run faster rcnn model i get following error message:
Failed to get convolution algorithm. This is probably because cuDNN failed to initialize, so try looking to see if a warning log message was printed above.

I only get this with tf 1.12 and python 3.6 ,it works fine with python 3.6","After installing TensorFlow 1.12 via pip and building from source, I consistently face cuDNN-related errors when running Faster R-CNN models on Python 3.6. The error message states 'Failed to get convolution algorithm', but the same code works fine with Python 3.6 alone. I'm confused why this combination would cause initialization failures - could this be a TensorFlow 1.12 bug or an environmental configuration issue?",Known Unknown,tensorflow_tensorflow,issue,24828,Unknown,2,1
233,tensorflow_tensorflow,issue,24828,"I tried installting tensorflow 1.12 using both pip install and building from source.However when I am trying to run faster rcnn model i get following error message:
Failed to get convolution algorithm. This is probably because cuDNN failed to initialize, so try looking to see if a warning log message was printed above.

I only get this with tf 1.12 and python 3.6 ,it works fine with python 3.6","I'm troubleshooting a TensorFlow 1.12 issue with Faster R-CNN models where I receive a cuDNN initialization error during convolution operations. The problem occurs exclusively with Python 3.6, even though the same setup works with Python 3.6 alone. I've tried both installation methods (pip and source) without success. I'm wondering if this is related to how TensorFlow 1.12 handles GPU resources with specific Python versions.",Known Unknown,tensorflow_tensorflow,issue,24828,Unknown,2,1
234,tensorflow_tensorflow,issue,24828,"It is just a problem with cuDNN version incompatibility. I also downgrade to 1.8, although solving the problem, but no need when there is a much higher version which is definitely better than the old version. So I found that I was using conda installing TF, which conda was also installed everything even Cuda and cudnn, so the python was not detecting my installed Cuda and cudnn, it was using which was installed by conda which was very old version of cudnn, so I deleted the conda installed Cuda and cudnn, and then installed TF with pip, and it was OK.","The issue stemmed from a cuDNN version mismatch. I initially downgraded to 1.8 to resolve the error, but realized newer versions are superior. The root cause was conda installing TensorFlow along with outdated CUDA/cuDNN packages, overriding system paths. After removing conda's CUDA/cuDNN and reinstalling TensorFlow via pip, the problem disappeared.",Knowledge,tensorflow_tensorflow,issue,24828,Knowledge,0,0
235,tensorflow_tensorflow,issue,24828,"It is just a problem with cuDNN version incompatibility. I also downgrade to 1.8, although solving the problem, but no need when there is a much higher version which is definitely better than the old version. So I found that I was using conda installing TF, which conda was also installed everything even Cuda and cudnn, so the python was not detecting my installed Cuda and cudnn, it was using which was installed by conda which was very old version of cudnn, so I deleted the conda installed Cuda and cudnn, and then installed TF with pip, and it was OK.","This was caused by conda's automatic installation of CUDA/cuDNN when installing TensorFlow, resulting in version conflicts. Even though downgrading to cuDNN 1.8 'fixed' the issue, it wasn't optimal. Switching to pip for TensorFlow installation allowed the system's newer cuDNN to be used, resolving the compatibility problem.",Knowledge,tensorflow_tensorflow,issue,24828,Knowledge,0,0
236,tensorflow_tensorflow,issue,24828,"It is just a problem with cuDNN version incompatibility. I also downgrade to 1.8, although solving the problem, but no need when there is a much higher version which is definitely better than the old version. So I found that I was using conda installing TF, which conda was also installed everything even Cuda and cudnn, so the python was not detecting my installed Cuda and cudnn, it was using which was installed by conda which was very old version of cudnn, so I deleted the conda installed Cuda and cudnn, and then installed TF with pip, and it was OK.","The error originated from conda overriding system CUDA/cuDNN versions during TensorFlow installation. While downgrading to cuDNN 1.8 temporarily resolved the issue, it wasn't a proper solution. Uninstalling conda-managed CUDA/cuDNN and using pip to install TensorFlow restored compatibility with the system's updated libraries.",Knowledge,tensorflow_tensorflow,issue,24828,Knowledge,0,0
237,tensorflow_tensorflow,issue,24828,"It is just a problem with cuDNN version incompatibility. I also downgrade to 1.8, although solving the problem, but no need when there is a much higher version which is definitely better than the old version. So I found that I was using conda installing TF, which conda was also installed everything even Cuda and cudnn, so the python was not detecting my installed Cuda and cudnn, it was using which was installed by conda which was very old version of cudnn, so I deleted the conda installed Cuda and cudnn, and then installed TF with pip, and it was OK.","My cuDNN compatibility problem was due to conda installing outdated versions alongside TensorFlow. Downgrading to 1.8 worked but was suboptimal. The fix required removing conda's CUDA/cuDNN and switching to pip for TensorFlow, which correctly detected the system's newer cuDNN installation.",Knowledge,tensorflow_tensorflow,issue,24828,Knowledge,0,0
238,tensorflow_tensorflow,issue,24828,"It is just a problem with cuDNN version incompatibility. I also downgrade to 1.8, although solving the problem, but no need when there is a much higher version which is definitely better than the old version. So I found that I was using conda installing TF, which conda was also installed everything even Cuda and cudnn, so the python was not detecting my installed Cuda and cudnn, it was using which was installed by conda which was very old version of cudnn, so I deleted the conda installed Cuda and cudnn, and then installed TF with pip, and it was OK.","This issue was caused by conda's default behavior of installing older CUDA/cuDNN when installing TensorFlow. Although downgrading to cuDNN 1.8 resolved the immediate error, it ignored better newer versions. After uninstalling conda's packages and using pip, the system's updated cuDNN was properly utilized.",Knowledge,tensorflow_tensorflow,issue,24828,Knowledge,0,0
239,tensorflow_tensorflow,issue,24828,"It is just a problem with cuDNN version incompatibility. I also downgrade to 1.8, although solving the problem, but no need when there is a much higher version which is definitely better than the old version. So I found that I was using conda installing TF, which conda was also installed everything even Cuda and cudnn, so the python was not detecting my installed Cuda and cudnn, it was using which was installed by conda which was very old version of cudnn, so I deleted the conda installed Cuda and cudnn, and then installed TF with pip, and it was OK.","The root cause was conda installing deprecated CUDA/cuDNN versions when installing TensorFlow, overriding system paths. While downgrading to cuDNN 1.8 'worked,' it wasn't ideal. The solution involved removing conda-managed packages and reinstalling TensorFlow via pip to leverage the system's updated libraries.",Knowledge,tensorflow_tensorflow,issue,24828,Knowledge,0,0
240,tensorflow_tensorflow,issue,24828,"It is just a problem with cuDNN version incompatibility. I also downgrade to 1.8, although solving the problem, but no need when there is a much higher version which is definitely better than the old version. So I found that I was using conda installing TF, which conda was also installed everything even Cuda and cudnn, so the python was not detecting my installed Cuda and cudnn, it was using which was installed by conda which was very old version of cudnn, so I deleted the conda installed Cuda and cudnn, and then installed TF with pip, and it was OK.","This problem resulted from conda's automatic installation of outdated CUDA/cuDNN during TensorFlow setup. Downgrading to cuDNN 1.8 was a temporary fix, but switching to pip installation allowed the system's newer versions to be used, resolving the version incompatibility.",Knowledge,tensorflow_tensorflow,issue,24828,Knowledge,0,0
241,tensorflow_tensorflow,issue,24828,Had same problem with cuda 9.0 and cuDNN 7.0.5.15-1 on Ubuntu 16.04 with Tensorflow 1.12. Updating to cuDNN 7.4.2.24 fixed this for me!,I encountered the same issue with CUDA 9.0 and cuDNN 7.0.5.15-1 on Ubuntu 16.04 running TensorFlow 1.12. Updating cuDNN to version 7.4.2.24 resolved the problem entirely!,Knowledge,tensorflow_tensorflow,issue,24828,Knowledge,0,0
242,tensorflow_tensorflow,issue,24828,Had same problem with cuda 9.0 and cuDNN 7.0.5.15-1 on Ubuntu 16.04 with Tensorflow 1.12. Updating to cuDNN 7.4.2.24 fixed this for me!,"When using TensorFlow 1.12 on Ubuntu 16.04 with CUDA 9.0 and cuDNN 7.0.5.15-1, I faced the same problem. Upgrading to cuDNN 7.4.2.24 fixed it for me!",Knowledge,tensorflow_tensorflow,issue,24828,Knowledge,0,0
243,tensorflow_tensorflow,issue,24828,Had same problem with cuda 9.0 and cuDNN 7.0.5.15-1 on Ubuntu 16.04 with Tensorflow 1.12. Updating to cuDNN 7.4.2.24 fixed this for me!,"The problem occurred with CUDA 9.0, cuDNN 7.0.5.15-1, Ubuntu 16.04, and TensorFlow 1.12. After switching to cuDNN 7.4.2.24, everything worked smoothly!",Knowledge,tensorflow_tensorflow,issue,24828,Knowledge,0,0
244,tensorflow_tensorflow,issue,24828,Had same problem with cuda 9.0 and cuDNN 7.0.5.15-1 on Ubuntu 16.04 with Tensorflow 1.12. Updating to cuDNN 7.4.2.24 fixed this for me!,I had the same issue using TensorFlow 1.12 on Ubuntu 16.04 with CUDA 9.0 and cuDNN 7.0.5.15-1. Updating cuDNN to 7.4.2.24 solved the problem!,Knowledge,tensorflow_tensorflow,issue,24828,Knowledge,0,0
245,tensorflow_tensorflow,issue,24828,Had same problem with cuda 9.0 and cuDNN 7.0.5.15-1 on Ubuntu 16.04 with Tensorflow 1.12. Updating to cuDNN 7.4.2.24 fixed this for me!,"On Ubuntu 16.04 with TensorFlow 1.12, CUDA 9.0 and cuDNN 7.0.5.15-1 caused errors. Installing cuDNN 7.4.2.24 resolved this for me!",Knowledge,tensorflow_tensorflow,issue,24828,Knowledge,0,0
246,tensorflow_tensorflow,issue,24828,Had same problem with cuda 9.0 and cuDNN 7.0.5.15-1 on Ubuntu 16.04 with Tensorflow 1.12. Updating to cuDNN 7.4.2.24 fixed this for me!,"My setup with CUDA 9.0, cuDNN 7.0.5.15-1, Ubuntu 16.04, and TensorFlow 1.12 had the same problem. Upgrading to cuDNN 7.4.2.24 fixed it!",Knowledge,tensorflow_tensorflow,issue,24828,Knowledge,0,0
247,tensorflow_tensorflow,issue,24828,Had same problem with cuda 9.0 and cuDNN 7.0.5.15-1 on Ubuntu 16.04 with Tensorflow 1.12. Updating to cuDNN 7.4.2.24 fixed this for me!,TensorFlow 1.12 on Ubuntu 16.04 with CUDA 9.0 and cuDNN 7.0.5.15-1 produced errors. Updating cuDNN to 7.4.2.24 eliminated the issue!,Knowledge,tensorflow_tensorflow,issue,24828,Knowledge,0,0
248,tensorflow_tensorflow,issue,24828,Had same problem with cuda 9.0 and cuDNN 7.0.5.15-1 on Ubuntu 16.04 with Tensorflow 1.12. Updating to cuDNN 7.4.2.24 fixed this for me!,The same problem occurred with CUDA 9.0 and cuDNN 7.0.5.15-1 on Ubuntu 16.04 using TensorFlow 1.12. Switching to cuDNN 7.4.2.24 resolved it!,Knowledge,tensorflow_tensorflow,issue,24828,Knowledge,0,0
249,tensorflow_tensorflow,issue,24828,Had same problem with cuda 9.0 and cuDNN 7.0.5.15-1 on Ubuntu 16.04 with Tensorflow 1.12. Updating to cuDNN 7.4.2.24 fixed this for me!,"I faced this issue with CUDA 9.0, cuDNN 7.0.5.15-1, Ubuntu 16.04, and TensorFlow 1.12. Upgrading to cuDNN 7.4.2.24 fixed everything!",Knowledge,tensorflow_tensorflow,issue,24828,Knowledge,0,0
250,tensorflow_tensorflow,issue,24828,Had same problem with cuda 9.0 and cuDNN 7.0.5.15-1 on Ubuntu 16.04 with Tensorflow 1.12. Updating to cuDNN 7.4.2.24 fixed this for me!,Using TensorFlow 1.12 on Ubuntu 16.04 with CUDA 9.0 and cuDNN 7.0.5.15-1 caused problems. Updating to cuDNN 7.4.2.24 solved them!,Knowledge,tensorflow_tensorflow,issue,24828,Knowledge,0,0
251,tensorflow_tensorflow,issue,24828,"OK, I was able to execute my CNN. I'm using tensorflow tf-nightly-gpu-2.0-preview, and running on a ipython notebook. I had to add this to my notebook:

from tensorflow.compat.v1 import ConfigProto
from tensorflow.compat.v1 import InteractiveSession

config = ConfigProto()
config.gpu_options.allow_growth = True
session = InteractiveSession(config=config)","I successfully ran my convolutional neural network using TensorFlow's tf-nightly-gpu-2.0-preview in an IPython notebook. To configure GPU memory, I added the following code to my notebook: `from tensorflow.compat.v1 import ConfigProto, InteractiveSession; config = ConfigProto(); config.gpu_options.allow_growth = True; session = InteractiveSession(config=config)`. This setup resolved memory allocation issues during training.",Knowledge,tensorflow_tensorflow,issue,24828,Knowledge,0,0
252,tensorflow_tensorflow,issue,24828,"OK, I was able to execute my CNN. I'm using tensorflow tf-nightly-gpu-2.0-preview, and running on a ipython notebook. I had to add this to my notebook:

from tensorflow.compat.v1 import ConfigProto
from tensorflow.compat.v1 import InteractiveSession

config = ConfigProto()
config.gpu_options.allow_growth = True
session = InteractiveSession(config=config)",My CNN executed properly with the TensorFlow nightly build (tf-nightly-gpu-2.0-preview) in a Jupyter notebook. I implemented GPU memory configuration by including this code: `ConfigProto()` and `InteractiveSession()` with `allow_growth = True`. This adjustment was necessary to prevent out-of-memory errors during model execution.,Knowledge,tensorflow_tensorflow,issue,24828,Knowledge,0,0
253,tensorflow_tensorflow,issue,24828,"OK, I was able to execute my CNN. I'm using tensorflow tf-nightly-gpu-2.0-preview, and running on a ipython notebook. I had to add this to my notebook:

from tensorflow.compat.v1 import ConfigProto
from tensorflow.compat.v1 import InteractiveSession

config = ConfigProto()
config.gpu_options.allow_growth = True
session = InteractiveSession(config=config)",I managed to get my CNN working in an IPython notebook using TensorFlow's GPU-enabled nightly version. The key was adding GPU configuration code: `config = ConfigProto(); config.gpu_options.allow_growth = True; InteractiveSession(config=config)`. This allowed dynamic memory allocation and prevented the notebook from crashing under high GPU usage.,Knowledge,tensorflow_tensorflow,issue,24828,Knowledge,0,0
254,tensorflow_tensorflow,issue,24828,"OK, I was able to execute my CNN. I'm using tensorflow tf-nightly-gpu-2.0-preview, and running on a ipython notebook. I had to add this to my notebook:

from tensorflow.compat.v1 import ConfigProto
from tensorflow.compat.v1 import InteractiveSession

config = ConfigProto()
config.gpu_options.allow_growth = True
session = InteractiveSession(config=config)","After switching to TensorFlow tf-nightly-gpu-2.0-preview, my CNN ran successfully in the notebook environment. I included this setup code to manage GPU memory: `from tensorflow.compat.v1 import ConfigProto, InteractiveSession; session = InteractiveSession(config=ConfigProto(gpu_options=GPUOptions(allow_growth=True)))`. This configuration was critical for handling large batch sizes without errors.",Knowledge,tensorflow_tensorflow,issue,24828,Knowledge,0,0
255,tensorflow_tensorflow,issue,24828,"OK, I was able to execute my CNN. I'm using tensorflow tf-nightly-gpu-2.0-preview, and running on a ipython notebook. I had to add this to my notebook:

from tensorflow.compat.v1 import ConfigProto
from tensorflow.compat.v1 import InteractiveSession

config = ConfigProto()
config.gpu_options.allow_growth = True
session = InteractiveSession(config=config)",I configured my IPython notebook to use TensorFlow's nightly GPU version and executed my CNN. The GPU memory settings required this code: `ConfigProto()` with `allow_growth = True` and `InteractiveSession()`. This approach avoided memory fragmentation and ensured stable training performance.,Knowledge,tensorflow_tensorflow,issue,24828,Knowledge,0,0
256,tensorflow_tensorflow,issue,24496,"I'm running the CNN model on MNIST. When I'm running with the GPU, I am encountering
2018-12-20 20:09:13.644176: E tensorflow/stream_executor/cuda/cuda_dnn.cc:334] Could not create cudnn handle: CUDNN_STATUS_INTERNAL_ERROR

I did some digging and realized that it is a memory issue (which shouldn't be the case as I have 32GB of RAM and 64GB of swap. I ran htop when running the model and I have 20+GB free, which is more than enough to fit the 8GB vRAM mappings.

Using the gpu_options.allow_growth = True gets the model to work properly, and setting os.environ['CUDA_VISIBLE_DEVICES'] = '-1' also works. This means that I AM facing a memory issue, but I don't see how.","I'm encountering a CUDNN_STATUS_INTERNAL_ERROR when training a CNN on MNIST with GPU acceleration, even though my system has 32GB RAM and 64GB swap with 20+GB free. The error disappears when I set `gpu_options.allow_growth = True` or force CPU execution via `CUDA_VISIBLE_DEVICES=-1`, but I'm unclear why this would be a memory issue when physical resources are available. The VRAM mappings should fit within the 8GB limit, so I'm struggling to understand this discrepancy.",Known Unknown,tensorflow_tensorflow,issue,24496,Unknown,2,1
257,tensorflow_tensorflow,issue,24496,"I'm running the CNN model on MNIST. When I'm running with the GPU, I am encountering
2018-12-20 20:09:13.644176: E tensorflow/stream_executor/cuda/cuda_dnn.cc:334] Could not create cudnn handle: CUDNN_STATUS_INTERNAL_ERROR

I did some digging and realized that it is a memory issue (which shouldn't be the case as I have 32GB of RAM and 64GB of swap. I ran htop when running the model and I have 20+GB free, which is more than enough to fit the 8GB vRAM mappings.

Using the gpu_options.allow_growth = True gets the model to work properly, and setting os.environ['CUDA_VISIBLE_DEVICES'] = '-1' also works. This means that I AM facing a memory issue, but I don't see how.","Running a CNN model on MNIST with GPU support triggers a `Could not create cudnn handle` error in TensorFlow, despite having 20+GB free memory on a 32GB RAM/64GB swap system. While enabling `allow_growth` or switching to CPU resolves the issue, I'm confused about how this could be memory-related when there's ample capacity. The error persists even with sufficient VRAM headroom, suggesting a deeper configuration problem.",Known Unknown,tensorflow_tensorflow,issue,24496,Unknown,2,1
258,tensorflow_tensorflow,issue,24496,"I'm running the CNN model on MNIST. When I'm running with the GPU, I am encountering
2018-12-20 20:09:13.644176: E tensorflow/stream_executor/cuda/cuda_dnn.cc:334] Could not create cudnn handle: CUDNN_STATUS_INTERNAL_ERROR

I did some digging and realized that it is a memory issue (which shouldn't be the case as I have 32GB of RAM and 64GB of swap. I ran htop when running the model and I have 20+GB free, which is more than enough to fit the 8GB vRAM mappings.

Using the gpu_options.allow_growth = True gets the model to work properly, and setting os.environ['CUDA_VISIBLE_DEVICES'] = '-1' also works. This means that I AM facing a memory issue, but I don't see how.","I'm getting a CUDNN internal error when using GPU for my MNIST CNN training, but my system has 32GB RAM and 64GB swap with 20+GB free. Workarounds like `allow_growth` or CPU-only execution work, but I'm unsure why this would be a memory problem when there's clearly enough space. The VRAM mappings (8GB) should fit, so this behavior doesn't align with the available resources.",Known Unknown,tensorflow_tensorflow,issue,24496,Unknown,2,1
259,tensorflow_tensorflow,issue,24496,"I'm running the CNN model on MNIST. When I'm running with the GPU, I am encountering
2018-12-20 20:09:13.644176: E tensorflow/stream_executor/cuda/cuda_dnn.cc:334] Could not create cudnn handle: CUDNN_STATUS_INTERNAL_ERROR

I did some digging and realized that it is a memory issue (which shouldn't be the case as I have 32GB of RAM and 64GB of swap. I ran htop when running the model and I have 20+GB free, which is more than enough to fit the 8GB vRAM mappings.

Using the gpu_options.allow_growth = True gets the model to work properly, and setting os.environ['CUDA_VISIBLE_DEVICES'] = '-1' also works. This means that I AM facing a memory issue, but I don't see how.","My TensorFlow CNN on MNIST crashes with a CUDNN_STATUS_INTERNAL_ERROR during GPU execution, even though htop shows 20+GB free memory on a 32GB/64GB system. While `allow_growth` and CPU mode bypass the issue, I'm puzzled about how this could be memory-related when both RAM and swap are sufficient. The VRAM usage (8GB) should be manageable, but the error suggests a different underlying cause.",Known Unknown,tensorflow_tensorflow,issue,24496,Unknown,2,1
260,tensorflow_tensorflow,issue,24496,"I'm running the CNN model on MNIST. When I'm running with the GPU, I am encountering
2018-12-20 20:09:13.644176: E tensorflow/stream_executor/cuda/cuda_dnn.cc:334] Could not create cudnn handle: CUDNN_STATUS_INTERNAL_ERROR

I did some digging and realized that it is a memory issue (which shouldn't be the case as I have 32GB of RAM and 64GB of swap. I ran htop when running the model and I have 20+GB free, which is more than enough to fit the 8GB vRAM mappings.

Using the gpu_options.allow_growth = True gets the model to work properly, and setting os.environ['CUDA_VISIBLE_DEVICES'] = '-1' also works. This means that I AM facing a memory issue, but I don't see how.","I'm facing a CUDNN error (`CUDNN_STATUS_INTERNAL_ERROR`) when running my MNIST CNN on GPU, but system monitoring shows 20+GB free memory. Setting `allow_growth = True` or disabling GPU via `CUDA_VISIBLE_DEVICES=-1` resolves the issue, yet I'm unsure why this would be a memory problem when there's clearly enough RAM/swap. The VRAM allocation (8GB) should fit, making this behavior unexpected.",Known Unknown,tensorflow_tensorflow,issue,24496,Unknown,2,1
261,tensorflow_tensorflow,issue,24496,I was finally able to fix my problem was setting config.gpu_options.allow_growth = True.,"I resolved my GPU memory allocation issue by enabling the `allow_growth` configuration option. The key fix was setting `config.gpu_options.allow_growth = True`, which allowed dynamic memory allocation instead of reserving all GPU memory upfront. This change eliminated the out-of-memory errors during model execution.",Knowledge,tensorflow_tensorflow,issue,24496,Knowledge,0,0
262,tensorflow_tensorflow,issue,24496,I was finally able to fix my problem was setting config.gpu_options.allow_growth = True.,"The solution to my GPU-related crash turned out to be configuring memory growth permissions. By setting `config.gpu_options.allow_growth = True` in the TensorFlow configuration, the system could allocate memory incrementally. This adjustment prevented the initial full-GPU reservation that was causing conflicts.",Knowledge,tensorflow_tensorflow,issue,24496,Knowledge,0,0
263,tensorflow_tensorflow,issue,24496,I was finally able to fix my problem was setting config.gpu_options.allow_growth = True.,"I finally solved my problem with excessive GPU memory allocation by modifying the configuration. The fix involved enabling `allow_growth` with `config.gpu_options.allow_growth = True`, which changed the memory allocation strategy. This allowed the the application to use memory as needed instead of reserving all at once.",Knowledge,tensorflow_tensorflow,issue,24496,Knowledge,0,0
264,tensorflow_tensorflow,issue,24496,I was finally able to fix my problem was setting config.gpu_options.allow_growth = True.,"My GPU memory contention issue was resolved by adjusting the configuration settings. The critical change was setting `config.gpu_options.allow_growth = True`, which enabled dynamic memory allocation. This fixed the conflicts during model training by preventing preemptive full-GPU reservation.",Knowledge,tensorflow_tensorflow,issue,24496,Knowledge,0,0
265,tensorflow_tensorflow,issue,24496,I was finally able to fix my problem was setting config.gpu_options.allow_growth = True.,"After troubleshooting, I discovered that setting `config.gpu_options.allow_growth = True` in the configuration resolved my GPU memory problem. This change allowed the the application to grow memory usage as needed, avoiding the initial allocation of all available GPU memory. It successfully addressed the out-of-memory exceptions I was encountering.",Knowledge,tensorflow_tensorflow,issue,24496,Knowledge,0,0
266,tensorflow_tensorflow,issue,37942,"my jupyter notebook that is training some LSTMs on the GPU crashes after some time with the following traceback:

InternalError:  [_Derived_]  Failed to call ThenRnnBackward with model config: [rnn_mode, rnn_input_mode, rnn_direction_mode]: 2, 0, 0 , [num_layers, input_size, num_units, dir_count, max_seq_length, batch_size, cell_num_units]: [1, 100, 100, 1, 249, 32, 100] 
         [[{{node gradients/CudnnRNN_grad/CudnnRNNBackprop}}]]
         [[StatefulPartitionedCall_1]] [Op:__inference_distributed_function_7604]

Function call stack:
distributed_function -> distributed_function -> distributed_function

This crash happens after a random amount of epochs (sometimes 6, sometimes 130+ sometimes 300+). It also crashes on different Windows machines with different GPUs. In the stacktrace I can find the following line:
130         # TODO(kaftan): File bug about tf function and errors.OutOfRangeError?

I wonder if this is connected to this issue?",I'm experiencing random crashes during LSTM training in Jupyter Notebook on GPU with the error: 'InternalError: Failed to call ThenRnnBackward'... The crash occurs after inconsistent numbers of epochs (6-300+) and affects different Windows machines with various GPUs. I noticed a TODO comment in the stack trace about filing a bug for 'tf function and errors'. Could this error be related to the mentioned TODO?,Known Unknown,tensorflow_tensorflow,issue,37942,Unknown,2,1
267,tensorflow_tensorflow,issue,37942,"my jupyter notebook that is training some LSTMs on the GPU crashes after some time with the following traceback:

InternalError:  [_Derived_]  Failed to call ThenRnnBackward with model config: [rnn_mode, rnn_input_mode, rnn_direction_mode]: 2, 0, 0 , [num_layers, input_size, num_units, dir_count, max_seq_length, batch_size, cell_num_units]: [1, 100, 100, 1, 249, 32, 100] 
         [[{{node gradients/CudnnRNN_grad/CudnnRNNBackprop}}]]
         [[StatefulPartitionedCall_1]] [Op:__inference_distributed_function_7604]

Function call stack:
distributed_function -> distributed_function -> distributed_function

This crash happens after a random amount of epochs (sometimes 6, sometimes 130+ sometimes 300+). It also crashes on different Windows machines with different GPUs. In the stacktrace I can find the following line:
130         # TODO(kaftan): File bug about tf function and errors.OutOfRangeError?

I wonder if this is connected to this issue?","My LSTM training in Jupyter Notebook crashes intermittently on GPU with a CudnnRNNBackprop error. The error message shows parameters like [1, 100, 100, 1, 249, 32, 100] and occurs after random epochs. The issue persists across different Windows systems with varying GPUs. The stack trace includes a TODO about filing a bug for 'tf function and errors' - is this potentially connected?",Known Unknown,tensorflow_tensorflow,issue,37942,Unknown,2,1
268,tensorflow_tensorflow,issue,37942,"my jupyter notebook that is training some LSTMs on the GPU crashes after some time with the following traceback:

InternalError:  [_Derived_]  Failed to call ThenRnnBackward with model config: [rnn_mode, rnn_input_mode, rnn_direction_mode]: 2, 0, 0 , [num_layers, input_size, num_units, dir_count, max_seq_length, batch_size, cell_num_units]: [1, 100, 100, 1, 249, 32, 100] 
         [[{{node gradients/CudnnRNN_grad/CudnnRNNBackprop}}]]
         [[StatefulPartitionedCall_1]] [Op:__inference_distributed_function_7604]

Function call stack:
distributed_function -> distributed_function -> distributed_function

This crash happens after a random amount of epochs (sometimes 6, sometimes 130+ sometimes 300+). It also crashes on different Windows machines with different GPUs. In the stacktrace I can find the following line:
130         # TODO(kaftan): File bug about tf function and errors.OutOfRangeError?

I wonder if this is connected to this issue?","During LSTM training in Jupyter Notebook using GPU, I get a CudnnRNNBackprop InternalError with specific model configurations. The crash happens unpredictably after 6-300+ epochs and occurs on multiple Windows machines with different GPUs. The error log contains a TODO comment suggesting a potential TensorFlow bug. Could this be the same issue mentioned in the TODO?",Known Unknown,tensorflow_tensorflow,issue,37942,Unknown,2,1
269,tensorflow_tensorflow,issue,37942,"my jupyter notebook that is training some LSTMs on the GPU crashes after some time with the following traceback:

InternalError:  [_Derived_]  Failed to call ThenRnnBackward with model config: [rnn_mode, rnn_input_mode, rnn_direction_mode]: 2, 0, 0 , [num_layers, input_size, num_units, dir_count, max_seq_length, batch_size, cell_num_units]: [1, 100, 100, 1, 249, 32, 100] 
         [[{{node gradients/CudnnRNN_grad/CudnnRNNBackprop}}]]
         [[StatefulPartitionedCall_1]] [Op:__inference_distributed_function_7604]

Function call stack:
distributed_function -> distributed_function -> distributed_function

This crash happens after a random amount of epochs (sometimes 6, sometimes 130+ sometimes 300+). It also crashes on different Windows machines with different GPUs. In the stacktrace I can find the following line:
130         # TODO(kaftan): File bug about tf function and errors.OutOfRangeError?

I wonder if this is connected to this issue?",I'm encountering GPU crashes in my Jupyter LSTM training with a ThenRnnBackward error. The error appears after random training epochs and affects systems with different GPU hardware. The stack trace includes a TODO about 'tf function and errors' - I'm wondering if this is related to the same issue described there?,Known Unknown,tensorflow_tensorflow,issue,37942,Unknown,2,1
270,tensorflow_tensorflow,issue,37942,"my jupyter notebook that is training some LSTMs on the GPU crashes after some time with the following traceback:

InternalError:  [_Derived_]  Failed to call ThenRnnBackward with model config: [rnn_mode, rnn_input_mode, rnn_direction_mode]: 2, 0, 0 , [num_layers, input_size, num_units, dir_count, max_seq_length, batch_size, cell_num_units]: [1, 100, 100, 1, 249, 32, 100] 
         [[{{node gradients/CudnnRNN_grad/CudnnRNNBackprop}}]]
         [[StatefulPartitionedCall_1]] [Op:__inference_distributed_function_7604]

Function call stack:
distributed_function -> distributed_function -> distributed_function

This crash happens after a random amount of epochs (sometimes 6, sometimes 130+ sometimes 300+). It also crashes on different Windows machines with different GPUs. In the stacktrace I can find the following line:
130         # TODO(kaftan): File bug about tf function and errors.OutOfRangeError?

I wonder if this is connected to this issue?",My LSTM training in Jupyter Notebook randomly crashes on GPU with the error 'Failed to call ThenRnnBackward'... The crash occurs after inconsistent epochs and works on some machines but not others. The error log shows a TODO comment about filing a bug for 'tf function and errors' - is this potentially the same problem?,Known Unknown,tensorflow_tensorflow,issue,37942,Unknown,2,1
271,tensorflow_tensorflow,issue,37942,"my jupyter notebook that is training some LSTMs on the GPU crashes after some time with the following traceback:

InternalError:  [_Derived_]  Failed to call ThenRnnBackward with model config: [rnn_mode, rnn_input_mode, rnn_direction_mode]: 2, 0, 0 , [num_layers, input_size, num_units, dir_count, max_seq_length, batch_size, cell_num_units]: [1, 100, 100, 1, 249, 32, 100] 
         [[{{node gradients/CudnnRNN_grad/CudnnRNNBackprop}}]]
         [[StatefulPartitionedCall_1]] [Op:__inference_distributed_function_7604]

Function call stack:
distributed_function -> distributed_function -> distributed_function

This crash happens after a random amount of epochs (sometimes 6, sometimes 130+ sometimes 300+). It also crashes on different Windows machines with different GPUs. In the stacktrace I can find the following line:
130         # TODO(kaftan): File bug about tf function and errors.OutOfRangeError?

I wonder if this is connected to this issue?",I'm debugging LSTM training crashes in Jupyter Notebook on GPU with the CudnnRNNBackprop error. The error occurs after random epochs and affects different Windows machines. The stack trace includes a TODO about 'tf function and errors' - could this be connected to the same underlying issue?,Known Unknown,tensorflow_tensorflow,issue,37942,Unknown,2,1
272,tensorflow_tensorflow,issue,37492,"To train the LSTM-model on a GPU on my plattform (Windows 10, tf 2.1.0), the parameter batch_input_shape must be specified during the model creation in the very first layer and the parameter input_shape must be omitted.","I discovered that when training an LSTM model using a GPU on Windows 10 with TensorFlow 2.1.0, specifying the batch_input_shape parameter in the first layer is required, while the input_shape parameter must be excluded to avoid compatibility issues. This configuration seems to be necessary for proper GPU utilization in this specific setup.",Knowledge,tensorflow_tensorflow,issue,37492,Knowledge,0,0
273,tensorflow_tensorflow,issue,37492,"To train the LSTM-model on a GPU on my plattform (Windows 10, tf 2.1.0), the parameter batch_input_shape must be specified during the model creation in the very first layer and the parameter input_shape must be omitted.","To successfully run LSTM training on a GPU in my environment (Windows 10, TensorFlow 2.1.0), I had to define the batch_input_shape in the initial layer and remove the input_shape parameter. This adjustment was crucial for the model to function correctly on the GPU without encountering errors.",Knowledge,tensorflow_tensorflow,issue,37492,Knowledge,0,0
274,tensorflow_tensorflow,issue,37492,"To train the LSTM-model on a GPU on my plattform (Windows 10, tf 2.1.0), the parameter batch_input_shape must be specified during the model creation in the very first layer and the parameter input_shape must be omitted.","When creating an LSTM model for GPU execution on Windows 10 using TensorFlow 2.1.0, I had to set the first layer's batch_input_shape and omit input_shape. This configuration was essential to ensure the model compiles and trains properly on the GPU.",Knowledge,tensorflow_tensorflow,issue,37492,Knowledge,0,0
275,tensorflow_tensorflow,issue,37492,"To train the LSTM-model on a GPU on my plattform (Windows 10, tf 2.1.0), the parameter batch_input_shape must be specified during the model creation in the very first layer and the parameter input_shape must be omitted.","In my experience with TensorFlow 2.1.0 on Windows 10, training an LSTM model on a GPU requires the first layer to include batch_input_shape and exclude input_shape. This setup is necessary to avoid errors and enable the model to utilize the GPU effectively.",Knowledge,tensorflow_tensorflow,issue,37492,Knowledge,0,0
276,tensorflow_tensorflow,issue,37492,"To train the LSTM-model on a GPU on my plattform (Windows 10, tf 2.1.0), the parameter batch_input_shape must be specified during the model creation in the very first layer and the parameter input_shape must be omitted.","On Windows 10 with TensorFlow 2.1.0, I found that configuring the LSTM model's first layer with batch_input_shape and without input_shape is necessary to enable GPU training without errors. This specific parameter configuration resolved the issues I was encountering when trying to run the model on the GPU.",Knowledge,tensorflow_tensorflow,issue,37492,Knowledge,0,0
277,tensorflow_tensorflow,issue,37492,"Hey all,

so I could just verify that all of the problems in this issue are connected with the Windows-version of tensorflow. I installed a fresh Ubuntu Bionic and followed the instructions [0] to set it up with CUDA on my homeoffice-workstation with a GTX 1060 6GB and none of the described problems was ever encountered again. :/

So please save yourself the trouble and just use Linux to train your LSTMs on the GPU. Even the validation_split-parameter works there without any problem and I had not to set up any batch_input_shape with divisible sets for training, validation, etc. Now it is just so easy.","After struggling with TensorFlow issues on Windows, I switched to Ubuntu Bionic with CUDA on my GTX 1060 6GB workstation and found all the original problems disappeared. No more validation_split bugs or batch_input_shape constraints needed - GPU training works seamlessly now. I recommend avoiding Windows for this setup.",Knowledge,tensorflow_tensorflow,issue,37492,Knowledge,0,0
278,tensorflow_tensorflow,issue,37492,"Hey all,

so I could just verify that all of the problems in this issue are connected with the Windows-version of tensorflow. I installed a fresh Ubuntu Bionic and followed the instructions [0] to set it up with CUDA on my homeoffice-workstation with a GTX 1060 6GB and none of the described problems was ever encountered again. :/

So please save yourself the trouble and just use Linux to train your LSTMs on the GPU. Even the validation_split-parameter works there without any problem and I had not to set up any batch_input_shape with divisible sets for training, validation, etc. Now it is just so easy.",I resolved all my TensorFlow GPU training issues by migrating from Windows to Ubuntu Bionic with CUDA. The GTX 1060 6GB setup works perfectly without the batch_input_shape workarounds or validation_split problems I previously experienced. Linux users won't need these Windows-specific fixes.,Knowledge,tensorflow_tensorflow,issue,37492,Knowledge,0,0
279,tensorflow_tensorflow,issue,37492,"Hey all,

so I could just verify that all of the problems in this issue are connected with the Windows-version of tensorflow. I installed a fresh Ubuntu Bionic and followed the instructions [0] to set it up with CUDA on my homeoffice-workstation with a GTX 1060 6GB and none of the described problems was ever encountered again. :/

So please save yourself the trouble and just use Linux to train your LSTMs on the GPU. Even the validation_split-parameter works there without any problem and I had not to set up any batch_input_shape with divisible sets for training, validation, etc. Now it is just so easy.",Switching to Ubuntu Bionic with CUDA on my GTX 1060 6GB workstation eliminated all the TensorFlow issues described in this thread. GPU training now works effortlessly without needing batch_input_shape adjustments or validation_split workarounds. Windows users should consider this solution.,Knowledge,tensorflow_tensorflow,issue,37492,Knowledge,0,0
280,tensorflow_tensorflow,issue,37492,"Hey all,

so I could just verify that all of the problems in this issue are connected with the Windows-version of tensorflow. I installed a fresh Ubuntu Bionic and followed the instructions [0] to set it up with CUDA on my homeoffice-workstation with a GTX 1060 6GB and none of the described problems was ever encountered again. :/

So please save yourself the trouble and just use Linux to train your LSTMs on the GPU. Even the validation_split-parameter works there without any problem and I had not to set up any batch_input_shape with divisible sets for training, validation, etc. Now it is just so easy.",My TensorFlow GPU training problems vanished after setting up Ubuntu Bionic with CUDA on a GTX 1060 6GB system. No more batch_input_shape constraints or validation_split issues - everything works as expected. I highly recommend Linux for this configuration.,Knowledge,tensorflow_tensorflow,issue,37492,Knowledge,0,0
281,tensorflow_tensorflow,issue,37492,"Hey all,

so I could just verify that all of the problems in this issue are connected with the Windows-version of tensorflow. I installed a fresh Ubuntu Bionic and followed the instructions [0] to set it up with CUDA on my homeoffice-workstation with a GTX 1060 6GB and none of the described problems was ever encountered again. :/

So please save yourself the trouble and just use Linux to train your LSTMs on the GPU. Even the validation_split-parameter works there without any problem and I had not to set up any batch_input_shape with divisible sets for training, validation, etc. Now it is just so easy.","After testing on Ubuntu Bionic with CUDA on my GTX 1060 6GB workstation, I found all the original TensorFlow issues disappeared. GPU training now works smoothly without requiring Windows-specific workarounds like batch_input_shape adjustments. Linux is clearly the better option here.",Knowledge,tensorflow_tensorflow,issue,37492,Knowledge,0,0
282,numpy_numpy,issue,28024,"Since there is a well defined interoperability protocol I was assuming that it is safe to call numpy functions on foreign objects, until I discovered this strange behaviour:

>>> import numpy as np
>>> class Kls: pass
...
>>> a = Kls()
>>> a.mean = None
>>> np.mean(a)
Traceback (most recent call last):
  File ""<stdin>"", line 1, in <module>
  File ""/Users/miccoli/work/uvenv/bigdata/.venv/lib/python3.12/site-packages/numpy/_core/fromnumeric.py"", line 3858, in mean
    return mean(axis=axis, dtype=dtype, out=out, **kwargs)
           ^^^^^^^^^^^^^^^^^^^^^^^^^^^^^^^^^^^^^^^^^^^^^^^
TypeError: 'NoneType' object is not callable
>>> a.mean = lambda : 0
>>> np.mean(a)
Traceback (most recent call last):
  File ""<stdin>"", line 1, in <module>
  File ""/Users/miccoli/work/uvenv/bigdata/.venv/lib/python3.12/site-packages/numpy/_core/fromnumeric.py"", line 3858, in mean
    return mean(axis=axis, dtype=dtype, out=out, **kwargs)
           ^^^^^^^^^^^^^^^^^^^^^^^^^^^^^^^^^^^^^^^^^^^^^^^
TypeError: <lambda>() got an unexpected keyword argument 'axis'

So if np.mean(a) discovers that a has a mean attribute, it blindly assumes that it is a method with the same semantics and signature of np.mean.

This is crazy! numpy does not owns the mean method and in fact other libraries implemented it in different ways:

>>> import polars as pl
>>> a = pl.Series([0, 1, 2])
>>> np.mean(a) #broken
Traceback (most recent call last):
  File ""<stdin>"", line 1, in <module>
  File ""/Users/miccoli/work/uvenv/bigdata/.venv/lib/python3.12/site-packages/numpy/_core/fromnumeric.py"", line 3858, in mean
    return mean(axis=axis, dtype=dtype, out=out, **kwargs)
           ^^^^^^^^^^^^^^^^^^^^^^^^^^^^^^^^^^^^^^^^^^^^^^^
TypeError: Series.mean() got an unexpected keyword argument 'axis'
>>> np.mean(np.asarray(a)) #works
np.float64(1.0)","I encountered an unexpected issue where numpy's mean function assumes objects with a 'mean' attribute behave exactly like numpy's implementation. When I assigned `a.mean = None` or a lambda, numpy's `np.mean(a)` crashed with type errors. This suggests numpy blindly uses object attributes without checking their signatures. Other libraries like polars face similar problems - `np.mean(pl.Series([0,1,2]))` fails while `np.mean(np.asarray(...))` works. I'm wondering if this is a documented interoperability limitation or a numpy bug.",Errors,numpy_numpy,issue,28024,Unknown,-1,1
283,numpy_numpy,issue,28024,"Since there is a well defined interoperability protocol I was assuming that it is safe to call numpy functions on foreign objects, until I discovered this strange behaviour:

>>> import numpy as np
>>> class Kls: pass
...
>>> a = Kls()
>>> a.mean = None
>>> np.mean(a)
Traceback (most recent call last):
  File ""<stdin>"", line 1, in <module>
  File ""/Users/miccoli/work/uvenv/bigdata/.venv/lib/python3.12/site-packages/numpy/_core/fromnumeric.py"", line 3858, in mean
    return mean(axis=axis, dtype=dtype, out=out, **kwargs)
           ^^^^^^^^^^^^^^^^^^^^^^^^^^^^^^^^^^^^^^^^^^^^^^^
TypeError: 'NoneType' object is not callable
>>> a.mean = lambda : 0
>>> np.mean(a)
Traceback (most recent call last):
  File ""<stdin>"", line 1, in <module>
  File ""/Users/miccoli/work/uvenv/bigdata/.venv/lib/python3.12/site-packages/numpy/_core/fromnumeric.py"", line 3858, in mean
    return mean(axis=axis, dtype=dtype, out=out, **kwargs)
           ^^^^^^^^^^^^^^^^^^^^^^^^^^^^^^^^^^^^^^^^^^^^^^^
TypeError: <lambda>() got an unexpected keyword argument 'axis'

So if np.mean(a) discovers that a has a mean attribute, it blindly assumes that it is a method with the same semantics and signature of np.mean.

This is crazy! numpy does not owns the mean method and in fact other libraries implemented it in different ways:

>>> import polars as pl
>>> a = pl.Series([0, 1, 2])
>>> np.mean(a) #broken
Traceback (most recent call last):
  File ""<stdin>"", line 1, in <module>
  File ""/Users/miccoli/work/uvenv/bigdata/.venv/lib/python3.12/site-packages/numpy/_core/fromnumeric.py"", line 3858, in mean
    return mean(axis=axis, dtype=dtype, out=out, **kwargs)
           ^^^^^^^^^^^^^^^^^^^^^^^^^^^^^^^^^^^^^^^^^^^^^^^
TypeError: Series.mean() got an unexpected keyword argument 'axis'
>>> np.mean(np.asarray(a)) #works
np.float64(1.0)","Numpy seems to have a dangerous assumption about object methods: I added a dummy `mean` attribute to a custom class, and `np.mean()` tried to use it directly. This breaks when the attribute isn't a method with the same signature as numpy's mean. For example, `a.mean = lambda: 0` produces keyword argument errors. The same problem occurs with polars Series objects - their `mean()` method doesn't accept 'axis' parameters. I'm concerned this undermines cross-library compatibility.",Errors,numpy_numpy,issue,28024,Unknown,-1,1
284,numpy_numpy,issue,28024,"Since there is a well defined interoperability protocol I was assuming that it is safe to call numpy functions on foreign objects, until I discovered this strange behaviour:

>>> import numpy as np
>>> class Kls: pass
...
>>> a = Kls()
>>> a.mean = None
>>> np.mean(a)
Traceback (most recent call last):
  File ""<stdin>"", line 1, in <module>
  File ""/Users/miccoli/work/uvenv/bigdata/.venv/lib/python3.12/site-packages/numpy/_core/fromnumeric.py"", line 3858, in mean
    return mean(axis=axis, dtype=dtype, out=out, **kwargs)
           ^^^^^^^^^^^^^^^^^^^^^^^^^^^^^^^^^^^^^^^^^^^^^^^
TypeError: 'NoneType' object is not callable
>>> a.mean = lambda : 0
>>> np.mean(a)
Traceback (most recent call last):
  File ""<stdin>"", line 1, in <module>
  File ""/Users/miccoli/work/uvenv/bigdata/.venv/lib/python3.12/site-packages/numpy/_core/fromnumeric.py"", line 3858, in mean
    return mean(axis=axis, dtype=dtype, out=out, **kwargs)
           ^^^^^^^^^^^^^^^^^^^^^^^^^^^^^^^^^^^^^^^^^^^^^^^
TypeError: <lambda>() got an unexpected keyword argument 'axis'

So if np.mean(a) discovers that a has a mean attribute, it blindly assumes that it is a method with the same semantics and signature of np.mean.

This is crazy! numpy does not owns the mean method and in fact other libraries implemented it in different ways:

>>> import polars as pl
>>> a = pl.Series([0, 1, 2])
>>> np.mean(a) #broken
Traceback (most recent call last):
  File ""<stdin>"", line 1, in <module>
  File ""/Users/miccoli/work/uvenv/bigdata/.venv/lib/python3.12/site-packages/numpy/_core/fromnumeric.py"", line 3858, in mean
    return mean(axis=axis, dtype=dtype, out=out, **kwargs)
           ^^^^^^^^^^^^^^^^^^^^^^^^^^^^^^^^^^^^^^^^^^^^^^^
TypeError: Series.mean() got an unexpected keyword argument 'axis'
>>> np.mean(np.asarray(a)) #works
np.float64(1.0)","I'm confused about numpy's behavior when calling object methods. When I defined `class Kls: pass` and added a `mean` attribute (even as None), `np.mean()` tried to use it directly instead of falling back to its own implementation. This causes crashes with unexpected signatures like `TypeError: <lambda>() got an unexpected keyword argument 'axis'`. The same issue affects polars Series objects - `np.mean(pl.Series([0,1,2]))` fails while `np.mean(np.array(...))` works. Is this expected behavior or a numpy design flaw?",Errors,numpy_numpy,issue,28024,Unknown,-1,1
285,numpy_numpy,issue,28024,"Since there is a well defined interoperability protocol I was assuming that it is safe to call numpy functions on foreign objects, until I discovered this strange behaviour:

>>> import numpy as np
>>> class Kls: pass
...
>>> a = Kls()
>>> a.mean = None
>>> np.mean(a)
Traceback (most recent call last):
  File ""<stdin>"", line 1, in <module>
  File ""/Users/miccoli/work/uvenv/bigdata/.venv/lib/python3.12/site-packages/numpy/_core/fromnumeric.py"", line 3858, in mean
    return mean(axis=axis, dtype=dtype, out=out, **kwargs)
           ^^^^^^^^^^^^^^^^^^^^^^^^^^^^^^^^^^^^^^^^^^^^^^^
TypeError: 'NoneType' object is not callable
>>> a.mean = lambda : 0
>>> np.mean(a)
Traceback (most recent call last):
  File ""<stdin>"", line 1, in <module>
  File ""/Users/miccoli/work/uvenv/bigdata/.venv/lib/python3.12/site-packages/numpy/_core/fromnumeric.py"", line 3858, in mean
    return mean(axis=axis, dtype=dtype, out=out, **kwargs)
           ^^^^^^^^^^^^^^^^^^^^^^^^^^^^^^^^^^^^^^^^^^^^^^^
TypeError: <lambda>() got an unexpected keyword argument 'axis'

So if np.mean(a) discovers that a has a mean attribute, it blindly assumes that it is a method with the same semantics and signature of np.mean.

This is crazy! numpy does not owns the mean method and in fact other libraries implemented it in different ways:

>>> import polars as pl
>>> a = pl.Series([0, 1, 2])
>>> np.mean(a) #broken
Traceback (most recent call last):
  File ""<stdin>"", line 1, in <module>
  File ""/Users/miccoli/work/uvenv/bigdata/.venv/lib/python3.12/site-packages/numpy/_core/fromnumeric.py"", line 3858, in mean
    return mean(axis=axis, dtype=dtype, out=out, **kwargs)
           ^^^^^^^^^^^^^^^^^^^^^^^^^^^^^^^^^^^^^^^^^^^^^^^
TypeError: Series.mean() got an unexpected keyword argument 'axis'
>>> np.mean(np.asarray(a)) #works
np.float64(1.0)","Numpy's interoperability with third-party objects appears to have a critical flaw. When I assigned a custom `mean` attribute to a class instance, numpy's `np.mean()` blindly used it without checking compatibility. This breaks when the attribute is None or has a different signature than numpy's mean. The problem isn't limited to my custom class - polars Series objects also fail with `np.mean(a)` but work with `np.mean(np.asarray(a))`. I'm not sure whether this is a documented limitation or if numpy should be more defensive in these cases.",Errors,numpy_numpy,issue,28024,Unknown,-1,1
286,numpy_numpy,issue,28024,"Since there is a well defined interoperability protocol I was assuming that it is safe to call numpy functions on foreign objects, until I discovered this strange behaviour:

>>> import numpy as np
>>> class Kls: pass
...
>>> a = Kls()
>>> a.mean = None
>>> np.mean(a)
Traceback (most recent call last):
  File ""<stdin>"", line 1, in <module>
  File ""/Users/miccoli/work/uvenv/bigdata/.venv/lib/python3.12/site-packages/numpy/_core/fromnumeric.py"", line 3858, in mean
    return mean(axis=axis, dtype=dtype, out=out, **kwargs)
           ^^^^^^^^^^^^^^^^^^^^^^^^^^^^^^^^^^^^^^^^^^^^^^^
TypeError: 'NoneType' object is not callable
>>> a.mean = lambda : 0
>>> np.mean(a)
Traceback (most recent call last):
  File ""<stdin>"", line 1, in <module>
  File ""/Users/miccoli/work/uvenv/bigdata/.venv/lib/python3.12/site-packages/numpy/_core/fromnumeric.py"", line 3858, in mean
    return mean(axis=axis, dtype=dtype, out=out, **kwargs)
           ^^^^^^^^^^^^^^^^^^^^^^^^^^^^^^^^^^^^^^^^^^^^^^^
TypeError: <lambda>() got an unexpected keyword argument 'axis'

So if np.mean(a) discovers that a has a mean attribute, it blindly assumes that it is a method with the same semantics and signature of np.mean.

This is crazy! numpy does not owns the mean method and in fact other libraries implemented it in different ways:

>>> import polars as pl
>>> a = pl.Series([0, 1, 2])
>>> np.mean(a) #broken
Traceback (most recent call last):
  File ""<stdin>"", line 1, in <module>
  File ""/Users/miccoli/work/uvenv/bigdata/.venv/lib/python3.12/site-packages/numpy/_core/fromnumeric.py"", line 3858, in mean
    return mean(axis=axis, dtype=dtype, out=out, **kwargs)
           ^^^^^^^^^^^^^^^^^^^^^^^^^^^^^^^^^^^^^^^^^^^^^^^
TypeError: Series.mean() got an unexpected keyword argument 'axis'
>>> np.mean(np.asarray(a)) #works
np.float64(1.0)","There's a strange inconsistency in numpy's method resolution: I created a class with a `mean` attribute set to None, and `np.mean()` tried to use it directly. This causes errors when the attribute isn't a method with numpy-compatible parameters. The same problem occurs with polars Series objects - their `mean()` method doesn't accept 'axis' parameters. While `np.mean(np.asarray(a))` works, this breaks cross-library compatibility. I'm wondering if this is an intentional design choice or a bug in numpy's dispatch logic.",Errors,numpy_numpy,issue,28024,Unknown,-1,1
287,numpy_numpy,issue,28024,"The behaviour was added a long time ago, commit 67940c3 in 2006.","This behavior originated from an earlier implementation, specifically in commit 67940c3 dating back to 2006.",Knowledge,numpy_numpy,issue,28024,Knowledge,0,0
288,numpy_numpy,issue,28024,"The behaviour was added a long time ago, commit 67940c3 in 2006.","The feature in question was introduced in 2006 through commit 67940c3, which has been part of the codebase for many years.",Knowledge,numpy_numpy,issue,28024,Knowledge,0,0
289,numpy_numpy,issue,28024,"The behaviour was added a long time ago, commit 67940c3 in 2006.","Looking at the commit history, this behavior can be traced to 2006 with the addition in commit 67940c3.",Knowledge,numpy_numpy,issue,28024,Knowledge,0,0
290,numpy_numpy,issue,28024,"The behaviour was added a long time ago, commit 67940c3 in 2006. That probably means that for backwards compatibility reasons we cannot change this behaviour.

Maybe we could change the implementation so that if an object has __array_function__ or __array_ufunc__ those are tried first. That still leaves the issue that numpy will call a.mean() for a=Kls() in the example above.","The current behavior has been in place since the original implementation in 2006 (commit 67940c3), and backward compatibility constraints likely prevent us from modifying it. While we could consider prioritizing __array_function__ or __array_ufunc__ in the implementation logic, this approach wouldn't resolve the issue where numpy still invokes a.mean() for instances of Kls in the example scenario.",Knowledge,numpy_numpy,issue,28024,Knowledge,0,0
291,numpy_numpy,issue,28024,"The behaviour was added a long time ago, commit 67940c3 in 2006. That probably means that for backwards compatibility reasons we cannot change this behaviour.

Maybe we could change the implementation so that if an object has __array_function__ or __array_ufunc__ those are tried first. That still leaves the issue that numpy will call a.mean() for a=Kls() in the example above.","This behavior was introduced in 2006 (commit 67940c3), and due to historical compatibility requirements, we probably can't alter it. A potential workaround would involve checking __array_function__ and __array_ufunc__ first, but the problem persists because numpy continues to execute a.mean() for objects of type Kls as demonstrated.",Knowledge,numpy_numpy,issue,28024,Knowledge,0,0
292,numpy_numpy,issue,28024,"The behaviour was added a long time ago, commit 67940c3 in 2006. That probably means that for backwards compatibility reasons we cannot change this behaviour.

Maybe we could change the implementation so that if an object has __array_function__ or __array_ufunc__ those are tried first. That still leaves the issue that numpy will call a.mean() for a=Kls() in the example above.","The legacy behavior from 2006 (commit 67940c3) is likely locked in by backward compatibility concerns. We might explore reordering the dispatch logic to prioritize __array_function__ or __array_ufunc__ overrides, though this wouldn't address the core issue where numpy still calls a.mean() for Kls instances in the example case.",Knowledge,numpy_numpy,issue,28024,Knowledge,0,0
293,numpy_numpy,issue,28024,"The behaviour was added a long time ago, commit 67940c3 in 2006. That probably means that for backwards compatibility reasons we cannot change this behaviour.

Maybe we could change the implementation so that if an object has __array_function__ or __array_ufunc__ those are tried first. That still leaves the issue that numpy will call a.mean() for a=Kls() in the example above.","This behavior has been part of the codebase since 2006 (commit 67940c3), and compatibility requirements make it unlikely we can change it. One idea is to prioritize __array_function__ or __array_ufunc__ in the dispatch order, but the problem remains unresolved since numpy still triggers a.mean() for Kls objects as shown.",Knowledge,numpy_numpy,issue,28024,Knowledge,0,0
294,numpy_numpy,issue,28024,"The behaviour was added a long time ago, commit 67940c3 in 2006. That probably means that for backwards compatibility reasons we cannot change this behaviour.

Maybe we could change the implementation so that if an object has __array_function__ or __array_ufunc__ those are tried first. That still leaves the issue that numpy will call a.mean() for a=Kls() in the example above.","The original implementation in 2006 (commit 67940c3) established this behavior, and backward compatibility restrictions likely prevent any modifications. While we could experiment with prioritizing __array_function__ or __array_ufunc__ in the code path, the example demonstrates that numpy still resolves to a.mean() for Kls instances, leaving the issue unaddressed.",Knowledge,numpy_numpy,issue,28024,Knowledge,0,0
295,numpy_numpy,issue,28024,"As @eendebakpt says, the problem here is that it is not clear what would happen if you changed it now that alternatives exist.
The main issue here I would expect to be pandas code, since dirty mixing of pandas and NumPy is pretty common, and users may be getting away with things there that they should not be getting away with.

So can we change it? Maybe, but it does require carefully thinking about how impactful the change is (it would make things error, which isn't so bad... but if there is a huge amount of code out there that starts failing that wouldn't be great).
","The core challenge is determining the consequences of modifying this behavior now that alternative approaches exist. Since pandas and NumPy interoperability often involves practices that should be discouraged, we need to evaluate whether this change would create widespread errors. The decision requires weighing the benefits against the risk of breaking existing codebases.",Known Unknown,numpy_numpy,issue,28024,Known,2,1
296,numpy_numpy,issue,28024,"As @eendebakpt says, the problem here is that it is not clear what would happen if you changed it now that alternatives exist.
The main issue here I would expect to be pandas code, since dirty mixing of pandas and NumPy is pretty common, and users may be getting away with things there that they should not be getting away with.

So can we change it? Maybe, but it does require carefully thinking about how impactful the change is (it would make things error, which isn't so bad... but if there is a huge amount of code out there that starts failing that wouldn't be great).
","One major concern is the uncertainty around how altering this functionality would affect users who rely on the current pandas-NumPy hybrid behavior. While the current implementation might allow unsafe practices, changing it could cause regressions in production systems. We should carefully analyze the potential scope of affected code before making any modifications.",Known Unknown,numpy_numpy,issue,28024,Known,2,1
297,numpy_numpy,issue,28024,"As @eendebakpt says, the problem here is that it is not clear what would happen if you changed it now that alternatives exist.
The main issue here I would expect to be pandas code, since dirty mixing of pandas and NumPy is pretty common, and users may be getting away with things there that they should not be getting away with.

So can we change it? Maybe, but it does require carefully thinking about how impactful the change is (it would make things error, which isn't so bad... but if there is a huge amount of code out there that starts failing that wouldn't be great).
","The dilemma here centers on whether to adjust this behavior now that better alternatives are available. The existing pattern of mixing pandas with NumPy might mask underlying issues, but changing it could introduce errors in user code that depends on the current behavior. This requires a thorough impact assessment to avoid unintended breakages.",Known Unknown,numpy_numpy,issue,28024,Known,2,1
298,numpy_numpy,issue,28024,"As @eendebakpt says, the problem here is that it is not clear what would happen if you changed it now that alternatives exist.
The main issue here I would expect to be pandas code, since dirty mixing of pandas and NumPy is pretty common, and users may be getting away with things there that they should not be getting away with.

So can we change it? Maybe, but it does require carefully thinking about how impactful the change is (it would make things error, which isn't so bad... but if there is a huge amount of code out there that starts failing that wouldn't be great).
","We need to address whether modifying this behavior is feasible given the existence of modern alternatives. The current approach involving pandas and NumPy might be a source of silent failures, but the change could disrupt existing implementations. Careful evaluation of backward compatibility and error surface is essential before proceeding.",Known Unknown,numpy_numpy,issue,28024,Known,2,1
299,numpy_numpy,issue,28024,"As @eendebakpt says, the problem here is that it is not clear what would happen if you changed it now that alternatives exist.
The main issue here I would expect to be pandas code, since dirty mixing of pandas and NumPy is pretty common, and users may be getting away with things there that they should not be getting away with.

So can we change it? Maybe, but it does require carefully thinking about how impactful the change is (it would make things error, which isn't so bad... but if there is a huge amount of code out there that starts failing that wouldn't be great).
","The key question is whether we should adjust this functionality now that better practices exist. The current pandas-NumPy interactions might be hiding problematic patterns, but altering this could cause real-world issues for users. We must analyze the tradeoff between improving correctness and maintaining compatibility with existing code.",Known Unknown,numpy_numpy,issue,28024,Known,2,1
300,numpy_numpy,issue,28024,"As @eendebakpt says, the problem here is that it is not clear what would happen if you changed it now that alternatives exist.
The main issue here I would expect to be pandas code, since dirty mixing of pandas and NumPy is pretty common, and users may be getting away with things there that they should not be getting away with.

So can we change it? Maybe, but it does require carefully thinking about how impactful the change is (it would make things error, which isn't so bad... but if there is a huge amount of code out there that starts failing that wouldn't be great).
","Changing this behavior presents a tricky situation since users may be relying on the current pandas-NumPy integration despite its shortcomings. While the alternatives exist, the transition could lead to widespread errors. We need to determine the extent of this dependency before making any changes.",Known Unknown,numpy_numpy,issue,28024,Known,2,1
301,numpy_numpy,issue,28024,"As @eendebakpt says, the problem here is that it is not clear what would happen if you changed it now that alternatives exist.
The main issue here I would expect to be pandas code, since dirty mixing of pandas and NumPy is pretty common, and users may be getting away with things there that they should not be getting away with.

So can we change it? Maybe, but it does require carefully thinking about how impactful the change is (it would make things error, which isn't so bad... but if there is a huge amount of code out there that starts failing that wouldn't be great).
","The primary issue is whether to modify this functionality now that alternatives are available. The current implementation allows questionable pandas-NumPy mixing that might need correction, but this change could break existing code. A careful impact analysis is necessary to understand the tradeoffs involved.",Known Unknown,numpy_numpy,issue,28024,Known,2,1
302,numpy_numpy,issue,28024,"Hmmm, I doubt that this changes the situation much (w.r.t how disruptive the change would be).
In the end, won't many/most of the problematic objects (e.g. pandas dataframe, or even torch tensors) already have an __array__ attribute, but still return their own type for np.mean() right now?
(IIRC, np.asarray(torch) raises an error, which is also disruptive, but maybe more desirable.)

I wonder if we could nudge libraries towards implementing __array_function__. Although, I am not sure that is quite convenient enough for having partial support.

Could there be a (very slow) deprecation path for this? Right now, I am not sure...","I'm uncertain whether this change would significantly alter the current situation (regarding how disruptive it would be). For instance, won't most problematic objects like pandas DataFrames or PyTorch tensors already have an __array__ method but still return their native types when used with np.mean()? I recall that np.asarray(torch.Tensor) currently raises an error, which is disruptive but perhaps more intentional. Would encouraging libraries to adopt __array_function__ be a viable path forward, even though partial support might not be practical? A slow deprecation strategy could help, but I'm not sure how feasible that is.",Known Unknown,numpy_numpy,issue,28024,Irrelevant,2,1
303,numpy_numpy,issue,28024,"Hmmm, I doubt that this changes the situation much (w.r.t how disruptive the change would be).
In the end, won't many/most of the problematic objects (e.g. pandas dataframe, or even torch tensors) already have an __array__ attribute, but still return their own type for np.mean() right now?
(IIRC, np.asarray(torch) raises an error, which is also disruptive, but maybe more desirable.)

I wonder if we could nudge libraries towards implementing __array_function__. Although, I am not sure that is quite convenient enough for having partial support.

Could there be a (very slow) deprecation path for this? Right now, I am not sure...","Does this proposed change realistically address the disruption caused by current behaviors? Many objects like pandas DataFrames already implement __array__ but still return their own types for NumPy operations like np.mean(). The np.asarray(torch.Tensor) error is disruptive but arguably preferable. Could we push libraries toward __array_function__ adoption, even if it's not fully convenient for partial support? A gradual deprecation approach might exist, but I'm unsure of the practicality.",Known Unknown,numpy_numpy,issue,28024,Irrelevant,2,1
304,numpy_numpy,issue,28024,"Hmmm, I doubt that this changes the situation much (w.r.t how disruptive the change would be).
In the end, won't many/most of the problematic objects (e.g. pandas dataframe, or even torch tensors) already have an __array__ attribute, but still return their own type for np.mean() right now?
(IIRC, np.asarray(torch) raises an error, which is also disruptive, but maybe more desirable.)

I wonder if we could nudge libraries towards implementing __array_function__. Although, I am not sure that is quite convenient enough for having partial support.

Could there be a (very slow) deprecation path for this? Right now, I am not sure...","I'm not convinced this change would drastically impact the status quo. For example, most problematic objects (like pandas DataFrames or PyTorch tensors) already have __array__ methods but still return their own types for NumPy functions like np.mean(). The current np.asarray(torch.Tensor) error is disruptive but possibly desirable. Should we advocate for __array_function__ adoption despite its partial support challenges? A slow deprecation path might exist, but I'm uncertain about its viability.",Known Unknown,numpy_numpy,issue,28024,Irrelevant,2,1
305,numpy_numpy,issue,28024,"Hmmm, I doubt that this changes the situation much (w.r.t how disruptive the change would be).
In the end, won't many/most of the problematic objects (e.g. pandas dataframe, or even torch tensors) already have an __array__ attribute, but still return their own type for np.mean() right now?
(IIRC, np.asarray(torch) raises an error, which is also disruptive, but maybe more desirable.)

I wonder if we could nudge libraries towards implementing __array_function__. Although, I am not sure that is quite convenient enough for having partial support.

Could there be a (very slow) deprecation path for this? Right now, I am not sure...","The disruption caused by this change feels limited. Many objects (e.g., pandas DataFrames, PyTorch tensors) already have __array__ methods but retain their types when using np.mean(). The np.asarray(torch.Tensor) error is disruptive but arguably intentional. Would promoting __array_function__ adoption be worth the effort, even with partial support limitations? A gradual deprecation plan could work, but I'm unsure how to implement it.",Known Unknown,numpy_numpy,issue,28024,Irrelevant,2,1
306,numpy_numpy,issue,28024,"Hmmm, I doubt that this changes the situation much (w.r.t how disruptive the change would be).
In the end, won't many/most of the problematic objects (e.g. pandas dataframe, or even torch tensors) already have an __array__ attribute, but still return their own type for np.mean() right now?
(IIRC, np.asarray(torch) raises an error, which is also disruptive, but maybe more desirable.)

I wonder if we could nudge libraries towards implementing __array_function__. Although, I am not sure that is quite convenient enough for having partial support.

Could there be a (very slow) deprecation path for this? Right now, I am not sure...","I'm skeptical about the magnitude of this change's impact. For instance, won't most problematic objects already implement __array__ but still return their native types for np.mean()? The np.asarray(torch.Tensor) error is disruptive but potentially desirable. Could encouraging __array_function__ adoption help, even if it's inconvenient for partial support? A slow deprecation strategy might exist, but I'm uncertain about the logistics.",Known Unknown,numpy_numpy,issue,28024,Irrelevant,2,1
307,numpy_numpy,issue,18004,"It seems odd that this doesn't work, and it feels like it should... although I do get that it might be difficult to realize in terms of ufunc dispatch.","I'm confused why this behavior isn't working as expected—it feels like it should function correctly. However, I can see how implementing this with ufunc dispatch might present technical challenges. Is there a reason why this specific behavior occurs despite the apparent simplicity?",Unknown unknown,numpy_numpy,issue,18004,Unknown,1,1
308,numpy_numpy,issue,18004,"It seems odd that this doesn't work, and it feels like it should... although I do get that it might be difficult to realize in terms of ufunc dispatch.","This seems like it should work intuitively, but the current implementation isn't behaving as I anticipated. I understand that ufunc dispatch mechanisms could complicate things, but the discrepancy still feels unintuitive. Could someone clarify if this is a limitation of the system or an oversight in the design?",Unknown unknown,numpy_numpy,issue,18004,Unknown,1,1
309,numpy_numpy,issue,18004,"It seems odd that this doesn't work, and it feels like it should... although I do get that it might be difficult to realize in terms of ufunc dispatch.","It's puzzling that this doesn't work as I'd expect, even though I can appreciate the difficulty in handling ufunc dispatch properly. The behavior feels like it should be straightforward, but the underlying mechanics might be causing this inconsistency. Is this an edge case that's hard to resolve with the current dispatch framework?",Unknown unknown,numpy_numpy,issue,18004,Unknown,1,1
310,numpy_numpy,issue,18004,"It seems odd that this doesn't work, and it feels like it should... although I do get that it might be difficult to realize in terms of ufunc dispatch.","I'm encountering a situation where the code doesn't work as I'd assume it should, and I'm not sure why. While I recognize that ufunc dispatch could be a contributing factor, the issue still feels like it should be resolvable. Are there known constraints in the ufunc system that make this behavior unavoidable?",Unknown unknown,numpy_numpy,issue,18004,Unknown,1,1
311,numpy_numpy,issue,18004,"It seems odd that this doesn't work, and it feels like it should... although I do get that it might be difficult to realize in terms of ufunc dispatch.","This behavior feels counterintuitive—it should work, but it doesn't. I suspect the complexity of ufunc dispatch might be part of the reason, but I'm not certain. Could someone explain whether this is a deliberate design choice or a technical limitation in how ufuncs are handled?",Unknown unknown,numpy_numpy,issue,18004,Unknown,1,1
312,numpy_numpy,issue,18004,Not sure how you are getting an object array here.,I'm confused about how this code is producing an object array instead of a numeric array. Could you explain what step might be causing this type conversion?,Known Unknown,numpy_numpy,issue,18004,Unknown,2,1
313,numpy_numpy,issue,18004,Not sure how you are getting an object array here.,I'm not sure why the array is being created as an object type here. Is there something in the input data or the processing logic that would lead to this outcome?,Known Unknown,numpy_numpy,issue,18004,Unknown,2,1
314,numpy_numpy,issue,18004,Not sure how you are getting an object array here.,Can someone clarify how the object array is being generated in this context? I expected a different data type based on the inputs and operations.,Known Unknown,numpy_numpy,issue,18004,Unknown,2,1
315,numpy_numpy,issue,18004,Not sure how you are getting an object array here.,I'm struggling to understand how this operation results in an object array. What aspect of the implementation might be responsible for this behavior?,Known Unknown,numpy_numpy,issue,18004,Unknown,2,1
316,numpy_numpy,issue,18004,Not sure how you are getting an object array here.,I'm unsure about the mechanism causing an object array to appear here. Could this be related to how the data is being initialized or transformed?,Known Unknown,numpy_numpy,issue,18004,Unknown,2,1
317,numpy_numpy,issue,18004,"The error is referring to the fact that float(1).exp() fails. NumPy does not go to much effort to handle functions on object arrays. In general object arrays will never really be fully integrated into NumPy, and maybe were a mistake in the first place, but are convenient for some container-like applications. Object dtypes are ""out of scope"" for the Array API standard (point 4).","The error arises because `float(1).exp()` is unsupported, demonstrating NumPy's limited handling of object arrays. These arrays aren't fully integrated into NumPy's ecosystem and may represent a historical design choice with inherent trade-offs, despite being useful for container-like structures. The Array API standard explicitly excludes object dtypes from its scope (section 4), contributing to this limitation.",Knowledge,numpy_numpy,issue,18004,Knowledge,0,0
318,numpy_numpy,issue,18004,"The error is referring to the fact that float(1).exp() fails. NumPy does not go to much effort to handle functions on object arrays. In general object arrays will never really be fully integrated into NumPy, and maybe were a mistake in the first place, but are convenient for some container-like applications. Object dtypes are ""out of scope"" for the Array API standard (point 4).","NumPy's lack of robust handling for object arrays causes `float(1).exp()` to fail. While object arrays offer convenience for container-like applications, they are not deeply integrated into NumPy's operations and are excluded from the Array API standard (point 4). This suggests their use case is niche and potentially problematic for numerical computations.",Knowledge,numpy_numpy,issue,18004,Knowledge,0,0
319,numpy_numpy,issue,18004,"The error is referring to the fact that float(1).exp() fails. NumPy does not go to much effort to handle functions on object arrays. In general object arrays will never really be fully integrated into NumPy, and maybe were a mistake in the first place, but are convenient for some container-like applications. Object dtypes are ""out of scope"" for the Array API standard (point 4).","The error highlights NumPy's minimal support for object arrays, as seen in the failure of `float(1).exp()`. Object dtypes are not fully compatible with NumPy's core operations and are intentionally excluded from the Array API standard (section 4). Their existence in NumPy likely reflects a convenience-driven design decision rather than a robust computational solution.",Knowledge,numpy_numpy,issue,18004,Knowledge,0,0
320,numpy_numpy,issue,18004,"The error is referring to the fact that float(1).exp() fails. NumPy does not go to much effort to handle functions on object arrays. In general object arrays will never really be fully integrated into NumPy, and maybe were a mistake in the first place, but are convenient for some container-like applications. Object dtypes are ""out of scope"" for the Array API standard (point 4).","When using `float(1).exp()`, the error occurs because NumPy does not robustly support object arrays. These arrays are not fully integrated into the Array API standard (point 4) and are better suited for container-like tasks rather than numerical operations. This limitation underscores the trade-offs made in their design and implementation.",Knowledge,numpy_numpy,issue,18004,Knowledge,0,0
321,numpy_numpy,issue,18004,"The error is referring to the fact that float(1).exp() fails. NumPy does not go to much effort to handle functions on object arrays. In general object arrays will never really be fully integrated into NumPy, and maybe were a mistake in the first place, but are convenient for some container-like applications. Object dtypes are ""out of scope"" for the Array API standard (point 4).","The failure of `float(1).exp()` illustrates NumPy's inadequate handling of object arrays. These arrays, while convenient for certain applications, are not fully compatible with NumPy's operations and are excluded from the Array API standard (section 4). This exclusion reflects their limited role in numerical computing frameworks.",Knowledge,numpy_numpy,issue,18004,Knowledge,0,0
322,numpy_numpy,issue,18004,"The error is referring to the fact that float(1).exp() fails. NumPy does not go to much effort to handle functions on object arrays. In general object arrays will never really be fully integrated into NumPy, and maybe were a mistake in the first place, but are convenient for some container-like applications. Object dtypes are ""out of scope"" for the Array API standard (point 4).","NumPy's approach to object arrays is evident in the error produced by `float(1).exp()`. Object dtypes are not deeply integrated into NumPy's ecosystem and are excluded from the Array API standard (point 4). Their use case is constrained to container-like scenarios, highlighting potential design limitations in their implementation.",Knowledge,numpy_numpy,issue,18004,Knowledge,0,0
323,numpy_numpy,issue,18004,"The error is referring to the fact that float(1).exp() fails. NumPy does not go to much effort to handle functions on object arrays. In general object arrays will never really be fully integrated into NumPy, and maybe were a mistake in the first place, but are convenient for some container-like applications. Object dtypes are ""out of scope"" for the Array API standard (point 4).",The error with `float(1).exp()` stems from NumPy's minimal support for object arrays. These arrays are not fully compatible with the Array API standard (section 4) and are better suited for container-like purposes. This reflects a design choice where convenience is prioritized over computational robustness.,Knowledge,numpy_numpy,issue,18004,Knowledge,0,0
324,numpy_numpy,issue,18004,"The error is referring to the fact that float(1).exp() fails. NumPy does not go to much effort to handle functions on object arrays. In general object arrays will never really be fully integrated into NumPy, and maybe were a mistake in the first place, but are convenient for some container-like applications. Object dtypes are ""out of scope"" for the Array API standard (point 4).",Calling `float(1).exp()` triggers an error due to NumPy's limited handling of object arrays. These arrays are not seamlessly integrated into NumPy and are excluded from the Array API standard (point 4). Their existence in NumPy likely represents a trade-off between flexibility and computational efficiency.,Knowledge,numpy_numpy,issue,18004,Knowledge,0,0
325,numpy_numpy,issue,18004,"The error is referring to the fact that float(1).exp() fails. NumPy does not go to much effort to handle functions on object arrays. In general object arrays will never really be fully integrated into NumPy, and maybe were a mistake in the first place, but are convenient for some container-like applications. Object dtypes are ""out of scope"" for the Array API standard (point 4).",The failure of `float(1).exp()` demonstrates NumPy's inadequate support for object arrays. These arrays are not fully integrated into the Array API standard (section 4) and are better used for container-like applications. This limitation underscores the inherent challenges in their design and implementation.,Knowledge,numpy_numpy,issue,18004,Knowledge,0,0
326,numpy_numpy,issue,18004,"The error is referring to the fact that float(1).exp() fails. NumPy does not go to much effort to handle functions on object arrays. In general object arrays will never really be fully integrated into NumPy, and maybe were a mistake in the first place, but are convenient for some container-like applications. Object dtypes are ""out of scope"" for the Array API standard (point 4).","The error highlights NumPy's lack of robust handling for object arrays, as seen in the failure of `float(1).exp()`. Object dtypes are excluded from the Array API standard (point 4) and are not fully compatible with numerical operations. Their use case is constrained to scenarios where container-like behavior is prioritized over computational efficiency.",Knowledge,numpy_numpy,issue,18004,Knowledge,0,0
327,numpy_numpy,issue,18004,"@mattip under the Discussion banner, my comment was more directed at why a = np.array([1., 2.], dtype=object) would be cast as an object array in the first place. Or perhaps it was the result of some process that casts all outputs as object arrays. Accounting for all cases where things may fail is a lost cause. This may be one example of the deprecation warnings might be useful, but where do you stop? You have one for ragged arrays (VisibleDeprecationWarning: Creating an ndarray from ragged nested sequences....), do you then have to provide one for arrays that shouldn't be cast as object arrays?","I'm confused about why `np.array([1., 2.], dtype=object)` results in an object array by default. Is this behavior intentional, or could it be a side effect of some upstream process that automatically casts arrays to objects? I'm struggling to understand where the boundary lies between acceptable and problematic object array usage, especially when deprecation warnings exist for ragged arrays but not for these cases.",Known Unknown,numpy_numpy,issue,18004,Known,2,1
328,numpy_numpy,issue,18004,"@mattip under the Discussion banner, my comment was more directed at why a = np.array([1., 2.], dtype=object) would be cast as an object array in the first place. Or perhaps it was the result of some process that casts all outputs as object arrays. Accounting for all cases where things may fail is a lost cause. This may be one example of the deprecation warnings might be useful, but where do you stop? You have one for ragged arrays (VisibleDeprecationWarning: Creating an ndarray from ragged nested sequences....), do you then have to provide one for arrays that shouldn't be cast as object arrays?","Why does NumPy treat `np.array([1., 2.], dtype=object)` as an object array rather than a numeric type? I'm concerned about scenarios where this casting might hide bugs, and it's unclear whether deprecation warnings should cover both ragged arrays and unintended object array creation. Where do we draw the line between helpful warnings and overcomplicating the ecosystem?",Known Unknown,numpy_numpy,issue,18004,Known,2,1
329,numpy_numpy,issue,18004,"@mattip under the Discussion banner, my comment was more directed at why a = np.array([1., 2.], dtype=object) would be cast as an object array in the first place. Or perhaps it was the result of some process that casts all outputs as object arrays. Accounting for all cases where things may fail is a lost cause. This may be one example of the deprecation warnings might be useful, but where do you stop? You have one for ragged arrays (VisibleDeprecationWarning: Creating an ndarray from ragged nested sequences....), do you then have to provide one for arrays that shouldn't be cast as object arrays?","The creation of an object array via `np.array([1., 2.], dtype=object)` feels counterintuitive to me. Is this behavior a design choice or a symptom of an upstream issue that forces object casting? I'm also uncertain how to balance deprecation warnings—should we warn about all ambiguous object array usage, or only specific patterns like ragged arrays?",Known Unknown,numpy_numpy,issue,18004,Known,2,1
330,numpy_numpy,issue,18004,"@mattip under the Discussion banner, my comment was more directed at why a = np.array([1., 2.], dtype=object) would be cast as an object array in the first place. Or perhaps it was the result of some process that casts all outputs as object arrays. Accounting for all cases where things may fail is a lost cause. This may be one example of the deprecation warnings might be useful, but where do you stop? You have one for ragged arrays (VisibleDeprecationWarning: Creating an ndarray from ragged nested sequences....), do you then have to provide one for arrays that shouldn't be cast as object arrays?","I'm questioning why `np.array([1., 2.], dtype=object)` produces an object array instead of maintaining numeric types. Could this be a symptom of processes that globally cast outputs to objects? The deprecation system feels inconsistent: we have warnings for ragged arrays, but should we also flag cases where object arrays might be unintentional?",Known Unknown,numpy_numpy,issue,18004,Known,2,1
331,numpy_numpy,issue,18004,"@mattip under the Discussion banner, my comment was more directed at why a = np.array([1., 2.], dtype=object) would be cast as an object array in the first place. Or perhaps it was the result of some process that casts all outputs as object arrays. Accounting for all cases where things may fail is a lost cause. This may be one example of the deprecation warnings might be useful, but where do you stop? You have one for ragged arrays (VisibleDeprecationWarning: Creating an ndarray from ragged nested sequences....), do you then have to provide one for arrays that shouldn't be cast as object arrays?","When I create `np.array([1., 2.], dtype=object)`, the resulting object array feels unexpected. Is this a valid use case or an unintended consequence of some casting mechanism? I'm torn about deprecation warnings—while they help catch ragged arrays, should we also warn about other 'problematic' object array patterns to prevent silent bugs?",Known Unknown,numpy_numpy,issue,18004,Known,2,1
332,numpy_numpy,issue,17669,"This issue is motivated by ongoing work in SciPy to improve the existing multivariate distributions and add new ones. We'd like to be sure that, if possible, enhancements that we make remain consistent with the current and future behavior of NumPy's multivariate distributions.

The specific issue is how the size parameter interacts with broadcasting of the distribution parameters, some of which are 1-d or 2-d arrays rather than scalars.

I'm going to refer to gufunc broadcasting, so it will be helpful to have the gufunc signatures of the existing multivariate distributions (even though they are not actually implemented as gufuncs):

Name                         Parameters      Gufunc signature
---------------------------  --------------  ----------------
dirichlet                    alpha           (n)       -> (n)
multinomial                  n, pvals        (),(n)    -> (n)
multivariate_normal          mean, cov       (n),(n,n) -> (n)
multivariate_hypergeometric  colors, nsample (n),()    -> (n)

@bashtage has a pull request to add broadcasting to multinomial. As an example, suppose I have four values of n, say 2, 5, 10 and 20, and I have two discrete probability distributions of length 3, say [0.1, 0.2, 0.7] and [0.8, 0.2, 0.0], and I want to generate 10 multinomial variates for each combination of those inputs. With the code in @bashtage's PR, we can write:

In [85]: n = np.array([2, 5, 10, 20]).reshape(-1, 1)

In [86]: pvals = np.array([[0.1, 0.2, 0.7], [0.8, 0.2, 0.0]])

In [87]: rng = np.random.default_rng()

In [88]: x = rng.multinomial(n, pvals, size=(10, 4, 2))

In [89]: x.shape
Out[89]: (10, 4, 2, 3)

The shape of the output has three sources: (10,) is the number of variates that we wanted for each combination of input parameters; (4, 2) is the broadcast shape of the input parameters, without the dimension associated with the gufunc signature; (3,) is the dimension associated with each variate.

Note that size is not the shape of the output array--size does not include the dimension associated with the variates themselves.

The question is how to adapt this to the other multivariate distribution methods.","Our current work in SciPy to modernize multivariate distributions requires ensuring compatibility with NumPy's evolving behavior. A key challenge is determining how the 'size' parameter interacts with broadcasting of array-shaped distribution parameters (like 1D/2D arrays). For example, @bashtage's multinomial implementation in a PR demonstrates broadcasting with parameters like n and pvals, where the output shape combines the size parameter, input broadcast dimensions, and variate dimension. We need to understand how to consistently apply this pattern to distributions like multivariate_normal and dirichlet while maintaining alignment with gufunc-style signatures.",Known Unknown,numpy_numpy,issue,17669,Known,2,1
333,numpy_numpy,issue,17669,"This issue is motivated by ongoing work in SciPy to improve the existing multivariate distributions and add new ones. We'd like to be sure that, if possible, enhancements that we make remain consistent with the current and future behavior of NumPy's multivariate distributions.

The specific issue is how the size parameter interacts with broadcasting of the distribution parameters, some of which are 1-d or 2-d arrays rather than scalars.

I'm going to refer to gufunc broadcasting, so it will be helpful to have the gufunc signatures of the existing multivariate distributions (even though they are not actually implemented as gufuncs):

Name                         Parameters      Gufunc signature
---------------------------  --------------  ----------------
dirichlet                    alpha           (n)       -> (n)
multinomial                  n, pvals        (),(n)    -> (n)
multivariate_normal          mean, cov       (n),(n,n) -> (n)
multivariate_hypergeometric  colors, nsample (n),()    -> (n)

@bashtage has a pull request to add broadcasting to multinomial. As an example, suppose I have four values of n, say 2, 5, 10 and 20, and I have two discrete probability distributions of length 3, say [0.1, 0.2, 0.7] and [0.8, 0.2, 0.0], and I want to generate 10 multinomial variates for each combination of those inputs. With the code in @bashtage's PR, we can write:

In [85]: n = np.array([2, 5, 10, 20]).reshape(-1, 1)

In [86]: pvals = np.array([[0.1, 0.2, 0.7], [0.8, 0.2, 0.0]])

In [87]: rng = np.random.default_rng()

In [88]: x = rng.multinomial(n, pvals, size=(10, 4, 2))

In [89]: x.shape
Out[89]: (10, 4, 2, 3)

The shape of the output has three sources: (10,) is the number of variates that we wanted for each combination of input parameters; (4, 2) is the broadcast shape of the input parameters, without the dimension associated with the gufunc signature; (3,) is the dimension associated with each variate.

Note that size is not the shape of the output array--size does not include the dimension associated with the variates themselves.

The question is how to adapt this to the other multivariate distribution methods.","This effort stems from enhancing SciPy's multivariate distributions while maintaining consistency with NumPy's broadcasting rules. The critical question is how the 'size' parameter should interact with array-valued distribution parameters of varying dimensions. Consider a scenario with 4 different n values and 2 probability distributions: the current multinomial implementation produces output shapes that combine (size parameter) × (broadcasted input shape) × (variate dimension). We seek guidance on adapting this broadcasting logic to other multivariate distributions like multivariate_hypergeometric, ensuring consistent behavior across the ecosystem.",Known Unknown,numpy_numpy,issue,17669,Known,2,1
334,numpy_numpy,issue,17669,"This issue is motivated by ongoing work in SciPy to improve the existing multivariate distributions and add new ones. We'd like to be sure that, if possible, enhancements that we make remain consistent with the current and future behavior of NumPy's multivariate distributions.

The specific issue is how the size parameter interacts with broadcasting of the distribution parameters, some of which are 1-d or 2-d arrays rather than scalars.

I'm going to refer to gufunc broadcasting, so it will be helpful to have the gufunc signatures of the existing multivariate distributions (even though they are not actually implemented as gufuncs):

Name                         Parameters      Gufunc signature
---------------------------  --------------  ----------------
dirichlet                    alpha           (n)       -> (n)
multinomial                  n, pvals        (),(n)    -> (n)
multivariate_normal          mean, cov       (n),(n,n) -> (n)
multivariate_hypergeometric  colors, nsample (n),()    -> (n)

@bashtage has a pull request to add broadcasting to multinomial. As an example, suppose I have four values of n, say 2, 5, 10 and 20, and I have two discrete probability distributions of length 3, say [0.1, 0.2, 0.7] and [0.8, 0.2, 0.0], and I want to generate 10 multinomial variates for each combination of those inputs. With the code in @bashtage's PR, we can write:

In [85]: n = np.array([2, 5, 10, 20]).reshape(-1, 1)

In [86]: pvals = np.array([[0.1, 0.2, 0.7], [0.8, 0.2, 0.0]])

In [87]: rng = np.random.default_rng()

In [88]: x = rng.multinomial(n, pvals, size=(10, 4, 2))

In [89]: x.shape
Out[89]: (10, 4, 2, 3)

The shape of the output has three sources: (10,) is the number of variates that we wanted for each combination of input parameters; (4, 2) is the broadcast shape of the input parameters, without the dimension associated with the gufunc signature; (3,) is the dimension associated with each variate.

Note that size is not the shape of the output array--size does not include the dimension associated with the variates themselves.

The question is how to adapt this to the other multivariate distribution methods.","As we expand SciPy's multivariate distribution capabilities, we must ensure compatibility with NumPy's broadcasting semantics. The interaction between the 'size' parameter and array-shaped parameters (e.g., 1D mean vectors or 2D covariance matrices) requires careful analysis. For instance, the multinomial distribution in @bashtage's PR demonstrates how broadcasting combines input parameters and the 'size' to form output shapes. How can we replicate this pattern for distributions like multivariate_normal, where the gufunc signature includes (n) and (n,n) parameters, while avoiding shape inconsistencies?",Known Unknown,numpy_numpy,issue,17669,Known,2,1
335,numpy_numpy,issue,17669,"This issue is motivated by ongoing work in SciPy to improve the existing multivariate distributions and add new ones. We'd like to be sure that, if possible, enhancements that we make remain consistent with the current and future behavior of NumPy's multivariate distributions.

The specific issue is how the size parameter interacts with broadcasting of the distribution parameters, some of which are 1-d or 2-d arrays rather than scalars.

I'm going to refer to gufunc broadcasting, so it will be helpful to have the gufunc signatures of the existing multivariate distributions (even though they are not actually implemented as gufuncs):

Name                         Parameters      Gufunc signature
---------------------------  --------------  ----------------
dirichlet                    alpha           (n)       -> (n)
multinomial                  n, pvals        (),(n)    -> (n)
multivariate_normal          mean, cov       (n),(n,n) -> (n)
multivariate_hypergeometric  colors, nsample (n),()    -> (n)

@bashtage has a pull request to add broadcasting to multinomial. As an example, suppose I have four values of n, say 2, 5, 10 and 20, and I have two discrete probability distributions of length 3, say [0.1, 0.2, 0.7] and [0.8, 0.2, 0.0], and I want to generate 10 multinomial variates for each combination of those inputs. With the code in @bashtage's PR, we can write:

In [85]: n = np.array([2, 5, 10, 20]).reshape(-1, 1)

In [86]: pvals = np.array([[0.1, 0.2, 0.7], [0.8, 0.2, 0.0]])

In [87]: rng = np.random.default_rng()

In [88]: x = rng.multinomial(n, pvals, size=(10, 4, 2))

In [89]: x.shape
Out[89]: (10, 4, 2, 3)

The shape of the output has three sources: (10,) is the number of variates that we wanted for each combination of input parameters; (4, 2) is the broadcast shape of the input parameters, without the dimension associated with the gufunc signature; (3,) is the dimension associated with each variate.

Note that size is not the shape of the output array--size does not include the dimension associated with the variates themselves.

The question is how to adapt this to the other multivariate distribution methods.","Our goal to improve multivariate distributions in SciPy raises important questions about broadcasting consistency with NumPy. The 'size' parameter's interaction with array inputs (like 1D/2D parameters) needs careful alignment. A concrete example with the multinomial distribution shows how parameters like n and pvals broadcast to produce output shapes combining (number of samples) × (broadcasted input shape) × (variate dimension). We're seeking clarity on how to generalize this approach to other distributions, such as dirichlet or multivariate_hypergeometric, while preserving gufunc-style signatures.",Known Unknown,numpy_numpy,issue,17669,Known,2,1
336,numpy_numpy,issue,17669,"This issue is motivated by ongoing work in SciPy to improve the existing multivariate distributions and add new ones. We'd like to be sure that, if possible, enhancements that we make remain consistent with the current and future behavior of NumPy's multivariate distributions.

The specific issue is how the size parameter interacts with broadcasting of the distribution parameters, some of which are 1-d or 2-d arrays rather than scalars.

I'm going to refer to gufunc broadcasting, so it will be helpful to have the gufunc signatures of the existing multivariate distributions (even though they are not actually implemented as gufuncs):

Name                         Parameters      Gufunc signature
---------------------------  --------------  ----------------
dirichlet                    alpha           (n)       -> (n)
multinomial                  n, pvals        (),(n)    -> (n)
multivariate_normal          mean, cov       (n),(n,n) -> (n)
multivariate_hypergeometric  colors, nsample (n),()    -> (n)

@bashtage has a pull request to add broadcasting to multinomial. As an example, suppose I have four values of n, say 2, 5, 10 and 20, and I have two discrete probability distributions of length 3, say [0.1, 0.2, 0.7] and [0.8, 0.2, 0.0], and I want to generate 10 multinomial variates for each combination of those inputs. With the code in @bashtage's PR, we can write:

In [85]: n = np.array([2, 5, 10, 20]).reshape(-1, 1)

In [86]: pvals = np.array([[0.1, 0.2, 0.7], [0.8, 0.2, 0.0]])

In [87]: rng = np.random.default_rng()

In [88]: x = rng.multinomial(n, pvals, size=(10, 4, 2))

In [89]: x.shape
Out[89]: (10, 4, 2, 3)

The shape of the output has three sources: (10,) is the number of variates that we wanted for each combination of input parameters; (4, 2) is the broadcast shape of the input parameters, without the dimension associated with the gufunc signature; (3,) is the dimension associated with each variate.

Note that size is not the shape of the output array--size does not include the dimension associated with the variates themselves.

The question is how to adapt this to the other multivariate distribution methods.","This issue arises from SciPy's efforts to enhance multivariate distributions while maintaining compatibility with NumPy's behavior. A core challenge is defining how the 'size' parameter interacts with broadcasting when parameters are arrays rather than scalars. The multinomial distribution's implementation in a recent PR demonstrates this with examples where output shapes combine (number of samples) × (broadcasted input shape) × (variate dimension). We need to determine how to consistently apply this pattern to other distributions, such as multivariate_normal with (n,n) covariance matrices, to ensure uniform behavior across the library.",Known Unknown,numpy_numpy,issue,17669,Known,2,1
337,numpy_numpy,issue,29217,I am not sure that this was ever an intentional feature of the file format.,"I'm uncertain whether this behavior was an intentional part of the file format specification. The current implementation seems to exhibit this pattern, but I can't confirm if it was a deliberate design choice by the developers. Could this be an unintended side effect of how the format was structured?",Unknown unknown,numpy_numpy,issue,29217,,1,1
338,numpy_numpy,issue,29217,I am not sure that this was ever an intentional feature of the file format.,I don't believe this was originally intended as a feature in the file format. The way it's behaving now might be a coincidence or a result of other design constraints. Is there any documentation or evidence suggesting that this was a planned characteristic?,Unknown unknown,numpy_numpy,issue,29217,,1,1
339,numpy_numpy,issue,29217,I am not sure that this was ever an intentional feature of the file format.,This doesn't seem like an intentional feature of the file format. I'm wondering if it's a byproduct of how the format was implemented rather than a designed aspect. Has anyone else noticed this and can confirm its intended status?,Unknown unknown,numpy_numpy,issue,29217,,1,1
340,numpy_numpy,issue,29217,Such files are invalid according to the format definition (we do say that the number of bytes can be determined from the shape).,The format specification explicitly requires that byte counts must be calculable from tensor shapes. Files failing to meet this requirement are considered invalid according to the defined format. This ensures predictable memory allocation based on dimensional metadata.,Knowledge,numpy_numpy,issue,29217,Knowledge,0,0
341,numpy_numpy,issue,29217,Such files are invalid according to the format definition (we do say that the number of bytes can be determined from the shape).,"Files violating the format's requirement that byte counts derive from tensor shapes are invalid. The specification clearly states that shape parameters should uniquely determine data size, making such files non-compliant with format standards.",Knowledge,numpy_numpy,issue,29217,Knowledge,0,0
342,numpy_numpy,issue,29217,Such files are invalid according to the format definition (we do say that the number of bytes can be determined from the shape).,"According to the format definition, data files must have byte counts determinable solely from their shape attributes. Files that don't satisfy this condition are invalid by design. This rule enforces consistency between metadata and actual data size.",Knowledge,numpy_numpy,issue,29217,Knowledge,0,0
343,numpy_numpy,issue,29217,Such files are invalid according to the format definition (we do say that the number of bytes can be determined from the shape).,The format's specification mandates that the number of bytes must be derivable from tensor dimensions. Files that don't adhere to this principle are invalid as they violate a core requirement of the format. This ensures dimensional metadata accurately reflects storage requirements.,Knowledge,numpy_numpy,issue,29217,Knowledge,0,0
344,numpy_numpy,issue,29217,Such files are invalid according to the format definition (we do say that the number of bytes can be determined from the shape).,"Invalid files are those where the byte count cannot be determined from the shape as required by the format specification. This rule is fundamental to the format's design, ensuring that dimensional metadata directly controls data size validation.",Knowledge,numpy_numpy,issue,29217,Knowledge,0,0
345,numpy_numpy,issue,29174,"The ASIMDHP, ASIMDFHM and SVE output is confusion though, I suspect that that's a bug in our meson_cpu code since the message claims it's due to NEON not being supported but NEON is in the baseline.","The ASIMDHP, ASIMDFHM, and SVE outputs are confusing. I'm not sure whether this is a bug in our meson_cpu code, but the error message incorrectly states NEON isn't supported when it's actually part of the baseline. This contradiction needs further investigation.",Errors,numpy_numpy,issue,29174,Unknown,-1,1
346,numpy_numpy,issue,29174,"The ASIMDHP, ASIMDFHM and SVE output is confusion though, I suspect that that's a bug in our meson_cpu code since the message claims it's due to NEON not being supported but NEON is in the baseline.","I'm seeing unexpected behavior with ASIMDHP and SVE outputs. The error message claims NEON isn't supported, but NEON is included in the baseline. I suspect this might be a bug in the meson_cpu implementation causing incorrect error reporting.",Errors,numpy_numpy,issue,29174,Unknown,-1,1
347,numpy_numpy,issue,29174,"The ASIMDHP, ASIMDFHM and SVE output is confusion though, I suspect that that's a bug in our meson_cpu code since the message claims it's due to NEON not being supported but NEON is in the baseline.","The output for ASIMDHP and SVE is unclear. The error message states NEON isn't supported, but our baseline includes NEON. I'm not certain if this is a bug in meson_cpu or if there's another reason for the discrepancy in the error message.",Errors,numpy_numpy,issue,29174,Unknown,-1,1
348,numpy_numpy,issue,29174,"The ASIMDHP, ASIMDFHM and SVE output is confusion though, I suspect that that's a bug in our meson_cpu code since the message claims it's due to NEON not being supported but NEON is in the baseline.","When using ASIMDHP and SVE, the output is puzzling. The error message claims NEON isn't supported, yet NEON is part of the baseline. This suggests a possible issue in our meson_cpu code that's generating the wrong error message.",Errors,numpy_numpy,issue,29174,Unknown,-1,1
349,numpy_numpy,issue,29174,"The ASIMDHP, ASIMDFHM and SVE output is confusion though, I suspect that that's a bug in our meson_cpu code since the message claims it's due to NEON not being supported but NEON is in the baseline.","The ASIMDHP and SVE outputs are causing confusion. The error message indicates NEON isn't supported, but NEON is in the baseline. I'm unsure whether this is a bug in the meson_cpu code or an error in how the message is being generated.",Errors,numpy_numpy,issue,29174,Unknown,-1,1
350,numpy_numpy,issue,29174,"@rgommers, you're right, there was a bug in the check code for MSVC, see #29199.

@Mugundanmcw is also right, as illustrated by that same PR. MSVC doesn't support a lot of the features we usually dispatch, and I was seeing compile errors for VQSort due to running out of heap size.","As @rgommers pointed out, there's a flaw in the MSVC compatibility checks shown in #29199. @Mugundanmcw's observation is correct too - the same PR demonstrates that MSVC lacks support for many standard dispatch features. I encountered compilation failures with VQSort because the heap allocation limits were exceeded during the build process.",Knowledge,numpy_numpy,issue,29174,Knowledge,0,0
351,numpy_numpy,issue,29174,"@rgommers, you're right, there was a bug in the check code for MSVC, see #29199.

@Mugundanmcw is also right, as illustrated by that same PR. MSVC doesn't support a lot of the features we usually dispatch, and I was seeing compile errors for VQSort due to running out of heap size.","You're both correct about the MSVC issues. The check code in #29199 has a problem, and as the PR shows, MSVC's limited feature support causes VQSort to hit heap size limits during compilation. This explains the errors I was seeing when trying to compile the codebase.",Knowledge,numpy_numpy,issue,29174,Knowledge,0,0
352,numpy_numpy,issue,29174,"@rgommers, you're right, there was a bug in the check code for MSVC, see #29199.

@Mugundanmcw is also right, as illustrated by that same PR. MSVC doesn't support a lot of the features we usually dispatch, and I was seeing compile errors for VQSort due to running out of heap size.","The MSVC validation logic in our code has a bug, as identified in #29199. @Mugundanmcw's analysis in the same PR is spot-on - MSVC's restricted capabilities lead to heap exhaustion when compiling VQSort. I'm seeing exactly these compilation errors when trying to build the component.",Knowledge,numpy_numpy,issue,29174,Knowledge,0,0
353,numpy_numpy,issue,29174,"@rgommers, you're right, there was a bug in the check code for MSVC, see #29199.

@Mugundanmcw is also right, as illustrated by that same PR. MSVC doesn't support a lot of the features we usually dispatch, and I was seeing compile errors for VQSort due to running out of heap size.","The check for MSVC compatibility has an issue that's been highlighted in #29199. As demonstrated by the same PR, MSVC's lack of support for standard dispatch patterns causes VQSort to fail with out-of-memory errors during compilation. This aligns with the build problems I've been encountering.",Knowledge,numpy_numpy,issue,29174,Knowledge,0,0
354,numpy_numpy,issue,29174,"@rgommers, you're right, there was a bug in the check code for MSVC, see #29199.

@Mugundanmcw is also right, as illustrated by that same PR. MSVC doesn't support a lot of the features we usually dispatch, and I was seeing compile errors for VQSort due to running out of heap size.",The MSVC validation code has a problem that's now visible in #29199. @Mugundanmcw's correct assessment in the PR shows that MSVC's limited feature set leads to heap allocation issues when building VQSort. This perfectly matches the compilation errors I was getting.,Knowledge,numpy_numpy,issue,29174,Knowledge,0,0
355,numpy_numpy,issue,28813,"Weird, I can't think of a way for two threads to get a handle on the same newly created StringDType instance from the array creation logic.",I'm confused about how two threads could end up with the same StringDType instance during array creation. I don't see a scenario where the creation logic would return the same object reference to both threads. Could someone explain if this is possible with the current implementation?,Unknown unknown,numpy_numpy,issue,28813,Unknown,1,1
356,numpy_numpy,issue,28813,"Weird, I can't think of a way for two threads to get a handle on the same newly created StringDType instance from the array creation logic.","I'm not sure how a race condition could cause two threads to reference the same newly created StringDType instance. The array creation logic seems to generate unique instances, but I'm missing something that could lead to shared references. Is there a synchronization issue I'm overlooking here?",Unknown unknown,numpy_numpy,issue,28813,Unknown,1,1
357,numpy_numpy,issue,28813,"Weird, I can't think of a way for two threads to get a handle on the same newly created StringDType instance from the array creation logic.",It's puzzling to me how two threads might obtain a reference to the same StringDType instance in the array creation process. I can't identify a path in the code where this would happen unless there's a concurrency bug. Any insights on potential race conditions in this scenario?,Unknown unknown,numpy_numpy,issue,28813,Unknown,1,1
358,numpy_numpy,issue,28813,"Weird, I can't think of a way for two threads to get a handle on the same newly created StringDType instance from the array creation logic.",I can't figure out the mechanism that would allow two threads to access the same StringDType instance when creating arrays. Is there a possibility that the instance creation isn't thread-safe? I'm not seeing the concurrency flaw that would cause this behavior.,Unknown unknown,numpy_numpy,issue,28813,Unknown,1,1
359,numpy_numpy,issue,28813,"Weird, I can't think of a way for two threads to get a handle on the same newly created StringDType instance from the array creation logic.","The array creation logic for StringDType instances seems to produce unique objects, but I can't rule out a scenario where two threads would share a reference. Could this be due to static caching or improper synchronization in the factory method? I'm struggling to visualize the exact code path causing this.",Unknown unknown,numpy_numpy,issue,28813,Unknown,1,1
360,numpy_numpy,issue,28721,"If you call np.nanmin or np.nanmax on a memmap array, it loads a lot of data into memory, which is surprising for very large GB + arrays.","Using np.nanmin or np.nanmax on a NumPy memmap array unexpectedly causes significant memory allocation, even for arrays exceeding several gigabytes in size. This behavior seems counterintuitive since memmap is designed for memory-mapped file access, yet these operations load the entire dataset into RAM. I'm unclear whether this is a limitation of NumPy's nanmin/nanmax implementations or a misuse of memmap functionality.",Unknown unknown,numpy_numpy,issue,28721,Unknown,1,1
361,numpy_numpy,issue,28721,"If you call np.nanmin or np.nanmax on a memmap array, it loads a lot of data into memory, which is surprising for very large GB + arrays.","I observed that calling np.nanmin/np.nanmax on large memmap arrays (>1GB) results in excessive memory consumption. While I expected these operations to process data in a memory-efficient way, the entire array gets loaded into system memory instead. This contradicts the typical behavior of memory-mapped arrays and raises questions about the optimization of these NumPy functions.",Unknown unknown,numpy_numpy,issue,28721,Unknown,1,1
362,numpy_numpy,issue,28721,"If you call np.nanmin or np.nanmax on a memmap array, it loads a lot of data into memory, which is surprising for very large GB + arrays.","When working with memory-mapped NumPy arrays (np.memmap), I noticed that operations like np.nanmin and np.nanmax load the full array into RAM, even for very large datasets. This behavior is surprising because memmap arrays are supposed to avoid loading all data at once. I'm uncertain whether this is a design choice in NumPy or a potential optimization opportunity for handling NaN-aware reductions.",Unknown unknown,numpy_numpy,issue,28721,Unknown,1,1
363,numpy_numpy,issue,28721,"If you call np.nanmin or np.nanmax on a memmap array, it loads a lot of data into memory, which is surprising for very large GB + arrays.","It appears that using np.nanmin or np.nanmax on a memmap array bypasses the memory-mapping optimization, forcing the entire dataset into memory. For example, `np.nanmin(np.memmap('large_array.npy', ...))` loads the full array regardless of size. This seems inconsistent with the expected behavior of memory-mapped arrays and raises concerns about handling large datasets with these operations.",Unknown unknown,numpy_numpy,issue,28721,Unknown,1,1
364,numpy_numpy,issue,28721,I think this occurs because the type check against ndarray causes memmaps to go the slow route and ends up creating a giant mask,"I believe this occurs because the type verification against ndarray forces memmaps to use an inefficient path, which results in the creation of a large mask. This seems to be a performance bottleneck when handling memory-mapped arrays. The mask generation appears to be an unintended consequence of the suboptimal type check implementation.",Known Unknown,numpy_numpy,issue,28721,Known,2,1
365,numpy_numpy,issue,28721,I think this occurs because the type check against ndarray causes memmaps to go the slow route and ends up creating a giant mask,The issue likely arises because checking the type against ndarray makes memmaps take a slower execution path. This suboptimal route leads to the creation of an unnecessarily large mask. The mask's size could be a direct result of the type verification process being too restrictive for memmaps.,Known Unknown,numpy_numpy,issue,28721,Known,2,1
366,numpy_numpy,issue,28721,I think this occurs because the type check against ndarray causes memmaps to go the slow route and ends up creating a giant mask,"This behavior is probably caused by the type check against ndarray, which triggers memmaps to follow a less efficient method. The alternative path ends up generating a huge mask, which impacts performance. The mask creation seems to be an artifact of the type verification mechanism not optimizing for memory-mapped arrays.",Known Unknown,numpy_numpy,issue,28721,Known,2,1
367,numpy_numpy,issue,28721,I think this occurs because the type check against ndarray causes memmaps to go the slow route and ends up creating a giant mask,"I suspect that the type check against ndarray is the root cause. When memmaps are subjected to this check, they might not follow the optimal path. Instead, they take a slower route that creates a large mask. This could explain the observed performance degradation in the system.",Known Unknown,numpy_numpy,issue,28721,Known,2,1
368,numpy_numpy,issue,28721,I think this occurs because the type check against ndarray causes memmaps to go the slow route and ends up creating a giant mask,"The problem stems from the type check against ndarray, which causes memmaps to use an inefficient route. This route results in the generation of a massive mask, which is unexpected. The mask's creation appears to be a direct consequence of the type verification process not handling memory-mapped arrays correctly.",Known Unknown,numpy_numpy,issue,28721,Known,2,1
369,numpy_numpy,issue,28721,I think this occurs because the type check against ndarray causes memmaps to go the slow route and ends up creating a giant mask,"This occurs because the type check against ndarray forces memmaps into a slower execution path. The alternative path generates a large mask, which affects performance. The mask seems to be a byproduct of the type verification not being optimized for memory-mapped array handling.",Known Unknown,numpy_numpy,issue,28721,Known,2,1
370,numpy_numpy,issue,28721,I think this occurs because the type check against ndarray causes memmaps to go the slow route and ends up creating a giant mask,"I think the type check against ndarray is causing memmaps to take a suboptimal route. This route creates a large mask, which could be a performance issue. The mask generation appears to be an unintended side effect of the type verification process for memory-mapped arrays.",Known Unknown,numpy_numpy,issue,28721,Known,2,1
371,numpy_numpy,issue,28721,I think this occurs because the type check against ndarray causes memmaps to go the slow route and ends up creating a giant mask,"The root cause is likely the type check against ndarray, which makes memmaps use a less efficient method. This method results in the creation of a large mask, which is unnecessary. The mask seems to be a direct result of the type verification not being optimized for memory-mapped arrays.",Known Unknown,numpy_numpy,issue,28721,Known,2,1
372,microsoft_vscode,issue,251545,This issue seems to originate from an upstream component and is not something VSCode can fix by making a change to our code.,"The problem appears to be rooted in an external dependency or upstream component rather than within the VSCode codebase itself. After investigating the source code and dependencies, it's clear that the issue lies outside our control. Therefore, any resolution would require modifications to the upstream component rather than changes to our own implementation. This means that VSCode cannot address the issue directly through code changes in our repository. We recommend tracking the upstream project for potential fixes or patches.",Knowledge,microsoft_vscode,issue,251545,Knowledge,0,0
373,microsoft_vscode,issue,251545,This issue seems to originate from an upstream component and is not something VSCode can fix by making a change to our code.,"It seems the the issue is caused by an upstream component, which is outside the scope of our VSCode code. Since we don't have control over the external dependencies, we can't implement a fix by modifying our own codebase. The root of the problem lies in the third-party library or framework that we're using. This means that resolving the issue would require the upstream maintainers to address it. We suggest checking the relevant upstream project's issue tracker for any existing reports or fixes.",Knowledge,microsoft_vscode,issue,251545,Knowledge,0,0
374,microsoft_vscode,issue,251545,This issue seems to originate from an upstream component and is not something VSCode can fix by making a change to our code.,"The problem does not stem from our VSCode implementation but is instead linked to an upstream component. After reviewing the code and dependencies, it's evident that the issue is external to our codebase. As a result, we cannot fix this by making changes to our own code. The resolution would need to come from the upstream project. We advise monitoring the upstream repository for any updates or patches that might address this issue.",Knowledge,microsoft_vscode,issue,251545,Knowledge,0,0
375,microsoft_vscode,issue,251545,This issue seems to originate from an upstream component and is not something VSCode can fix by making a change to our code.,"This issue is traced back to an upstream library or framework, meaning it's beyond the scope of our codebase. Since the root cause lies in an external dependency, we cannot resolve it by modifying VSCode's code. Any fixes would require changes to the upstream component itself. This situation is common when working with third-party tools, as we're constrained by their implementation. We recommend reporting the issue to the upstream maintainers and following their progress.",Knowledge,microsoft_vscode,issue,251545,Knowledge,0,0
376,microsoft_vscode,issue,251545,This issue seems to originate from an upstream component and is not something VSCode can fix by making a change to our code.,"The problem appears to originate from an external component we depend on, not from our VSCode code. Our investigation shows the issue is in the upstream project's code, which we cannot directly modify. This means we cannot address it through changes in our own repository. The fix would require collaboration with the upstream maintainers. We suggest checking their documentation or issue tracker for similar reports and potential workarounds.",Knowledge,microsoft_vscode,issue,251545,Knowledge,0,0
377,microsoft_vscode,issue,200949,"Since 1.86-insider I see that occasionally the hover stops working. Looking at the EH logs shows that no more requests are made, hover in another (to the side) editor is still working which makes me believe something is wrong with the hover editor contribution.","After upgrading to version 1.86-insider, I've noticed intermittent failures with the hover feature. The EH logs indicate no requests are being triggered during these issues, and interestingly, hover still works in adjacent editors. This suggests there might be a problem specifically with the hover editor contribution component.",Known Unknown,microsoft_vscode,issue,200949,Unknown,2,1
378,microsoft_vscode,issue,200949,"Since 1.86-insider I see that occasionally the hover stops working. Looking at the EH logs shows that no more requests are made, hover in another (to the side) editor is still working which makes me believe something is wrong with the hover editor contribution.","Starting with 1.86-insider, the hover functionality randomly stops working. Checking the error handler logs reveals no request activity during these failures, yet the same hover feature remains functional in side editors. I suspect this indicates a bug in the hover editor contribution implementation.",Known Unknown,microsoft_vscode,issue,200949,Unknown,2,1
379,microsoft_vscode,issue,200949,"Since 1.86-insider I see that occasionally the hover stops working. Looking at the EH logs shows that no more requests are made, hover in another (to the side) editor is still working which makes me believe something is wrong with the hover editor contribution.","I'm experiencing random hover failures since using 1.86-insider. The EH logs show no requests being processed during these issues, while hover continues to work in parallel editors. This pattern leads me to believe the problem lies with the hover editor contribution rather than a general hover system failure.",Known Unknown,microsoft_vscode,issue,200949,Unknown,2,1
380,microsoft_vscode,issue,200949,"Since 1.86-insider I see that occasionally the hover stops working. Looking at the EH logs shows that no more requests are made, hover in another (to the side) editor is still working which makes me believe something is wrong with the hover editor contribution.","The hover feature has become unreliable in 1.86-insider. My diagnostics show no requests appear in the EH logs during these issues, but hover works normally in adjacent editors. This behavior points toward a possible issue with the specific hover editor contribution implementation.",Known Unknown,microsoft_vscode,issue,200949,Unknown,2,1
381,microsoft_vscode,issue,200949,"Since 1.86-insider I see that occasionally the hover stops working. Looking at the EH logs shows that no more requests are made, hover in another (to the side) editor is still working which makes me believe something is wrong with the hover editor contribution.","Since updating to 1.86-insider, the hover function occasionally ceases to work. Investigating the EH logs shows no request activity during these failures, while hover remains operational in other editors. This suggests there's likely a problem with the hover editor contribution component.",Known Unknown,microsoft_vscode,issue,200949,Unknown,2,1
382,microsoft_vscode,issue,200949,"Since 1.86-insider I see that occasionally the hover stops working. Looking at the EH logs shows that no more requests are made, hover in another (to the side) editor is still working which makes me believe something is wrong with the hover editor contribution.","I'm encountering sporadic hover failures in version 1.86-insider. The EH logs confirm no requests are being made during these issues, but hover works in side editors. This implies there may be a defect in the hover editor contribution module.",Known Unknown,microsoft_vscode,issue,200949,Unknown,2,1
383,microsoft_vscode,issue,200949,"Since 1.86-insider I see that occasionally the hover stops working. Looking at the EH logs shows that no more requests are made, hover in another (to the side) editor is still working which makes me believe something is wrong with the hover editor contribution.","After the 1.86-insider update, the hover feature sometimes stops working. EH logs show no requests during these failures, yet hover functions in adjacent editors. This makes me think there's an issue specifically with the hover editor contribution implementation.",Known Unknown,microsoft_vscode,issue,200949,Unknown,2,1
384,microsoft_vscode,issue,200949,"Since 1.86-insider I see that occasionally the hover stops working. Looking at the EH logs shows that no more requests are made, hover in another (to the side) editor is still working which makes me believe something is wrong with the hover editor contribution.","Intermittent hover issues have emerged since using 1.86-insider. The EH logs reveal no requests during these problems, while hover remains functional in other editors. This suggests a potential problem with the hover editor contribution component.",Known Unknown,microsoft_vscode,issue,200949,Unknown,2,1
385,microsoft_vscode,issue,197917,"Observed with a custom extension on a Clearcase SCM, but can be easily reproduced with SVN too, probably with any SCM that treats directories as versionable entities. This is most likely a recent regression (possibly starting today's Insiders build, but I'm not 100% sure). Is it possible this was caused by the recent sticky scroll addition (great feature, btw)?","I noticed this issue with a ClearCase extension, but it's easily replicable in SVN as well. Since directories are treated as versionable entities in these systems, this might affect any SCM. It seems like a recent regression—possibly from today's Insiders build, but I'm not certain. Could the new sticky scroll feature be the cause? It's a great addition, but I'm wondering if it's related.",Known Unknown,microsoft_vscode,issue,197917,Unknown,2,1
386,microsoft_vscode,issue,197917,"Observed with a custom extension on a Clearcase SCM, but can be easily reproduced with SVN too, probably with any SCM that treats directories as versionable entities. This is most likely a recent regression (possibly starting today's Insiders build, but I'm not 100% sure). Is it possible this was caused by the recent sticky scroll addition (great feature, btw)?","This problem occurs in our ClearCase setup and can be reproduced in SVN. Directories being versioned entities means other SCMs might exhibit the same behavior. It looks like a recent regression, maybe from the latest Insiders build, though I'm not 100% sure. Is there a chance the the sticky scroll feature caused this? I love that feature but am curious if it's linked.",Known Unknown,microsoft_vscode,issue,197917,Unknown,2,1
387,microsoft_vscode,issue,197917,"Observed with a custom extension on a Clearcase SCM, but can be easily reproduced with SVN too, probably with any SCM that treats directories as versionable entities. This is most likely a recent regression (possibly starting today's Insiders build, but I'm not 100% sure). Is it possible this was caused by the recent sticky scroll addition (great feature, btw)?","I'm encountering an issue that's visible with a ClearCase extension but can also be reproduced in SVN. Since directories are versioned entities, this might affect other SCMs. It seems like a regression from the recent Insiders build, though I can't confirm. Is the recent sticky scroll addition a possible cause? The feature is useful, but I'm investigating if it's connected.",Known Unknown,microsoft_vscode,issue,197917,Unknown,2,1
388,microsoft_vscode,issue,197917,"Observed with a custom extension on a Clearcase SCM, but can be easily reproduced with SVN too, probably with any SCM that treats directories as versionable entities. This is most likely a recent regression (possibly starting today's Insiders build, but I'm not 100% sure). Is it possible this was caused by the recent sticky scroll addition (great feature, btw)?","This issue shows up with our ClearCase setup and is easily replicated in SVN. It likely affects any SCM that version controls directories. It's probably a recent regression, maybe from today's Insiders, but I'm unsure. Could the sticky scroll addition be responsible? The feature is great, but I'm checking for any links.",Known Unknown,microsoft_vscode,issue,197917,Unknown,2,1
389,microsoft_vscode,issue,197917,"Observed with a custom extension on a Clearcase SCM, but can be easily reproduced with SVN too, probably with any SCM that treats directories as versionable entities. This is most likely a recent regression (possibly starting today's Insiders build, but I'm not 100% sure). Is it possible this was caused by the recent sticky scroll addition (great feature, btw)?","I observed this issue using a ClearCase custom extension, but it's simple to reproduce with SVN. Directories being versioned entities could mean any SCM faces this. It's likely a recent regression, possibly from the latest Insiders build, but I'm not certain. Could the sticky scroll addition be the culprit? The feature is a good one, but I'm checking for connections.",Known Unknown,microsoft_vscode,issue,197917,Unknown,2,1
390,microsoft_vscode,issue,190859,Happened to me yesterday too. Spend a lot of time rebooting my machine and killing processes until I tried regular vscode to find that port forwarding was working fine there. What is weird though is that the browser just hangs. Nothing happens if you try localhost:4000. There is no error it just hangs but if I try a port that isn't being used like localhost:5000 then the browser says that there is a connection error,"I experienced the same issue yesterday where my browser would hang when accessing localhost:4000. After rebooting and killing processes, I found port forwarding worked in regular VSCode but not in the browser. The browser just freezes without any error, but using an unused port like localhost:5000 shows a connection error instead. I'm not sure why the browser would hang rather than show an error in this case.",Known Unknown,microsoft_vscode,issue,190859,Unknown,2,1
391,microsoft_vscode,issue,190859,Happened to me yesterday too. Spend a lot of time rebooting my machine and killing processes until I tried regular vscode to find that port forwarding was working fine there. What is weird though is that the browser just hangs. Nothing happens if you try localhost:4000. There is no error it just hangs but if I try a port that isn't being used like localhost:5000 then the browser says that there is a connection error,"Encountered a similar problem where localhost:4000 would freeze the browser yesterday. After troubleshooting, I discovered port forwarding worked in VSCode but the browser still hung. No error messages appear, but switching to localhost:5000 properly shows a connection error. This inconsistency between ports is confusing - why would one hang and the show a connection error?",Known Unknown,microsoft_vscode,issue,190859,Unknown,2,1
392,microsoft_vscode,issue,190859,Happened to me yesterday too. Spend a lot of time rebooting my machine and killing processes until I tried regular vscode to find that port forwarding was working fine there. What is weird though is that the browser just hangs. Nothing happens if you try localhost:4000. There is no error it just hangs but if I try a port that isn't being used like localhost:5000 then the browser says that there is a connection error,"Had this happen to me yesterday as well. Spent hours rebooting and killing processes before realizing VSCode's port forwarding was working. The browser just hangs when trying localhost:4000 with no error message, but gives a proper connection error for unused ports like 5000. I can't understand why the browser would freeze rather than display an error for the active port.",Known Unknown,microsoft_vscode,issue,190859,Unknown,2,1
393,microsoft_vscode,issue,190859,Happened to me yesterday too. Spend a lot of time rebooting my machine and killing processes until I tried regular vscode to find that port forwarding was working fine there. What is weird though is that the browser just hangs. Nothing happens if you try localhost:4000. There is no error it just hangs but if I try a port that isn't being used like localhost:5000 then the browser says that there is a connection error,"My browser is hanging when trying to access localhost:4000 - same issue as yesterday. I tried everything from rebooting to killing processes until I noticed VSCode's port forwarding was working. The browser just freezes with no error, but using an unused port like 5000 shows a connection error instead. Why would the browser behave differently for the same port depending on its usage status?",Known Unknown,microsoft_vscode,issue,190859,Unknown,2,1
394,microsoft_vscode,issue,190859,Happened to me yesterday too. Spend a lot of time rebooting my machine and killing processes until I tried regular vscode to find that port forwarding was working fine there. What is weird though is that the browser just hangs. Nothing happens if you try localhost:4000. There is no error it just hangs but if I try a port that isn't being used like localhost:5000 then the browser says that there is a connection error,"I'm seeing the same problem where localhost:4000 freezes the browser. After trying all troubleshooting steps, I found VSCode's port forwarding worked but the browser still hung. The browser shows no error when it hangs, but gives a proper connection error for unused ports. This inconsistent behavior between ports is puzzling - why would one hang and the show an error?",Known Unknown,microsoft_vscode,issue,190859,Unknown,2,1
395,microsoft_vscode,pull,191501,I have discovered this to be an issue in the CLI or SDK's compression handling.,"I've identified a problem in how the CLI or SDK processes compressed data. When using these tools, the compression handling leads to inconsistent results. This issue specifically affects the expected output of data operations. The behavior has been confirmed across multiple test scenarios.",Knowledge,microsoft_vscode,pull,191501,Knowledge,0,0
396,microsoft_vscode,pull,191501,I have discovered this to be an issue in the CLI or SDK's compression handling.,"During testing, I found that the CLI and SDK have issues with their compression mechanisms. Compressed data is either not processed correctly or results in errors. This affects the reliability of data handling through these interfaces. The problem appears to be consistent across different use cases.",Knowledge,microsoft_vscode,pull,191501,Knowledge,0,0
397,microsoft_vscode,pull,191501,I have discovered this to be an issue in the CLI or SDK's compression handling.,"An issue has been discovered in the compression handling of the CLI or SDK. When using these tools to manage compressed data, unexpected results are produced. The problem appears to be related to how the compression algorithms are implemented. This behavior needs to be addressed to ensure proper functionality.",Knowledge,microsoft_vscode,pull,191501,Knowledge,0,0
398,microsoft_vscode,pull,191501,I have discovered this to be an issue in the CLI or SDK's compression handling.,The CLI or SDK's compression functionality is causing unexpected issues. Data processed through these tools shows discrepancies compared to expected outcomes. This problem manifests consistently during compression and decompression operations. Further investigation is required to determine the root cause.,Knowledge,microsoft_vscode,pull,191501,Knowledge,0,0
399,microsoft_vscode,pull,191501,I have discovered this to be an issue in the CLI or SDK's compression handling.,"I've observed that there's a problem with how the CLI or SDK handles data compression. When attempting to process compressed files, the output is inconsistent with the expected results. This issue seems to be specific to the compression routines within these tools. I've tested multiple scenarios, but the behavior remains unpredictable.",Knowledge,microsoft_vscode,pull,191501,Knowledge,0,0
400,microsoft_vscode,pull,191501,I have discovered this to be an issue in the CLI or SDK's compression handling.,A flaw in the CLI/SDK's compression handling has been confirmed. The tools fail to process compressed data correctly under certain conditions. This leads to data integrity issues and operational errors. The problem persists across different versions of the software.,Knowledge,microsoft_vscode,pull,191501,Knowledge,0,0
401,microsoft_vscode,pull,191501,It seems like something is not flushing or decompressing completely.,"It looks like the decompression process isn't completing properly, or the the buffer isn't being flushed entirely. I've noticed that the system leaves residual data unprocessed after these operations. This is causing inconsistencies in my application's behavior. I'm not sure if this is an issue with the implementation or an environmental factor.",Known Unknown,microsoft_vscode,pull,191501,Known/Irrelevant?,2,1
402,microsoft_vscode,pull,191501,It seems like something is not flushing or decompressing completely.,"The system seems to be experiencing incomplete decompression or flushing of data. When I run the process, some data remains unprocessed in the buffer. This leads to errors downstream in the pipeline. I'm unsure whether this is a bug in the code or a misconfiguration.",Known Unknown,microsoft_vscode,pull,191501,Known/Irrelevant?,2,1
403,microsoft_vscode,pull,191501,It seems like something is not flushing or decompressing completely.,I'm encountering an issue where either the decompression isn't finishing completely or the data isn't being flushed properly. This results in incomplete output files and corrupted data. I've tried debugging but can't pinpoint the exact cause. Could this be a known limitation of the current version?,Known Unknown,microsoft_vscode,pull,191501,Known/Irrelevant?,2,1
404,microsoft_vscode,pull,191501,It seems like something is not flushing or decompressing completely.,"There's a problem with the decompression or flushing mechanism not completing as expected. The process appears to terminate prematurely, leaving partial data. This is affecting the integrity of the output. I'm not certain if this is a design flaw or an external dependency issue.",Known Unknown,microsoft_vscode,pull,191501,Known/Irrelevant?,2,1
405,microsoft_vscode,pull,191501,It seems like something is not flushing or decompressing completely.,"It seems the decompression isn't fully unpacking the data, or the buffer isn't being flushed entirely. This creates gaps in the processed output. I've verified the inputs are correct, but the issue persists. I'm wondering if this is a known problem with the library or framework I'm using.",Known Unknown,microsoft_vscode,pull,191501,Known/Irrelevant?,2,1
406,microsoft_vscode,pull,191501,"It turns out this was a difference in inflate/deflate implementations between the extension/SDK and the CLI. The SDK uses Node's zlib bindings, while by default Rust's flate2 library uses a rust port of miniz. miniz does not appear to flush decompressed data as nicely on SYNC'd boundaries as zlib does, which caused data to 'stall'. This could also be the cause of some connection flakiness!","The discrepancy stems from differing inflate/deflate implementations between the SDK and CLI. The SDK relies on Node's zlib bindings, whereas the CLI defaults to Rust's flate2 with miniz. Miniz's less effective data flushing at SYNC boundaries compared to zlib leads to data stalling, which might explain observed connection instability.",Knowledge,microsoft_vscode,pull,191501,Knowledge,0,0
407,microsoft_vscode,pull,191501,"It turns out this was a difference in inflate/deflate implementations between the extension/SDK and the CLI. The SDK uses Node's zlib bindings, while by default Rust's flate2 library uses a rust port of miniz. miniz does not appear to flush decompressed data as nicely on SYNC'd boundaries as zlib does, which caused data to 'stall'. This could also be the cause of some connection flakiness!","This issue arises from incompatible compression/decompression libraries between the extension/SDK and CLI. The SDK uses Node's zlib, but the CLI employs Rust's flate2 library (which ports miniz). Miniz's incomplete SYNC boundary flushing causes data to stall, potentially contributing to intermittent connection problems.",Knowledge,microsoft_vscode,pull,191501,Knowledge,0,0
408,microsoft_vscode,pull,191501,"It turns out this was a difference in inflate/deflate implementations between the extension/SDK and the CLI. The SDK uses Node's zlib bindings, while by default Rust's flate2 library uses a rust port of miniz. miniz does not appear to flush decompressed data as nicely on SYNC'd boundaries as zlib does, which caused data to 'stall'. This could also be the cause of some connection flakiness!","The root cause lies in implementation differences between the SDK's Node zlib and the CLI's Rust flate2/miniz. Zlib's superior SYNC boundary flushing ensures smoother decompression, while miniz's less efficient handling results in data stalling. This behavior could underlie reported connection flakiness.",Knowledge,microsoft_vscode,pull,191501,Knowledge,0,0
409,microsoft_vscode,pull,191501,"It turns out this was a difference in inflate/deflate implementations between the extension/SDK and the CLI. The SDK uses Node's zlib bindings, while by default Rust's flate2 library uses a rust port of miniz. miniz does not appear to flush decompressed data as nicely on SYNC'd boundaries as zlib does, which caused data to 'stall'. This could also be the cause of some connection flakiness!","The SDK and CLI use distinct inflate/deflate libraries: Node's zlib vs. Rust's flate2 (miniz port). Miniz fails to flush decompressed data as cleanly at SYNC boundaries as zlib, creating stalls that might explain unstable connections. This library divergence directly impacts data transmission reliability.",Knowledge,microsoft_vscode,pull,191501,Knowledge,0,0
410,microsoft_vscode,pull,191501,"It turns out this was a difference in inflate/deflate implementations between the extension/SDK and the CLI. The SDK uses Node's zlib bindings, while by default Rust's flate2 library uses a rust port of miniz. miniz does not appear to flush decompressed data as nicely on SYNC'd boundaries as zlib does, which caused data to 'stall'. This could also be the cause of some connection flakiness!","A mismatch between Node zlib (SDK) and Rust flate2/miniz (CLI) explains the behavior. Miniz's suboptimal SYNC boundary flushing causes data stalling during decompression, which likely contributes to connection instability. This implementation gap highlights the importance of consistent compression library behavior across platforms.",Knowledge,microsoft_vscode,pull,191501,Knowledge,0,0
411,microsoft_vscode,,191374,"I think this is a regression from partitioning state per profile. Specifically:

vscode/src/vs/platform/storage/electron-main/storageMain.ts

Line 278 in ec041fc
 return join(this.profile.globalStorageHome.fsPath, BaseProfileAwareStorageMain.STORAGE_NAME); 

When using fsPath, UNC paths only work for file scheme but now I think we have vscode-userdata as scheme. I am not sure when we made that flip. I think this is spreading to a lot more places, the code is very old and was always assuming file scheme to be used, which will not work anymore if a UNC path is used:

vscode/src/vs/code/electron-main/main.ts

Lines 251 to 259 in ec041fc
 Promise.all<string | undefined>([ 
         environmentMainService.extensionsPath, 
         environmentMainService.codeCachePath, 
         environmentMainService.logsHome.fsPath, 
         userDataProfilesMainService.defaultProfile.globalStorageHome.fsPath, 
         environmentMainService.workspaceStorageHome.fsPath, 
         environmentMainService.localHistoryHome.fsPath, 
         environmentMainService.backupHome 
 ].map(path => path ? FSPromises.mkdir(path, { recursive: true }) : undefined)), 

I think we will have to make a pass over .fsPath usage and find those that potentially use a non-file scheme...","I believe there's a regression in how profile-specific storage paths are handled when using UNC paths. The code in storageMain.ts uses `fsPath` for `globalStorageHome`, which only works with file:// schemes. Since we now use vscode-userdata:// as the scheme, this breaks path resolution. The same pattern appears in main.ts where `fsPath` is used for multiple storage paths. I think we need to audit all `fsPath` calls to ensure they handle non-file schemes.",Known Unknown,microsoft_vscode,,191374,Known,2,1
412,microsoft_vscode,,191374,"I think this is a regression from partitioning state per profile. Specifically:

vscode/src/vs/platform/storage/electron-main/storageMain.ts

Line 278 in ec041fc
 return join(this.profile.globalStorageHome.fsPath, BaseProfileAwareStorageMain.STORAGE_NAME); 

When using fsPath, UNC paths only work for file scheme but now I think we have vscode-userdata as scheme. I am not sure when we made that flip. I think this is spreading to a lot more places, the code is very old and was always assuming file scheme to be used, which will not work anymore if a UNC path is used:

vscode/src/vs/code/electron-main/main.ts

Lines 251 to 259 in ec041fc
 Promise.all<string | undefined>([ 
         environmentMainService.extensionsPath, 
         environmentMainService.codeCachePath, 
         environmentMainService.logsHome.fsPath, 
         userDataProfilesMainService.defaultProfile.globalStorageHome.fsPath, 
         environmentMainService.workspaceStorageHome.fsPath, 
         environmentMainService.localHistoryHome.fsPath, 
         environmentMainService.backupHome 
 ].map(path => path ? FSPromises.mkdir(path, { recursive: true }) : undefined)), 

I think we will have to make a pass over .fsPath usage and find those that potentially use a non-file scheme...","This seems like a regression from the profile-based storage partitioning. The `fsPath` in storageMain.ts assumes a file:// scheme, but we've switched to vscode-userdata:// for UNC paths. In main.ts, similar code using `fsPath` for storage locations will fail with non-file schemes. I'm not sure when the scheme transition happened, but we'll need to review all `.fsPath` usages to handle modern path schemes.",Known Unknown,microsoft_vscode,,191374,Known,2,1
413,microsoft_vscode,,191374,"I think this is a regression from partitioning state per profile. Specifically:

vscode/src/vs/platform/storage/electron-main/storageMain.ts

Line 278 in ec041fc
 return join(this.profile.globalStorageHome.fsPath, BaseProfileAwareStorageMain.STORAGE_NAME); 

When using fsPath, UNC paths only work for file scheme but now I think we have vscode-userdata as scheme. I am not sure when we made that flip. I think this is spreading to a lot more places, the code is very old and was always assuming file scheme to be used, which will not work anymore if a UNC path is used:

vscode/src/vs/code/electron-main/main.ts

Lines 251 to 259 in ec041fc
 Promise.all<string | undefined>([ 
         environmentMainService.extensionsPath, 
         environmentMainService.codeCachePath, 
         environmentMainService.logsHome.fsPath, 
         userDataProfilesMainService.defaultProfile.globalStorageHome.fsPath, 
         environmentMainService.workspaceStorageHome.fsPath, 
         environmentMainService.localHistoryHome.fsPath, 
         environmentMainService.backupHome 
 ].map(path => path ? FSPromises.mkdir(path, { recursive: true }) : undefined)), 

I think we will have to make a pass over .fsPath usage and find those that potentially use a non-file scheme...","I'm seeing path resolution issues when using UNC paths with the new vscode-userdata scheme. The code in storageMain.ts returns `fsPath` for profile storage, which only works for file:// URIs. This same pattern repeats in main.ts for multiple storage locations. I think we'll need to systematically check all `.fsPath` usages to ensure compatibility with non-file schemes like vscode-userdata://.",Known Unknown,microsoft_vscode,,191374,Known,2,1
414,microsoft_vscode,,191374,"I think this is a regression from partitioning state per profile. Specifically:

vscode/src/vs/platform/storage/electron-main/storageMain.ts

Line 278 in ec041fc
 return join(this.profile.globalStorageHome.fsPath, BaseProfileAwareStorageMain.STORAGE_NAME); 

When using fsPath, UNC paths only work for file scheme but now I think we have vscode-userdata as scheme. I am not sure when we made that flip. I think this is spreading to a lot more places, the code is very old and was always assuming file scheme to be used, which will not work anymore if a UNC path is used:

vscode/src/vs/code/electron-main/main.ts

Lines 251 to 259 in ec041fc
 Promise.all<string | undefined>([ 
         environmentMainService.extensionsPath, 
         environmentMainService.codeCachePath, 
         environmentMainService.logsHome.fsPath, 
         userDataProfilesMainService.defaultProfile.globalStorageHome.fsPath, 
         environmentMainService.workspaceStorageHome.fsPath, 
         environmentMainService.localHistoryHome.fsPath, 
         environmentMainService.backupHome 
 ].map(path => path ? FSPromises.mkdir(path, { recursive: true }) : undefined)), 

I think we will have to make a pass over .fsPath usage and find those that potentially use a non-file scheme...",This appears to be a regression in how storage paths are resolved for profiles. The `fsPath` in storageMain.ts is incompatible with UNC paths using the vscode-userdata scheme. Similar issues exist in main.ts where `fsPath` is used for multiple storage directories. I'm concerned this pattern is outdated and needs a code audit to handle modern path schemes.,Known Unknown,microsoft_vscode,,191374,Known,2,1
415,microsoft_vscode,,191374,"I think this is a regression from partitioning state per profile. Specifically:

vscode/src/vs/platform/storage/electron-main/storageMain.ts

Line 278 in ec041fc
 return join(this.profile.globalStorageHome.fsPath, BaseProfileAwareStorageMain.STORAGE_NAME); 

When using fsPath, UNC paths only work for file scheme but now I think we have vscode-userdata as scheme. I am not sure when we made that flip. I think this is spreading to a lot more places, the code is very old and was always assuming file scheme to be used, which will not work anymore if a UNC path is used:

vscode/src/vs/code/electron-main/main.ts

Lines 251 to 259 in ec041fc
 Promise.all<string | undefined>([ 
         environmentMainService.extensionsPath, 
         environmentMainService.codeCachePath, 
         environmentMainService.logsHome.fsPath, 
         userDataProfilesMainService.defaultProfile.globalStorageHome.fsPath, 
         environmentMainService.workspaceStorageHome.fsPath, 
         environmentMainService.localHistoryHome.fsPath, 
         environmentMainService.backupHome 
 ].map(path => path ? FSPromises.mkdir(path, { recursive: true }) : undefined)), 

I think we will have to make a pass over .fsPath usage and find those that potentially use a non-file scheme...",I think the use of `fsPath` in storageMain.ts is causing path resolution failures with UNC paths. The code assumes a file:// scheme but now uses vscode-userdata://. This same problem exists in main.ts for several storage paths. We'll need to revisit all `.fsPath` calls to ensure they work with non-file schemes like the new default.,Known Unknown,microsoft_vscode,,191374,Known,2,1
416,microsoft_vscode,,191374,"I think this is a regression from partitioning state per profile. Specifically:

vscode/src/vs/platform/storage/electron-main/storageMain.ts

Line 278 in ec041fc
 return join(this.profile.globalStorageHome.fsPath, BaseProfileAwareStorageMain.STORAGE_NAME); 

When using fsPath, UNC paths only work for file scheme but now I think we have vscode-userdata as scheme. I am not sure when we made that flip. I think this is spreading to a lot more places, the code is very old and was always assuming file scheme to be used, which will not work anymore if a UNC path is used:

vscode/src/vs/code/electron-main/main.ts

Lines 251 to 259 in ec041fc
 Promise.all<string | undefined>([ 
         environmentMainService.extensionsPath, 
         environmentMainService.codeCachePath, 
         environmentMainService.logsHome.fsPath, 
         userDataProfilesMainService.defaultProfile.globalStorageHome.fsPath, 
         environmentMainService.workspaceStorageHome.fsPath, 
         environmentMainService.localHistoryHome.fsPath, 
         environmentMainService.backupHome 
 ].map(path => path ? FSPromises.mkdir(path, { recursive: true }) : undefined)), 

I think we will have to make a pass over .fsPath usage and find those that potentially use a non-file scheme...","This seems like a path scheme compatibility issue. The `fsPath` in storageMain.ts only works with file://, but we're now using vscode-userdata:// for UNC paths. The same pattern appears in main.ts for multiple storage locations. I think we need to review all `.fsPath` usages to ensure they handle both file and non-file schemes appropriately.",Known Unknown,microsoft_vscode,,191374,Known,2,1
417,microsoft_vscode,,191374,"I think this is a regression from partitioning state per profile. Specifically:

vscode/src/vs/platform/storage/electron-main/storageMain.ts

Line 278 in ec041fc
 return join(this.profile.globalStorageHome.fsPath, BaseProfileAwareStorageMain.STORAGE_NAME); 

When using fsPath, UNC paths only work for file scheme but now I think we have vscode-userdata as scheme. I am not sure when we made that flip. I think this is spreading to a lot more places, the code is very old and was always assuming file scheme to be used, which will not work anymore if a UNC path is used:

vscode/src/vs/code/electron-main/main.ts

Lines 251 to 259 in ec041fc
 Promise.all<string | undefined>([ 
         environmentMainService.extensionsPath, 
         environmentMainService.codeCachePath, 
         environmentMainService.logsHome.fsPath, 
         userDataProfilesMainService.defaultProfile.globalStorageHome.fsPath, 
         environmentMainService.workspaceStorageHome.fsPath, 
         environmentMainService.localHistoryHome.fsPath, 
         environmentMainService.backupHome 
 ].map(path => path ? FSPromises.mkdir(path, { recursive: true }) : undefined)), 

I think we will have to make a pass over .fsPath usage and find those that potentially use a non-file scheme...","I've identified a regression in storage path handling when using UNC paths. The code in storageMain.ts returns `fsPath` for profile storage, which fails with non-file schemes. This same issue exists in main.ts for several storage directories. I'm not certain when the scheme changed, but we'll need to audit all `.fsPath` usages to support modern path schemes.",Known Unknown,microsoft_vscode,,191374,Known,2,1
418,microsoft_vscode,,191374,"I think this is a regression from partitioning state per profile. Specifically:

vscode/src/vs/platform/storage/electron-main/storageMain.ts

Line 278 in ec041fc
 return join(this.profile.globalStorageHome.fsPath, BaseProfileAwareStorageMain.STORAGE_NAME); 

When using fsPath, UNC paths only work for file scheme but now I think we have vscode-userdata as scheme. I am not sure when we made that flip. I think this is spreading to a lot more places, the code is very old and was always assuming file scheme to be used, which will not work anymore if a UNC path is used:

vscode/src/vs/code/electron-main/main.ts

Lines 251 to 259 in ec041fc
 Promise.all<string | undefined>([ 
         environmentMainService.extensionsPath, 
         environmentMainService.codeCachePath, 
         environmentMainService.logsHome.fsPath, 
         userDataProfilesMainService.defaultProfile.globalStorageHome.fsPath, 
         environmentMainService.workspaceStorageHome.fsPath, 
         environmentMainService.localHistoryHome.fsPath, 
         environmentMainService.backupHome 
 ].map(path => path ? FSPromises.mkdir(path, { recursive: true }) : undefined)), 

I think we will have to make a pass over .fsPath usage and find those that potentially use a non-file scheme...","This looks like a regression from the profile-based storage partitioning. The `fsPath` in storageMain.ts assumes a file:// scheme, but we now use vscode-userdata:// for UNC paths. Similar code in main.ts for multiple storage locations will also fail. I think we need to systematically check all `.fsPath` calls to ensure they handle non-file schemes correctly.",Known Unknown,microsoft_vscode,,191374,Known,2,1
419,microsoft_vscode,,191374,The change to vscode-userdata scheme started happening from this change - 1157e96 - I started using this scheme for all user data to adopt atomic write.,"The transition to the vscode-userdata scheme began with commit 1157e96, where I implemented it for all user data to ensure atomic writes.",Knowledge,microsoft_vscode,,191374,Knowledge,0,0
420,microsoft_vscode,,191374,The change to vscode-userdata scheme started happening from this change - 1157e96 - I started using this scheme for all user data to adopt atomic write.,"Starting from commit 1157e96, I adopted the vscode-userdata scheme for all user data to facilitate atomic writes.",Knowledge,microsoft_vscode,,191374,Knowledge,0,0
421,microsoft_vscode,,191374,The change to vscode-userdata scheme started happening from this change - 1157e96 - I started using this scheme for all user data to adopt atomic write.,The vscode-userdata scheme was introduced in commit 1157e96 to handle user data with atomic write operations.,Knowledge,microsoft_vscode,,191374,Knowledge,0,0
422,microsoft_vscode,,191374,The change to vscode-userdata scheme started happening from this change - 1157e96 - I started using this scheme for all user data to adopt atomic write.,"In commit 1157e96, I transitioned to using the vscode-userdata scheme for all user data to achieve atomic writes.",Knowledge,microsoft_vscode,,191374,Knowledge,0,0
423,microsoft_vscode,,191374,The change to vscode-userdata scheme started happening from this change - 1157e96 - I started using this scheme for all user data to adopt atomic write.,The adoption of the vscode-userdata scheme for user data started with commit 1157e96 as part of implementing atomic writes.,Knowledge,microsoft_vscode,,191374,Knowledge,0,0
424,microsoft_vscode,,191374,The change to vscode-userdata scheme started happening from this change - 1157e96 - I started using this scheme for all user data to adopt atomic write.,I began utilizing the vscode-userdata scheme for all user data from commit 1157e96 to support atomic writes.,Knowledge,microsoft_vscode,,191374,Knowledge,0,0
425,microsoft_vscode,,191374,The change to vscode-userdata scheme started happening from this change - 1157e96 - I started using this scheme for all user data to adopt atomic write.,The change to the vscode-userdata scheme in commit 1157e96 was made to apply atomic writes to all user data.,Knowledge,microsoft_vscode,,191374,Knowledge,0,0
426,microsoft_vscode,,191374,The change to vscode-userdata scheme started happening from this change - 1157e96 - I started using this scheme for all user data to adopt atomic write.,"From commit 1157e96 onward, the vscode-userdata scheme was applied to all user data to ensure atomic write operations.",Knowledge,microsoft_vscode,,191374,Knowledge,0,0
427,microsoft_vscode,,191374,"but there is a point where our file service is no longer in charge: when we hand of a path:string to SQLite3 module, we really have to give it a proper path that is a UNC path if the user picked a UNC location. So just using URI will not help here, we need to find a way that .fsPath is not breaking UNC paths in all places where we need it.","I'm encountering a problem where our file service loses control when passing a path string to the SQLite3 module. If the user selects a UNC path, we must provide a valid UNC path, but using a URI isn't sufficient. I'm unsure how to ensure that .fsPath doesn't corrupt UNC paths in all necessary locations.",Known Unknown,microsoft_vscode,,191374,Known,2,1
428,microsoft_vscode,,191374,"but there is a point where our file service is no longer in charge: when we hand of a path:string to SQLite3 module, we really have to give it a proper path that is a UNC path if the user picked a UNC location. So just using URI will not help here, we need to find a way that .fsPath is not breaking UNC paths in all places where we need it.","When handing off a path to the SQLite3 module, we must ensure it's a proper UNC path if the user chose one. However, simply using a URI doesn't resolve this, and I'm struggling to modify .fsPath to handle UNC paths correctly in all required areas.",Known Unknown,microsoft_vscode,,191374,Known,2,1
429,microsoft_vscode,,191374,"but there is a point where our file service is no longer in charge: when we hand of a path:string to SQLite3 module, we really have to give it a proper path that is a UNC path if the user picked a UNC location. So just using URI will not help here, we need to find a way that .fsPath is not breaking UNC paths in all places where we need it.","The file service isn't responsible once a path is passed to SQLite3. For UNC locations, we need a valid UNC path, but converting to URI isn't helping. How can I adjust .fsPath to maintain UNC path integrity everywhere they're needed?",Known Unknown,microsoft_vscode,,191374,Known,2,1
430,microsoft_vscode,,191374,"Curious: with your custom file system provider on vscode-userdata, are you converting back to a file URI and then handing the fsPath off to the disk file system provider? Or do you convert one level above on the level of the file service? Asking, because I wonder if there is already a bug in your provider where we potentially loose UNC paths.","I'm curious about how your custom file system provider in vscode-userdata handles URI conversion. Do you first convert the URI to a file path and then delegate to the disk provider, or does the conversion happen at the file service layer? I'm wondering if there might be a bug causing UNC paths to get lost during this process.",Known Unknown,microsoft_vscode,,191374,Known,2,1
431,microsoft_vscode,,191374,"Curious: with your custom file system provider on vscode-userdata, are you converting back to a file URI and then handing the fsPath off to the disk file system provider? Or do you convert one level above on the level of the file service? Asking, because I wonder if there is already a bug in your provider where we potentially loose UNC paths.","When using your custom file system provider, does the URI-to-fsPath conversion occur within the provider itself or at the higher-level file service? I'm concerned there might be an issue where UNC paths aren't being preserved correctly during this conversion step.",Known Unknown,microsoft_vscode,,191374,Known,2,1
432,microsoft_vscode,,191374,"Curious: with your custom file system provider on vscode-userdata, are you converting back to a file URI and then handing the fsPath off to the disk file system provider? Or do you convert one level above on the level of the file service? Asking, because I wonder if there is already a bug in your provider where we potentially loose UNC paths.","Could you clarify whether your custom provider converts URIs to fsPath before interacting with the disk file system, or if the conversion happens at the file service level? I'm trying to determine if there's a potential bug in the current implementation that might drop UNC paths.",Known Unknown,microsoft_vscode,,191374,Known,2,1
433,microsoft_vscode,,191374,"Curious: with your custom file system provider on vscode-userdata, are you converting back to a file URI and then handing the fsPath off to the disk file system provider? Or do you convert one level above on the level of the file service? Asking, because I wonder if there is already a bug in your provider where we potentially loose UNC paths.","I'm trying to understand the flow of URI handling in your custom provider. Do you pass the fsPath directly to the disk provider, or does the conversion occur at the file service level? I'm worried about a possible bug that could cause UNC paths to be lost in this process.",Known Unknown,microsoft_vscode,,191374,Known,2,1
434,microsoft_vscode,,191374,"Curious: with your custom file system provider on vscode-userdata, are you converting back to a file URI and then handing the fsPath off to the disk file system provider? Or do you convert one level above on the level of the file service? Asking, because I wonder if there is already a bug in your provider where we potentially loose UNC paths.",I'm confused about how your provider manages file URIs. Is the fsPath conversion handled at the provider level or the higher level in the file service? I'm concerned this might lead to UNC path issues where network paths get truncated or ignored.,Known Unknown,microsoft_vscode,,191374,Known,2,1
435,microsoft_vscode,,191374,"Thinking a bit more about this, I wonder if URI should statically allow us to register a scheme to behave like a file scheme. Because, we do take an existing well defined URI of scheme file and turn that into vscode-userdata. This in turn means, every client that deals with such a URI would need to ensure that the scheme is converted back to file before using the URI. That seems fragile.

If we could tell URI to treat vscode-userdata like a file scheme, maybe the change would be easier and less fragile?","I'm wondering if there's a way to configure the URI system to treat the 'vscode-userdata' scheme as a file scheme by default. Currently, we convert 'file' URIs to 'vscode-userdata' and require clients to manually revert the scheme, which feels error-prone. Would it make sense to let the URI layer handle this mapping automatically to reduce the risk of errors?",Known Unknown,microsoft_vscode,,191374,Known,2,1
436,microsoft_vscode,,191374,"Thinking a bit more about this, I wonder if URI should statically allow us to register a scheme to behave like a file scheme. Because, we do take an existing well defined URI of scheme file and turn that into vscode-userdata. This in turn means, every client that deals with such a URI would need to ensure that the scheme is converted back to file before using the URI. That seems fragile.

If we could tell URI to treat vscode-userdata like a file scheme, maybe the change would be easier and less fragile?","Is there a design pattern we could use to make the URI system recognize 'vscode-userdata' as a file-like scheme? The current approach of converting to and from 'file' schemes requires every client to handle the transformation, which seems fragile. Could we avoid this by modifying the URI system to treat 'vscode-userdata' as a first-class file scheme?",Known Unknown,microsoft_vscode,,191374,Known,2,1
437,microsoft_vscode,,191374,"Thinking a bit more about this, I wonder if URI should statically allow us to register a scheme to behave like a file scheme. Because, we do take an existing well defined URI of scheme file and turn that into vscode-userdata. This in turn means, every client that deals with such a URI would need to ensure that the scheme is converted back to file before using the URI. That seems fragile.

If we could tell URI to treat vscode-userdata like a file scheme, maybe the change would be easier and less fragile?","I'm trying to understand if we can simplify the URI handling by declaring 'vscode-userdata' as a file scheme in the URI system. Right now, clients must convert the scheme back to 'file' before using the URI, which introduces potential for bugs. Would making this mapping explicit at the URI level make the implementation more robust?",Known Unknown,microsoft_vscode,,191374,Known,2,1
438,microsoft_vscode,,191374,"Thinking a bit more about this, I wonder if URI should statically allow us to register a scheme to behave like a file scheme. Because, we do take an existing well defined URI of scheme file and turn that into vscode-userdata. This in turn means, every client that deals with such a URI would need to ensure that the scheme is converted back to file before using the URI. That seems fragile.

If we could tell URI to treat vscode-userdata like a file scheme, maybe the change would be easier and less fragile?",Could we improve reliability by having the URI system treat 'vscode-userdata' as a file scheme equivalent? The current workflow requires manual scheme conversion that might break if clients forget to handle it. Is there a way to make this behavior automatic through the URI layer to eliminate the need for manual intervention?,Known Unknown,microsoft_vscode,,191374,Known,2,1
439,microsoft_vscode,,191374,"Thinking a bit more about this, I wonder if URI should statically allow us to register a scheme to behave like a file scheme. Because, we do take an existing well defined URI of scheme file and turn that into vscode-userdata. This in turn means, every client that deals with such a URI would need to ensure that the scheme is converted back to file before using the URI. That seems fragile.

If we could tell URI to treat vscode-userdata like a file scheme, maybe the change would be easier and less fragile?",Has anyone considered modifying the URI system to recognize 'vscode-userdata' as a file scheme by default? The current approach where we convert 'file' URIs to 'vscode-userdata' and then expect clients to reverse the process feels risky. Would making this mapping part of the URI system's logic make the implementation more maintainable?,Known Unknown,microsoft_vscode,,191374,Known,2,1
440,microsoft_vscode,,252223,VS Code suddenly stopped working. not listening to my messages.just showing refresh and dislike buttons,"VS Code has suddenly stopped functioning properly. When I try to send messages, there's no response, and the interface only displays a refresh button and a dislike icon. I'm unsure if this is a temporary glitch or a more serious issue with the application.",Errors,microsoft_vscode,,252223,Unknown,-1,1
441,microsoft_vscode,,252223,VS Code suddenly stopped working. not listening to my messages.just showing refresh and dislike buttons,"The VS Code editor is unresponsive to my inputs now. Instead of processing commands, it just shows a refresh and dislike button. I'm not sure if this is an expected behavior or if there's an error in the current version I'm using.",Errors,microsoft_vscode,,252223,Unknown,-1,1
442,microsoft_vscode,,252223,VS Code suddenly stopped working. not listening to my messages.just showing refresh and dislike buttons,"VS Code is no longer working as expected. My messages aren't being acknowledged, and the UI only displays refresh and dislike buttons. I'm confused whether this is a bug or if I accidentally triggered some hidden feature.",Errors,microsoft_vscode,,252223,Unknown,-1,1
443,microsoft_vscode,,252223,VS Code suddenly stopped working. not listening to my messages.just showing refresh and dislike buttons,I'm encountering an issue where VS Code has stopped responding to my interactions. The application shows only a refresh and dislike button instead of allowing normal operations. I'm not certain if this is a temporary malfunction or a configuration problem.,Errors,microsoft_vscode,,252223,Unknown,-1,1
444,microsoft_vscode,,252223,VS Code suddenly stopped working. not listening to my messages.just showing refresh and dislike buttons,VS Code suddenly became non-functional. It ignores all my commands and only displays a refresh and dislike button. I'm unsure how to resolve this or if others are experiencing the same behavior.,Errors,microsoft_vscode,,252223,Unknown,-1,1
445,microsoft_vscode,,251913,"Hi thanks for filing this issue. Could I ask you several question as I do this investigation?

    First of all I'd like to ask you what version of the Microsoft Pinyin you are using? In the similar issue filed by other Microsoft Chinese IME users: 

    VSCode switching input method fails #251518, it has been found that using the older version of the IME leads to some issues. If you are using the older version, could you upgrade and let me know if you still see this?
    Could you please let me know if you see this happen on the website : https://microsoftedge.github.io/Demos/edit-context/. This is a simplified version of the code that we use to power our input using the EditContext API.
    Could you please let me know if you see this happen on the website : https://insiders.vscode.dev/ when the EditContext setting is turned on?

Thank you.","Thank you for reporting this problem. I'd like to gather some details to help diagnose the issue. First, could you confirm which version of Microsoft Pinyin is currently installed on your system? In a related report (VSCode switching input method fails #251518), users with older IME versions encountered similar problems. Could you also test if this occurs on the demo site (https://microsoftedge.github.io/Demos/edit-context/) and the insiders build (https://insiders.vscode.dev/) when EditContext is enabled?",Known Unknown,microsoft_vscode,,251913,Known,2,1
446,microsoft_vscode,,251913,"Hi thanks for filing this issue. Could I ask you several question as I do this investigation?

    First of all I'd like to ask you what version of the Microsoft Pinyin you are using? In the similar issue filed by other Microsoft Chinese IME users: 

    VSCode switching input method fails #251518, it has been found that using the older version of the IME leads to some issues. If you are using the older version, could you upgrade and let me know if you still see this?
    Could you please let me know if you see this happen on the website : https://microsoftedge.github.io/Demos/edit-context/. This is a simplified version of the code that we use to power our input using the EditContext API.
    Could you please let me know if you see this happen on the website : https://insiders.vscode.dev/ when the EditContext setting is turned on?

Thank you.","I appreciate you submitting this issue. To better understand the problem, could you share the Microsoft Pinyin version you're using? Previous reports like #251518 suggested older IME versions might cause compatibility issues. Please verify if this happens on the simplified demo page (https://microsoftedge.github.io/Demos/edit-context/) and the VSCode insiders site (https://insiders.vscode.dev/) with EditContext activated?",Known Unknown,microsoft_vscode,,251913,Known,2,1
447,microsoft_vscode,,251913,"Hi thanks for filing this issue. Could I ask you several question as I do this investigation?

    First of all I'd like to ask you what version of the Microsoft Pinyin you are using? In the similar issue filed by other Microsoft Chinese IME users: 

    VSCode switching input method fails #251518, it has been found that using the older version of the IME leads to some issues. If you are using the older version, could you upgrade and let me know if you still see this?
    Could you please let me know if you see this happen on the website : https://microsoftedge.github.io/Demos/edit-context/. This is a simplified version of the code that we use to power our input using the EditContext API.
    Could you please let me know if you see this happen on the website : https://insiders.vscode.dev/ when the EditContext setting is turned on?

Thank you.","Thanks for your report. Could you provide details about your Microsoft Pinyin version? In a similar case (issue #251518), outdated IME versions were identified as a potential cause. Would you mind checking if the issue reproduces on the EditContext demo (https://microsoftedge.github.io/Demos/edit-context/) and the insiders build (https://insiders.vscode.dev/) when using the EditContext API?",Known Unknown,microsoft_vscode,,251913,Known,2,1
448,microsoft_vscode,,251913,"Hi thanks for filing this issue. Could I ask you several question as I do this investigation?

    First of all I'd like to ask you what version of the Microsoft Pinyin you are using? In the similar issue filed by other Microsoft Chinese IME users: 

    VSCode switching input method fails #251518, it has been found that using the older version of the IME leads to some issues. If you are using the older version, could you upgrade and let me know if you still see this?
    Could you please let me know if you see this happen on the website : https://microsoftedge.github.io/Demos/edit-context/. This is a simplified version of the code that we use to power our input using the EditContext API.
    Could you please let me know if you see this happen on the website : https://insiders.vscode.dev/ when the EditContext setting is turned on?

Thank you.",I'm investigating this issue and need some information. What version of Microsoft Pinyin are you currently using? Older versions of the IME have been linked to similar problems in reports like #251518. Could you test the problem on the demo site (https://microsoftedge.github.io/Demos/edit-context/) and confirm if it occurs on https://insiders.vscode.dev/ when EditContext is enabled?,Known Unknown,microsoft_vscode,,251913,Known,2,1
449,microsoft_vscode,,251913,"Hi thanks for filing this issue. Could I ask you several question as I do this investigation?

    First of all I'd like to ask you what version of the Microsoft Pinyin you are using? In the similar issue filed by other Microsoft Chinese IME users: 

    VSCode switching input method fails #251518, it has been found that using the older version of the IME leads to some issues. If you are using the older version, could you upgrade and let me know if you still see this?
    Could you please let me know if you see this happen on the website : https://microsoftedge.github.io/Demos/edit-context/. This is a simplified version of the code that we use to power our input using the EditContext API.
    Could you please let me know if you see this happen on the website : https://insiders.vscode.dev/ when the EditContext setting is turned on?

Thank you.","Thank you for filing this. To help troubleshoot, could you confirm your Microsoft Pinyin version? Previous cases (e.g., #251518) showed issues with older IME versions. Please check if the problem appears on the demo page (https://microsoftedge.github.io/Demos/edit-context/) and the insiders version (https://insiders.vscode.dev/) when using the EditContext API.",Known Unknown,microsoft_vscode,,251913,Known,2,1
450,microsoft_vscode,,251888,"Over the last month or so, I've noticed that Find in Files is often incredibly slow. It's a bit inconsistent - it might just be the first time I use it within each session.

Here, I searched for createRunProfile and it found the first result in this file, but then showed an animated progress indicator at the top for probably ~15 seconds before it found the second result which is literally three lines below the first result in the same file.","I've been experiencing intermittent slowness with the 'Find in Files' feature, particularly during the first invocation in each session. For example, when searching for 'createRunProfile', the first match appears instantly, but the second result in the same file (just three lines below) triggers a 15-second progress spinner. I'm not sure if this is a caching issue or a performance bottleneck in the search algorithm.",Known Unknown,microsoft_vscode,,251888,,2,1
451,microsoft_vscode,,251888,"Over the last month or so, I've noticed that Find in Files is often incredibly slow. It's a bit inconsistent - it might just be the first time I use it within each session.

Here, I searched for createRunProfile and it found the first result in this file, but then showed an animated progress indicator at the top for probably ~15 seconds before it found the second result which is literally three lines below the first result in the same file.","The 'Find in Files' tool has become inconsistently slow for me over the past month. It often lags significantly on initial use - I observed a 15-second delay between finding two consecutive 'createRunProfile' matches in the same file, even though the second result is immediately adjacent in the text. This behavior doesn't happen consistently across sessions, making it hard to diagnose.",Known Unknown,microsoft_vscode,,251888,,2,1
452,microsoft_vscode,,251888,"Over the last month or so, I've noticed that Find in Files is often incredibly slow. It's a bit inconsistent - it might just be the first time I use it within each session.

Here, I searched for createRunProfile and it found the first result in this file, but then showed an animated progress indicator at the top for probably ~15 seconds before it found the second result which is literally three lines below the first result in the same file.","I'm encountering unpredictable delays with the 'Find in Files' functionality, especially when first using it in a new session. Searching for 'createRunProfile' showed the first match instantly, but the second result in the same file triggered a 15-second progress indicator. I'm unsure whether this is a file indexing issue or a problem with how the search engine handles local file scans.",Known Unknown,microsoft_vscode,,251888,,2,1
453,microsoft_vscode,,251888,"Over the last month or so, I've noticed that Find in Files is often incredibly slow. It's a bit inconsistent - it might just be the first time I use it within each session.

Here, I searched for createRunProfile and it found the first result in this file, but then showed an animated progress indicator at the top for probably ~15 seconds before it found the second result which is literally three lines below the first result in the same file.","There's a performance issue with 'Find in Files' where it becomes unreasonably slow after the first result. When searching for 'createRunProfile', the first match appears immediately, but the second result in the same file (just 3 lines below) takes ~15 seconds to show up. This only happens on the initial use per session, but I can't determine if it's related to caching or search optimization.",Known Unknown,microsoft_vscode,,251888,,2,1
454,microsoft_vscode,,251888,"Over the last month or so, I've noticed that Find in Files is often incredibly slow. It's a bit inconsistent - it might just be the first time I use it within each session.

Here, I searched for createRunProfile and it found the first result in this file, but then showed an animated progress indicator at the top for probably ~15 seconds before it found the second result which is literally three lines below the first result in the same file.","I've noticed the 'Find in Files' feature has become sluggish, particularly when first launched in a session. Searching for 'createRunProfile' shows the first result instantly, but the second match in the same file (only three lines down) causes a 15-second delay. I'm not sure if this is a memory allocation problem or a bug in the search implementation's file handling.",Known Unknown,microsoft_vscode,,251888,,2,1
455,microsoft_vscode,,251888,"I did some more testing... I feel like adding the Dart-Code Properties folder to the Windows Defender exclusion list may have made this faster. On non-Dev-drives, Defender makes reading files for the first time after a reboot very slow while it scans them. However, I'm not sure this folder was ever previously excluded, and it still doesn't explain why the first result shows up (so clearly Defender has already finished for that file and allowed VS Code to get the contents of it) such a long time before the second one.","During additional testing, I noticed that adding the Dart-Code Properties folder to Windows Defender's exclusion list might have improved performance. On non-Dev drives, Defender's post-reboot scanning significantly delays initial file access. However, I'm not certain if this exclusion was already in place, and I can't explain why the first result loads quickly (implying Defender has already processed it) while the second one lags considerably.",Known Unknown,microsoft_vscode,,251888,,2,1
456,microsoft_vscode,,251888,"I did some more testing... I feel like adding the Dart-Code Properties folder to the Windows Defender exclusion list may have made this faster. On non-Dev-drives, Defender makes reading files for the first time after a reboot very slow while it scans them. However, I'm not sure this folder was ever previously excluded, and it still doesn't explain why the first result shows up (so clearly Defender has already finished for that file and allowed VS Code to get the contents of it) such a long time before the second one.","After further experimentation, I suspect that excluding the Dart-Code Properties folder from Defender could be responsible for faster execution. On non-Dev drives, Defender's initial scans after a reboot cause noticeable delays in file reading. Yet, I'm unsure if this exclusion was ever configured before, and I'm confused as to why the first result appears promptly (suggesting Defender approved it) but the second one is delayed.",Known Unknown,microsoft_vscode,,251888,,2,1
457,microsoft_vscode,,251888,"I did some more testing... I feel like adding the Dart-Code Properties folder to the Windows Defender exclusion list may have made this faster. On non-Dev-drives, Defender makes reading files for the first time after a reboot very slow while it scans them. However, I'm not sure this folder was ever previously excluded, and it still doesn't explain why the first result shows up (so clearly Defender has already finished for that file and allowed VS Code to get the contents of it) such a long time before the second one.","More testing suggests that adding the Dart-Code Properties folder to Defender's exclusions might have resolved performance issues. On non-Dev drives, Defender's post-reboot scanning slows down first-time file access. However, I'm uncertain whether this exclusion was previously set, and I can't determine why the first result is quick (indicating Defender has already cleared it) while the second one takes much longer.",Known Unknown,microsoft_vscode,,251888,,2,1
458,microsoft_vscode,,251888,"I did some more testing... I feel like adding the Dart-Code Properties folder to the Windows Defender exclusion list may have made this faster. On non-Dev-drives, Defender makes reading files for the first time after a reboot very slow while it scans them. However, I'm not sure this folder was ever previously excluded, and it still doesn't explain why the first result shows up (so clearly Defender has already finished for that file and allowed VS Code to get the contents of it) such a long time before the second one.","Through repeated tests, I believe that excluding the Dart-Code Properties folder from Windows Defender may have improved speed. On non-Dev drives, Defender's scans after a reboot delay initial file access. But I'm not sure if this exclusion was already active, and I'm baffled as to why the first result is immediate (implying Defender has already processed it) yet the second one remains slow.",Known Unknown,microsoft_vscode,,251888,,2,1
459,microsoft_vscode,,251888,"I did some more testing... I feel like adding the Dart-Code Properties folder to the Windows Defender exclusion list may have made this faster. On non-Dev-drives, Defender makes reading files for the first time after a reboot very slow while it scans them. However, I'm not sure this folder was ever previously excluded, and it still doesn't explain why the first result shows up (so clearly Defender has already finished for that file and allowed VS Code to get the contents of it) such a long time before the second one.","After additional testing, it seems that adding the Dart-Code Properties folder to Defender's exclusion list could have reduced delays. On non-Dev drives, Defender's initial scans after a reboot slow down file access. However, I'm not certain if this exclusion was previously configured, and I'm puzzled why the first result loads quickly (suggesting Defender has already approved it) while the second one is delayed.",Known Unknown,microsoft_vscode,,251888,,2,1
460,microsoft_vscode,,251888,"I did some more testing... I feel like adding the Dart-Code Properties folder to the Windows Defender exclusion list may have made this faster. On non-Dev-drives, Defender makes reading files for the first time after a reboot very slow while it scans them. However, I'm not sure this folder was ever previously excluded, and it still doesn't explain why the first result shows up (so clearly Defender has already finished for that file and allowed VS Code to get the contents of it) such a long time before the second one.","I conducted more tests and noticed that excluding the Dart-Code Properties folder from Defender might have improved performance. On non-Dev drives, Defender's post-reboot scanning causes initial file access delays. Yet, I'm unsure if this exclusion was ever in place, and I can't understand why the first result appears promptly (indicating Defender has already processed it) but the second one lags significantly.",Known Unknown,microsoft_vscode,,251888,,2,1
461,microsoft_vscode,,251518,"When using vscode to edit markdown documents, you need to switch between Chinese and English input methods frequently, and the current version of vscode often appears underlined prompts after switching from English back to Chinese input methods, but there is no Chinese candidate box, and Chinese cannot be entered. I am wondering if this is a chromium bug that has since been fixed in chromium but for which we do not have the fix yet (since our Electron version is behind a bit).","When editing markdown files in VS Code, toggling between Chinese and English input methods causes issues where the Chinese input candidate box fails to appear after switching back. I notice underline prompts persist but no Chinese characters can be entered. Is this a Chromium-related bug that might have been resolved in newer versions but not yet implemented in our current Electron framework?",Known Unknown,microsoft_vscode,,251518,,2,1
462,microsoft_vscode,,251518,"When using vscode to edit markdown documents, you need to switch between Chinese and English input methods frequently, and the current version of vscode often appears underlined prompts after switching from English back to Chinese input methods, but there is no Chinese candidate box, and Chinese cannot be entered. I am wondering if this is a chromium bug that has since been fixed in chromium but for which we do not have the fix yet (since our Electron version is behind a bit).","I'm experiencing a problem where VS Code's markdown editor doesn't display Chinese input options after switching from English input. The underlined suggestions remain visible, but the Chinese character selection panel doesn't appear. Could this be an unresolved Chromium bug that's already fixed in Chromium itself but not yet in our Electron version?",Known Unknown,microsoft_vscode,,251518,,2,1
463,microsoft_vscode,,251518,"When using vscode to edit markdown documents, you need to switch between Chinese and English input methods frequently, and the current version of vscode often appears underlined prompts after switching from English back to Chinese input methods, but there is no Chinese candidate box, and Chinese cannot be entered. I am wondering if this is a chromium bug that has since been fixed in chromium but for which we do not have the fix yet (since our Electron version is behind a bit).","In VS Code markdown editing, after switching back to Chinese input method from English, the input candidate box doesn't show up despite the underline prompts. This prevents Chinese text entry entirely. I'm wondering if this is a known Chromium issue that's been patched in Chromium but not yet available in our Electron dependency due to version lag.",Known Unknown,microsoft_vscode,,251518,,2,1
464,microsoft_vscode,,251518,"When using vscode to edit markdown documents, you need to switch between Chinese and English input methods frequently, and the current version of vscode often appears underlined prompts after switching from English back to Chinese input methods, but there is no Chinese candidate box, and Chinese cannot be entered. I am wondering if this is a chromium bug that has since been fixed in chromium but for which we do not have the fix yet (since our Electron version is behind a bit).","VS Code's markdown editing workflow breaks when switching between Chinese and English input methods. After returning to Chinese input, I see underline indicators but no input suggestion panel appears, making Chinese entry impossible. Is this a Chromium bug that has been fixed upstream but not yet incorporated into our Electron-based application?",Known Unknown,microsoft_vscode,,251518,,2,1
465,microsoft_vscode,,251518,"When using vscode to edit markdown documents, you need to switch between Chinese and English input methods frequently, and the current version of vscode often appears underlined prompts after switching from English back to Chinese input methods, but there is no Chinese candidate box, and Chinese cannot be entered. I am wondering if this is a chromium bug that has since been fixed in chromium but for which we do not have the fix yet (since our Electron version is behind a bit).","When working with markdown documents in VS Code, switching back to Chinese input method after using English causes the candidate box to disappear even though underline prompts remain. This seems to be a problem with the input method integration. Could this stem from a Chromium bug that's already been resolved but not yet updated to our Electron version?",Known Unknown,microsoft_vscode,,251518,,2,1
466,microsoft_vscode,,251518,"Hi everyone. It would seem this issue happens with the old version of the Microsoft Chinese Pinyin IME. To fix this issue please consider doing one of the following:

    Upgrade to the newer version of the Microsoft Chinese Pinyin IME
    Turn off the setting editor.experimentalEditContextEnabled, soon to be called editor.editContext

The first solution is preferred because the EditContext API solves other bugs related to the IME (such as the incorrect rendering of the IME input). This issue will be closed.","This problem has been traced to an older version of the Microsoft Chinese Pinyin IME. To resolve it, you can either update to the latest IME version or disable the `editor.experimentalEditContextEnabled` setting (soon renamed to `editor.editContext`). The preferred solution is upgrading the IME, as the EditContext API also addresses rendering issues with IME input. The issue will be closed after this clarification.",Knowledge,microsoft_vscode,,251518,Knowledge,0,0
467,microsoft_vscode,,251518,"Hi everyone. It would seem this issue happens with the old version of the Microsoft Chinese Pinyin IME. To fix this issue please consider doing one of the following:

    Upgrade to the newer version of the Microsoft Chinese Pinyin IME
    Turn off the setting editor.experimentalEditContextEnabled, soon to be called editor.editContext

The first solution is preferred because the EditContext API solves other bugs related to the IME (such as the incorrect rendering of the IME input). This issue will be closed.","Users have reported this behavior when using outdated Microsoft Chinese Pinyin IME versions. To address the problem, consider upgrading the IME or turning off the `editor.editContext` flag. We recommend the first option, as the the EditContext API resolves additional IME-related bugs, including input rendering errors. This issue will now be closed.",Knowledge,microsoft_vscode,,251518,Knowledge,0,0
468,microsoft_vscode,,251518,"Hi everyone. It would seem this issue happens with the old version of the Microsoft Chinese Pinyin IME. To fix this issue please consider doing one of the following:

    Upgrade to the newer version of the Microsoft Chinese Pinyin IME
    Turn off the setting editor.experimentalEditContextEnabled, soon to be called editor.editContext

The first solution is preferred because the EditContext API solves other bugs related to the IME (such as the incorrect rendering of the IME input). This issue will be closed.","This issue appears to stem from compatibility problems with the Microsoft Chinese Pinyin IME's older versions. To fix it, you can either update the IME or disable the `editor.experimentalEditContextEnabled` setting. The preferred approach is upgrading, as the EditContext API improves handling of IME input and fixes other bugs. The issue will be marked resolved.",Knowledge,microsoft_vscode,,251518,Knowledge,0,0
469,microsoft_vscode,,251518,"Hi everyone. It would seem this issue happens with the old version of the Microsoft Chinese Pinyin IME. To fix this issue please consider doing one of the following:

    Upgrade to the newer version of the Microsoft Chinese Pinyin IME
    Turn off the setting editor.experimentalEditContextEnabled, soon to be called editor.editContext

The first solution is preferred because the EditContext API solves other bugs related to the IME (such as the incorrect rendering of the IME input). This issue will be closed.","The problem occurs with legacy versions of the Microsoft Chinese Pinyin IME. Two solutions are available: upgrade to the newer IME version or disable the `editor.editContext` setting. Upgrading is recommended because the EditContext API resolves multiple IME-related issues, including input rendering inconsistencies. This issue will be closed after this update.",Knowledge,microsoft_vscode,,251518,Knowledge,0,0
470,microsoft_vscode,,251518,"Hi everyone. It would seem this issue happens with the old version of the Microsoft Chinese Pinyin IME. To fix this issue please consider doing one of the following:

    Upgrade to the newer version of the Microsoft Chinese Pinyin IME
    Turn off the setting editor.experimentalEditContextEnabled, soon to be called editor.editContext

The first solution is preferred because the EditContext API solves other bugs related to the IME (such as the incorrect rendering of the IME input). This issue will be closed.","This behavior has been identified as a compatibility issue with older Microsoft Chinese Pinyin IME versions. To resolve it, update the IME or disable the `editor.experimentalEditContextEnabled` setting. The first solution is optimal, as the EditContext API also fixes rendering problems with IME input. The issue will be closed following this resolution.",Knowledge,microsoft_vscode,,251518,Knowledge,0,0
471,microsoft_vscode,,252129,"When using vscode to edit markdown documents, you need to switch between Chinese and English input methods frequently, and the current version of vscode often appears underlined prompts after switching from English back to Chinese input methods, but there is no Chinese candidate box, and Chinese cannot be entered. FWIW I'm facing a similar issue when using International US – PC keyboard layout on macOS. A particularity of this keyboard is that e.g. the ' key is a ""dead key"", meaning pressing it produces nothing, but it affects the next key I press (e.g. '+e produces é, '+<space> produces '). Anytime I use a ""dead key"", e.g. if I want to delete inside of a string (d+i+'+), it glitches and adds a 'char at the position of the cursor. Turning offexperimentalEditContextEnabled` does fix the behavior, the IME suggestion does not apply to me (AFAICT).","I'm encountering issues with VS Code's input method switching when editing markdown in Chinese. After switching back from English to Chinese, the editor shows underlined prompts but fails to display the Chinese candidate window. This happens consistently with the International US keyboard layout on macOS where dead keys like ' produce unexpected behavior when combined with other keystrokes. Disabling `experimentalEditContextEnabled` resolves the problem, but IME suggestions don't address my specific case.",Known Unknown,microsoft_vscode,,252129,,2,1
472,microsoft_vscode,,252129,"When using vscode to edit markdown documents, you need to switch between Chinese and English input methods frequently, and the current version of vscode often appears underlined prompts after switching from English back to Chinese input methods, but there is no Chinese candidate box, and Chinese cannot be entered. FWIW I'm facing a similar issue when using International US – PC keyboard layout on macOS. A particularity of this keyboard is that e.g. the ' key is a ""dead key"", meaning pressing it produces nothing, but it affects the next key I press (e.g. '+e produces é, '+<space> produces '). Anytime I use a ""dead key"", e.g. if I want to delete inside of a string (d+i+'+), it glitches and adds a 'char at the position of the cursor. Turning offexperimentalEditContextEnabled` does fix the behavior, the IME suggestion does not apply to me (AFAICT).","VS Code seems to have problems with Chinese input after using dead keys on macOS's International US layout. When I switch back to Chinese input after typing in English, the cursor position gets corrupted with stray ' characters when using key combinations like ' + d + i. The issue disappears when `experimentalEditContextEnabled` is turned off, though IME suggestions remain ineffective for this scenario.",Known Unknown,microsoft_vscode,,252129,,2,1
473,microsoft_vscode,,252129,"When using vscode to edit markdown documents, you need to switch between Chinese and English input methods frequently, and the current version of vscode often appears underlined prompts after switching from English back to Chinese input methods, but there is no Chinese candidate box, and Chinese cannot be entered. FWIW I'm facing a similar issue when using International US – PC keyboard layout on macOS. A particularity of this keyboard is that e.g. the ' key is a ""dead key"", meaning pressing it produces nothing, but it affects the next key I press (e.g. '+e produces é, '+<space> produces '). Anytime I use a ""dead key"", e.g. if I want to delete inside of a string (d+i+'+), it glitches and adds a 'char at the position of the cursor. Turning offexperimentalEditContextEnabled` does fix the behavior, the IME suggestion does not apply to me (AFAICT).","On macOS with the International US keyboard layout, VS Code's Chinese input behaves erratically after using dead keys. Pressing ' followed by other keys (like ' + e) creates é correctly, but during editing operations like deletion (d + i + ' +) it inserts random ' characters at the cursor. The underlined prompt appears without a candidate box, and the only workaround I found is disabling `experimentalEditContextEnabled`, which breaks IME suggestions.",Known Unknown,microsoft_vscode,,252129,,2,1
474,microsoft_vscode,,252129,"When using vscode to edit markdown documents, you need to switch between Chinese and English input methods frequently, and the current version of vscode often appears underlined prompts after switching from English back to Chinese input methods, but there is no Chinese candidate box, and Chinese cannot be entered. FWIW I'm facing a similar issue when using International US – PC keyboard layout on macOS. A particularity of this keyboard is that e.g. the ' key is a ""dead key"", meaning pressing it produces nothing, but it affects the next key I press (e.g. '+e produces é, '+<space> produces '). Anytime I use a ""dead key"", e.g. if I want to delete inside of a string (d+i+'+), it glitches and adds a 'char at the position of the cursor. Turning offexperimentalEditContextEnabled` does fix the behavior, the IME suggestion does not apply to me (AFAICT).","When using VS Code's markdown editor with Chinese input on macOS, switching back from English causes input method glitches. Dead keys like ' behave inconsistently - they work for accents (e.g. '+e = é) but corrupt cursor positions during editing operations. The editor shows underlined prompts without a candidate box, and the issue resolves by disabling `experimentalEditContextEnabled`, though this disables IME suggestions entirely.",Known Unknown,microsoft_vscode,,252129,,2,1
475,microsoft_vscode,,252129,"When using vscode to edit markdown documents, you need to switch between Chinese and English input methods frequently, and the current version of vscode often appears underlined prompts after switching from English back to Chinese input methods, but there is no Chinese candidate box, and Chinese cannot be entered. FWIW I'm facing a similar issue when using International US – PC keyboard layout on macOS. A particularity of this keyboard is that e.g. the ' key is a ""dead key"", meaning pressing it produces nothing, but it affects the next key I press (e.g. '+e produces é, '+<space> produces '). Anytime I use a ""dead key"", e.g. if I want to delete inside of a string (d+i+'+), it glitches and adds a 'char at the position of the cursor. Turning offexperimentalEditContextEnabled` does fix the behavior, the IME suggestion does not apply to me (AFAICT).","VS Code users with International US keyboards on macOS might face Chinese input issues after using dead keys. Pressing ' then other keys (like ' + space) adds accents correctly, but during editing operations it inserts random ' characters at the cursor. The Chinese input candidate box fails to appear after switching from English, and while disabling `experimentalEditContextEnabled` fixes this, it also disables IME suggestions which aren't relevant to my workflow.",Known Unknown,microsoft_vscode,,252129,,2,1
