,Repo,GitHub_Type,Nr,original_statement,rephrased_statement,Non_knowledge_Type_Roberts,original_Repo,original_GitHub_Type,original_Nr,original_Non_Knowledge_old,roberts_label,label,statement
0,pytorch_pytorch,issue,154997,"I accidentally discovered that nn.Linear with datatype float16/bfloat16 can produce significant numerical errors on sliced tensors:
 import torch
 torch.random.manual_seed(42)
 from torch import nn
 

 dtype = torch.float16
 batch, seq, embed_dim, delay = 2, 16, 4, 2
 x1 = torch.randn(batch, seq, embed_dim, device=""cuda"", dtype=dtype)
 x2 = x1[:, delay:]
 assert torch.allclose(x1[:, delay:], x2)
 net = nn.Linear(embed_dim, embed_dim).to(""cuda"").to(dtype=dtype)
 out1 = net(x1)
 out2 = net(x2)
 print((out1[:, delay:] - out2).abs().max())
 assert torch.allclose(out1[:, delay:], out2)
 

 I got the output like this:
 tensor(0.0010, device='cuda:0', dtype=torch.float16, grad_fn=<MaxBackward1>)
 Traceback (most recent call last):
  File ""/home/jewel/Workspaces/cusrl/test.py"", line 14, in <module>
  assert torch.allclose(out1[:, delay:], out2)
 AssertionError
 

 If the type is bfloat16, the error is even greater:
 tensor(0.0078, device='cuda:0', dtype=torch.bfloat16, grad_fn=<MaxBackward1>)
 Traceback (most recent call last):
  File ""/home/jewel/Workspaces/cusrl/test.py"", line 14, in <module>
  assert torch.allclose(out1[:, delay:], out2)
 AssertionError
 

 However, if the tensor is cloned after sliced x2 = x1[:, delay:].clone() or the type is float32, it will produce an error of exactly zero.
 tensor(0., device='cuda:0', grad_fn=<MaxBackward1>)
 

 I don't know if this is an allowable margin of error or a bug.","I noticed that using nn.Linear with float16 or bfloat16 datatypes can lead to significant numerical discrepancies when applied to sliced tensors. The code `x2 = x1[:, delay:]` and `out2 = net(x2)` produces different results compared to `out1[:, delay:]` from `out1 = net(x1)`. The differences are small but significant enough to cause assertion errors. I'm unsure if this is a known issue or a bug in PyTorch's handling of half-precision tensors.",Known Unknown,pytorch_pytorch,issue,154997,Known,2,1,"I noticed that using nn.Linear with float16 or bfloat16 datatypes can lead to significant numerical discrepancies when applied to sliced tensors. The code `x2 = x1[:, delay:]` and `out2 = net(x2)` produces different results compared to `out1[:, delay:]` from `out1 = net(x1)`. The differences are small but significant enough to cause assertion errors. I'm unsure if this is a known issue or a bug in PyTorch's handling of half-precision tensors."
1,pytorch_pytorch,issue,154997,"I accidentally discovered that nn.Linear with datatype float16/bfloat16 can produce significant numerical errors on sliced tensors:
 import torch
 torch.random.manual_seed(42)
 from torch import nn
 

 dtype = torch.float16
 batch, seq, embed_dim, delay = 2, 16, 4, 2
 x1 = torch.randn(batch, seq, embed_dim, device=""cuda"", dtype=dtype)
 x2 = x1[:, delay:]
 assert torch.allclose(x1[:, delay:], x2)
 net = nn.Linear(embed_dim, embed_dim).to(""cuda"").to(dtype=dtype)
 out1 = net(x1)
 out2 = net(x2)
 print((out1[:, delay:] - out2).abs().max())
 assert torch.allclose(out1[:, delay:], out2)
 

 I got the output like this:
 tensor(0.0010, device='cuda:0', dtype=torch.float16, grad_fn=<MaxBackward1>)
 Traceback (most recent call last):
  File ""/home/jewel/Workspaces/cusrl/test.py"", line 14, in <module>
  assert torch.allclose(out1[:, delay:], out2)
 AssertionError
 

 If the type is bfloat16, the error is even greater:
 tensor(0.0078, device='cuda:0', dtype=torch.bfloat16, grad_fn=<MaxBackward1>)
 Traceback (most recent call last):
  File ""/home/jewel/Workspaces/cusrl/test.py"", line 14, in <module>
  assert torch.allclose(out1[:, delay:], out2)
 AssertionError
 

 However, if the tensor is cloned after sliced x2 = x1[:, delay:].clone() or the type is float32, it will produce an error of exactly zero.
 tensor(0., device='cuda:0', grad_fn=<MaxBackward1>)
 

 I don't know if this is an allowable margin of error or a bug.","I encountered an issue where nn.Linear with float16 and bfloat16 datatypes produces different outputs for sliced tensors. When I run the code `x2 = x1[:, delay:]` and then `out2 = net(x2)`, the results differ from `out1[:, delay:]` where `out1 = net(x1)`. The numerical errors are small but noticeable, and they cause assertion errors. I'm not sure if this is expected behavior or a bug.",Known Unknown,pytorch_pytorch,issue,154997,Known,2,1,"I encountered an issue where nn.Linear with float16 and bfloat16 datatypes produces different outputs for sliced tensors. When I run the code `x2 = x1[:, delay:]` and then `out2 = net(x2)`, the results differ from `out1[:, delay:]` where `out1 = net(x1)`. The numerical errors are small but noticeable, and they cause assertion errors. I'm not sure if this is expected behavior or a bug."
2,pytorch_pytorch,issue,154997,"I accidentally discovered that nn.Linear with datatype float16/bfloat16 can produce significant numerical errors on sliced tensors:
 import torch
 torch.random.manual_seed(42)
 from torch import nn
 

 dtype = torch.float16
 batch, seq, embed_dim, delay = 2, 16, 4, 2
 x1 = torch.randn(batch, seq, embed_dim, device=""cuda"", dtype=dtype)
 x2 = x1[:, delay:]
 assert torch.allclose(x1[:, delay:], x2)
 net = nn.Linear(embed_dim, embed_dim).to(""cuda"").to(dtype=dtype)
 out1 = net(x1)
 out2 = net(x2)
 print((out1[:, delay:] - out2).abs().max())
 assert torch.allclose(out1[:, delay:], out2)
 

 I got the output like this:
 tensor(0.0010, device='cuda:0', dtype=torch.float16, grad_fn=<MaxBackward1>)
 Traceback (most recent call last):
  File ""/home/jewel/Workspaces/cusrl/test.py"", line 14, in <module>
  assert torch.allclose(out1[:, delay:], out2)
 AssertionError
 

 If the type is bfloat16, the error is even greater:
 tensor(0.0078, device='cuda:0', dtype=torch.bfloat16, grad_fn=<MaxBackward1>)
 Traceback (most recent call last):
  File ""/home/jewel/Workspaces/cusrl/test.py"", line 14, in <module>
  assert torch.allclose(out1[:, delay:], out2)
 AssertionError
 

 However, if the tensor is cloned after sliced x2 = x1[:, delay:].clone() or the type is float32, it will produce an error of exactly zero.
 tensor(0., device='cuda:0', grad_fn=<MaxBackward1>)
 

 I don't know if this is an allowable margin of error or a bug.","I found that nn.Linear with float16 and bfloat16 datatypes can introduce significant numerical errors when applied to sliced tensors. The code `x2 = x1[:, delay:]` and `out2 = net(x2)` produces different results compared to `out1[:, delay:]` from `out1 = net(x1)`. The differences are small but enough to break the assertion. I'm unsure if this is a known limitation or a bug in PyTorch.",Known Unknown,pytorch_pytorch,issue,154997,Known,2,1,"I found that nn.Linear with float16 and bfloat16 datatypes can introduce significant numerical errors when applied to sliced tensors. The code `x2 = x1[:, delay:]` and `out2 = net(x2)` produces different results compared to `out1[:, delay:]` from `out1 = net(x1)`. The differences are small but enough to break the assertion. I'm unsure if this is a known limitation or a bug in PyTorch."
3,pytorch_pytorch,issue,154997,"I accidentally discovered that nn.Linear with datatype float16/bfloat16 can produce significant numerical errors on sliced tensors:
 import torch
 torch.random.manual_seed(42)
 from torch import nn
 

 dtype = torch.float16
 batch, seq, embed_dim, delay = 2, 16, 4, 2
 x1 = torch.randn(batch, seq, embed_dim, device=""cuda"", dtype=dtype)
 x2 = x1[:, delay:]
 assert torch.allclose(x1[:, delay:], x2)
 net = nn.Linear(embed_dim, embed_dim).to(""cuda"").to(dtype=dtype)
 out1 = net(x1)
 out2 = net(x2)
 print((out1[:, delay:] - out2).abs().max())
 assert torch.allclose(out1[:, delay:], out2)
 

 I got the output like this:
 tensor(0.0010, device='cuda:0', dtype=torch.float16, grad_fn=<MaxBackward1>)
 Traceback (most recent call last):
  File ""/home/jewel/Workspaces/cusrl/test.py"", line 14, in <module>
  assert torch.allclose(out1[:, delay:], out2)
 AssertionError
 

 If the type is bfloat16, the error is even greater:
 tensor(0.0078, device='cuda:0', dtype=torch.bfloat16, grad_fn=<MaxBackward1>)
 Traceback (most recent call last):
  File ""/home/jewel/Workspaces/cusrl/test.py"", line 14, in <module>
  assert torch.allclose(out1[:, delay:], out2)
 AssertionError
 

 However, if the tensor is cloned after sliced x2 = x1[:, delay:].clone() or the type is float32, it will produce an error of exactly zero.
 tensor(0., device='cuda:0', grad_fn=<MaxBackward1>)
 

 I don't know if this is an allowable margin of error or a bug.","I discovered that nn.Linear with float16 and bfloat16 datatypes can produce significant numerical errors when applied to sliced tensors. The code `x2 = x1[:, delay:]` and `out2 = net(x2)` results in different outputs compared to `out1[:, delay:]` from `out1 = net(x1)`. The errors are small but significant enough to cause assertion failures. I'm not sure if this is a bug or an expected behavior.",Known Unknown,pytorch_pytorch,issue,154997,Known,2,1,"I discovered that nn.Linear with float16 and bfloat16 datatypes can produce significant numerical errors when applied to sliced tensors. The code `x2 = x1[:, delay:]` and `out2 = net(x2)` results in different outputs compared to `out1[:, delay:]` from `out1 = net(x1)`. The errors are small but significant enough to cause assertion failures. I'm not sure if this is a bug or an expected behavior."
4,pytorch_pytorch,issue,154997,"I accidentally discovered that nn.Linear with datatype float16/bfloat16 can produce significant numerical errors on sliced tensors:
 import torch
 torch.random.manual_seed(42)
 from torch import nn
 

 dtype = torch.float16
 batch, seq, embed_dim, delay = 2, 16, 4, 2
 x1 = torch.randn(batch, seq, embed_dim, device=""cuda"", dtype=dtype)
 x2 = x1[:, delay:]
 assert torch.allclose(x1[:, delay:], x2)
 net = nn.Linear(embed_dim, embed_dim).to(""cuda"").to(dtype=dtype)
 out1 = net(x1)
 out2 = net(x2)
 print((out1[:, delay:] - out2).abs().max())
 assert torch.allclose(out1[:, delay:], out2)
 

 I got the output like this:
 tensor(0.0010, device='cuda:0', dtype=torch.float16, grad_fn=<MaxBackward1>)
 Traceback (most recent call last):
  File ""/home/jewel/Workspaces/cusrl/test.py"", line 14, in <module>
  assert torch.allclose(out1[:, delay:], out2)
 AssertionError
 

 If the type is bfloat16, the error is even greater:
 tensor(0.0078, device='cuda:0', dtype=torch.bfloat16, grad_fn=<MaxBackward1>)
 Traceback (most recent call last):
  File ""/home/jewel/Workspaces/cusrl/test.py"", line 14, in <module>
  assert torch.allclose(out1[:, delay:], out2)
 AssertionError
 

 However, if the tensor is cloned after sliced x2 = x1[:, delay:].clone() or the type is float32, it will produce an error of exactly zero.
 tensor(0., device='cuda:0', grad_fn=<MaxBackward1>)
 

 I don't know if this is an allowable margin of error or a bug.","I ran into an issue where nn.Linear with float16 and bfloat16 datatypes produces different outputs for sliced tensors. The code `x2 = x1[:, delay:]` and `out2 = net(x2)` results in different values compared to `out1[:, delay:]` from `out1 = net(x1)`. The numerical errors are small but significant enough to cause assertion errors. I'm unsure if this is a known issue or a bug.",Known Unknown,pytorch_pytorch,issue,154997,Known,2,1,"I ran into an issue where nn.Linear with float16 and bfloat16 datatypes produces different outputs for sliced tensors. The code `x2 = x1[:, delay:]` and `out2 = net(x2)` results in different values compared to `out1[:, delay:]` from `out1 = net(x1)`. The numerical errors are small but significant enough to cause assertion errors. I'm unsure if this is a known issue or a bug."
5,pytorch_pytorch,issue,154997,"I accidentally discovered that nn.Linear with datatype float16/bfloat16 can produce significant numerical errors on sliced tensors:
 import torch
 torch.random.manual_seed(42)
 from torch import nn
 

 dtype = torch.float16
 batch, seq, embed_dim, delay = 2, 16, 4, 2
 x1 = torch.randn(batch, seq, embed_dim, device=""cuda"", dtype=dtype)
 x2 = x1[:, delay:]
 assert torch.allclose(x1[:, delay:], x2)
 net = nn.Linear(embed_dim, embed_dim).to(""cuda"").to(dtype=dtype)
 out1 = net(x1)
 out2 = net(x2)
 print((out1[:, delay:] - out2).abs().max())
 assert torch.allclose(out1[:, delay:], out2)
 

 I got the output like this:
 tensor(0.0010, device='cuda:0', dtype=torch.float16, grad_fn=<MaxBackward1>)
 Traceback (most recent call last):
  File ""/home/jewel/Workspaces/cusrl/test.py"", line 14, in <module>
  assert torch.allclose(out1[:, delay:], out2)
 AssertionError
 

 If the type is bfloat16, the error is even greater:
 tensor(0.0078, device='cuda:0', dtype=torch.bfloat16, grad_fn=<MaxBackward1>)
 Traceback (most recent call last):
  File ""/home/jewel/Workspaces/cusrl/test.py"", line 14, in <module>
  assert torch.allclose(out1[:, delay:], out2)
 AssertionError
 

 However, if the tensor is cloned after sliced x2 = x1[:, delay:].clone() or the type is float32, it will produce an error of exactly zero.
 tensor(0., device='cuda:0', grad_fn=<MaxBackward1>)
 

 I don't know if this is an allowable margin of error or a bug.","I noticed that nn.Linear with float16 and bfloat16 datatypes can introduce significant numerical errors when applied to sliced tensors. The code `x2 = x1[:, delay:]` and `out2 = net(x2)` produces different results compared to `out1[:, delay:]` from `out1 = net(x1)`. The differences are small but enough to break the assertion. I'm not sure if this is a known limitation or a bug in PyTorch.",Known Unknown,pytorch_pytorch,issue,154997,Known,2,1,"I noticed that nn.Linear with float16 and bfloat16 datatypes can introduce significant numerical errors when applied to sliced tensors. The code `x2 = x1[:, delay:]` and `out2 = net(x2)` produces different results compared to `out1[:, delay:]` from `out1 = net(x1)`. The differences are small but enough to break the assertion. I'm not sure if this is a known limitation or a bug in PyTorch."
6,pytorch_pytorch,issue,154997,"I accidentally discovered that nn.Linear with datatype float16/bfloat16 can produce significant numerical errors on sliced tensors:
 import torch
 torch.random.manual_seed(42)
 from torch import nn
 

 dtype = torch.float16
 batch, seq, embed_dim, delay = 2, 16, 4, 2
 x1 = torch.randn(batch, seq, embed_dim, device=""cuda"", dtype=dtype)
 x2 = x1[:, delay:]
 assert torch.allclose(x1[:, delay:], x2)
 net = nn.Linear(embed_dim, embed_dim).to(""cuda"").to(dtype=dtype)
 out1 = net(x1)
 out2 = net(x2)
 print((out1[:, delay:] - out2).abs().max())
 assert torch.allclose(out1[:, delay:], out2)
 

 I got the output like this:
 tensor(0.0010, device='cuda:0', dtype=torch.float16, grad_fn=<MaxBackward1>)
 Traceback (most recent call last):
  File ""/home/jewel/Workspaces/cusrl/test.py"", line 14, in <module>
  assert torch.allclose(out1[:, delay:], out2)
 AssertionError
 

 If the type is bfloat16, the error is even greater:
 tensor(0.0078, device='cuda:0', dtype=torch.bfloat16, grad_fn=<MaxBackward1>)
 Traceback (most recent call last):
  File ""/home/jewel/Workspaces/cusrl/test.py"", line 14, in <module>
  assert torch.allclose(out1[:, delay:], out2)
 AssertionError
 

 However, if the tensor is cloned after sliced x2 = x1[:, delay:].clone() or the type is float32, it will produce an error of exactly zero.
 tensor(0., device='cuda:0', grad_fn=<MaxBackward1>)
 

 I don't know if this is an allowable margin of error or a bug.","I encountered an issue where nn.Linear with float16 and bfloat16 datatypes produces different outputs for sliced tensors. The code `x2 = x1[:, delay:]` and `out2 = net(x2)` results in different values compared to `out1[:, delay:]` from `out1 = net(x1)`. The numerical errors are small but significant enough to cause assertion failures. I'm unsure if this is a known issue or a bug.",Known Unknown,pytorch_pytorch,issue,154997,Known,2,1,"I encountered an issue where nn.Linear with float16 and bfloat16 datatypes produces different outputs for sliced tensors. The code `x2 = x1[:, delay:]` and `out2 = net(x2)` results in different values compared to `out1[:, delay:]` from `out1 = net(x1)`. The numerical errors are small but significant enough to cause assertion failures. I'm unsure if this is a known issue or a bug."
7,pytorch_pytorch,issue,154997,"I accidentally discovered that nn.Linear with datatype float16/bfloat16 can produce significant numerical errors on sliced tensors:
 import torch
 torch.random.manual_seed(42)
 from torch import nn
 

 dtype = torch.float16
 batch, seq, embed_dim, delay = 2, 16, 4, 2
 x1 = torch.randn(batch, seq, embed_dim, device=""cuda"", dtype=dtype)
 x2 = x1[:, delay:]
 assert torch.allclose(x1[:, delay:], x2)
 net = nn.Linear(embed_dim, embed_dim).to(""cuda"").to(dtype=dtype)
 out1 = net(x1)
 out2 = net(x2)
 print((out1[:, delay:] - out2).abs().max())
 assert torch.allclose(out1[:, delay:], out2)
 

 I got the output like this:
 tensor(0.0010, device='cuda:0', dtype=torch.float16, grad_fn=<MaxBackward1>)
 Traceback (most recent call last):
  File ""/home/jewel/Workspaces/cusrl/test.py"", line 14, in <module>
  assert torch.allclose(out1[:, delay:], out2)
 AssertionError
 

 If the type is bfloat16, the error is even greater:
 tensor(0.0078, device='cuda:0', dtype=torch.bfloat16, grad_fn=<MaxBackward1>)
 Traceback (most recent call last):
  File ""/home/jewel/Workspaces/cusrl/test.py"", line 14, in <module>
  assert torch.allclose(out1[:, delay:], out2)
 AssertionError
 

 However, if the tensor is cloned after sliced x2 = x1[:, delay:].clone() or the type is float32, it will produce an error of exactly zero.
 tensor(0., device='cuda:0', grad_fn=<MaxBackward1>)
 

 I don't know if this is an allowable margin of error or a bug.","I found that nn.Linear with float16 and bfloat16 datatypes can introduce significant numerical errors when applied to sliced tensors. The code `x2 = x1[:, delay:]` and `out2 = net(x2)` produces different results compared to `out1[:, delay:]` from `out1 = net(x1)`. The differences are small but significant enough to cause assertion errors. I'm not sure if this is a known limitation or a bug in PyTorch.",Known Unknown,pytorch_pytorch,issue,154997,Known,2,1,"I found that nn.Linear with float16 and bfloat16 datatypes can introduce significant numerical errors when applied to sliced tensors. The code `x2 = x1[:, delay:]` and `out2 = net(x2)` produces different results compared to `out1[:, delay:]` from `out1 = net(x1)`. The differences are small but significant enough to cause assertion errors. I'm not sure if this is a known limitation or a bug in PyTorch."
8,pytorch_pytorch,issue,154997,"I accidentally discovered that nn.Linear with datatype float16/bfloat16 can produce significant numerical errors on sliced tensors:
 import torch
 torch.random.manual_seed(42)
 from torch import nn
 

 dtype = torch.float16
 batch, seq, embed_dim, delay = 2, 16, 4, 2
 x1 = torch.randn(batch, seq, embed_dim, device=""cuda"", dtype=dtype)
 x2 = x1[:, delay:]
 assert torch.allclose(x1[:, delay:], x2)
 net = nn.Linear(embed_dim, embed_dim).to(""cuda"").to(dtype=dtype)
 out1 = net(x1)
 out2 = net(x2)
 print((out1[:, delay:] - out2).abs().max())
 assert torch.allclose(out1[:, delay:], out2)
 

 I got the output like this:
 tensor(0.0010, device='cuda:0', dtype=torch.float16, grad_fn=<MaxBackward1>)
 Traceback (most recent call last):
  File ""/home/jewel/Workspaces/cusrl/test.py"", line 14, in <module>
  assert torch.allclose(out1[:, delay:], out2)
 AssertionError
 

 If the type is bfloat16, the error is even greater:
 tensor(0.0078, device='cuda:0', dtype=torch.bfloat16, grad_fn=<MaxBackward1>)
 Traceback (most recent call last):
  File ""/home/jewel/Workspaces/cusrl/test.py"", line 14, in <module>
  assert torch.allclose(out1[:, delay:], out2)
 AssertionError
 

 However, if the tensor is cloned after sliced x2 = x1[:, delay:].clone() or the type is float32, it will produce an error of exactly zero.
 tensor(0., device='cuda:0', grad_fn=<MaxBackward1>)
 

 I don't know if this is an allowable margin of error or a bug.","I discovered that nn.Linear with float16 and bfloat16 datatypes can produce significant numerical errors when applied to sliced tensors. The code `x2 = x1[:, delay:]` and `out2 = net(x2)` results in different outputs compared to `out1[:, delay:]` from `out1 = net(x1)`. The errors are small but significant enough to cause assertion failures. I'm unsure if this is a known issue or a bug.",Known Unknown,pytorch_pytorch,issue,154997,Known,2,1,"I discovered that nn.Linear with float16 and bfloat16 datatypes can produce significant numerical errors when applied to sliced tensors. The code `x2 = x1[:, delay:]` and `out2 = net(x2)` results in different outputs compared to `out1[:, delay:]` from `out1 = net(x1)`. The errors are small but significant enough to cause assertion failures. I'm unsure if this is a known issue or a bug."
9,pytorch_pytorch,issue,154997,"I accidentally discovered that nn.Linear with datatype float16/bfloat16 can produce significant numerical errors on sliced tensors:
 import torch
 torch.random.manual_seed(42)
 from torch import nn
 

 dtype = torch.float16
 batch, seq, embed_dim, delay = 2, 16, 4, 2
 x1 = torch.randn(batch, seq, embed_dim, device=""cuda"", dtype=dtype)
 x2 = x1[:, delay:]
 assert torch.allclose(x1[:, delay:], x2)
 net = nn.Linear(embed_dim, embed_dim).to(""cuda"").to(dtype=dtype)
 out1 = net(x1)
 out2 = net(x2)
 print((out1[:, delay:] - out2).abs().max())
 assert torch.allclose(out1[:, delay:], out2)
 

 I got the output like this:
 tensor(0.0010, device='cuda:0', dtype=torch.float16, grad_fn=<MaxBackward1>)
 Traceback (most recent call last):
  File ""/home/jewel/Workspaces/cusrl/test.py"", line 14, in <module>
  assert torch.allclose(out1[:, delay:], out2)
 AssertionError
 

 If the type is bfloat16, the error is even greater:
 tensor(0.0078, device='cuda:0', dtype=torch.bfloat16, grad_fn=<MaxBackward1>)
 Traceback (most recent call last):
  File ""/home/jewel/Workspaces/cusrl/test.py"", line 14, in <module>
  assert torch.allclose(out1[:, delay:], out2)
 AssertionError
 

 However, if the tensor is cloned after sliced x2 = x1[:, delay:].clone() or the type is float32, it will produce an error of exactly zero.
 tensor(0., device='cuda:0', grad_fn=<MaxBackward1>)
 

 I don't know if this is an allowable margin of error or a bug.","I ran into an issue where nn.Linear with float16 and bfloat16 datatypes produces different outputs for sliced tensors. The code `x2 = x1[:, delay:]` and `out2 = net(x2)` results in different values compared to `out1[:, delay:]` from `out1 = net(x1)`. The numerical errors are small but significant enough to cause assertion errors. I'm unsure if this is a known limitation or a bug in PyTorch.",Known Unknown,pytorch_pytorch,issue,154997,Known,2,1,"I ran into an issue where nn.Linear with float16 and bfloat16 datatypes produces different outputs for sliced tensors. The code `x2 = x1[:, delay:]` and `out2 = net(x2)` results in different values compared to `out1[:, delay:]` from `out1 = net(x1)`. The numerical errors are small but significant enough to cause assertion errors. I'm unsure if this is a known limitation or a bug in PyTorch."
10,pytorch_pytorch,Issue,154556,"When I use torch.compile(flex_attention) with NJT inputs I get the following error:
 torch._dynamo.exc.BackendCompilerFailed: backend='inductor' raised:
 RuntimeError: Attempting to use FunctionalTensor on its own. Instead, please use it with a corresponding FunctionalTensorMode()
 

 This happens both on cpu and cuda devices (A100, 6000 ADA, 2080Ti) and independent of setting dynamic=True/False.
 Depending on how K,V are constructed, their jagged dimensions might have shapes j2,j3 which are not detected as matching. I made some effort to get both equal to j2, but that didn't help.
 Note that Q has a different shape j1. Running self-attention flex_attention(Q,Q,Q) with all jagged axes equal to j1 didn't help either.
 A minimal reproducer for this issue:
 import torch
 from torch.nested import nested_tensor_from_jagged
 from torch.nn.attention.flex_attention import flex_attention
 

 device = 'cuda' if torch.cuda.is_available() else 'cpu'
 H, E_inner, E_value= 8, 16, 32
 lengths_Q = torch.tensor([11, 13, 15])
 lengths_KV = torch.tensor([10, 15, 11])
 offsets_Q = torch.cat([torch.tensor([0]), torch.cumsum(lengths_Q, dim=0)])
 offsets_KV = torch.cat([torch.tensor([0]), torch.cumsum(lengths_KV, dim=0)])
 

 Q = torch.cat([torch.randn(Ni,H,E_inner) for Ni in lengths_Q], dim=0)
 K = torch.cat([torch.randn(Ni,H,E_inner) for Ni in lengths_KV], dim=0)
 V = torch.cat([torch.randn(Ni,H,E_value) for Ni in lengths_KV], dim=0)
 Q = nested_tensor_from_jagged(Q, offsets=offsets_Q )
 K = nested_tensor_from_jagged(K, offsets=offsets_KV)
 V = nested_tensor_from_jagged(V, offsets=offsets_KV)
 Q = Q.moveaxis(1,2).contiguous().to(device) # size=(B, H, j1, E_inner), contiguous=True
 K = K.moveaxis(1,2).contiguous().to(device) # size=(B, H, j2, E_inner), contiguous=True
 V = V.moveaxis(1,2).contiguous().to(device) # size=(B, H, j2, E_value), contiguous=True
 

 flex_attention = torch.compile(flex_attention)
 attn_out = flex_attention(Q,K,V) # size=(B, H, j1, E_value), crashes when flex_attention is compiled
 print(attn_out)","I'm encountering an error when using `torch.compile(flex_attention)` with nested jagged tensor (NJT) inputs. The error message is `RuntimeError: Attempting to use FunctionalTensor on its own. Instead, please use it with a corresponding FunctionalTensorMode()`. This issue occurs on both CPU and CUDA devices, including A100, 6000 ADA, and 2080Ti, regardless of whether `dynamic` is set to `True` or `False`. The jagged dimensions of K and V might not be detected as matching, even when I tried to make them equal. A minimal reproducer for this issue is provided below.",Known Unknown,pytorch_pytorch,Issue,154556,Irrelevant,2,1,"I'm encountering an error when using `torch.compile(flex_attention)` with nested jagged tensor (NJT) inputs. The error message is `RuntimeError: Attempting to use FunctionalTensor on its own. Instead, please use it with a corresponding FunctionalTensorMode()`. This issue occurs on both CPU and CUDA devices, including A100, 6000 ADA, and 2080Ti, regardless of whether `dynamic` is set to `True` or `False`. The jagged dimensions of K and V might not be detected as matching, even when I tried to make them equal. A minimal reproducer for this issue is provided below."
11,pytorch_pytorch,Issue,154556,"When I use torch.compile(flex_attention) with NJT inputs I get the following error:
 torch._dynamo.exc.BackendCompilerFailed: backend='inductor' raised:
 RuntimeError: Attempting to use FunctionalTensor on its own. Instead, please use it with a corresponding FunctionalTensorMode()
 

 This happens both on cpu and cuda devices (A100, 6000 ADA, 2080Ti) and independent of setting dynamic=True/False.
 Depending on how K,V are constructed, their jagged dimensions might have shapes j2,j3 which are not detected as matching. I made some effort to get both equal to j2, but that didn't help.
 Note that Q has a different shape j1. Running self-attention flex_attention(Q,Q,Q) with all jagged axes equal to j1 didn't help either.
 A minimal reproducer for this issue:
 import torch
 from torch.nested import nested_tensor_from_jagged
 from torch.nn.attention.flex_attention import flex_attention
 

 device = 'cuda' if torch.cuda.is_available() else 'cpu'
 H, E_inner, E_value= 8, 16, 32
 lengths_Q = torch.tensor([11, 13, 15])
 lengths_KV = torch.tensor([10, 15, 11])
 offsets_Q = torch.cat([torch.tensor([0]), torch.cumsum(lengths_Q, dim=0)])
 offsets_KV = torch.cat([torch.tensor([0]), torch.cumsum(lengths_KV, dim=0)])
 

 Q = torch.cat([torch.randn(Ni,H,E_inner) for Ni in lengths_Q], dim=0)
 K = torch.cat([torch.randn(Ni,H,E_inner) for Ni in lengths_KV], dim=0)
 V = torch.cat([torch.randn(Ni,H,E_value) for Ni in lengths_KV], dim=0)
 Q = nested_tensor_from_jagged(Q, offsets=offsets_Q )
 K = nested_tensor_from_jagged(K, offsets=offsets_KV)
 V = nested_tensor_from_jagged(V, offsets=offsets_KV)
 Q = Q.moveaxis(1,2).contiguous().to(device) # size=(B, H, j1, E_inner), contiguous=True
 K = K.moveaxis(1,2).contiguous().to(device) # size=(B, H, j2, E_inner), contiguous=True
 V = V.moveaxis(1,2).contiguous().to(device) # size=(B, H, j2, E_value), contiguous=True
 

 flex_attention = torch.compile(flex_attention)
 attn_out = flex_attention(Q,K,V) # size=(B, H, j1, E_value), crashes when flex_attention is compiled
 print(attn_out)","When I compile the `flex_attention` function using `torch.compile` with nested jagged tensor inputs, I get a `BackendCompilerFailed` error. The error message indicates that `FunctionalTensor` should be used with a `FunctionalTensorMode`. This happens on both CPU and CUDA devices, and the issue persists whether `dynamic` is set to `True` or `False`. The jagged dimensions of K and V might not be detected as matching, and making them equal didn't resolve the issue. Here is a minimal reproducer for the problem.",Known Unknown,pytorch_pytorch,Issue,154556,Irrelevant,2,1,"When I compile the `flex_attention` function using `torch.compile` with nested jagged tensor inputs, I get a `BackendCompilerFailed` error. The error message indicates that `FunctionalTensor` should be used with a `FunctionalTensorMode`. This happens on both CPU and CUDA devices, and the issue persists whether `dynamic` is set to `True` or `False`. The jagged dimensions of K and V might not be detected as matching, and making them equal didn't resolve the issue. Here is a minimal reproducer for the problem."
12,pytorch_pytorch,Issue,154556,"When I use torch.compile(flex_attention) with NJT inputs I get the following error:
 torch._dynamo.exc.BackendCompilerFailed: backend='inductor' raised:
 RuntimeError: Attempting to use FunctionalTensor on its own. Instead, please use it with a corresponding FunctionalTensorMode()
 

 This happens both on cpu and cuda devices (A100, 6000 ADA, 2080Ti) and independent of setting dynamic=True/False.
 Depending on how K,V are constructed, their jagged dimensions might have shapes j2,j3 which are not detected as matching. I made some effort to get both equal to j2, but that didn't help.
 Note that Q has a different shape j1. Running self-attention flex_attention(Q,Q,Q) with all jagged axes equal to j1 didn't help either.
 A minimal reproducer for this issue:
 import torch
 from torch.nested import nested_tensor_from_jagged
 from torch.nn.attention.flex_attention import flex_attention
 

 device = 'cuda' if torch.cuda.is_available() else 'cpu'
 H, E_inner, E_value= 8, 16, 32
 lengths_Q = torch.tensor([11, 13, 15])
 lengths_KV = torch.tensor([10, 15, 11])
 offsets_Q = torch.cat([torch.tensor([0]), torch.cumsum(lengths_Q, dim=0)])
 offsets_KV = torch.cat([torch.tensor([0]), torch.cumsum(lengths_KV, dim=0)])
 

 Q = torch.cat([torch.randn(Ni,H,E_inner) for Ni in lengths_Q], dim=0)
 K = torch.cat([torch.randn(Ni,H,E_inner) for Ni in lengths_KV], dim=0)
 V = torch.cat([torch.randn(Ni,H,E_value) for Ni in lengths_KV], dim=0)
 Q = nested_tensor_from_jagged(Q, offsets=offsets_Q )
 K = nested_tensor_from_jagged(K, offsets=offsets_KV)
 V = nested_tensor_from_jagged(V, offsets=offsets_KV)
 Q = Q.moveaxis(1,2).contiguous().to(device) # size=(B, H, j1, E_inner), contiguous=True
 K = K.moveaxis(1,2).contiguous().to(device) # size=(B, H, j2, E_inner), contiguous=True
 V = V.moveaxis(1,2).contiguous().to(device) # size=(B, H, j2, E_value), contiguous=True
 

 flex_attention = torch.compile(flex_attention)
 attn_out = flex_attention(Q,K,V) # size=(B, H, j1, E_value), crashes when flex_attention is compiled
 print(attn_out)","I'm facing a runtime error when using `torch.compile` with the `flex_attention` function and nested jagged tensor inputs. The error message is `RuntimeError: Attempting to use FunctionalTensor on its own. Instead, please use it with a corresponding FunctionalTensorMode()`. This error occurs on both CPU and CUDA devices, including A100, 6000 ADA, and 2080Ti, and is independent of the `dynamic` setting. The jagged dimensions of K and V might not be detected as matching, and I've tried to make them equal without success. Below is a minimal reproducer for the issue.",Known Unknown,pytorch_pytorch,Issue,154556,Irrelevant,2,1,"I'm facing a runtime error when using `torch.compile` with the `flex_attention` function and nested jagged tensor inputs. The error message is `RuntimeError: Attempting to use FunctionalTensor on its own. Instead, please use it with a corresponding FunctionalTensorMode()`. This error occurs on both CPU and CUDA devices, including A100, 6000 ADA, and 2080Ti, and is independent of the `dynamic` setting. The jagged dimensions of K and V might not be detected as matching, and I've tried to make them equal without success. Below is a minimal reproducer for the issue."
13,pytorch_pytorch,Issue,154556,"When I use torch.compile(flex_attention) with NJT inputs I get the following error:
 torch._dynamo.exc.BackendCompilerFailed: backend='inductor' raised:
 RuntimeError: Attempting to use FunctionalTensor on its own. Instead, please use it with a corresponding FunctionalTensorMode()
 

 This happens both on cpu and cuda devices (A100, 6000 ADA, 2080Ti) and independent of setting dynamic=True/False.
 Depending on how K,V are constructed, their jagged dimensions might have shapes j2,j3 which are not detected as matching. I made some effort to get both equal to j2, but that didn't help.
 Note that Q has a different shape j1. Running self-attention flex_attention(Q,Q,Q) with all jagged axes equal to j1 didn't help either.
 A minimal reproducer for this issue:
 import torch
 from torch.nested import nested_tensor_from_jagged
 from torch.nn.attention.flex_attention import flex_attention
 

 device = 'cuda' if torch.cuda.is_available() else 'cpu'
 H, E_inner, E_value= 8, 16, 32
 lengths_Q = torch.tensor([11, 13, 15])
 lengths_KV = torch.tensor([10, 15, 11])
 offsets_Q = torch.cat([torch.tensor([0]), torch.cumsum(lengths_Q, dim=0)])
 offsets_KV = torch.cat([torch.tensor([0]), torch.cumsum(lengths_KV, dim=0)])
 

 Q = torch.cat([torch.randn(Ni,H,E_inner) for Ni in lengths_Q], dim=0)
 K = torch.cat([torch.randn(Ni,H,E_inner) for Ni in lengths_KV], dim=0)
 V = torch.cat([torch.randn(Ni,H,E_value) for Ni in lengths_KV], dim=0)
 Q = nested_tensor_from_jagged(Q, offsets=offsets_Q )
 K = nested_tensor_from_jagged(K, offsets=offsets_KV)
 V = nested_tensor_from_jagged(V, offsets=offsets_KV)
 Q = Q.moveaxis(1,2).contiguous().to(device) # size=(B, H, j1, E_inner), contiguous=True
 K = K.moveaxis(1,2).contiguous().to(device) # size=(B, H, j2, E_inner), contiguous=True
 V = V.moveaxis(1,2).contiguous().to(device) # size=(B, H, j2, E_value), contiguous=True
 

 flex_attention = torch.compile(flex_attention)
 attn_out = flex_attention(Q,K,V) # size=(B, H, j1, E_value), crashes when flex_attention is compiled
 print(attn_out)","I'm getting a `BackendCompilerFailed` error when I use `torch.compile(flex_attention)` with nested jagged tensor inputs. The error message suggests that `FunctionalTensor` should be used with a `FunctionalTensorMode`. This issue is consistent across CPU and CUDA devices, including A100, 6000 ADA, and 2080Ti, and is not affected by the `dynamic` setting. The jagged dimensions of K and V might not be detected as matching, and I've tried to make them equal without resolving the issue. Here is a minimal reproducer for the problem.",Known Unknown,pytorch_pytorch,Issue,154556,Irrelevant,2,1,"I'm getting a `BackendCompilerFailed` error when I use `torch.compile(flex_attention)` with nested jagged tensor inputs. The error message suggests that `FunctionalTensor` should be used with a `FunctionalTensorMode`. This issue is consistent across CPU and CUDA devices, including A100, 6000 ADA, and 2080Ti, and is not affected by the `dynamic` setting. The jagged dimensions of K and V might not be detected as matching, and I've tried to make them equal without resolving the issue. Here is a minimal reproducer for the problem."
14,pytorch_pytorch,Issue,154556,"When I use torch.compile(flex_attention) with NJT inputs I get the following error:
 torch._dynamo.exc.BackendCompilerFailed: backend='inductor' raised:
 RuntimeError: Attempting to use FunctionalTensor on its own. Instead, please use it with a corresponding FunctionalTensorMode()
 

 This happens both on cpu and cuda devices (A100, 6000 ADA, 2080Ti) and independent of setting dynamic=True/False.
 Depending on how K,V are constructed, their jagged dimensions might have shapes j2,j3 which are not detected as matching. I made some effort to get both equal to j2, but that didn't help.
 Note that Q has a different shape j1. Running self-attention flex_attention(Q,Q,Q) with all jagged axes equal to j1 didn't help either.
 A minimal reproducer for this issue:
 import torch
 from torch.nested import nested_tensor_from_jagged
 from torch.nn.attention.flex_attention import flex_attention
 

 device = 'cuda' if torch.cuda.is_available() else 'cpu'
 H, E_inner, E_value= 8, 16, 32
 lengths_Q = torch.tensor([11, 13, 15])
 lengths_KV = torch.tensor([10, 15, 11])
 offsets_Q = torch.cat([torch.tensor([0]), torch.cumsum(lengths_Q, dim=0)])
 offsets_KV = torch.cat([torch.tensor([0]), torch.cumsum(lengths_KV, dim=0)])
 

 Q = torch.cat([torch.randn(Ni,H,E_inner) for Ni in lengths_Q], dim=0)
 K = torch.cat([torch.randn(Ni,H,E_inner) for Ni in lengths_KV], dim=0)
 V = torch.cat([torch.randn(Ni,H,E_value) for Ni in lengths_KV], dim=0)
 Q = nested_tensor_from_jagged(Q, offsets=offsets_Q )
 K = nested_tensor_from_jagged(K, offsets=offsets_KV)
 V = nested_tensor_from_jagged(V, offsets=offsets_KV)
 Q = Q.moveaxis(1,2).contiguous().to(device) # size=(B, H, j1, E_inner), contiguous=True
 K = K.moveaxis(1,2).contiguous().to(device) # size=(B, H, j2, E_inner), contiguous=True
 V = V.moveaxis(1,2).contiguous().to(device) # size=(B, H, j2, E_value), contiguous=True
 

 flex_attention = torch.compile(flex_attention)
 attn_out = flex_attention(Q,K,V) # size=(B, H, j1, E_value), crashes when flex_attention is compiled
 print(attn_out)","I'm running into a `RuntimeError` when using `torch.compile(flex_attention)` with nested jagged tensor inputs. The error message is `Attempting to use FunctionalTensor on its own. Instead, please use it with a corresponding FunctionalTensorMode()`. This error occurs on both CPU and CUDA devices, including A100, 6000 ADA, and 2080Ti, and is independent of the `dynamic` setting. The jagged dimensions of K and V might not be detected as matching, and I've tried to make them equal without success. Below is a minimal reproducer for the issue.",Known Unknown,pytorch_pytorch,Issue,154556,Irrelevant,2,1,"I'm running into a `RuntimeError` when using `torch.compile(flex_attention)` with nested jagged tensor inputs. The error message is `Attempting to use FunctionalTensor on its own. Instead, please use it with a corresponding FunctionalTensorMode()`. This error occurs on both CPU and CUDA devices, including A100, 6000 ADA, and 2080Ti, and is independent of the `dynamic` setting. The jagged dimensions of K and V might not be detected as matching, and I've tried to make them equal without success. Below is a minimal reproducer for the issue."
15,pytorch_pytorch,Issue,154556,The symptom comes from the functionalization implementation for the flex_attention HOP,"The issue seems to stem from the functionalization of the flex_attention HOP implementation. I've traced the problem back to this part of the code, but I'm not entirely sure how to resolve it.",Knowledge,pytorch_pytorch,Issue,154556,Knowledge,0,0,"The issue seems to stem from the functionalization of the flex_attention HOP implementation. I've traced the problem back to this part of the code, but I'm not entirely sure how to resolve it."
16,pytorch_pytorch,Issue,154556,The symptom comes from the functionalization implementation for the flex_attention HOP,"I believe the root cause of the problem lies in the functionalization of the flex_attention HOP. The symptoms are clear, but the underlying mechanics are a bit murky to me. Can someone provide more insight into this?",Knowledge,pytorch_pytorch,Issue,154556,Knowledge,0,0,"I believe the root cause of the problem lies in the functionalization of the flex_attention HOP. The symptoms are clear, but the underlying mechanics are a bit murky to me. Can someone provide more insight into this?"
17,pytorch_pytorch,Issue,154556,The symptom comes from the functionalization implementation for the flex_attention HOP,"The functionalization of the flex_attention HOP appears to be the source of the issue. I've reviewed the relevant code, but I'm still unsure about the exact cause. Is there a known issue with this implementation?",Knowledge,pytorch_pytorch,Issue,154556,Knowledge,0,0,"The functionalization of the flex_attention HOP appears to be the source of the issue. I've reviewed the relevant code, but I'm still unsure about the exact cause. Is there a known issue with this implementation?"
18,pytorch_pytorch,Issue,154556,The symptom comes from the functionalization implementation for the flex_attention HOP,"The symptoms I'm observing are likely due to the functionalization of the flex_attention HOP. I've tried to debug it, but the complexity of the implementation is making it difficult to pinpoint the exact problem. Any guidance would be appreciated.",Knowledge,pytorch_pytorch,Issue,154556,Knowledge,0,0,"The symptoms I'm observing are likely due to the functionalization of the flex_attention HOP. I've tried to debug it, but the complexity of the implementation is making it difficult to pinpoint the exact problem. Any guidance would be appreciated."
19,pytorch_pytorch,Issue,154556,The symptom comes from the functionalization implementation for the flex_attention HOP,I suspect the functionalization of the flex_attention HOP is causing the symptoms I'm seeing. The code changes introduced in this area seem to be the most recent and significant. Can someone confirm if this is a known issue or if there are any workarounds?,Knowledge,pytorch_pytorch,Issue,154556,Knowledge,0,0,I suspect the functionalization of the flex_attention HOP is causing the symptoms I'm seeing. The code changes introduced in this area seem to be the most recent and significant. Can someone confirm if this is a known issue or if there are any workarounds?
20,pytorch_pytorch,Issue,154556,The symptom comes from the functionalization implementation for the flex_attention HOP,"The functionalization of the flex_attention HOP seems to be the culprit behind the symptoms. I've reviewed the recent commits and the changes made, but I'm still not clear on why this is happening. Is there a specific aspect of the functionalization that could be causing this?",Knowledge,pytorch_pytorch,Issue,154556,Knowledge,0,0,"The functionalization of the flex_attention HOP seems to be the culprit behind the symptoms. I've reviewed the recent commits and the changes made, but I'm still not clear on why this is happening. Is there a specific aspect of the functionalization that could be causing this?"
21,pytorch_pytorch,Issue,154556,The symptom comes from the functionalization implementation for the flex_attention HOP,"The symptoms I'm encountering appear to be related to the functionalization of the flex_attention HOP. I've traced the issue to this part of the code, but I'm not confident in my understanding of the implementation. Could someone help me understand what might be going wrong?",Knowledge,pytorch_pytorch,Issue,154556,Knowledge,0,0,"The symptoms I'm encountering appear to be related to the functionalization of the flex_attention HOP. I've traced the issue to this part of the code, but I'm not confident in my understanding of the implementation. Could someone help me understand what might be going wrong?"
22,pytorch_pytorch,Issue,154556,The symptom comes from the functionalization implementation for the flex_attention HOP,"I've identified the functionalization of the flex_attention HOP as the likely source of the symptoms. The changes made in this area seem to be the most significant, but I'm not sure how to proceed with debugging. Any insights or suggestions would be helpful.",Knowledge,pytorch_pytorch,Issue,154556,Knowledge,0,0,"I've identified the functionalization of the flex_attention HOP as the likely source of the symptoms. The changes made in this area seem to be the most significant, but I'm not sure how to proceed with debugging. Any insights or suggestions would be helpful."
23,pytorch_pytorch,Issue,154556,The symptom comes from the functionalization implementation for the flex_attention HOP,"The functionalization of the flex_attention HOP is likely the cause of the symptoms. I've reviewed the code and the recent changes, but I'm still unsure about the exact mechanism. Is there a known issue with this functionalization, or is there something I'm missing?",Knowledge,pytorch_pytorch,Issue,154556,Knowledge,0,0,"The functionalization of the flex_attention HOP is likely the cause of the symptoms. I've reviewed the code and the recent changes, but I'm still unsure about the exact mechanism. Is there a known issue with this functionalization, or is there something I'm missing?"
24,pytorch_pytorch,issue,154556,"On the surface, it seems like ctx.unwrap_tensors() (with ctx being a PythonFunctionalizeAPI in this case) is not smart enough to handle tensor subclasses? Should it be handled there or more ad-hoc within flex_attention's impl?","It appears that ctx.unwrap_tensors() might not be fully equipped to deal with tensor subclasses when using the PythonFunctionalizeAPI. Is this something that should be addressed within the ctx.unwrap_tensors() method, or should the handling be more specific to the flex_attention implementation?",Known Unknown,pytorch_pytorch,issue,154556,Irrelevant,2,1,"It appears that ctx.unwrap_tensors() might not be fully equipped to deal with tensor subclasses when using the PythonFunctionalizeAPI. Is this something that should be addressed within the ctx.unwrap_tensors() method, or should the handling be more specific to the flex_attention implementation?"
25,pytorch_pytorch,issue,154556,"On the surface, it seems like ctx.unwrap_tensors() (with ctx being a PythonFunctionalizeAPI in this case) is not smart enough to handle tensor subclasses? Should it be handled there or more ad-hoc within flex_attention's impl?","From what I can tell, ctx.unwrap_tensors() doesn't seem to handle tensor subclasses effectively when used with the PythonFunctionalizeAPI. Should this be a responsibility of the ctx.unwrap_tensors() function, or should the flex_attention implementation handle it in a more ad-hoc manner?",Known Unknown,pytorch_pytorch,issue,154556,Irrelevant,2,1,"From what I can tell, ctx.unwrap_tensors() doesn't seem to handle tensor subclasses effectively when used with the PythonFunctionalizeAPI. Should this be a responsibility of the ctx.unwrap_tensors() function, or should the flex_attention implementation handle it in a more ad-hoc manner?"
26,pytorch_pytorch,issue,154556,"On the surface, it seems like ctx.unwrap_tensors() (with ctx being a PythonFunctionalizeAPI in this case) is not smart enough to handle tensor subclasses? Should it be handled there or more ad-hoc within flex_attention's impl?","It looks like ctx.unwrap_tensors() isn't smart enough to manage tensor subclasses in the context of the PythonFunctionalizeAPI. Is this a limitation that should be fixed in ctx.unwrap_tensors(), or should the flex_attention implementation take care of it?",Known Unknown,pytorch_pytorch,issue,154556,Irrelevant,2,1,"It looks like ctx.unwrap_tensors() isn't smart enough to manage tensor subclasses in the context of the PythonFunctionalizeAPI. Is this a limitation that should be fixed in ctx.unwrap_tensors(), or should the flex_attention implementation take care of it?"
27,pytorch_pytorch,issue,154556,"On the surface, it seems like ctx.unwrap_tensors() (with ctx being a PythonFunctionalizeAPI in this case) is not smart enough to handle tensor subclasses? Should it be handled there or more ad-hoc within flex_attention's impl?","On the surface, it seems that ctx.unwrap_tensors() isn't designed to handle tensor subclasses properly when used with the PythonFunctionalizeAPI. Should this be a concern for ctx.unwrap_tensors(), or should the flex_attention implementation handle it differently?",Known Unknown,pytorch_pytorch,issue,154556,Irrelevant,2,1,"On the surface, it seems that ctx.unwrap_tensors() isn't designed to handle tensor subclasses properly when used with the PythonFunctionalizeAPI. Should this be a concern for ctx.unwrap_tensors(), or should the flex_attention implementation handle it differently?"
28,pytorch_pytorch,issue,154556,"On the surface, it seems like ctx.unwrap_tensors() (with ctx being a PythonFunctionalizeAPI in this case) is not smart enough to handle tensor subclasses? Should it be handled there or more ad-hoc within flex_attention's impl?","It seems that ctx.unwrap_tensors() might not be capable of handling tensor subclasses when used with the PythonFunctionalizeAPI. Should this be a responsibility of ctx.unwrap_tensors(), or should the flex_attention implementation address it more specifically?",Known Unknown,pytorch_pytorch,issue,154556,Irrelevant,2,1,"It seems that ctx.unwrap_tensors() might not be capable of handling tensor subclasses when used with the PythonFunctionalizeAPI. Should this be a responsibility of ctx.unwrap_tensors(), or should the flex_attention implementation address it more specifically?"
29,pytorch_pytorch,issue,154556,"On the surface, it seems like ctx.unwrap_tensors() (with ctx being a PythonFunctionalizeAPI in this case) is not smart enough to handle tensor subclasses? Should it be handled there or more ad-hoc within flex_attention's impl?","From my observations, ctx.unwrap_tensors() doesn't seem to handle tensor subclasses well in the context of the PythonFunctionalizeAPI. Should this be a concern for ctx.unwrap_tensors(), or should the flex_attention implementation handle it more ad-hoc?",Known Unknown,pytorch_pytorch,issue,154556,Irrelevant,2,1,"From my observations, ctx.unwrap_tensors() doesn't seem to handle tensor subclasses well in the context of the PythonFunctionalizeAPI. Should this be a concern for ctx.unwrap_tensors(), or should the flex_attention implementation handle it more ad-hoc?"
30,pytorch_pytorch,issue,154556,"On the surface, it seems like ctx.unwrap_tensors() (with ctx being a PythonFunctionalizeAPI in this case) is not smart enough to handle tensor subclasses? Should it be handled there or more ad-hoc within flex_attention's impl?","It appears that ctx.unwrap_tensors() isn't equipped to handle tensor subclasses when used with the PythonFunctionalizeAPI. Should this be a responsibility of ctx.unwrap_tensors(), or should the flex_attention implementation take a more specific approach?",Known Unknown,pytorch_pytorch,issue,154556,Irrelevant,2,1,"It appears that ctx.unwrap_tensors() isn't equipped to handle tensor subclasses when used with the PythonFunctionalizeAPI. Should this be a responsibility of ctx.unwrap_tensors(), or should the flex_attention implementation take a more specific approach?"
31,pytorch_pytorch,issue,154556,"On the surface, it seems like ctx.unwrap_tensors() (with ctx being a PythonFunctionalizeAPI in this case) is not smart enough to handle tensor subclasses? Should it be handled there or more ad-hoc within flex_attention's impl?","It seems that ctx.unwrap_tensors() might not be designed to handle tensor subclasses effectively when used with the PythonFunctionalizeAPI. Should this be a concern for ctx.unwrap_tensors(), or should the flex_attention implementation handle it more specifically?",Known Unknown,pytorch_pytorch,issue,154556,Irrelevant,2,1,"It seems that ctx.unwrap_tensors() might not be designed to handle tensor subclasses effectively when used with the PythonFunctionalizeAPI. Should this be a concern for ctx.unwrap_tensors(), or should the flex_attention implementation handle it more specifically?"
32,pytorch_pytorch,issue,154556,"On the surface, it seems like ctx.unwrap_tensors() (with ctx being a PythonFunctionalizeAPI in this case) is not smart enough to handle tensor subclasses? Should it be handled there or more ad-hoc within flex_attention's impl?","From what I can see, ctx.unwrap_tensors() doesn't seem to handle tensor subclasses well when used with the PythonFunctionalizeAPI. Should this be a responsibility of ctx.unwrap_tensors(), or should the flex_attention implementation address it more ad-hoc?",Known Unknown,pytorch_pytorch,issue,154556,Irrelevant,2,1,"From what I can see, ctx.unwrap_tensors() doesn't seem to handle tensor subclasses well when used with the PythonFunctionalizeAPI. Should this be a responsibility of ctx.unwrap_tensors(), or should the flex_attention implementation address it more ad-hoc?"
33,pytorch_pytorch,Issue,154093,"I want to export a model to onnx, the simple code like the following:
 from torch import nn
 import torch
 

 class Model(nn.Module):
  def forward(self, x, y):
  y = torch.repeat_interleave(y, x.shape[0], dim=0)
  return y
 

 device = 'cuda:1'
 model = Model()
 model.to(device)
 x = torch.zeros((3, 10)).to(device)
 y = torch.zeros((1, 10)).to(device)
 torch.onnx.export(model=model, f='model.onnx', args=(x, y))
 

 Running this code, and I got an exception:
 Expected all tensors to be on the same device, but found at least two devices, cuda:1 and cpu! (when checking argument for argument index in method wrapper_CUDA__index_select)
 

 After debugging, I found that x.shape[0] is a tensor not a int, and its device is 'cpu' not 'cuda:1'
 Is that a bug, and how can I fix it?","I'm trying to export a PyTorch model to ONNX using the following code, but I encounter an exception. The error message indicates that the tensors are on different devices, even though I've moved them to 'cuda:1'. Specifically, `x.shape[0]` is a tensor on the CPU, causing the issue. Is this a bug, and how can I resolve it?",Known Unknown,pytorch_pytorch,Issue,154093,Known,2,1,"I'm trying to export a PyTorch model to ONNX using the following code, but I encounter an exception. The error message indicates that the tensors are on different devices, even though I've moved them to 'cuda:1'. Specifically, `x.shape[0]` is a tensor on the CPU, causing the issue. Is this a bug, and how can I resolve it?"
34,pytorch_pytorch,Issue,154093,"I want to export a model to onnx, the simple code like the following:
 from torch import nn
 import torch
 

 class Model(nn.Module):
  def forward(self, x, y):
  y = torch.repeat_interleave(y, x.shape[0], dim=0)
  return y
 

 device = 'cuda:1'
 model = Model()
 model.to(device)
 x = torch.zeros((3, 10)).to(device)
 y = torch.zeros((1, 10)).to(device)
 torch.onnx.export(model=model, f='model.onnx', args=(x, y))
 

 Running this code, and I got an exception:
 Expected all tensors to be on the same device, but found at least two devices, cuda:1 and cpu! (when checking argument for argument index in method wrapper_CUDA__index_select)
 

 After debugging, I found that x.shape[0] is a tensor not a int, and its device is 'cpu' not 'cuda:1'
 Is that a bug, and how can I fix it?","I'm facing an issue when exporting a PyTorch model to ONNX. The code snippet provided works fine until the export step, where I get an error about tensors being on different devices. It seems that `x.shape[0]` is a CPU tensor, while the rest of the tensors are on 'cuda:1'. Is this a known bug, and what's the best way to fix it?",Known Unknown,pytorch_pytorch,Issue,154093,Known,2,1,"I'm facing an issue when exporting a PyTorch model to ONNX. The code snippet provided works fine until the export step, where I get an error about tensors being on different devices. It seems that `x.shape[0]` is a CPU tensor, while the rest of the tensors are on 'cuda:1'. Is this a known bug, and what's the best way to fix it?"
35,pytorch_pytorch,Issue,154093,"I want to export a model to onnx, the simple code like the following:
 from torch import nn
 import torch
 

 class Model(nn.Module):
  def forward(self, x, y):
  y = torch.repeat_interleave(y, x.shape[0], dim=0)
  return y
 

 device = 'cuda:1'
 model = Model()
 model.to(device)
 x = torch.zeros((3, 10)).to(device)
 y = torch.zeros((1, 10)).to(device)
 torch.onnx.export(model=model, f='model.onnx', args=(x, y))
 

 Running this code, and I got an exception:
 Expected all tensors to be on the same device, but found at least two devices, cuda:1 and cpu! (when checking argument for argument index in method wrapper_CUDA__index_select)
 

 After debugging, I found that x.shape[0] is a tensor not a int, and its device is 'cpu' not 'cuda:1'
 Is that a bug, and how can I fix it?","I'm attempting to export a PyTorch model to ONNX, but I'm running into a device mismatch error. The error occurs because `x.shape[0]` is a CPU tensor, while the other tensors are on 'cuda:1'. I'm not sure if this is a bug in PyTorch or if there's a workaround. How can I ensure all tensors are on the same device during the export process?",Known Unknown,pytorch_pytorch,Issue,154093,Known,2,1,"I'm attempting to export a PyTorch model to ONNX, but I'm running into a device mismatch error. The error occurs because `x.shape[0]` is a CPU tensor, while the other tensors are on 'cuda:1'. I'm not sure if this is a bug in PyTorch or if there's a workaround. How can I ensure all tensors are on the same device during the export process?"
36,pytorch_pytorch,Issue,154093,"I want to export a model to onnx, the simple code like the following:
 from torch import nn
 import torch
 

 class Model(nn.Module):
  def forward(self, x, y):
  y = torch.repeat_interleave(y, x.shape[0], dim=0)
  return y
 

 device = 'cuda:1'
 model = Model()
 model.to(device)
 x = torch.zeros((3, 10)).to(device)
 y = torch.zeros((1, 10)).to(device)
 torch.onnx.export(model=model, f='model.onnx', args=(x, y))
 

 Running this code, and I got an exception:
 Expected all tensors to be on the same device, but found at least two devices, cuda:1 and cpu! (when checking argument for argument index in method wrapper_CUDA__index_select)
 

 After debugging, I found that x.shape[0] is a tensor not a int, and its device is 'cpu' not 'cuda:1'
 Is that a bug, and how can I fix it?","I'm having trouble exporting a PyTorch model to ONNX. The error message indicates that `x.shape[0]` is a CPU tensor, while the rest of the tensors are on 'cuda:1'. This causes a device mismatch during the export. Is this a bug, and what steps can I take to fix it?",Known Unknown,pytorch_pytorch,Issue,154093,Known,2,1,"I'm having trouble exporting a PyTorch model to ONNX. The error message indicates that `x.shape[0]` is a CPU tensor, while the rest of the tensors are on 'cuda:1'. This causes a device mismatch during the export. Is this a bug, and what steps can I take to fix it?"
37,pytorch_pytorch,Issue,154093,"I want to export a model to onnx, the simple code like the following:
 from torch import nn
 import torch
 

 class Model(nn.Module):
  def forward(self, x, y):
  y = torch.repeat_interleave(y, x.shape[0], dim=0)
  return y
 

 device = 'cuda:1'
 model = Model()
 model.to(device)
 x = torch.zeros((3, 10)).to(device)
 y = torch.zeros((1, 10)).to(device)
 torch.onnx.export(model=model, f='model.onnx', args=(x, y))
 

 Running this code, and I got an exception:
 Expected all tensors to be on the same device, but found at least two devices, cuda:1 and cpu! (when checking argument for argument index in method wrapper_CUDA__index_select)
 

 After debugging, I found that x.shape[0] is a tensor not a int, and its device is 'cpu' not 'cuda:1'
 Is that a bug, and how can I fix it?","I'm trying to export a PyTorch model to ONNX, but I'm encountering a device mismatch error. The error suggests that `x.shape[0]` is a CPU tensor, while the other tensors are on 'cuda:1'. I'm not sure if this is a bug or if there's a specific way to handle this. How can I ensure all tensors are on the same device during the export?",Known Unknown,pytorch_pytorch,Issue,154093,Known,2,1,"I'm trying to export a PyTorch model to ONNX, but I'm encountering a device mismatch error. The error suggests that `x.shape[0]` is a CPU tensor, while the other tensors are on 'cuda:1'. I'm not sure if this is a bug or if there's a specific way to handle this. How can I ensure all tensors are on the same device during the export?"
38,pytorch_pytorch,Issue,154093,"I want to export a model to onnx, the simple code like the following:
 from torch import nn
 import torch
 

 class Model(nn.Module):
  def forward(self, x, y):
  y = torch.repeat_interleave(y, x.shape[0], dim=0)
  return y
 

 device = 'cuda:1'
 model = Model()
 model.to(device)
 x = torch.zeros((3, 10)).to(device)
 y = torch.zeros((1, 10)).to(device)
 torch.onnx.export(model=model, f='model.onnx', args=(x, y))
 

 Running this code, and I got an exception:
 Expected all tensors to be on the same device, but found at least two devices, cuda:1 and cpu! (when checking argument for argument index in method wrapper_CUDA__index_select)
 

 After debugging, I found that x.shape[0] is a tensor not a int, and its device is 'cpu' not 'cuda:1'
 Is that a bug, and how can I fix it?","I'm running into a device mismatch issue when exporting a PyTorch model to ONNX. The error message indicates that `x.shape[0]` is a CPU tensor, while the other tensors are on 'cuda:1'. This is causing the export to fail. Is this a known bug, and how can I resolve it?",Known Unknown,pytorch_pytorch,Issue,154093,Known,2,1,"I'm running into a device mismatch issue when exporting a PyTorch model to ONNX. The error message indicates that `x.shape[0]` is a CPU tensor, while the other tensors are on 'cuda:1'. This is causing the export to fail. Is this a known bug, and how can I resolve it?"
39,pytorch_pytorch,Issue,154093,"I want to export a model to onnx, the simple code like the following:
 from torch import nn
 import torch
 

 class Model(nn.Module):
  def forward(self, x, y):
  y = torch.repeat_interleave(y, x.shape[0], dim=0)
  return y
 

 device = 'cuda:1'
 model = Model()
 model.to(device)
 x = torch.zeros((3, 10)).to(device)
 y = torch.zeros((1, 10)).to(device)
 torch.onnx.export(model=model, f='model.onnx', args=(x, y))
 

 Running this code, and I got an exception:
 Expected all tensors to be on the same device, but found at least two devices, cuda:1 and cpu! (when checking argument for argument index in method wrapper_CUDA__index_select)
 

 After debugging, I found that x.shape[0] is a tensor not a int, and its device is 'cpu' not 'cuda:1'
 Is that a bug, and how can I fix it?","I'm facing a device mismatch error when exporting a PyTorch model to ONNX. The error occurs because `x.shape[0]` is a CPU tensor, while the other tensors are on 'cuda:1'. I'm not sure if this is a bug or if there's a specific workaround. How can I ensure all tensors are on the same device during the export process?",Known Unknown,pytorch_pytorch,Issue,154093,Known,2,1,"I'm facing a device mismatch error when exporting a PyTorch model to ONNX. The error occurs because `x.shape[0]` is a CPU tensor, while the other tensors are on 'cuda:1'. I'm not sure if this is a bug or if there's a specific workaround. How can I ensure all tensors are on the same device during the export process?"
40,pytorch_pytorch,issue,153992,"By default AOTI generated code doesn't perform input shape checking for efficiency reason. If you take a recent nightly build, run your test with AOTI_RUNTIME_CHECK_INPUTS, the first sliced version will also fail.","By default, AOTI-generated code skips input shape validation to optimize performance. However, if you use a recent nightly build and set the AOTI_RUNTIME_CHECK_INPUTS flag, the first sliced version of your test will also fail due to shape mismatches.",Knowledge,pytorch_pytorch,issue,153992,Knowledge,0,0,"By default, AOTI-generated code skips input shape validation to optimize performance. However, if you use a recent nightly build and set the AOTI_RUNTIME_CHECK_INPUTS flag, the first sliced version of your test will also fail due to shape mismatches."
41,pytorch_pytorch,issue,153992,"By default AOTI generated code doesn't perform input shape checking for efficiency reason. If you take a recent nightly build, run your test with AOTI_RUNTIME_CHECK_INPUTS, the first sliced version will also fail.","AOTI-generated code does not include input shape checks by default to enhance efficiency. To diagnose issues, you can enable input checks by setting AOTI_RUNTIME_CHECK_INPUTS in a recent nightly build. This will cause the first sliced version of your test to fail if there are shape inconsistencies.",Knowledge,pytorch_pytorch,issue,153992,Knowledge,0,0,"AOTI-generated code does not include input shape checks by default to enhance efficiency. To diagnose issues, you can enable input checks by setting AOTI_RUNTIME_CHECK_INPUTS in a recent nightly build. This will cause the first sliced version of your test to fail if there are shape inconsistencies."
42,pytorch_pytorch,issue,153992,"By default AOTI generated code doesn't perform input shape checking for efficiency reason. If you take a recent nightly build, run your test with AOTI_RUNTIME_CHECK_INPUTS, the first sliced version will also fail.","The AOTI-generated code omits input shape verification for performance reasons. If you want to ensure input shapes are correct, you can use a recent nightly build and enable AOTI_RUNTIME_CHECK_INPUTS. This will make the first sliced version of your test fail if there are any shape discrepancies.",Knowledge,pytorch_pytorch,issue,153992,Knowledge,0,0,"The AOTI-generated code omits input shape verification for performance reasons. If you want to ensure input shapes are correct, you can use a recent nightly build and enable AOTI_RUNTIME_CHECK_INPUTS. This will make the first sliced version of your test fail if there are any shape discrepancies."
43,pytorch_pytorch,issue,153992,"By default AOTI generated code doesn't perform input shape checking for efficiency reason. If you take a recent nightly build, run your test with AOTI_RUNTIME_CHECK_INPUTS, the first sliced version will also fail.","To improve performance, AOTI-generated code does not perform input shape checks. If you encounter issues, you can enable these checks by setting AOTI_RUNTIME_CHECK_INPUTS in a recent nightly build. This will cause the first sliced version of your test to fail if the input shapes are incorrect.",Knowledge,pytorch_pytorch,issue,153992,Knowledge,0,0,"To improve performance, AOTI-generated code does not perform input shape checks. If you encounter issues, you can enable these checks by setting AOTI_RUNTIME_CHECK_INPUTS in a recent nightly build. This will cause the first sliced version of your test to fail if the input shapes are incorrect."
44,pytorch_pytorch,issue,153992,"By default AOTI generated code doesn't perform input shape checking for efficiency reason. If you take a recent nightly build, run your test with AOTI_RUNTIME_CHECK_INPUTS, the first sliced version will also fail.","AOTI-generated code avoids input shape checks to maintain efficiency. If you need to validate input shapes, you can use a recent nightly build and set the AOTI_RUNTIME_CHECK_INPUTS flag. This will result in the first sliced version of your test failing if there are any shape mismatches.",Knowledge,pytorch_pytorch,issue,153992,Knowledge,0,0,"AOTI-generated code avoids input shape checks to maintain efficiency. If you need to validate input shapes, you can use a recent nightly build and set the AOTI_RUNTIME_CHECK_INPUTS flag. This will result in the first sliced version of your test failing if there are any shape mismatches."
45,pytorch_pytorch,issue,153992,"By default AOTI generated code doesn't perform input shape checking for efficiency reason. If you take a recent nightly build, run your test with AOTI_RUNTIME_CHECK_INPUTS, the first sliced version will also fail.","By default, AOTI-generated code does not include input shape checks to optimize performance. To enable these checks, use a recent nightly build and set AOTI_RUNTIME_CHECK_INPUTS. This will cause the first sliced version of your test to fail if the input shapes are incorrect.",Knowledge,pytorch_pytorch,issue,153992,Knowledge,0,0,"By default, AOTI-generated code does not include input shape checks to optimize performance. To enable these checks, use a recent nightly build and set AOTI_RUNTIME_CHECK_INPUTS. This will cause the first sliced version of your test to fail if the input shapes are incorrect."
46,pytorch_pytorch,issue,153992,"By default AOTI generated code doesn't perform input shape checking for efficiency reason. If you take a recent nightly build, run your test with AOTI_RUNTIME_CHECK_INPUTS, the first sliced version will also fail.","AOTI-generated code skips input shape validation to enhance efficiency. If you need to check input shapes, you can enable this by setting AOTI_RUNTIME_CHECK_INPUTS in a recent nightly build. This will make the first sliced version of your test fail if there are any shape inconsistencies.",Knowledge,pytorch_pytorch,issue,153992,Knowledge,0,0,"AOTI-generated code skips input shape validation to enhance efficiency. If you need to check input shapes, you can enable this by setting AOTI_RUNTIME_CHECK_INPUTS in a recent nightly build. This will make the first sliced version of your test fail if there are any shape inconsistencies."
47,pytorch_pytorch,issue,153992,"By default AOTI generated code doesn't perform input shape checking for efficiency reason. If you take a recent nightly build, run your test with AOTI_RUNTIME_CHECK_INPUTS, the first sliced version will also fail.","To ensure optimal performance, AOTI-generated code does not perform input shape checks. If you want to validate input shapes, you can use a recent nightly build and set AOTI_RUNTIME_CHECK_INPUTS. This will cause the first sliced version of your test to fail if the input shapes are incorrect.",Knowledge,pytorch_pytorch,issue,153992,Knowledge,0,0,"To ensure optimal performance, AOTI-generated code does not perform input shape checks. If you want to validate input shapes, you can use a recent nightly build and set AOTI_RUNTIME_CHECK_INPUTS. This will cause the first sliced version of your test to fail if the input shapes are incorrect."
48,pytorch_pytorch,issue,153992,"By default AOTI generated code doesn't perform input shape checking for efficiency reason. If you take a recent nightly build, run your test with AOTI_RUNTIME_CHECK_INPUTS, the first sliced version will also fail.","AOTI-generated code omits input shape checks to improve performance. If you need to ensure input shapes are correct, you can enable these checks by setting AOTI_RUNTIME_CHECK_INPUTS in a recent nightly build. This will result in the first sliced version of your test failing if there are any shape mismatches.",Knowledge,pytorch_pytorch,issue,153992,Knowledge,0,0,"AOTI-generated code omits input shape checks to improve performance. If you need to ensure input shapes are correct, you can enable these checks by setting AOTI_RUNTIME_CHECK_INPUTS in a recent nightly build. This will result in the first sliced version of your test failing if there are any shape mismatches."
49,pytorch_pytorch,issue,153992,"By default AOTI generated code doesn't perform input shape checking for efficiency reason. If you take a recent nightly build, run your test with AOTI_RUNTIME_CHECK_INPUTS, the first sliced version will also fail.","By default, AOTI-generated code does not include input shape checks to optimize performance. To enable these checks, use a recent nightly build and set AOTI_RUNTIME_CHECK_INPUTS. This will cause the first sliced version of your test to fail if the input shapes are incorrect.",Knowledge,pytorch_pytorch,issue,153992,Knowledge,0,0,"By default, AOTI-generated code does not include input shape checks to optimize performance. To enable these checks, use a recent nightly build and set AOTI_RUNTIME_CHECK_INPUTS. This will cause the first sliced version of your test to fail if the input shapes are incorrect."
50,pytorch_pytorch,issue,153960,"Upgrading to PyTorch 2.7 makes the following script randomly hang in distributed mode:
 import argparse
 import os
 import torch
 

 

 def main(bad = False):
  local_rank = int(os.environ[""LOCAL_RANK""])
  device = torch.device(""cuda"", local_rank)
  torch.cuda.set_device(device)
  if bad:
  torch.distributed.init_process_group(""nccl"", device_id=device)
  else:
  torch.distributed.init_process_group(""nccl"")
 

  device = torch.device(""cuda"")
  rank = torch.distributed.get_rank()
 

  for i in range(10000):
  if rank == 0:
  if i % 10 == 0:
  print(i)
  a = torch.ones(3, device=device)
  else:
  a = torch.zeros(3, device=device)
 

  torch.distributed.broadcast(a, src=0)
 

  torch.distributed.destroy_process_group()
 

 

 if __name__ == ""__main__"":
  parser = argparse.ArgumentParser()
  parser.add_argument(""--bad"", action=""store_true"", help=""Shows the bug"")
  args = parser.parse_args()
  main(args.bad)
 

 More precisely torchrun --nproc_per_node 8 -- script.py --bad will randomly start hanging (you might need to launch it a couple of times) whereas torchrun --nproc_per_node 8 -- script.py is fine.
 torchrun --nproc_per_node 8 -- script.py --bad completes normally in 2.6.0, so this looks like a regression in PyTorch 2.7. We tried different kinds of GPUs and it looks like the bug appears on all of them.","After upgrading to PyTorch 2.7, I've noticed that a distributed training script occasionally hangs. The script initializes a process group and performs a broadcast operation in a loop. When run with the `--bad` flag, `torchrun --nproc_per_node 8 -- script.py --bad` sometimes gets stuck, while the same script without the flag runs fine. This issue didn't occur in PyTorch 2.6.0, suggesting a regression in the latest version. The problem appears on various GPUs.",Known Unknown,pytorch_pytorch,issue,153960,Unknown,2,1,"After upgrading to PyTorch 2.7, I've noticed that a distributed training script occasionally hangs. The script initializes a process group and performs a broadcast operation in a loop. When run with the `--bad` flag, `torchrun --nproc_per_node 8 -- script.py --bad` sometimes gets stuck, while the same script without the flag runs fine. This issue didn't occur in PyTorch 2.6.0, suggesting a regression in the latest version. The problem appears on various GPUs."
51,pytorch_pytorch,issue,153960,"Upgrading to PyTorch 2.7 makes the following script randomly hang in distributed mode:
 import argparse
 import os
 import torch
 

 

 def main(bad = False):
  local_rank = int(os.environ[""LOCAL_RANK""])
  device = torch.device(""cuda"", local_rank)
  torch.cuda.set_device(device)
  if bad:
  torch.distributed.init_process_group(""nccl"", device_id=device)
  else:
  torch.distributed.init_process_group(""nccl"")
 

  device = torch.device(""cuda"")
  rank = torch.distributed.get_rank()
 

  for i in range(10000):
  if rank == 0:
  if i % 10 == 0:
  print(i)
  a = torch.ones(3, device=device)
  else:
  a = torch.zeros(3, device=device)
 

  torch.distributed.broadcast(a, src=0)
 

  torch.distributed.destroy_process_group()
 

 

 if __name__ == ""__main__"":
  parser = argparse.ArgumentParser()
  parser.add_argument(""--bad"", action=""store_true"", help=""Shows the bug"")
  args = parser.parse_args()
  main(args.bad)
 

 More precisely torchrun --nproc_per_node 8 -- script.py --bad will randomly start hanging (you might need to launch it a couple of times) whereas torchrun --nproc_per_node 8 -- script.py is fine.
 torchrun --nproc_per_node 8 -- script.py --bad completes normally in 2.6.0, so this looks like a regression in PyTorch 2.7. We tried different kinds of GPUs and it looks like the bug appears on all of them.","I've encountered a hanging issue in a distributed training script after upgrading to PyTorch 2.7. The script initializes a process group and broadcasts a tensor in a loop. Running `torchrun --nproc_per_node 8 -- script.py --bad` causes the script to hang randomly, whereas `torchrun --nproc_per_node 8 -- script.py` works as expected. This behavior is consistent across different GPUs and was not observed in PyTorch 2.6.0, indicating a potential regression.",Known Unknown,pytorch_pytorch,issue,153960,Unknown,2,1,"I've encountered a hanging issue in a distributed training script after upgrading to PyTorch 2.7. The script initializes a process group and broadcasts a tensor in a loop. Running `torchrun --nproc_per_node 8 -- script.py --bad` causes the script to hang randomly, whereas `torchrun --nproc_per_node 8 -- script.py` works as expected. This behavior is consistent across different GPUs and was not observed in PyTorch 2.6.0, indicating a potential regression."
52,pytorch_pytorch,issue,153960,"Upgrading to PyTorch 2.7 makes the following script randomly hang in distributed mode:
 import argparse
 import os
 import torch
 

 

 def main(bad = False):
  local_rank = int(os.environ[""LOCAL_RANK""])
  device = torch.device(""cuda"", local_rank)
  torch.cuda.set_device(device)
  if bad:
  torch.distributed.init_process_group(""nccl"", device_id=device)
  else:
  torch.distributed.init_process_group(""nccl"")
 

  device = torch.device(""cuda"")
  rank = torch.distributed.get_rank()
 

  for i in range(10000):
  if rank == 0:
  if i % 10 == 0:
  print(i)
  a = torch.ones(3, device=device)
  else:
  a = torch.zeros(3, device=device)
 

  torch.distributed.broadcast(a, src=0)
 

  torch.distributed.destroy_process_group()
 

 

 if __name__ == ""__main__"":
  parser = argparse.ArgumentParser()
  parser.add_argument(""--bad"", action=""store_true"", help=""Shows the bug"")
  args = parser.parse_args()
  main(args.bad)
 

 More precisely torchrun --nproc_per_node 8 -- script.py --bad will randomly start hanging (you might need to launch it a couple of times) whereas torchrun --nproc_per_node 8 -- script.py is fine.
 torchrun --nproc_per_node 8 -- script.py --bad completes normally in 2.6.0, so this looks like a regression in PyTorch 2.7. We tried different kinds of GPUs and it looks like the bug appears on all of them.","Upgrading to PyTorch 2.7 has introduced a hanging issue in my distributed training script. The script initializes a process group and performs a broadcast operation in a loop. When the `--bad` flag is used, `torchrun --nproc_per_node 8 -- script.py --bad` occasionally hangs, while the script without the flag runs without issues. This problem was not present in PyTorch 2.6.0 and affects multiple GPU types.",Known Unknown,pytorch_pytorch,issue,153960,Unknown,2,1,"Upgrading to PyTorch 2.7 has introduced a hanging issue in my distributed training script. The script initializes a process group and performs a broadcast operation in a loop. When the `--bad` flag is used, `torchrun --nproc_per_node 8 -- script.py --bad` occasionally hangs, while the script without the flag runs without issues. This problem was not present in PyTorch 2.6.0 and affects multiple GPU types."
53,pytorch_pytorch,issue,153960,"Upgrading to PyTorch 2.7 makes the following script randomly hang in distributed mode:
 import argparse
 import os
 import torch
 

 

 def main(bad = False):
  local_rank = int(os.environ[""LOCAL_RANK""])
  device = torch.device(""cuda"", local_rank)
  torch.cuda.set_device(device)
  if bad:
  torch.distributed.init_process_group(""nccl"", device_id=device)
  else:
  torch.distributed.init_process_group(""nccl"")
 

  device = torch.device(""cuda"")
  rank = torch.distributed.get_rank()
 

  for i in range(10000):
  if rank == 0:
  if i % 10 == 0:
  print(i)
  a = torch.ones(3, device=device)
  else:
  a = torch.zeros(3, device=device)
 

  torch.distributed.broadcast(a, src=0)
 

  torch.distributed.destroy_process_group()
 

 

 if __name__ == ""__main__"":
  parser = argparse.ArgumentParser()
  parser.add_argument(""--bad"", action=""store_true"", help=""Shows the bug"")
  args = parser.parse_args()
  main(args.bad)
 

 More precisely torchrun --nproc_per_node 8 -- script.py --bad will randomly start hanging (you might need to launch it a couple of times) whereas torchrun --nproc_per_node 8 -- script.py is fine.
 torchrun --nproc_per_node 8 -- script.py --bad completes normally in 2.6.0, so this looks like a regression in PyTorch 2.7. We tried different kinds of GPUs and it looks like the bug appears on all of them.","I'm experiencing random hangs in a distributed training script after upgrading to PyTorch 2.7. The script initializes a process group and broadcasts a tensor in a loop. Running `torchrun --nproc_per_node 8 -- script.py --bad` sometimes causes the script to hang, while `torchrun --nproc_per_node 8 -- script.py` runs smoothly. This issue was not present in PyTorch 2.6.0 and appears to be a regression. The problem is consistent across different GPUs.",Known Unknown,pytorch_pytorch,issue,153960,Unknown,2,1,"I'm experiencing random hangs in a distributed training script after upgrading to PyTorch 2.7. The script initializes a process group and broadcasts a tensor in a loop. Running `torchrun --nproc_per_node 8 -- script.py --bad` sometimes causes the script to hang, while `torchrun --nproc_per_node 8 -- script.py` runs smoothly. This issue was not present in PyTorch 2.6.0 and appears to be a regression. The problem is consistent across different GPUs."
54,pytorch_pytorch,issue,153960,"Upgrading to PyTorch 2.7 makes the following script randomly hang in distributed mode:
 import argparse
 import os
 import torch
 

 

 def main(bad = False):
  local_rank = int(os.environ[""LOCAL_RANK""])
  device = torch.device(""cuda"", local_rank)
  torch.cuda.set_device(device)
  if bad:
  torch.distributed.init_process_group(""nccl"", device_id=device)
  else:
  torch.distributed.init_process_group(""nccl"")
 

  device = torch.device(""cuda"")
  rank = torch.distributed.get_rank()
 

  for i in range(10000):
  if rank == 0:
  if i % 10 == 0:
  print(i)
  a = torch.ones(3, device=device)
  else:
  a = torch.zeros(3, device=device)
 

  torch.distributed.broadcast(a, src=0)
 

  torch.distributed.destroy_process_group()
 

 

 if __name__ == ""__main__"":
  parser = argparse.ArgumentParser()
  parser.add_argument(""--bad"", action=""store_true"", help=""Shows the bug"")
  args = parser.parse_args()
  main(args.bad)
 

 More precisely torchrun --nproc_per_node 8 -- script.py --bad will randomly start hanging (you might need to launch it a couple of times) whereas torchrun --nproc_per_node 8 -- script.py is fine.
 torchrun --nproc_per_node 8 -- script.py --bad completes normally in 2.6.0, so this looks like a regression in PyTorch 2.7. We tried different kinds of GPUs and it looks like the bug appears on all of them.","A distributed training script that worked fine in PyTorch 2.6.0 now randomly hangs after upgrading to PyTorch 2.7. The script initializes a process group and performs a broadcast operation in a loop. When the `--bad` flag is set, `torchrun --nproc_per_node 8 -- script.py --bad` occasionally gets stuck, while the script without the flag runs without issues. This behavior suggests a regression in PyTorch 2.7 and is observed on various GPUs.",Known Unknown,pytorch_pytorch,issue,153960,Unknown,2,1,"A distributed training script that worked fine in PyTorch 2.6.0 now randomly hangs after upgrading to PyTorch 2.7. The script initializes a process group and performs a broadcast operation in a loop. When the `--bad` flag is set, `torchrun --nproc_per_node 8 -- script.py --bad` occasionally gets stuck, while the script without the flag runs without issues. This behavior suggests a regression in PyTorch 2.7 and is observed on various GPUs."
55,pytorch_pytorch,issue,153960,"Upgrading to PyTorch 2.7 makes the following script randomly hang in distributed mode:
 import argparse
 import os
 import torch
 

 

 def main(bad = False):
  local_rank = int(os.environ[""LOCAL_RANK""])
  device = torch.device(""cuda"", local_rank)
  torch.cuda.set_device(device)
  if bad:
  torch.distributed.init_process_group(""nccl"", device_id=device)
  else:
  torch.distributed.init_process_group(""nccl"")
 

  device = torch.device(""cuda"")
  rank = torch.distributed.get_rank()
 

  for i in range(10000):
  if rank == 0:
  if i % 10 == 0:
  print(i)
  a = torch.ones(3, device=device)
  else:
  a = torch.zeros(3, device=device)
 

  torch.distributed.broadcast(a, src=0)
 

  torch.distributed.destroy_process_group()
 

 

 if __name__ == ""__main__"":
  parser = argparse.ArgumentParser()
  parser.add_argument(""--bad"", action=""store_true"", help=""Shows the bug"")
  args = parser.parse_args()
  main(args.bad)
 

 More precisely torchrun --nproc_per_node 8 -- script.py --bad will randomly start hanging (you might need to launch it a couple of times) whereas torchrun --nproc_per_node 8 -- script.py is fine.
 torchrun --nproc_per_node 8 -- script.py --bad completes normally in 2.6.0, so this looks like a regression in PyTorch 2.7. We tried different kinds of GPUs and it looks like the bug appears on all of them.","I've noticed a hanging issue in a distributed training script after upgrading to PyTorch 2.7. The script initializes a process group and broadcasts a tensor in a loop. Running `torchrun --nproc_per_node 8 -- script.py --bad` sometimes causes the script to hang, while `torchrun --nproc_per_node 8 -- script.py` runs without problems. This issue was not present in PyTorch 2.6.0 and appears to be a regression. The problem is consistent across different GPU types.",Known Unknown,pytorch_pytorch,issue,153960,Unknown,2,1,"I've noticed a hanging issue in a distributed training script after upgrading to PyTorch 2.7. The script initializes a process group and broadcasts a tensor in a loop. Running `torchrun --nproc_per_node 8 -- script.py --bad` sometimes causes the script to hang, while `torchrun --nproc_per_node 8 -- script.py` runs without problems. This issue was not present in PyTorch 2.6.0 and appears to be a regression. The problem is consistent across different GPU types."
56,pytorch_pytorch,issue,153960,"Upgrading to PyTorch 2.7 makes the following script randomly hang in distributed mode:
 import argparse
 import os
 import torch
 

 

 def main(bad = False):
  local_rank = int(os.environ[""LOCAL_RANK""])
  device = torch.device(""cuda"", local_rank)
  torch.cuda.set_device(device)
  if bad:
  torch.distributed.init_process_group(""nccl"", device_id=device)
  else:
  torch.distributed.init_process_group(""nccl"")
 

  device = torch.device(""cuda"")
  rank = torch.distributed.get_rank()
 

  for i in range(10000):
  if rank == 0:
  if i % 10 == 0:
  print(i)
  a = torch.ones(3, device=device)
  else:
  a = torch.zeros(3, device=device)
 

  torch.distributed.broadcast(a, src=0)
 

  torch.distributed.destroy_process_group()
 

 

 if __name__ == ""__main__"":
  parser = argparse.ArgumentParser()
  parser.add_argument(""--bad"", action=""store_true"", help=""Shows the bug"")
  args = parser.parse_args()
  main(args.bad)
 

 More precisely torchrun --nproc_per_node 8 -- script.py --bad will randomly start hanging (you might need to launch it a couple of times) whereas torchrun --nproc_per_node 8 -- script.py is fine.
 torchrun --nproc_per_node 8 -- script.py --bad completes normally in 2.6.0, so this looks like a regression in PyTorch 2.7. We tried different kinds of GPUs and it looks like the bug appears on all of them.","After upgrading to PyTorch 2.7, my distributed training script occasionally hangs. The script initializes a process group and performs a broadcast operation in a loop. When the `--bad` flag is used, `torchrun --nproc_per_node 8 -- script.py --bad` sometimes gets stuck, while the script without the flag runs smoothly. This issue was not observed in PyTorch 2.6.0 and appears to be a regression. The problem is consistent across various GPUs.",Known Unknown,pytorch_pytorch,issue,153960,Unknown,2,1,"After upgrading to PyTorch 2.7, my distributed training script occasionally hangs. The script initializes a process group and performs a broadcast operation in a loop. When the `--bad` flag is used, `torchrun --nproc_per_node 8 -- script.py --bad` sometimes gets stuck, while the script without the flag runs smoothly. This issue was not observed in PyTorch 2.6.0 and appears to be a regression. The problem is consistent across various GPUs."
57,pytorch_pytorch,issue,153960,"Upgrading to PyTorch 2.7 makes the following script randomly hang in distributed mode:
 import argparse
 import os
 import torch
 

 

 def main(bad = False):
  local_rank = int(os.environ[""LOCAL_RANK""])
  device = torch.device(""cuda"", local_rank)
  torch.cuda.set_device(device)
  if bad:
  torch.distributed.init_process_group(""nccl"", device_id=device)
  else:
  torch.distributed.init_process_group(""nccl"")
 

  device = torch.device(""cuda"")
  rank = torch.distributed.get_rank()
 

  for i in range(10000):
  if rank == 0:
  if i % 10 == 0:
  print(i)
  a = torch.ones(3, device=device)
  else:
  a = torch.zeros(3, device=device)
 

  torch.distributed.broadcast(a, src=0)
 

  torch.distributed.destroy_process_group()
 

 

 if __name__ == ""__main__"":
  parser = argparse.ArgumentParser()
  parser.add_argument(""--bad"", action=""store_true"", help=""Shows the bug"")
  args = parser.parse_args()
  main(args.bad)
 

 More precisely torchrun --nproc_per_node 8 -- script.py --bad will randomly start hanging (you might need to launch it a couple of times) whereas torchrun --nproc_per_node 8 -- script.py is fine.
 torchrun --nproc_per_node 8 -- script.py --bad completes normally in 2.6.0, so this looks like a regression in PyTorch 2.7. We tried different kinds of GPUs and it looks like the bug appears on all of them.","I've encountered a hanging issue in a distributed training script after upgrading to PyTorch 2.7. The script initializes a process group and broadcasts a tensor in a loop. Running `torchrun --nproc_per_node 8 -- script.py --bad` sometimes causes the script to hang, while `torchrun --nproc_per_node 8 -- script.py` runs without issues. This behavior was not present in PyTorch 2.6.0 and suggests a regression in the latest version. The problem is consistent across different GPUs.",Known Unknown,pytorch_pytorch,issue,153960,Unknown,2,1,"I've encountered a hanging issue in a distributed training script after upgrading to PyTorch 2.7. The script initializes a process group and broadcasts a tensor in a loop. Running `torchrun --nproc_per_node 8 -- script.py --bad` sometimes causes the script to hang, while `torchrun --nproc_per_node 8 -- script.py` runs without issues. This behavior was not present in PyTorch 2.6.0 and suggests a regression in the latest version. The problem is consistent across different GPUs."
58,pytorch_pytorch,Issue,153960,"What does the device_id do behind the scenes? What does it change with respect to NCCL?
 Can we get a NCCL debug log (NCCL_DEBUG=INFO)? Or does the race go away then?",I'm curious about the inner workings of the device_id. How does it affect NCCL operations? Is it possible to enable NCCL debug logs by setting NCCL_DEBUG=INFO? Does this help in identifying any race conditions?,Known Unknown,pytorch_pytorch,Issue,153960,Known,2,1,I'm curious about the inner workings of the device_id. How does it affect NCCL operations? Is it possible to enable NCCL debug logs by setting NCCL_DEBUG=INFO? Does this help in identifying any race conditions?
59,pytorch_pytorch,Issue,153960,"What does the device_id do behind the scenes? What does it change with respect to NCCL?
 Can we get a NCCL debug log (NCCL_DEBUG=INFO)? Or does the race go away then?",Can someone explain what the device_id does under the hood and how it influences NCCL? Is there a way to get detailed NCCL debug logs? Does enabling debug logs resolve any potential race conditions?,Known Unknown,pytorch_pytorch,Issue,153960,Known,2,1,Can someone explain what the device_id does under the hood and how it influences NCCL? Is there a way to get detailed NCCL debug logs? Does enabling debug logs resolve any potential race conditions?
60,pytorch_pytorch,Issue,153960,"What does the device_id do behind the scenes? What does it change with respect to NCCL?
 Can we get a NCCL debug log (NCCL_DEBUG=INFO)? Or does the race go away then?",I'm trying to understand the role of device_id in the context of NCCL. What changes does it introduce? Can we enable NCCL debug logs to get more insights? Does this help in diagnosing race conditions?,Known Unknown,pytorch_pytorch,Issue,153960,Known,2,1,I'm trying to understand the role of device_id in the context of NCCL. What changes does it introduce? Can we enable NCCL debug logs to get more insights? Does this help in diagnosing race conditions?
61,pytorch_pytorch,Issue,153960,"What does the device_id do behind the scenes? What does it change with respect to NCCL?
 Can we get a NCCL debug log (NCCL_DEBUG=INFO)? Or does the race go away then?",What is the purpose of the device_id in NCCL? How does it impact the communication between devices? Is it possible to get NCCL debug logs by setting NCCL_DEBUG=INFO? Does this help in identifying and resolving race conditions?,Known Unknown,pytorch_pytorch,Issue,153960,Known,2,1,What is the purpose of the device_id in NCCL? How does it impact the communication between devices? Is it possible to get NCCL debug logs by setting NCCL_DEBUG=INFO? Does this help in identifying and resolving race conditions?
62,pytorch_pytorch,Issue,153960,"What does the device_id do behind the scenes? What does it change with respect to NCCL?
 Can we get a NCCL debug log (NCCL_DEBUG=INFO)? Or does the race go away then?",I'm not sure what the device_id does behind the scenes in NCCL. Can we enable debug logs to see more details? Does setting NCCL_DEBUG=INFO help in understanding any race conditions?,Known Unknown,pytorch_pytorch,Issue,153960,Known,2,1,I'm not sure what the device_id does behind the scenes in NCCL. Can we enable debug logs to see more details? Does setting NCCL_DEBUG=INFO help in understanding any race conditions?
63,pytorch_pytorch,Issue,153960,"What does the device_id do behind the scenes? What does it change with respect to NCCL?
 Can we get a NCCL debug log (NCCL_DEBUG=INFO)? Or does the race go away then?",I'm confused about the function of device_id in NCCL. What does it change? Can we get more detailed logs by setting NCCL_DEBUG=INFO? Does this help in diagnosing race conditions?,Known Unknown,pytorch_pytorch,Issue,153960,Known,2,1,I'm confused about the function of device_id in NCCL. What does it change? Can we get more detailed logs by setting NCCL_DEBUG=INFO? Does this help in diagnosing race conditions?
64,pytorch_pytorch,Issue,153960,"What does the device_id do behind the scenes? What does it change with respect to NCCL?
 Can we get a NCCL debug log (NCCL_DEBUG=INFO)? Or does the race go away then?",I'm trying to figure out what the device_id does in NCCL. How does it affect the communication? Can we enable debug logs to get more information? Does setting NCCL_DEBUG=INFO help in identifying race conditions?,Known Unknown,pytorch_pytorch,Issue,153960,Known,2,1,I'm trying to figure out what the device_id does in NCCL. How does it affect the communication? Can we enable debug logs to get more information? Does setting NCCL_DEBUG=INFO help in identifying race conditions?
65,pytorch_pytorch,Issue,153960,"What does the device_id do behind the scenes? What does it change with respect to NCCL?
 Can we get a NCCL debug log (NCCL_DEBUG=INFO)? Or does the race go away then?",What is the role of device_id in NCCL? How does it modify the behavior? Can we get detailed logs by setting NCCL_DEBUG=INFO? Does this help in understanding any race conditions?,Known Unknown,pytorch_pytorch,Issue,153960,Known,2,1,What is the role of device_id in NCCL? How does it modify the behavior? Can we get detailed logs by setting NCCL_DEBUG=INFO? Does this help in understanding any race conditions?
66,pytorch_pytorch,Issue,153960,"What does the device_id do behind the scenes? What does it change with respect to NCCL?
 Can we get a NCCL debug log (NCCL_DEBUG=INFO)? Or does the race go away then?",I'm unsure about the impact of device_id on NCCL. What does it change? Can we enable debug logs to get more insights? Does setting NCCL_DEBUG=INFO help in diagnosing race conditions?,Known Unknown,pytorch_pytorch,Issue,153960,Known,2,1,I'm unsure about the impact of device_id on NCCL. What does it change? Can we enable debug logs to get more insights? Does setting NCCL_DEBUG=INFO help in diagnosing race conditions?
67,pytorch_pytorch,Issue,153960,"What does the device_id do behind the scenes? What does it change with respect to NCCL?
 Can we get a NCCL debug log (NCCL_DEBUG=INFO)? Or does the race go away then?",I'm curious about the function of device_id in NCCL. What does it do behind the scenes? Can we get more detailed logs by setting NCCL_DEBUG=INFO? Does this help in identifying any race conditions?,Known Unknown,pytorch_pytorch,Issue,153960,Known,2,1,I'm curious about the function of device_id in NCCL. What does it do behind the scenes? Can we get more detailed logs by setting NCCL_DEBUG=INFO? Does this help in identifying any race conditions?
68,pytorch_pytorch,issue,153960,"It would initialize NCCL communicator at that moment, because we know the device id at that moment, instead of delaying the init till the first collective (the traditional pytorch way). To compensate for ""ahead-of-time bill"", it uses NCCL's non-blocking API mode.","The NCCL communicator is initialized immediately when the device ID is known, rather than waiting for the first collective operation. This approach uses NCCL's non-blocking API to manage the initialization cost upfront.",Knowledge,pytorch_pytorch,issue,153960,Knowledge,0,0,"The NCCL communicator is initialized immediately when the device ID is known, rather than waiting for the first collective operation. This approach uses NCCL's non-blocking API to manage the initialization cost upfront."
69,pytorch_pytorch,issue,153960,"It would initialize NCCL communicator at that moment, because we know the device id at that moment, instead of delaying the init till the first collective (the traditional pytorch way). To compensate for ""ahead-of-time bill"", it uses NCCL's non-blocking API mode.","Instead of delaying the initialization of the NCCL communicator until the first collective operation, it is set up as soon as the device ID is available. The non-blocking API of NCCL helps to handle the initialization overhead efficiently.",Knowledge,pytorch_pytorch,issue,153960,Knowledge,0,0,"Instead of delaying the initialization of the NCCL communicator until the first collective operation, it is set up as soon as the device ID is available. The non-blocking API of NCCL helps to handle the initialization overhead efficiently."
70,pytorch_pytorch,issue,153960,"It would initialize NCCL communicator at that moment, because we know the device id at that moment, instead of delaying the init till the first collective (the traditional pytorch way). To compensate for ""ahead-of-time bill"", it uses NCCL's non-blocking API mode.","The NCCL communicator is initialized right away when the device ID is known, rather than waiting for the first collective call. This is achieved using NCCL's non-blocking API to mitigate the upfront initialization cost.",Knowledge,pytorch_pytorch,issue,153960,Knowledge,0,0,"The NCCL communicator is initialized right away when the device ID is known, rather than waiting for the first collective call. This is achieved using NCCL's non-blocking API to mitigate the upfront initialization cost."
71,pytorch_pytorch,issue,153960,"It would initialize NCCL communicator at that moment, because we know the device id at that moment, instead of delaying the init till the first collective (the traditional pytorch way). To compensate for ""ahead-of-time bill"", it uses NCCL's non-blocking API mode.","To avoid delaying the initialization of the NCCL communicator until the first collective operation, it is initialized as soon as the device ID is known. The non-blocking API of NCCL is used to manage the initialization overhead.",Knowledge,pytorch_pytorch,issue,153960,Knowledge,0,0,"To avoid delaying the initialization of the NCCL communicator until the first collective operation, it is initialized as soon as the device ID is known. The non-blocking API of NCCL is used to manage the initialization overhead."
72,pytorch_pytorch,issue,153960,"It would initialize NCCL communicator at that moment, because we know the device id at that moment, instead of delaying the init till the first collective (the traditional pytorch way). To compensate for ""ahead-of-time bill"", it uses NCCL's non-blocking API mode.","The NCCL communicator is initialized immediately upon knowing the device ID, rather than waiting for the first collective operation. This is done using NCCL's non-blocking API to handle the initialization cost upfront.",Knowledge,pytorch_pytorch,issue,153960,Knowledge,0,0,"The NCCL communicator is initialized immediately upon knowing the device ID, rather than waiting for the first collective operation. This is done using NCCL's non-blocking API to handle the initialization cost upfront."
73,pytorch_pytorch,issue,153960,"It would initialize NCCL communicator at that moment, because we know the device id at that moment, instead of delaying the init till the first collective (the traditional pytorch way). To compensate for ""ahead-of-time bill"", it uses NCCL's non-blocking API mode.","The NCCL communicator is set up as soon as the device ID is available, instead of waiting for the first collective operation. This is managed using NCCL's non-blocking API to handle the initialization cost efficiently.",Knowledge,pytorch_pytorch,issue,153960,Knowledge,0,0,"The NCCL communicator is set up as soon as the device ID is available, instead of waiting for the first collective operation. This is managed using NCCL's non-blocking API to handle the initialization cost efficiently."
74,pytorch_pytorch,issue,153960,"It would initialize NCCL communicator at that moment, because we know the device id at that moment, instead of delaying the init till the first collective (the traditional pytorch way). To compensate for ""ahead-of-time bill"", it uses NCCL's non-blocking API mode.","To ensure the NCCL communicator is ready when needed, it is initialized as soon as the device ID is known, rather than waiting for the first collective operation. The non-blocking API of NCCL is used to manage the initialization overhead.",Knowledge,pytorch_pytorch,issue,153960,Knowledge,0,0,"To ensure the NCCL communicator is ready when needed, it is initialized as soon as the device ID is known, rather than waiting for the first collective operation. The non-blocking API of NCCL is used to manage the initialization overhead."
75,pytorch_pytorch,issue,153960,"It would initialize NCCL communicator at that moment, because we know the device id at that moment, instead of delaying the init till the first collective (the traditional pytorch way). To compensate for ""ahead-of-time bill"", it uses NCCL's non-blocking API mode.","The NCCL communicator is initialized immediately when the device ID is known, rather than waiting for the first collective operation. This is done using NCCL's non-blocking API to handle the initialization cost upfront.",Knowledge,pytorch_pytorch,issue,153960,Knowledge,0,0,"The NCCL communicator is initialized immediately when the device ID is known, rather than waiting for the first collective operation. This is done using NCCL's non-blocking API to handle the initialization cost upfront."
76,pytorch_pytorch,issue,153960,"It would initialize NCCL communicator at that moment, because we know the device id at that moment, instead of delaying the init till the first collective (the traditional pytorch way). To compensate for ""ahead-of-time bill"", it uses NCCL's non-blocking API mode.","The NCCL communicator is initialized as soon as the device ID is known, rather than waiting for the first collective operation. This is managed using NCCL's non-blocking API to handle the initialization overhead efficiently.",Knowledge,pytorch_pytorch,issue,153960,Knowledge,0,0,"The NCCL communicator is initialized as soon as the device ID is known, rather than waiting for the first collective operation. This is managed using NCCL's non-blocking API to handle the initialization overhead efficiently."
77,pytorch_pytorch,issue,153960,"It would initialize NCCL communicator at that moment, because we know the device id at that moment, instead of delaying the init till the first collective (the traditional pytorch way). To compensate for ""ahead-of-time bill"", it uses NCCL's non-blocking API mode.","The NCCL communicator is set up immediately when the device ID is known, rather than waiting for the first collective operation. This is achieved using NCCL's non-blocking API to manage the initialization cost upfront.",Knowledge,pytorch_pytorch,issue,153960,Knowledge,0,0,"The NCCL communicator is set up immediately when the device ID is known, rather than waiting for the first collective operation. This is achieved using NCCL's non-blocking API to manage the initialization cost upfront."
78,pytorch_pytorch,issue,153960,"Let me give you some background on this issue from the NCCL team's perspective:
 Until recently, ncclCommGetAsyncError was, as @ptrblck said, a pure read-op. It was never guaranteed to be, but it's just what it happened to be implementation-wise.
 This changed in NCCL 2.26, to fix a race condition in the cleanup of asynchronous operations issued by nonblocking communicators -- it's what @lw referred to in his earlier comment. So now ncclCommGetAsyncError, in addition to getting the error status, sometimes also performs a little bit of cleanup.","To provide some context from the NCCL team's viewpoint: Until the recent update, ncclCommGetAsyncError was essentially a read-only operation, though this wasn't officially guaranteed. However, in NCCL 2.26, it was modified to address a race condition during the cleanup of asynchronous operations from nonblocking communicators. Now, it not only retrieves the error status but may also perform some cleanup tasks.",Knowledge,pytorch_pytorch,issue,153960,Knowledge,0,0,"To provide some context from the NCCL team's viewpoint: Until the recent update, ncclCommGetAsyncError was essentially a read-only operation, though this wasn't officially guaranteed. However, in NCCL 2.26, it was modified to address a race condition during the cleanup of asynchronous operations from nonblocking communicators. Now, it not only retrieves the error status but may also perform some cleanup tasks."
79,pytorch_pytorch,issue,153960,"Let me give you some background on this issue from the NCCL team's perspective:
 Until recently, ncclCommGetAsyncError was, as @ptrblck said, a pure read-op. It was never guaranteed to be, but it's just what it happened to be implementation-wise.
 This changed in NCCL 2.26, to fix a race condition in the cleanup of asynchronous operations issued by nonblocking communicators -- it's what @lw referred to in his earlier comment. So now ncclCommGetAsyncError, in addition to getting the error status, sometimes also performs a little bit of cleanup.","From the NCCL team's perspective, ncclCommGetAsyncError was previously a read-only function, as @ptrblck mentioned. This was not a guaranteed behavior, but it was how it was implemented. In NCCL 2.26, the function was updated to fix a race condition in the cleanup process of asynchronous operations from nonblocking communicators. As a result, it now includes some cleanup operations in addition to retrieving the error status.",Knowledge,pytorch_pytorch,issue,153960,Knowledge,0,0,"From the NCCL team's perspective, ncclCommGetAsyncError was previously a read-only function, as @ptrblck mentioned. This was not a guaranteed behavior, but it was how it was implemented. In NCCL 2.26, the function was updated to fix a race condition in the cleanup process of asynchronous operations from nonblocking communicators. As a result, it now includes some cleanup operations in addition to retrieving the error status."
80,pytorch_pytorch,issue,153960,"Let me give you some background on this issue from the NCCL team's perspective:
 Until recently, ncclCommGetAsyncError was, as @ptrblck said, a pure read-op. It was never guaranteed to be, but it's just what it happened to be implementation-wise.
 This changed in NCCL 2.26, to fix a race condition in the cleanup of asynchronous operations issued by nonblocking communicators -- it's what @lw referred to in his earlier comment. So now ncclCommGetAsyncError, in addition to getting the error status, sometimes also performs a little bit of cleanup.","To give you some background from the NCCL team: Until recently, ncclCommGetAsyncError was a read-only operation, though this was not officially documented. In NCCL 2.26, the function was changed to address a race condition in the cleanup of asynchronous operations from nonblocking communicators. Now, it not only fetches the error status but may also perform some cleanup.",Knowledge,pytorch_pytorch,issue,153960,Knowledge,0,0,"To give you some background from the NCCL team: Until recently, ncclCommGetAsyncError was a read-only operation, though this was not officially documented. In NCCL 2.26, the function was changed to address a race condition in the cleanup of asynchronous operations from nonblocking communicators. Now, it not only fetches the error status but may also perform some cleanup."
81,pytorch_pytorch,issue,153960,"Let me give you some background on this issue from the NCCL team's perspective:
 Until recently, ncclCommGetAsyncError was, as @ptrblck said, a pure read-op. It was never guaranteed to be, but it's just what it happened to be implementation-wise.
 This changed in NCCL 2.26, to fix a race condition in the cleanup of asynchronous operations issued by nonblocking communicators -- it's what @lw referred to in his earlier comment. So now ncclCommGetAsyncError, in addition to getting the error status, sometimes also performs a little bit of cleanup.","From the NCCL team's standpoint, ncclCommGetAsyncError was previously a read-only function, as noted by @ptrblck. However, in NCCL 2.26, it was modified to fix a race condition in the cleanup of asynchronous operations from nonblocking communicators. Now, it performs some cleanup in addition to retrieving the error status.",Knowledge,pytorch_pytorch,issue,153960,Knowledge,0,0,"From the NCCL team's standpoint, ncclCommGetAsyncError was previously a read-only function, as noted by @ptrblck. However, in NCCL 2.26, it was modified to fix a race condition in the cleanup of asynchronous operations from nonblocking communicators. Now, it performs some cleanup in addition to retrieving the error status."
82,pytorch_pytorch,issue,153960,"Let me give you some background on this issue from the NCCL team's perspective:
 Until recently, ncclCommGetAsyncError was, as @ptrblck said, a pure read-op. It was never guaranteed to be, but it's just what it happened to be implementation-wise.
 This changed in NCCL 2.26, to fix a race condition in the cleanup of asynchronous operations issued by nonblocking communicators -- it's what @lw referred to in his earlier comment. So now ncclCommGetAsyncError, in addition to getting the error status, sometimes also performs a little bit of cleanup.","To provide some context from the NCCL team: Until the latest update, ncclCommGetAsyncError was a read-only operation, though this was not guaranteed. In NCCL 2.26, the function was changed to address a race condition in the cleanup of asynchronous operations from nonblocking communicators. Now, it not only retrieves the error status but may also perform some cleanup tasks.",Knowledge,pytorch_pytorch,issue,153960,Knowledge,0,0,"To provide some context from the NCCL team: Until the latest update, ncclCommGetAsyncError was a read-only operation, though this was not guaranteed. In NCCL 2.26, the function was changed to address a race condition in the cleanup of asynchronous operations from nonblocking communicators. Now, it not only retrieves the error status but may also perform some cleanup tasks."
83,pytorch_pytorch,issue,153960,"Let me give you some background on this issue from the NCCL team's perspective:
 Until recently, ncclCommGetAsyncError was, as @ptrblck said, a pure read-op. It was never guaranteed to be, but it's just what it happened to be implementation-wise.
 This changed in NCCL 2.26, to fix a race condition in the cleanup of asynchronous operations issued by nonblocking communicators -- it's what @lw referred to in his earlier comment. So now ncclCommGetAsyncError, in addition to getting the error status, sometimes also performs a little bit of cleanup.","From the NCCL team's perspective, ncclCommGetAsyncError was previously a read-only function, as @ptrblck mentioned. However, in NCCL 2.26, it was updated to fix a race condition in the cleanup of asynchronous operations from nonblocking communicators. Now, it includes some cleanup operations in addition to retrieving the error status.",Knowledge,pytorch_pytorch,issue,153960,Knowledge,0,0,"From the NCCL team's perspective, ncclCommGetAsyncError was previously a read-only function, as @ptrblck mentioned. However, in NCCL 2.26, it was updated to fix a race condition in the cleanup of asynchronous operations from nonblocking communicators. Now, it includes some cleanup operations in addition to retrieving the error status."
84,pytorch_pytorch,issue,153960,"Let me give you some background on this issue from the NCCL team's perspective:
 Until recently, ncclCommGetAsyncError was, as @ptrblck said, a pure read-op. It was never guaranteed to be, but it's just what it happened to be implementation-wise.
 This changed in NCCL 2.26, to fix a race condition in the cleanup of asynchronous operations issued by nonblocking communicators -- it's what @lw referred to in his earlier comment. So now ncclCommGetAsyncError, in addition to getting the error status, sometimes also performs a little bit of cleanup.","To give you some background from the NCCL team: Until recently, ncclCommGetAsyncError was a read-only operation, though this was not officially guaranteed. In NCCL 2.26, the function was modified to address a race condition in the cleanup of asynchronous operations from nonblocking communicators. Now, it not only fetches the error status but may also perform some cleanup tasks.",Knowledge,pytorch_pytorch,issue,153960,Knowledge,0,0,"To give you some background from the NCCL team: Until recently, ncclCommGetAsyncError was a read-only operation, though this was not officially guaranteed. In NCCL 2.26, the function was modified to address a race condition in the cleanup of asynchronous operations from nonblocking communicators. Now, it not only fetches the error status but may also perform some cleanup tasks."
85,pytorch_pytorch,issue,153960,"Let me give you some background on this issue from the NCCL team's perspective:
 Until recently, ncclCommGetAsyncError was, as @ptrblck said, a pure read-op. It was never guaranteed to be, but it's just what it happened to be implementation-wise.
 This changed in NCCL 2.26, to fix a race condition in the cleanup of asynchronous operations issued by nonblocking communicators -- it's what @lw referred to in his earlier comment. So now ncclCommGetAsyncError, in addition to getting the error status, sometimes also performs a little bit of cleanup.","From the NCCL team's standpoint, ncclCommGetAsyncError was previously a read-only function, as noted by @ptrblck. However, in NCCL 2.26, it was updated to fix a race condition in the cleanup of asynchronous operations from nonblocking communicators. Now, it performs some cleanup in addition to retrieving the error status.",Knowledge,pytorch_pytorch,issue,153960,Knowledge,0,0,"From the NCCL team's standpoint, ncclCommGetAsyncError was previously a read-only function, as noted by @ptrblck. However, in NCCL 2.26, it was updated to fix a race condition in the cleanup of asynchronous operations from nonblocking communicators. Now, it performs some cleanup in addition to retrieving the error status."
86,pytorch_pytorch,issue,153960,"Let me give you some background on this issue from the NCCL team's perspective:
 Until recently, ncclCommGetAsyncError was, as @ptrblck said, a pure read-op. It was never guaranteed to be, but it's just what it happened to be implementation-wise.
 This changed in NCCL 2.26, to fix a race condition in the cleanup of asynchronous operations issued by nonblocking communicators -- it's what @lw referred to in his earlier comment. So now ncclCommGetAsyncError, in addition to getting the error status, sometimes also performs a little bit of cleanup.","To provide some context from the NCCL team: Until the recent update, ncclCommGetAsyncError was a read-only operation, though this was not officially documented. In NCCL 2.26, the function was changed to address a race condition in the cleanup of asynchronous operations from nonblocking communicators. Now, it not only retrieves the error status but may also perform some cleanup tasks.",Knowledge,pytorch_pytorch,issue,153960,Knowledge,0,0,"To provide some context from the NCCL team: Until the recent update, ncclCommGetAsyncError was a read-only operation, though this was not officially documented. In NCCL 2.26, the function was changed to address a race condition in the cleanup of asynchronous operations from nonblocking communicators. Now, it not only retrieves the error status but may also perform some cleanup tasks."
87,pytorch_pytorch,issue,153960,"Let me give you some background on this issue from the NCCL team's perspective:
 Until recently, ncclCommGetAsyncError was, as @ptrblck said, a pure read-op. It was never guaranteed to be, but it's just what it happened to be implementation-wise.
 This changed in NCCL 2.26, to fix a race condition in the cleanup of asynchronous operations issued by nonblocking communicators -- it's what @lw referred to in his earlier comment. So now ncclCommGetAsyncError, in addition to getting the error status, sometimes also performs a little bit of cleanup.","From the NCCL team's perspective, ncclCommGetAsyncError was previously a read-only function, as @ptrblck mentioned. However, in NCCL 2.26, it was modified to fix a race condition in the cleanup of asynchronous operations from nonblocking communicators. Now, it includes some cleanup operations in addition to retrieving the error status.",Knowledge,pytorch_pytorch,issue,153960,Knowledge,0,0,"From the NCCL team's perspective, ncclCommGetAsyncError was previously a read-only function, as @ptrblck mentioned. However, in NCCL 2.26, it was modified to fix a race condition in the cleanup of asynchronous operations from nonblocking communicators. Now, it includes some cleanup operations in addition to retrieving the error status."
88,pytorch_pytorch,Issue,153955,"I've been trying to export a pytorch decoder layer of a command pipeline to onnx to run a deployment environment that supports onnxruntime-gpu but I had been unsuccessful. I've tried breaking it down into specifically just the autoregressive components.
 I’m trying to export a simplified “step‐by‐step” decoder (a single–step pass through nn.TransformerDecoder) to ONNX with fully dynamic sequence lengths, but I keep hitting a runtime reshape failure when I feed in shorter sequences than my dummy export shape.","I'm attempting to export a PyTorch decoder layer to ONNX for deployment in an environment that supports onnxruntime-gpu, but I'm encountering issues. Specifically, I'm trying to export a simplified single-step pass through nn.TransformerDecoder with fully dynamic sequence lengths, but I keep getting a runtime reshape error when I input sequences shorter than the dummy export shape.",Known Unknown,pytorch_pytorch,Issue,153955,Unknown,2,1,"I'm attempting to export a PyTorch decoder layer to ONNX for deployment in an environment that supports onnxruntime-gpu, but I'm encountering issues. Specifically, I'm trying to export a simplified single-step pass through nn.TransformerDecoder with fully dynamic sequence lengths, but I keep getting a runtime reshape error when I input sequences shorter than the dummy export shape."
89,pytorch_pytorch,Issue,153955,"I've been trying to export a pytorch decoder layer of a command pipeline to onnx to run a deployment environment that supports onnxruntime-gpu but I had been unsuccessful. I've tried breaking it down into specifically just the autoregressive components.
 I’m trying to export a simplified “step‐by‐step” decoder (a single–step pass through nn.TransformerDecoder) to ONNX with fully dynamic sequence lengths, but I keep hitting a runtime reshape failure when I feed in shorter sequences than my dummy export shape.","I've been struggling to export a PyTorch decoder layer to ONNX for use with onnxruntime-gpu. I've broken it down to just the autoregressive components and am trying to export a single-step pass through nn.TransformerDecoder with dynamic sequence lengths. However, I consistently run into a reshape error at runtime when the input sequences are shorter than the dummy export shape.",Known Unknown,pytorch_pytorch,Issue,153955,Unknown,2,1,"I've been struggling to export a PyTorch decoder layer to ONNX for use with onnxruntime-gpu. I've broken it down to just the autoregressive components and am trying to export a single-step pass through nn.TransformerDecoder with dynamic sequence lengths. However, I consistently run into a reshape error at runtime when the input sequences are shorter than the dummy export shape."
90,pytorch_pytorch,Issue,153955,"I've been trying to export a pytorch decoder layer of a command pipeline to onnx to run a deployment environment that supports onnxruntime-gpu but I had been unsuccessful. I've tried breaking it down into specifically just the autoregressive components.
 I’m trying to export a simplified “step‐by‐step” decoder (a single–step pass through nn.TransformerDecoder) to ONNX with fully dynamic sequence lengths, but I keep hitting a runtime reshape failure when I feed in shorter sequences than my dummy export shape.","I'm having trouble exporting a PyTorch decoder layer to ONNX for deployment with onnxruntime-gpu. I've simplified the model to a single-step pass through nn.TransformerDecoder with dynamic sequence lengths, but I keep encountering a runtime reshape error when the input sequences are shorter than the dummy export shape.",Known Unknown,pytorch_pytorch,Issue,153955,Unknown,2,1,"I'm having trouble exporting a PyTorch decoder layer to ONNX for deployment with onnxruntime-gpu. I've simplified the model to a single-step pass through nn.TransformerDecoder with dynamic sequence lengths, but I keep encountering a runtime reshape error when the input sequences are shorter than the dummy export shape."
91,pytorch_pytorch,Issue,153955,"I've been trying to export a pytorch decoder layer of a command pipeline to onnx to run a deployment environment that supports onnxruntime-gpu but I had been unsuccessful. I've tried breaking it down into specifically just the autoregressive components.
 I’m trying to export a simplified “step‐by‐step” decoder (a single–step pass through nn.TransformerDecoder) to ONNX with fully dynamic sequence lengths, but I keep hitting a runtime reshape failure when I feed in shorter sequences than my dummy export shape.","I'm trying to export a PyTorch decoder layer to ONNX for a deployment environment that supports onnxruntime-gpu, but I'm running into issues. I've simplified the model to a single-step pass through nn.TransformerDecoder with dynamic sequence lengths, but I keep getting a runtime reshape error when the input sequences are shorter than the dummy export shape.",Known Unknown,pytorch_pytorch,Issue,153955,Unknown,2,1,"I'm trying to export a PyTorch decoder layer to ONNX for a deployment environment that supports onnxruntime-gpu, but I'm running into issues. I've simplified the model to a single-step pass through nn.TransformerDecoder with dynamic sequence lengths, but I keep getting a runtime reshape error when the input sequences are shorter than the dummy export shape."
92,pytorch_pytorch,Issue,153955,"I've been trying to export a pytorch decoder layer of a command pipeline to onnx to run a deployment environment that supports onnxruntime-gpu but I had been unsuccessful. I've tried breaking it down into specifically just the autoregressive components.
 I’m trying to export a simplified “step‐by‐step” decoder (a single–step pass through nn.TransformerDecoder) to ONNX with fully dynamic sequence lengths, but I keep hitting a runtime reshape failure when I feed in shorter sequences than my dummy export shape.","I'm attempting to export a PyTorch decoder layer to ONNX for use with onnxruntime-gpu, but I'm facing challenges. I've broken down the model to just the autoregressive components and am trying to export a single-step pass through nn.TransformerDecoder with dynamic sequence lengths. However, I keep hitting a runtime reshape error when the input sequences are shorter than the dummy export shape.",Known Unknown,pytorch_pytorch,Issue,153955,Unknown,2,1,"I'm attempting to export a PyTorch decoder layer to ONNX for use with onnxruntime-gpu, but I'm facing challenges. I've broken down the model to just the autoregressive components and am trying to export a single-step pass through nn.TransformerDecoder with dynamic sequence lengths. However, I keep hitting a runtime reshape error when the input sequences are shorter than the dummy export shape."
93,pytorch_pytorch,Issue,153955,"I've been trying to export a pytorch decoder layer of a command pipeline to onnx to run a deployment environment that supports onnxruntime-gpu but I had been unsuccessful. I've tried breaking it down into specifically just the autoregressive components.
 I’m trying to export a simplified “step‐by‐step” decoder (a single–step pass through nn.TransformerDecoder) to ONNX with fully dynamic sequence lengths, but I keep hitting a runtime reshape failure when I feed in shorter sequences than my dummy export shape.","I'm having difficulty exporting a PyTorch decoder layer to ONNX for deployment with onnxruntime-gpu. I've simplified the model to a single-step pass through nn.TransformerDecoder with dynamic sequence lengths, but I keep encountering a runtime reshape error when the input sequences are shorter than the dummy export shape.",Known Unknown,pytorch_pytorch,Issue,153955,Unknown,2,1,"I'm having difficulty exporting a PyTorch decoder layer to ONNX for deployment with onnxruntime-gpu. I've simplified the model to a single-step pass through nn.TransformerDecoder with dynamic sequence lengths, but I keep encountering a runtime reshape error when the input sequences are shorter than the dummy export shape."
94,pytorch_pytorch,Issue,153955,"I've been trying to export a pytorch decoder layer of a command pipeline to onnx to run a deployment environment that supports onnxruntime-gpu but I had been unsuccessful. I've tried breaking it down into specifically just the autoregressive components.
 I’m trying to export a simplified “step‐by‐step” decoder (a single–step pass through nn.TransformerDecoder) to ONNX with fully dynamic sequence lengths, but I keep hitting a runtime reshape failure when I feed in shorter sequences than my dummy export shape.","I'm trying to export a PyTorch decoder layer to ONNX for a deployment environment that supports onnxruntime-gpu, but I'm running into issues. I've broken down the model to just the autoregressive components and am trying to export a single-step pass through nn.TransformerDecoder with dynamic sequence lengths. However, I keep getting a runtime reshape error when the input sequences are shorter than the dummy export shape.",Known Unknown,pytorch_pytorch,Issue,153955,Unknown,2,1,"I'm trying to export a PyTorch decoder layer to ONNX for a deployment environment that supports onnxruntime-gpu, but I'm running into issues. I've broken down the model to just the autoregressive components and am trying to export a single-step pass through nn.TransformerDecoder with dynamic sequence lengths. However, I keep getting a runtime reshape error when the input sequences are shorter than the dummy export shape."
95,pytorch_pytorch,Issue,153955,"I've been trying to export a pytorch decoder layer of a command pipeline to onnx to run a deployment environment that supports onnxruntime-gpu but I had been unsuccessful. I've tried breaking it down into specifically just the autoregressive components.
 I’m trying to export a simplified “step‐by‐step” decoder (a single–step pass through nn.TransformerDecoder) to ONNX with fully dynamic sequence lengths, but I keep hitting a runtime reshape failure when I feed in shorter sequences than my dummy export shape.","I'm attempting to export a PyTorch decoder layer to ONNX for use with onnxruntime-gpu, but I'm facing challenges. I've simplified the model to a single-step pass through nn.TransformerDecoder with dynamic sequence lengths, but I keep hitting a runtime reshape error when the input sequences are shorter than the dummy export shape.",Known Unknown,pytorch_pytorch,Issue,153955,Unknown,2,1,"I'm attempting to export a PyTorch decoder layer to ONNX for use with onnxruntime-gpu, but I'm facing challenges. I've simplified the model to a single-step pass through nn.TransformerDecoder with dynamic sequence lengths, but I keep hitting a runtime reshape error when the input sequences are shorter than the dummy export shape."
96,pytorch_pytorch,Issue,153955,"I've been trying to export a pytorch decoder layer of a command pipeline to onnx to run a deployment environment that supports onnxruntime-gpu but I had been unsuccessful. I've tried breaking it down into specifically just the autoregressive components.
 I’m trying to export a simplified “step‐by‐step” decoder (a single–step pass through nn.TransformerDecoder) to ONNX with fully dynamic sequence lengths, but I keep hitting a runtime reshape failure when I feed in shorter sequences than my dummy export shape.","I'm having trouble exporting a PyTorch decoder layer to ONNX for deployment with onnxruntime-gpu. I've broken down the model to just the autoregressive components and am trying to export a single-step pass through nn.TransformerDecoder with dynamic sequence lengths. However, I keep encountering a runtime reshape error when the input sequences are shorter than the dummy export shape.",Known Unknown,pytorch_pytorch,Issue,153955,Unknown,2,1,"I'm having trouble exporting a PyTorch decoder layer to ONNX for deployment with onnxruntime-gpu. I've broken down the model to just the autoregressive components and am trying to export a single-step pass through nn.TransformerDecoder with dynamic sequence lengths. However, I keep encountering a runtime reshape error when the input sequences are shorter than the dummy export shape."
97,pytorch_pytorch,Issue,153955,"You would need to specify dynamic_shapes/dynamic_axes explicitly.
 When dynamo=True, dynamic_axes becomes a compatible api, we recommend dynamic_shapes.","To use dynamic shapes, you need to explicitly specify dynamic_shapes or dynamic_axes. When dynamo is enabled, dynamic_axes is supported, but we recommend using dynamic_shapes for better compatibility.",Knowledge,pytorch_pytorch,Issue,153955,Knowledge,0,0,"To use dynamic shapes, you need to explicitly specify dynamic_shapes or dynamic_axes. When dynamo is enabled, dynamic_axes is supported, but we recommend using dynamic_shapes for better compatibility."
98,pytorch_pytorch,Issue,153955,"You would need to specify dynamic_shapes/dynamic_axes explicitly.
 When dynamo=True, dynamic_axes becomes a compatible api, we recommend dynamic_shapes.","If you want to enable dynamic shapes, you must explicitly set dynamic_shapes or dynamic_axes. With dynamo=True, dynamic_axes is a compatible option, but we advise using dynamic_shapes for optimal performance.",Knowledge,pytorch_pytorch,Issue,153955,Knowledge,0,0,"If you want to enable dynamic shapes, you must explicitly set dynamic_shapes or dynamic_axes. With dynamo=True, dynamic_axes is a compatible option, but we advise using dynamic_shapes for optimal performance."
99,pytorch_pytorch,Issue,153955,"You would need to specify dynamic_shapes/dynamic_axes explicitly.
 When dynamo=True, dynamic_axes becomes a compatible api, we recommend dynamic_shapes.","For dynamic shapes to work, you need to specify dynamic_shapes or dynamic_axes. When dynamo is active, dynamic_axes is supported, but we recommend dynamic_shapes for the best results.",Knowledge,pytorch_pytorch,Issue,153955,Knowledge,0,0,"For dynamic shapes to work, you need to specify dynamic_shapes or dynamic_axes. When dynamo is active, dynamic_axes is supported, but we recommend dynamic_shapes for the best results."
100,pytorch_pytorch,Issue,153955,"You would need to specify dynamic_shapes/dynamic_axes explicitly.
 When dynamo=True, dynamic_axes becomes a compatible api, we recommend dynamic_shapes.","To handle dynamic shapes, you should explicitly define dynamic_shapes or dynamic_axes. When dynamo is set to True, dynamic_axes is a valid option, but we suggest using dynamic_shapes for the best experience.",Knowledge,pytorch_pytorch,Issue,153955,Knowledge,0,0,"To handle dynamic shapes, you should explicitly define dynamic_shapes or dynamic_axes. When dynamo is set to True, dynamic_axes is a valid option, but we suggest using dynamic_shapes for the best experience."
101,pytorch_pytorch,Issue,153955,"You would need to specify dynamic_shapes/dynamic_axes explicitly.
 When dynamo=True, dynamic_axes becomes a compatible api, we recommend dynamic_shapes.","To enable dynamic shapes, you must explicitly provide dynamic_shapes or dynamic_axes. With dynamo enabled, dynamic_axes is a compatible API, but we recommend dynamic_shapes for the best compatibility.",Knowledge,pytorch_pytorch,Issue,153955,Knowledge,0,0,"To enable dynamic shapes, you must explicitly provide dynamic_shapes or dynamic_axes. With dynamo enabled, dynamic_axes is a compatible API, but we recommend dynamic_shapes for the best compatibility."
102,pytorch_pytorch,Issue,153955,"You would need to specify dynamic_shapes/dynamic_axes explicitly.
 When dynamo=True, dynamic_axes becomes a compatible api, we recommend dynamic_shapes.","For dynamic shapes to be effective, you need to specify dynamic_shapes or dynamic_axes. When dynamo is True, dynamic_axes is a valid option, but we recommend dynamic_shapes for the best performance.",Knowledge,pytorch_pytorch,Issue,153955,Knowledge,0,0,"For dynamic shapes to be effective, you need to specify dynamic_shapes or dynamic_axes. When dynamo is True, dynamic_axes is a valid option, but we recommend dynamic_shapes for the best performance."
103,pytorch_pytorch,Issue,153955,"You would need to specify dynamic_shapes/dynamic_axes explicitly.
 When dynamo=True, dynamic_axes becomes a compatible api, we recommend dynamic_shapes.","To support dynamic shapes, you must explicitly set dynamic_shapes or dynamic_axes. When dynamo is enabled, dynamic_axes is a compatible API, but we recommend dynamic_shapes for the best results.",Knowledge,pytorch_pytorch,Issue,153955,Knowledge,0,0,"To support dynamic shapes, you must explicitly set dynamic_shapes or dynamic_axes. When dynamo is enabled, dynamic_axes is a compatible API, but we recommend dynamic_shapes for the best results."
104,pytorch_pytorch,Issue,153955,"You would need to specify dynamic_shapes/dynamic_axes explicitly.
 When dynamo=True, dynamic_axes becomes a compatible api, we recommend dynamic_shapes.","To ensure dynamic shapes work correctly, you need to specify dynamic_shapes or dynamic_axes. With dynamo=True, dynamic_axes is a valid option, but we recommend dynamic_shapes for the best compatibility.",Knowledge,pytorch_pytorch,Issue,153955,Knowledge,0,0,"To ensure dynamic shapes work correctly, you need to specify dynamic_shapes or dynamic_axes. With dynamo=True, dynamic_axes is a valid option, but we recommend dynamic_shapes for the best compatibility."
105,pytorch_pytorch,Issue,153955,"You would need to specify dynamic_shapes/dynamic_axes explicitly.
 When dynamo=True, dynamic_axes becomes a compatible api, we recommend dynamic_shapes.","To use dynamic shapes effectively, you must explicitly define dynamic_shapes or dynamic_axes. When dynamo is set to True, dynamic_axes is a compatible API, but we recommend dynamic_shapes for the best performance.",Knowledge,pytorch_pytorch,Issue,153955,Knowledge,0,0,"To use dynamic shapes effectively, you must explicitly define dynamic_shapes or dynamic_axes. When dynamo is set to True, dynamic_axes is a compatible API, but we recommend dynamic_shapes for the best performance."
106,pytorch_pytorch,Issue,153955,"You would need to specify dynamic_shapes/dynamic_axes explicitly.
 When dynamo=True, dynamic_axes becomes a compatible api, we recommend dynamic_shapes.","To handle dynamic shapes, you should explicitly specify dynamic_shapes or dynamic_axes. When dynamo is enabled, dynamic_axes is a valid option, but we recommend dynamic_shapes for the best results.",Knowledge,pytorch_pytorch,Issue,153955,Knowledge,0,0,"To handle dynamic shapes, you should explicitly specify dynamic_shapes or dynamic_axes. When dynamo is enabled, dynamic_axes is a valid option, but we recommend dynamic_shapes for the best results."
107,pytorch_pytorch,issue,21819,I met a strange illegal memory access error. It happens randomly without any regular pattern.,I'm encountering a random illegal memory access error that doesn't seem to follow any specific pattern. It's difficult to debug because it doesn't happen consistently.,Unknown unknown,pytorch_pytorch,issue,21819,Unknown,1,1,I'm encountering a random illegal memory access error that doesn't seem to follow any specific pattern. It's difficult to debug because it doesn't happen consistently.
108,pytorch_pytorch,issue,21819,I met a strange illegal memory access error. It happens randomly without any regular pattern.,"I've been seeing an intermittent illegal memory access error that appears to occur at random. There doesn't seem to be a clear trigger or pattern to when it happens, making it challenging to diagnose.",Unknown unknown,pytorch_pytorch,issue,21819,Unknown,1,1,"I've been seeing an intermittent illegal memory access error that appears to occur at random. There doesn't seem to be a clear trigger or pattern to when it happens, making it challenging to diagnose."
109,pytorch_pytorch,issue,21819,I met a strange illegal memory access error. It happens randomly without any regular pattern.,"I've run into a strange issue where I get an illegal memory access error, but it only happens sporadically. I can't identify a consistent pattern or cause for the error, which is making it hard to troubleshoot.",Unknown unknown,pytorch_pytorch,issue,21819,Unknown,1,1,"I've run into a strange issue where I get an illegal memory access error, but it only happens sporadically. I can't identify a consistent pattern or cause for the error, which is making it hard to troubleshoot."
110,pytorch_pytorch,issue,21819,I met a strange illegal memory access error. It happens randomly without any regular pattern.,I'm facing a random illegal memory access error that doesn't appear to have a predictable pattern. It's frustrating because I can't pinpoint the exact conditions that trigger it.,Unknown unknown,pytorch_pytorch,issue,21819,Unknown,1,1,I'm facing a random illegal memory access error that doesn't appear to have a predictable pattern. It's frustrating because I can't pinpoint the exact conditions that trigger it.
111,pytorch_pytorch,issue,21819,I met a strange illegal memory access error. It happens randomly without any regular pattern.,"I've noticed an illegal memory access error that occurs randomly, without any discernible pattern. This makes it particularly difficult to determine the root cause of the issue.",Unknown unknown,pytorch_pytorch,issue,21819,Unknown,1,1,"I've noticed an illegal memory access error that occurs randomly, without any discernible pattern. This makes it particularly difficult to determine the root cause of the issue."
112,pytorch_pytorch,issue,21819,I met a strange illegal memory access error. It happens randomly without any regular pattern.,I'm dealing with an illegal memory access error that pops up randomly and doesn't seem to follow any specific sequence of events. It's making it hard to figure out what's causing it.,Unknown unknown,pytorch_pytorch,issue,21819,Unknown,1,1,I'm dealing with an illegal memory access error that pops up randomly and doesn't seem to follow any specific sequence of events. It's making it hard to figure out what's causing it.
113,pytorch_pytorch,issue,21819,I met a strange illegal memory access error. It happens randomly without any regular pattern.,I've encountered a random illegal memory access error that doesn't seem to be tied to any particular operation or sequence of actions. It's very challenging to debug because of its unpredictable nature.,Unknown unknown,pytorch_pytorch,issue,21819,Unknown,1,1,I've encountered a random illegal memory access error that doesn't seem to be tied to any particular operation or sequence of actions. It's very challenging to debug because of its unpredictable nature.
114,pytorch_pytorch,issue,21819,I met a strange illegal memory access error. It happens randomly without any regular pattern.,"I'm seeing an illegal memory access error that happens at random intervals, and I can't find a consistent pattern to help me diagnose the issue. It's quite frustrating.",Unknown unknown,pytorch_pytorch,issue,21819,Unknown,1,1,"I'm seeing an illegal memory access error that happens at random intervals, and I can't find a consistent pattern to help me diagnose the issue. It's quite frustrating."
115,pytorch_pytorch,issue,21819,I met a strange illegal memory access error. It happens randomly without any regular pattern.,I've run into a sporadic illegal memory access error that doesn't follow a predictable pattern. This makes it particularly difficult to identify the root cause and fix it.,Unknown unknown,pytorch_pytorch,issue,21819,Unknown,1,1,I've run into a sporadic illegal memory access error that doesn't follow a predictable pattern. This makes it particularly difficult to identify the root cause and fix it.
116,pytorch_pytorch,issue,21819,I met a strange illegal memory access error. It happens randomly without any regular pattern.,I'm facing a random illegal memory access error that doesn't seem to be triggered by any specific action or condition. It's making it very hard to determine the underlying issue.,Unknown unknown,pytorch_pytorch,issue,21819,Unknown,1,1,I'm facing a random illegal memory access error that doesn't seem to be triggered by any specific action or condition. It's making it very hard to determine the underlying issue.
117,pytorch_pytorch,issue,21819,"I know some wrong indexing operations and some wrong usage method of loss function may lead to illegal memory access error. But in this script, there is no such kind of operation.
 I am quite sure this error is not because of out of memory since only about 2G GPU memory is used, and I have totally 12G GPU memory.","I'm aware that incorrect indexing or misuse of a loss function can cause illegal memory access errors. However, I've reviewed the script and can confidently say there are no such operations present. I'm certain this isn't an out-of-memory issue, as the script only uses around 2GB of the 12GB GPU memory available.",Known Unknown,pytorch_pytorch,issue,21819,Unknown,2,1,"I'm aware that incorrect indexing or misuse of a loss function can cause illegal memory access errors. However, I've reviewed the script and can confidently say there are no such operations present. I'm certain this isn't an out-of-memory issue, as the script only uses around 2GB of the 12GB GPU memory available."
118,pytorch_pytorch,issue,21819,"I know some wrong indexing operations and some wrong usage method of loss function may lead to illegal memory access error. But in this script, there is no such kind of operation.
 I am quite sure this error is not because of out of memory since only about 2G GPU memory is used, and I have totally 12G GPU memory.","I understand that illegal memory access errors can often be caused by incorrect indexing or improper use of loss functions. In this case, though, I've double-checked the script and can confirm that none of these issues are present. The error is definitely not due to running out of memory, as the script only consumes about 2GB of the 12GB GPU memory.",Known Unknown,pytorch_pytorch,issue,21819,Unknown,2,1,"I understand that illegal memory access errors can often be caused by incorrect indexing or improper use of loss functions. In this case, though, I've double-checked the script and can confirm that none of these issues are present. The error is definitely not due to running out of memory, as the script only consumes about 2GB of the 12GB GPU memory."
119,pytorch_pytorch,issue,21819,"I know some wrong indexing operations and some wrong usage method of loss function may lead to illegal memory access error. But in this script, there is no such kind of operation.
 I am quite sure this error is not because of out of memory since only about 2G GPU memory is used, and I have totally 12G GPU memory.","I know that illegal memory access errors can be triggered by wrong indexing or incorrect loss function usage. However, I've thoroughly examined the script and can assure you that none of these operations are present. The error is not related to memory limits, as the script uses only about 2GB of the 12GB GPU memory.",Known Unknown,pytorch_pytorch,issue,21819,Unknown,2,1,"I know that illegal memory access errors can be triggered by wrong indexing or incorrect loss function usage. However, I've thoroughly examined the script and can assure you that none of these operations are present. The error is not related to memory limits, as the script uses only about 2GB of the 12GB GPU memory."
120,pytorch_pytorch,issue,21819,"I know some wrong indexing operations and some wrong usage method of loss function may lead to illegal memory access error. But in this script, there is no such kind of operation.
 I am quite sure this error is not because of out of memory since only about 2G GPU memory is used, and I have totally 12G GPU memory.","I'm familiar with the common causes of illegal memory access errors, such as incorrect indexing or misuse of loss functions. In this script, however, I've verified that none of these issues are present. The error is not due to insufficient memory, as the script only uses around 2GB of the 12GB GPU memory.",Known Unknown,pytorch_pytorch,issue,21819,Unknown,2,1,"I'm familiar with the common causes of illegal memory access errors, such as incorrect indexing or misuse of loss functions. In this script, however, I've verified that none of these issues are present. The error is not due to insufficient memory, as the script only uses around 2GB of the 12GB GPU memory."
121,pytorch_pytorch,issue,21819,"I know some wrong indexing operations and some wrong usage method of loss function may lead to illegal memory access error. But in this script, there is no such kind of operation.
 I am quite sure this error is not because of out of memory since only about 2G GPU memory is used, and I have totally 12G GPU memory.","I recognize that illegal memory access errors can often be caused by incorrect indexing or improper use of loss functions. I've reviewed the script and can confidently state that these issues are not present. The error is not due to memory constraints, as the script only uses about 2GB of the 12GB GPU memory.",Known Unknown,pytorch_pytorch,issue,21819,Unknown,2,1,"I recognize that illegal memory access errors can often be caused by incorrect indexing or improper use of loss functions. I've reviewed the script and can confidently state that these issues are not present. The error is not due to memory constraints, as the script only uses about 2GB of the 12GB GPU memory."
122,pytorch_pytorch,issue,21819,"I know some wrong indexing operations and some wrong usage method of loss function may lead to illegal memory access error. But in this script, there is no such kind of operation.
 I am quite sure this error is not because of out of memory since only about 2G GPU memory is used, and I have totally 12G GPU memory.","I'm aware that illegal memory access errors can be caused by wrong indexing or incorrect loss function usage. However, I've carefully checked the script and can confirm that none of these operations are present. The error is not related to memory limits, as the script only uses around 2GB of the 12GB GPU memory.",Known Unknown,pytorch_pytorch,issue,21819,Unknown,2,1,"I'm aware that illegal memory access errors can be caused by wrong indexing or incorrect loss function usage. However, I've carefully checked the script and can confirm that none of these operations are present. The error is not related to memory limits, as the script only uses around 2GB of the 12GB GPU memory."
123,pytorch_pytorch,issue,21819,"I know some wrong indexing operations and some wrong usage method of loss function may lead to illegal memory access error. But in this script, there is no such kind of operation.
 I am quite sure this error is not because of out of memory since only about 2G GPU memory is used, and I have totally 12G GPU memory.","I understand that illegal memory access errors can be caused by incorrect indexing or improper use of loss functions. I've reviewed the script and can confidently say that these issues are not present. The error is not due to memory constraints, as the script only uses about 2GB of the 12GB GPU memory.",Known Unknown,pytorch_pytorch,issue,21819,Unknown,2,1,"I understand that illegal memory access errors can be caused by incorrect indexing or improper use of loss functions. I've reviewed the script and can confidently say that these issues are not present. The error is not due to memory constraints, as the script only uses about 2GB of the 12GB GPU memory."
124,pytorch_pytorch,issue,21819,"I know some wrong indexing operations and some wrong usage method of loss function may lead to illegal memory access error. But in this script, there is no such kind of operation.
 I am quite sure this error is not because of out of memory since only about 2G GPU memory is used, and I have totally 12G GPU memory.","I know that illegal memory access errors can be triggered by wrong indexing or incorrect loss function usage. However, I've thoroughly examined the script and can assure you that none of these operations are present. The error is not related to memory limits, as the script only uses around 2GB of the 12GB GPU memory.",Known Unknown,pytorch_pytorch,issue,21819,Unknown,2,1,"I know that illegal memory access errors can be triggered by wrong indexing or incorrect loss function usage. However, I've thoroughly examined the script and can assure you that none of these operations are present. The error is not related to memory limits, as the script only uses around 2GB of the 12GB GPU memory."
125,pytorch_pytorch,issue,21819,I solved by CUDA_LAUNCH_BLOCKING=1.,Setting CUDA_LAUNCH_BLOCKING=1 resolved the issue for me.,Knowledge,pytorch_pytorch,issue,21819,Knowledge,0,0,Setting CUDA_LAUNCH_BLOCKING=1 resolved the issue for me.
126,pytorch_pytorch,issue,21819,I solved by CUDA_LAUNCH_BLOCKING=1.,I fixed the problem by enabling CUDA_LAUNCH_BLOCKING=1.,Knowledge,pytorch_pytorch,issue,21819,Knowledge,0,0,I fixed the problem by enabling CUDA_LAUNCH_BLOCKING=1.
127,pytorch_pytorch,issue,21819,I solved by CUDA_LAUNCH_BLOCKING=1.,The issue was resolved when I set the environment variable CUDA_LAUNCH_BLOCKING to 1.,Knowledge,pytorch_pytorch,issue,21819,Knowledge,0,0,The issue was resolved when I set the environment variable CUDA_LAUNCH_BLOCKING to 1.
128,pytorch_pytorch,issue,21819,I solved by CUDA_LAUNCH_BLOCKING=1.,I managed to solve the problem by configuring CUDA_LAUNCH_BLOCKING=1.,Knowledge,pytorch_pytorch,issue,21819,Knowledge,0,0,I managed to solve the problem by configuring CUDA_LAUNCH_BLOCKING=1.
129,pytorch_pytorch,issue,21819,I solved by CUDA_LAUNCH_BLOCKING=1.,"By setting CUDA_LAUNCH_BLOCKING=1, I was able to resolve the issue.",Knowledge,pytorch_pytorch,issue,21819,Knowledge,0,0,"By setting CUDA_LAUNCH_BLOCKING=1, I was able to resolve the issue."
130,pytorch_pytorch,issue,21819,I solved by CUDA_LAUNCH_BLOCKING=1.,I found that setting CUDA_LAUNCH_BLOCKING=1 fixed the problem.,Knowledge,pytorch_pytorch,issue,21819,Knowledge,0,0,I found that setting CUDA_LAUNCH_BLOCKING=1 fixed the problem.
131,pytorch_pytorch,issue,21819,I solved by CUDA_LAUNCH_BLOCKING=1.,"The solution was to set CUDA_LAUNCH_BLOCKING=1, which resolved the issue.",Knowledge,pytorch_pytorch,issue,21819,Knowledge,0,0,"The solution was to set CUDA_LAUNCH_BLOCKING=1, which resolved the issue."
132,pytorch_pytorch,issue,21819,I solved by CUDA_LAUNCH_BLOCKING=1.,I solved the problem by setting the CUDA_LAUNCH_BLOCKING environment variable to 1.,Knowledge,pytorch_pytorch,issue,21819,Knowledge,0,0,I solved the problem by setting the CUDA_LAUNCH_BLOCKING environment variable to 1.
133,pytorch_pytorch,issue,21819,I solved by CUDA_LAUNCH_BLOCKING=1.,Setting the CUDA_LAUNCH_BLOCKING environment variable to 1 fixed the issue for me.,Knowledge,pytorch_pytorch,issue,21819,Knowledge,0,0,Setting the CUDA_LAUNCH_BLOCKING environment variable to 1 fixed the issue for me.
134,pytorch_pytorch,issue,21819,I solved by CUDA_LAUNCH_BLOCKING=1.,I was able to fix the issue by setting CUDA_LAUNCH_BLOCKING=1.,Knowledge,pytorch_pytorch,issue,21819,Knowledge,0,0,I was able to fix the issue by setting CUDA_LAUNCH_BLOCKING=1.
135,pytorch_pytorch,Issue,21819,"It looks like pytorch-2.x. need some hostcall, that hostcall need PCIe Atomic feature, So if we can find where the hostcall, and remove them. Maybe we can use pytorch-2.x without PCIe3 Atomic requirement?","It seems that pytorch-2.x relies on certain hostcalls that require PCIe Atomic operations. If we can identify and remove these hostcalls, we might be able to use pytorch-2.x without needing PCIe3 Atomic support. Is this a feasible approach?",Known Unknown,pytorch_pytorch,Issue,21819,Known,2,1,"It seems that pytorch-2.x relies on certain hostcalls that require PCIe Atomic operations. If we can identify and remove these hostcalls, we might be able to use pytorch-2.x without needing PCIe3 Atomic support. Is this a feasible approach?"
136,pytorch_pytorch,Issue,21819,"It looks like pytorch-2.x. need some hostcall, that hostcall need PCIe Atomic feature, So if we can find where the hostcall, and remove them. Maybe we can use pytorch-2.x without PCIe3 Atomic requirement?","I noticed that pytorch-2.x uses hostcalls that depend on PCIe Atomic features. By locating and eliminating these hostcalls, we could potentially run pytorch-2.x without the PCIe3 Atomic requirement. Has anyone tried this before?",Known Unknown,pytorch_pytorch,Issue,21819,Known,2,1,"I noticed that pytorch-2.x uses hostcalls that depend on PCIe Atomic features. By locating and eliminating these hostcalls, we could potentially run pytorch-2.x without the PCIe3 Atomic requirement. Has anyone tried this before?"
137,pytorch_pytorch,Issue,21819,"It looks like pytorch-2.x. need some hostcall, that hostcall need PCIe Atomic feature, So if we can find where the hostcall, and remove them. Maybe we can use pytorch-2.x without PCIe3 Atomic requirement?","It appears that pytorch-2.x has some dependencies on hostcalls that require PCIe Atomic operations. If we can pinpoint and remove these hostcalls, we might be able to use pytorch-2.x without the PCIe3 Atomic feature. Is this a viable solution?",Known Unknown,pytorch_pytorch,Issue,21819,Known,2,1,"It appears that pytorch-2.x has some dependencies on hostcalls that require PCIe Atomic operations. If we can pinpoint and remove these hostcalls, we might be able to use pytorch-2.x without the PCIe3 Atomic feature. Is this a viable solution?"
138,pytorch_pytorch,Issue,21819,"It looks like pytorch-2.x. need some hostcall, that hostcall need PCIe Atomic feature, So if we can find where the hostcall, and remove them. Maybe we can use pytorch-2.x without PCIe3 Atomic requirement?","I've observed that pytorch-2.x makes use of hostcalls that need PCIe Atomic capabilities. If we can find and remove these hostcalls, we might be able to run pytorch-2.x without the PCIe3 Atomic requirement. Has anyone explored this possibility?",Known Unknown,pytorch_pytorch,Issue,21819,Known,2,1,"I've observed that pytorch-2.x makes use of hostcalls that need PCIe Atomic capabilities. If we can find and remove these hostcalls, we might be able to run pytorch-2.x without the PCIe3 Atomic requirement. Has anyone explored this possibility?"
139,pytorch_pytorch,Issue,21819,"It looks like pytorch-2.x. need some hostcall, that hostcall need PCIe Atomic feature, So if we can find where the hostcall, and remove them. Maybe we can use pytorch-2.x without PCIe3 Atomic requirement?","It looks like pytorch-2.x has some hostcalls that rely on PCIe Atomic operations. If we can identify and remove these hostcalls, we might be able to use pytorch-2.x without the PCIe3 Atomic requirement. Is this a reasonable approach?",Known Unknown,pytorch_pytorch,Issue,21819,Known,2,1,"It looks like pytorch-2.x has some hostcalls that rely on PCIe Atomic operations. If we can identify and remove these hostcalls, we might be able to use pytorch-2.x without the PCIe3 Atomic requirement. Is this a reasonable approach?"
140,pytorch_pytorch,Issue,21819,"It looks like pytorch-2.x. need some hostcall, that hostcall need PCIe Atomic feature, So if we can find where the hostcall, and remove them. Maybe we can use pytorch-2.x without PCIe3 Atomic requirement?","I've found that pytorch-2.x uses hostcalls that require PCIe Atomic features. By locating and removing these hostcalls, we might be able to use pytorch-2.x without the PCIe3 Atomic requirement. Is this a practical solution?",Known Unknown,pytorch_pytorch,Issue,21819,Known,2,1,"I've found that pytorch-2.x uses hostcalls that require PCIe Atomic features. By locating and removing these hostcalls, we might be able to use pytorch-2.x without the PCIe3 Atomic requirement. Is this a practical solution?"
141,pytorch_pytorch,Issue,21819,"It looks like pytorch-2.x. need some hostcall, that hostcall need PCIe Atomic feature, So if we can find where the hostcall, and remove them. Maybe we can use pytorch-2.x without PCIe3 Atomic requirement?","It seems that pytorch-2.x has some hostcalls that depend on PCIe Atomic operations. If we can find and remove these hostcalls, we might be able to use pytorch-2.x without the PCIe3 Atomic requirement. Is this a feasible workaround?",Known Unknown,pytorch_pytorch,Issue,21819,Known,2,1,"It seems that pytorch-2.x has some hostcalls that depend on PCIe Atomic operations. If we can find and remove these hostcalls, we might be able to use pytorch-2.x without the PCIe3 Atomic requirement. Is this a feasible workaround?"
142,pytorch_pytorch,Issue,21819,"It looks like pytorch-2.x. need some hostcall, that hostcall need PCIe Atomic feature, So if we can find where the hostcall, and remove them. Maybe we can use pytorch-2.x without PCIe3 Atomic requirement?","I noticed that pytorch-2.x relies on hostcalls that need PCIe Atomic features. By identifying and removing these hostcalls, we might be able to use pytorch-2.x without the PCIe3 Atomic requirement. Has anyone tried this approach?",Known Unknown,pytorch_pytorch,Issue,21819,Known,2,1,"I noticed that pytorch-2.x relies on hostcalls that need PCIe Atomic features. By identifying and removing these hostcalls, we might be able to use pytorch-2.x without the PCIe3 Atomic requirement. Has anyone tried this approach?"
143,pytorch_pytorch,Issue,21819,"It looks like pytorch-2.x. need some hostcall, that hostcall need PCIe Atomic feature, So if we can find where the hostcall, and remove them. Maybe we can use pytorch-2.x without PCIe3 Atomic requirement?","It appears that pytorch-2.x has some hostcalls that require PCIe Atomic operations. If we can locate and remove these hostcalls, we might be able to use pytorch-2.x without the PCIe3 Atomic requirement. Is this a viable solution?",Known Unknown,pytorch_pytorch,Issue,21819,Known,2,1,"It appears that pytorch-2.x has some hostcalls that require PCIe Atomic operations. If we can locate and remove these hostcalls, we might be able to use pytorch-2.x without the PCIe3 Atomic requirement. Is this a viable solution?"
144,pytorch_pytorch,issue,21819,"Yes, for the hostcall with atomics issue, changing the motherboard with PCIe atomics support is a viable solution.","For the hostcall with atomics issue, replacing the motherboard with one that supports PCIe atomics is a feasible solution.",Knowledge,pytorch_pytorch,issue,21819,Knowledge,0,0,"For the hostcall with atomics issue, replacing the motherboard with one that supports PCIe atomics is a feasible solution."
145,pytorch_pytorch,issue,21819,"Yes, for the hostcall with atomics issue, changing the motherboard with PCIe atomics support is a viable solution.","To resolve the hostcall with atomics problem, switching to a motherboard that has PCIe atomics support is a valid approach.",Knowledge,pytorch_pytorch,issue,21819,Knowledge,0,0,"To resolve the hostcall with atomics problem, switching to a motherboard that has PCIe atomics support is a valid approach."
146,pytorch_pytorch,issue,21819,"Yes, for the hostcall with atomics issue, changing the motherboard with PCIe atomics support is a viable solution.","If you're facing the hostcall with atomics issue, upgrading to a motherboard that supports PCIe atomics can effectively address the problem.",Knowledge,pytorch_pytorch,issue,21819,Knowledge,0,0,"If you're facing the hostcall with atomics issue, upgrading to a motherboard that supports PCIe atomics can effectively address the problem."
147,pytorch_pytorch,issue,21819,"Yes, for the hostcall with atomics issue, changing the motherboard with PCIe atomics support is a viable solution.",A viable solution to the hostcall with atomics issue is to change the motherboard to one that supports PCIe atomics.,Knowledge,pytorch_pytorch,issue,21819,Knowledge,0,0,A viable solution to the hostcall with atomics issue is to change the motherboard to one that supports PCIe atomics.
148,pytorch_pytorch,issue,21819,"Yes, for the hostcall with atomics issue, changing the motherboard with PCIe atomics support is a viable solution.","To fix the hostcall with atomics issue, you can consider changing the motherboard to a model that supports PCIe atomics.",Knowledge,pytorch_pytorch,issue,21819,Knowledge,0,0,"To fix the hostcall with atomics issue, you can consider changing the motherboard to a model that supports PCIe atomics."
149,pytorch_pytorch,issue,21819,"Yes, for the hostcall with atomics issue, changing the motherboard with PCIe atomics support is a viable solution.","For the issue with hostcall and atomics, a motherboard upgrade to one with PCIe atomics support is a practical solution.",Knowledge,pytorch_pytorch,issue,21819,Knowledge,0,0,"For the issue with hostcall and atomics, a motherboard upgrade to one with PCIe atomics support is a practical solution."
150,pytorch_pytorch,issue,21819,"Yes, for the hostcall with atomics issue, changing the motherboard with PCIe atomics support is a viable solution.","If you encounter the hostcall with atomics issue, a motherboard with PCIe atomics support can be a suitable replacement.",Knowledge,pytorch_pytorch,issue,21819,Knowledge,0,0,"If you encounter the hostcall with atomics issue, a motherboard with PCIe atomics support can be a suitable replacement."
151,pytorch_pytorch,issue,21819,"Yes, for the hostcall with atomics issue, changing the motherboard with PCIe atomics support is a viable solution.","To address the hostcall with atomics issue, installing a motherboard that supports PCIe atomics is a recommended solution.",Knowledge,pytorch_pytorch,issue,21819,Knowledge,0,0,"To address the hostcall with atomics issue, installing a motherboard that supports PCIe atomics is a recommended solution."
152,pytorch_pytorch,issue,21819,"Yes, for the hostcall with atomics issue, changing the motherboard with PCIe atomics support is a viable solution.",The hostcall with atomics issue can be resolved by changing the motherboard to one that includes PCIe atomics support.,Knowledge,pytorch_pytorch,issue,21819,Knowledge,0,0,The hostcall with atomics issue can be resolved by changing the motherboard to one that includes PCIe atomics support.
153,pytorch_pytorch,issue,21819,"Yes, for the hostcall with atomics issue, changing the motherboard with PCIe atomics support is a viable solution.",A motherboard with PCIe atomics support is a viable option to solve the hostcall with atomics issue.,Knowledge,pytorch_pytorch,issue,21819,Knowledge,0,0,A motherboard with PCIe atomics support is a viable option to solve the hostcall with atomics issue.
154,pytorch_pytorch,Issue,21819,"Using MPS for BERT inference appears to produce about a 2x slowdown compared to the CPU. Here is code to reproduce the issue:
 # MPS Version
 from transformers import AutoTokenizer, BertForSequenceClassification
 import timeit
 import torch
 

 tokenizer = AutoTokenizer.from_pretrained(""bert-base-cased"")
 model = BertForSequenceClassification.from_pretrained(""bert-base-cased"").to(torch.device(""mps""))
 

 tokens = tokenizer.tokenize(""Hello world, this is michael!"")
 tids = tokenizer.convert_tokens_to_ids(tokens)
 with torch.no_grad():
  t_tids = torch.tensor([tids]*64, device=torch.device(""mps""))
  res = timeit.timeit(lambda: model(input_ids=t_tids), number=100)
 print(res)
 

 torch.backends.mps.is_available() reports True as expected.
 I chose a batch size of 64, since that was mentioned on the blog post for the ~5x speedup in Huggingface BERT.
 Running this benchmark, swapping ""mps"" and ""cpu"" for the devices, I get:
 CPU 18.38 s
 MPS 36.00 s
 And, for comparison, running this same snippet on an A10G using CUDA 11.6 on an AWS g5.xlarge instance (ubuntu 20.04, pytorch 1.11.0 compiled from source), I get:
 CUDA 0.82 s
 I used the no_grad() construction due to the comment mentioned on #77753.
 I used today's nightly build. Furthermore, I also built PyTorch from source and observed no differences on the results here. Lastly, I confirmed with Activity Monitor and powermetrics that the GPU is in fact being used, seeing GPU usage at 98.8%, GPU power spike to 15711 mW when running the MPS benchmark, and CPU power spiking as expected when running the CPU benchmark.
 So it does seem like things are ""hooked up"" right, just not efficient.
 As a side note, when building PyTorch from source, I observed in the CMake logs that Accelerate.framework was selected as the BLAS library, but sadly I didn't observe any power consumption by the ANE module, which is too bad.","I noticed a significant slowdown when using MPS for BERT inference compared to the CPU. The code snippet provided demonstrates the issue, where the MPS version takes about twice as long to run. I used a batch size of 64, as recommended for optimal performance, and confirmed that the GPU is being utilized with high usage and power consumption. Despite this, the efficiency is lacking, and I'm unsure if this is expected behavior or a configuration issue.",Known Unknown,pytorch_pytorch,Issue,21819,,2,1,"I noticed a significant slowdown when using MPS for BERT inference compared to the CPU. The code snippet provided demonstrates the issue, where the MPS version takes about twice as long to run. I used a batch size of 64, as recommended for optimal performance, and confirmed that the GPU is being utilized with high usage and power consumption. Despite this, the efficiency is lacking, and I'm unsure if this is expected behavior or a configuration issue."
155,pytorch_pytorch,Issue,21819,"Using MPS for BERT inference appears to produce about a 2x slowdown compared to the CPU. Here is code to reproduce the issue:
 # MPS Version
 from transformers import AutoTokenizer, BertForSequenceClassification
 import timeit
 import torch
 

 tokenizer = AutoTokenizer.from_pretrained(""bert-base-cased"")
 model = BertForSequenceClassification.from_pretrained(""bert-base-cased"").to(torch.device(""mps""))
 

 tokens = tokenizer.tokenize(""Hello world, this is michael!"")
 tids = tokenizer.convert_tokens_to_ids(tokens)
 with torch.no_grad():
  t_tids = torch.tensor([tids]*64, device=torch.device(""mps""))
  res = timeit.timeit(lambda: model(input_ids=t_tids), number=100)
 print(res)
 

 torch.backends.mps.is_available() reports True as expected.
 I chose a batch size of 64, since that was mentioned on the blog post for the ~5x speedup in Huggingface BERT.
 Running this benchmark, swapping ""mps"" and ""cpu"" for the devices, I get:
 CPU 18.38 s
 MPS 36.00 s
 And, for comparison, running this same snippet on an A10G using CUDA 11.6 on an AWS g5.xlarge instance (ubuntu 20.04, pytorch 1.11.0 compiled from source), I get:
 CUDA 0.82 s
 I used the no_grad() construction due to the comment mentioned on #77753.
 I used today's nightly build. Furthermore, I also built PyTorch from source and observed no differences on the results here. Lastly, I confirmed with Activity Monitor and powermetrics that the GPU is in fact being used, seeing GPU usage at 98.8%, GPU power spike to 15711 mW when running the MPS benchmark, and CPU power spiking as expected when running the CPU benchmark.
 So it does seem like things are ""hooked up"" right, just not efficient.
 As a side note, when building PyTorch from source, I observed in the CMake logs that Accelerate.framework was selected as the BLAS library, but sadly I didn't observe any power consumption by the ANE module, which is too bad.","When running BERT inference on the MPS device, I observed a 2x slowdown compared to the CPU. The provided code snippet reproduces the issue, and I verified that the GPU is being used effectively. However, the performance is far from the expected speedup. I also tested the same code on an A10G with CUDA, which ran much faster. I'm using the latest nightly build of PyTorch and confirmed the GPU usage with Activity Monitor and powermetrics. Is this a known issue, or is there something I can do to improve the efficiency?",Known Unknown,pytorch_pytorch,Issue,21819,,2,1,"When running BERT inference on the MPS device, I observed a 2x slowdown compared to the CPU. The provided code snippet reproduces the issue, and I verified that the GPU is being used effectively. However, the performance is far from the expected speedup. I also tested the same code on an A10G with CUDA, which ran much faster. I'm using the latest nightly build of PyTorch and confirmed the GPU usage with Activity Monitor and powermetrics. Is this a known issue, or is there something I can do to improve the efficiency?"
156,pytorch_pytorch,Issue,21819,"Using MPS for BERT inference appears to produce about a 2x slowdown compared to the CPU. Here is code to reproduce the issue:
 # MPS Version
 from transformers import AutoTokenizer, BertForSequenceClassification
 import timeit
 import torch
 

 tokenizer = AutoTokenizer.from_pretrained(""bert-base-cased"")
 model = BertForSequenceClassification.from_pretrained(""bert-base-cased"").to(torch.device(""mps""))
 

 tokens = tokenizer.tokenize(""Hello world, this is michael!"")
 tids = tokenizer.convert_tokens_to_ids(tokens)
 with torch.no_grad():
  t_tids = torch.tensor([tids]*64, device=torch.device(""mps""))
  res = timeit.timeit(lambda: model(input_ids=t_tids), number=100)
 print(res)
 

 torch.backends.mps.is_available() reports True as expected.
 I chose a batch size of 64, since that was mentioned on the blog post for the ~5x speedup in Huggingface BERT.
 Running this benchmark, swapping ""mps"" and ""cpu"" for the devices, I get:
 CPU 18.38 s
 MPS 36.00 s
 And, for comparison, running this same snippet on an A10G using CUDA 11.6 on an AWS g5.xlarge instance (ubuntu 20.04, pytorch 1.11.0 compiled from source), I get:
 CUDA 0.82 s
 I used the no_grad() construction due to the comment mentioned on #77753.
 I used today's nightly build. Furthermore, I also built PyTorch from source and observed no differences on the results here. Lastly, I confirmed with Activity Monitor and powermetrics that the GPU is in fact being used, seeing GPU usage at 98.8%, GPU power spike to 15711 mW when running the MPS benchmark, and CPU power spiking as expected when running the CPU benchmark.
 So it does seem like things are ""hooked up"" right, just not efficient.
 As a side note, when building PyTorch from source, I observed in the CMake logs that Accelerate.framework was selected as the BLAS library, but sadly I didn't observe any power consumption by the ANE module, which is too bad.","I'm experiencing a significant performance hit when using MPS for BERT inference, with the MPS version running about twice as slow as the CPU. The code snippet provided demonstrates the issue, and I've confirmed that the GPU is being utilized with high usage and power consumption. I also tested the same code on an A10G with CUDA, which ran much faster. I'm using the latest nightly build of PyTorch and confirmed the GPU usage with Activity Monitor and powermetrics. Is this a known issue, or is there a configuration I'm missing?",Known Unknown,pytorch_pytorch,Issue,21819,,2,1,"I'm experiencing a significant performance hit when using MPS for BERT inference, with the MPS version running about twice as slow as the CPU. The code snippet provided demonstrates the issue, and I've confirmed that the GPU is being utilized with high usage and power consumption. I also tested the same code on an A10G with CUDA, which ran much faster. I'm using the latest nightly build of PyTorch and confirmed the GPU usage with Activity Monitor and powermetrics. Is this a known issue, or is there a configuration I'm missing?"
157,pytorch_pytorch,Issue,21819,"Using MPS for BERT inference appears to produce about a 2x slowdown compared to the CPU. Here is code to reproduce the issue:
 # MPS Version
 from transformers import AutoTokenizer, BertForSequenceClassification
 import timeit
 import torch
 

 tokenizer = AutoTokenizer.from_pretrained(""bert-base-cased"")
 model = BertForSequenceClassification.from_pretrained(""bert-base-cased"").to(torch.device(""mps""))
 

 tokens = tokenizer.tokenize(""Hello world, this is michael!"")
 tids = tokenizer.convert_tokens_to_ids(tokens)
 with torch.no_grad():
  t_tids = torch.tensor([tids]*64, device=torch.device(""mps""))
  res = timeit.timeit(lambda: model(input_ids=t_tids), number=100)
 print(res)
 

 torch.backends.mps.is_available() reports True as expected.
 I chose a batch size of 64, since that was mentioned on the blog post for the ~5x speedup in Huggingface BERT.
 Running this benchmark, swapping ""mps"" and ""cpu"" for the devices, I get:
 CPU 18.38 s
 MPS 36.00 s
 And, for comparison, running this same snippet on an A10G using CUDA 11.6 on an AWS g5.xlarge instance (ubuntu 20.04, pytorch 1.11.0 compiled from source), I get:
 CUDA 0.82 s
 I used the no_grad() construction due to the comment mentioned on #77753.
 I used today's nightly build. Furthermore, I also built PyTorch from source and observed no differences on the results here. Lastly, I confirmed with Activity Monitor and powermetrics that the GPU is in fact being used, seeing GPU usage at 98.8%, GPU power spike to 15711 mW when running the MPS benchmark, and CPU power spiking as expected when running the CPU benchmark.
 So it does seem like things are ""hooked up"" right, just not efficient.
 As a side note, when building PyTorch from source, I observed in the CMake logs that Accelerate.framework was selected as the BLAS library, but sadly I didn't observe any power consumption by the ANE module, which is too bad.","I ran a benchmark for BERT inference using MPS and observed a 2x slowdown compared to the CPU. The provided code snippet reproduces the issue, and I verified that the GPU is being used effectively. However, the performance is far from the expected speedup. I also tested the same code on an A10G with CUDA, which ran much faster. I'm using the latest nightly build of PyTorch and confirmed the GPU usage with Activity Monitor and powermetrics. Is this a known issue, or is there something I can do to improve the efficiency?",Known Unknown,pytorch_pytorch,Issue,21819,,2,1,"I ran a benchmark for BERT inference using MPS and observed a 2x slowdown compared to the CPU. The provided code snippet reproduces the issue, and I verified that the GPU is being used effectively. However, the performance is far from the expected speedup. I also tested the same code on an A10G with CUDA, which ran much faster. I'm using the latest nightly build of PyTorch and confirmed the GPU usage with Activity Monitor and powermetrics. Is this a known issue, or is there something I can do to improve the efficiency?"
158,pytorch_pytorch,Issue,21819,"Using MPS for BERT inference appears to produce about a 2x slowdown compared to the CPU. Here is code to reproduce the issue:
 # MPS Version
 from transformers import AutoTokenizer, BertForSequenceClassification
 import timeit
 import torch
 

 tokenizer = AutoTokenizer.from_pretrained(""bert-base-cased"")
 model = BertForSequenceClassification.from_pretrained(""bert-base-cased"").to(torch.device(""mps""))
 

 tokens = tokenizer.tokenize(""Hello world, this is michael!"")
 tids = tokenizer.convert_tokens_to_ids(tokens)
 with torch.no_grad():
  t_tids = torch.tensor([tids]*64, device=torch.device(""mps""))
  res = timeit.timeit(lambda: model(input_ids=t_tids), number=100)
 print(res)
 

 torch.backends.mps.is_available() reports True as expected.
 I chose a batch size of 64, since that was mentioned on the blog post for the ~5x speedup in Huggingface BERT.
 Running this benchmark, swapping ""mps"" and ""cpu"" for the devices, I get:
 CPU 18.38 s
 MPS 36.00 s
 And, for comparison, running this same snippet on an A10G using CUDA 11.6 on an AWS g5.xlarge instance (ubuntu 20.04, pytorch 1.11.0 compiled from source), I get:
 CUDA 0.82 s
 I used the no_grad() construction due to the comment mentioned on #77753.
 I used today's nightly build. Furthermore, I also built PyTorch from source and observed no differences on the results here. Lastly, I confirmed with Activity Monitor and powermetrics that the GPU is in fact being used, seeing GPU usage at 98.8%, GPU power spike to 15711 mW when running the MPS benchmark, and CPU power spiking as expected when running the CPU benchmark.
 So it does seem like things are ""hooked up"" right, just not efficient.
 As a side note, when building PyTorch from source, I observed in the CMake logs that Accelerate.framework was selected as the BLAS library, but sadly I didn't observe any power consumption by the ANE module, which is too bad.","I'm seeing a significant slowdown when using MPS for BERT inference, with the MPS version taking about twice as long as the CPU. The provided code snippet demonstrates the issue, and I've confirmed that the GPU is being utilized with high usage and power consumption. I also tested the same code on an A10G with CUDA, which ran much faster. I'm using the latest nightly build of PyTorch and confirmed the GPU usage with Activity Monitor and powermetrics. Is this a known issue, or is there a configuration I'm missing?",Known Unknown,pytorch_pytorch,Issue,21819,,2,1,"I'm seeing a significant slowdown when using MPS for BERT inference, with the MPS version taking about twice as long as the CPU. The provided code snippet demonstrates the issue, and I've confirmed that the GPU is being utilized with high usage and power consumption. I also tested the same code on an A10G with CUDA, which ran much faster. I'm using the latest nightly build of PyTorch and confirmed the GPU usage with Activity Monitor and powermetrics. Is this a known issue, or is there a configuration I'm missing?"
159,pytorch_pytorch,Issue,21819,"Using MPS for BERT inference appears to produce about a 2x slowdown compared to the CPU. Here is code to reproduce the issue:
 # MPS Version
 from transformers import AutoTokenizer, BertForSequenceClassification
 import timeit
 import torch
 

 tokenizer = AutoTokenizer.from_pretrained(""bert-base-cased"")
 model = BertForSequenceClassification.from_pretrained(""bert-base-cased"").to(torch.device(""mps""))
 

 tokens = tokenizer.tokenize(""Hello world, this is michael!"")
 tids = tokenizer.convert_tokens_to_ids(tokens)
 with torch.no_grad():
  t_tids = torch.tensor([tids]*64, device=torch.device(""mps""))
  res = timeit.timeit(lambda: model(input_ids=t_tids), number=100)
 print(res)
 

 torch.backends.mps.is_available() reports True as expected.
 I chose a batch size of 64, since that was mentioned on the blog post for the ~5x speedup in Huggingface BERT.
 Running this benchmark, swapping ""mps"" and ""cpu"" for the devices, I get:
 CPU 18.38 s
 MPS 36.00 s
 And, for comparison, running this same snippet on an A10G using CUDA 11.6 on an AWS g5.xlarge instance (ubuntu 20.04, pytorch 1.11.0 compiled from source), I get:
 CUDA 0.82 s
 I used the no_grad() construction due to the comment mentioned on #77753.
 I used today's nightly build. Furthermore, I also built PyTorch from source and observed no differences on the results here. Lastly, I confirmed with Activity Monitor and powermetrics that the GPU is in fact being used, seeing GPU usage at 98.8%, GPU power spike to 15711 mW when running the MPS benchmark, and CPU power spiking as expected when running the CPU benchmark.
 So it does seem like things are ""hooked up"" right, just not efficient.
 As a side note, when building PyTorch from source, I observed in the CMake logs that Accelerate.framework was selected as the BLAS library, but sadly I didn't observe any power consumption by the ANE module, which is too bad.","I noticed a 2x slowdown when using MPS for BERT inference compared to the CPU. The provided code snippet reproduces the issue, and I verified that the GPU is being used effectively. However, the performance is far from the expected speedup. I also tested the same code on an A10G with CUDA, which ran much faster. I'm using the latest nightly build of PyTorch and confirmed the GPU usage with Activity Monitor and powermetrics. Is this a known issue, or is there something I can do to improve the efficiency?",Known Unknown,pytorch_pytorch,Issue,21819,,2,1,"I noticed a 2x slowdown when using MPS for BERT inference compared to the CPU. The provided code snippet reproduces the issue, and I verified that the GPU is being used effectively. However, the performance is far from the expected speedup. I also tested the same code on an A10G with CUDA, which ran much faster. I'm using the latest nightly build of PyTorch and confirmed the GPU usage with Activity Monitor and powermetrics. Is this a known issue, or is there something I can do to improve the efficiency?"
160,pytorch_pytorch,Issue,21819,"Using MPS for BERT inference appears to produce about a 2x slowdown compared to the CPU. Here is code to reproduce the issue:
 # MPS Version
 from transformers import AutoTokenizer, BertForSequenceClassification
 import timeit
 import torch
 

 tokenizer = AutoTokenizer.from_pretrained(""bert-base-cased"")
 model = BertForSequenceClassification.from_pretrained(""bert-base-cased"").to(torch.device(""mps""))
 

 tokens = tokenizer.tokenize(""Hello world, this is michael!"")
 tids = tokenizer.convert_tokens_to_ids(tokens)
 with torch.no_grad():
  t_tids = torch.tensor([tids]*64, device=torch.device(""mps""))
  res = timeit.timeit(lambda: model(input_ids=t_tids), number=100)
 print(res)
 

 torch.backends.mps.is_available() reports True as expected.
 I chose a batch size of 64, since that was mentioned on the blog post for the ~5x speedup in Huggingface BERT.
 Running this benchmark, swapping ""mps"" and ""cpu"" for the devices, I get:
 CPU 18.38 s
 MPS 36.00 s
 And, for comparison, running this same snippet on an A10G using CUDA 11.6 on an AWS g5.xlarge instance (ubuntu 20.04, pytorch 1.11.0 compiled from source), I get:
 CUDA 0.82 s
 I used the no_grad() construction due to the comment mentioned on #77753.
 I used today's nightly build. Furthermore, I also built PyTorch from source and observed no differences on the results here. Lastly, I confirmed with Activity Monitor and powermetrics that the GPU is in fact being used, seeing GPU usage at 98.8%, GPU power spike to 15711 mW when running the MPS benchmark, and CPU power spiking as expected when running the CPU benchmark.
 So it does seem like things are ""hooked up"" right, just not efficient.
 As a side note, when building PyTorch from source, I observed in the CMake logs that Accelerate.framework was selected as the BLAS library, but sadly I didn't observe any power consumption by the ANE module, which is too bad.","I'm experiencing a significant performance hit when using MPS for BERT inference, with the MPS version running about twice as slow as the CPU. The provided code snippet demonstrates the issue, and I've confirmed that the GPU is being utilized with high usage and power consumption. I also tested the same code on an A10G with CUDA, which ran much faster. I'm using the latest nightly build of PyTorch and confirmed the GPU usage with Activity Monitor and powermetrics. Is this a known issue, or is there a configuration I'm missing?",Known Unknown,pytorch_pytorch,Issue,21819,,2,1,"I'm experiencing a significant performance hit when using MPS for BERT inference, with the MPS version running about twice as slow as the CPU. The provided code snippet demonstrates the issue, and I've confirmed that the GPU is being utilized with high usage and power consumption. I also tested the same code on an A10G with CUDA, which ran much faster. I'm using the latest nightly build of PyTorch and confirmed the GPU usage with Activity Monitor and powermetrics. Is this a known issue, or is there a configuration I'm missing?"
161,pytorch_pytorch,issue,21819,"I wonder if we could convert this to actual MPS code in Swift, then profile how long that code takes. That would determine whether the bottleneck is PyTorch’s fault and something that can be fixed.",I'm curious if we could translate this to actual MPS code in Swift and measure its performance. This would help us determine if the bottleneck is due to PyTorch or if it's something we can optimize.,Known Unknown,pytorch_pytorch,issue,21819,Known,2,1,I'm curious if we could translate this to actual MPS code in Swift and measure its performance. This would help us determine if the bottleneck is due to PyTorch or if it's something we can optimize.
162,pytorch_pytorch,issue,21819,"I wonder if we could convert this to actual MPS code in Swift, then profile how long that code takes. That would determine whether the bottleneck is PyTorch’s fault and something that can be fixed.",Would it be possible to rewrite this in Swift using MPS and profile the execution time? This could give us insight into whether the performance issue is with PyTorch or if there's room for improvement.,Known Unknown,pytorch_pytorch,issue,21819,Known,2,1,Would it be possible to rewrite this in Swift using MPS and profile the execution time? This could give us insight into whether the performance issue is with PyTorch or if there's room for improvement.
163,pytorch_pytorch,issue,21819,"I wonder if we could convert this to actual MPS code in Swift, then profile how long that code takes. That would determine whether the bottleneck is PyTorch’s fault and something that can be fixed.",I'm considering converting this to Swift with MPS and profiling the code to see how it performs. This would help us understand if the slowdown is caused by PyTorch or if it's an issue we can address.,Known Unknown,pytorch_pytorch,issue,21819,Known,2,1,I'm considering converting this to Swift with MPS and profiling the code to see how it performs. This would help us understand if the slowdown is caused by PyTorch or if it's an issue we can address.
164,pytorch_pytorch,issue,21819,"I wonder if we could convert this to actual MPS code in Swift, then profile how long that code takes. That would determine whether the bottleneck is PyTorch’s fault and something that can be fixed.",I'm thinking about translating this to Swift using the Metal Performance Shaders (MPS) and timing the execution. This would help us identify if the performance bottleneck is within PyTorch or if it's something we can optimize.,Known Unknown,pytorch_pytorch,issue,21819,Known,2,1,I'm thinking about translating this to Swift using the Metal Performance Shaders (MPS) and timing the execution. This would help us identify if the performance bottleneck is within PyTorch or if it's something we can optimize.
165,pytorch_pytorch,issue,21819,"I wonder if we could convert this to actual MPS code in Swift, then profile how long that code takes. That would determine whether the bottleneck is PyTorch’s fault and something that can be fixed.",I wonder if we could implement this in Swift using MPS and measure the execution time. This would help us determine if the performance issue is with PyTorch or if it's something we can fix.,Known Unknown,pytorch_pytorch,issue,21819,Known,2,1,I wonder if we could implement this in Swift using MPS and measure the execution time. This would help us determine if the performance issue is with PyTorch or if it's something we can fix.
166,pytorch_pytorch,issue,21819,"I wonder if we could convert this to actual MPS code in Swift, then profile how long that code takes. That would determine whether the bottleneck is PyTorch’s fault and something that can be fixed.",Could we convert this to Swift with MPS and profile the code to see if the performance bottleneck is with PyTorch? This would give us a clearer picture of where the issue lies.,Known Unknown,pytorch_pytorch,issue,21819,Known,2,1,Could we convert this to Swift with MPS and profile the code to see if the performance bottleneck is with PyTorch? This would give us a clearer picture of where the issue lies.
167,pytorch_pytorch,issue,21819,"I wonder if we could convert this to actual MPS code in Swift, then profile how long that code takes. That would determine whether the bottleneck is PyTorch’s fault and something that can be fixed.",I'm considering rewriting this in Swift using MPS and profiling the execution to see if the performance issue is with PyTorch or if it's something we can optimize.,Known Unknown,pytorch_pytorch,issue,21819,Known,2,1,I'm considering rewriting this in Swift using MPS and profiling the execution to see if the performance issue is with PyTorch or if it's something we can optimize.
168,pytorch_pytorch,issue,21819,"I wonder if we could convert this to actual MPS code in Swift, then profile how long that code takes. That would determine whether the bottleneck is PyTorch’s fault and something that can be fixed.",I'm curious if we could translate this to Swift using MPS and measure the execution time to determine if the performance bottleneck is with PyTorch or if it's something we can address.,Known Unknown,pytorch_pytorch,issue,21819,Known,2,1,I'm curious if we could translate this to Swift using MPS and measure the execution time to determine if the performance bottleneck is with PyTorch or if it's something we can address.
169,pytorch_pytorch,issue,21819,"I wonder if we could convert this to actual MPS code in Swift, then profile how long that code takes. That would determine whether the bottleneck is PyTorch’s fault and something that can be fixed.",I'm thinking about converting this to Swift with MPS and profiling the code to see if the performance issue is with PyTorch or if it's something we can fix.,Known Unknown,pytorch_pytorch,issue,21819,Known,2,1,I'm thinking about converting this to Swift with MPS and profiling the code to see if the performance issue is with PyTorch or if it's something we can fix.
170,pytorch_pytorch,issue,21819,"I wonder if we could convert this to actual MPS code in Swift, then profile how long that code takes. That would determine whether the bottleneck is PyTorch’s fault and something that can be fixed.",I wonder if we could implement this in Swift using MPS and measure the execution time to determine if the performance bottleneck is with PyTorch or if it's something we can optimize.,Known Unknown,pytorch_pytorch,issue,21819,Known,2,1,I wonder if we could implement this in Swift using MPS and measure the execution time to determine if the performance bottleneck is with PyTorch or if it's something we can optimize.
171,pytorch_pytorch,issue,21819,"Currently the graphs for random ops are not cached, which is leading to un-necessary recompiles slowing the randn operations. We are actively working on it and will update here with a fix","The graphs for random operations are not being cached, causing unnecessary recompilations and slowing down the randn functions. Our team is actively addressing this issue and will provide an update with a fix soon.",Knowledge,pytorch_pytorch,issue,21819,Knowledge,0,0,"The graphs for random operations are not being cached, causing unnecessary recompilations and slowing down the randn functions. Our team is actively addressing this issue and will provide an update with a fix soon."
172,pytorch_pytorch,issue,21819,"Currently the graphs for random ops are not cached, which is leading to un-necessary recompiles slowing the randn operations. We are actively working on it and will update here with a fix","We've identified that the lack of caching for random operation graphs is leading to redundant recompilations, which is slowing down the randn operations. We are currently working on a solution and will post an update here once it's available.",Knowledge,pytorch_pytorch,issue,21819,Knowledge,0,0,"We've identified that the lack of caching for random operation graphs is leading to redundant recompilations, which is slowing down the randn operations. We are currently working on a solution and will post an update here once it's available."
173,pytorch_pytorch,issue,21819,"Currently the graphs for random ops are not cached, which is leading to un-necessary recompiles slowing the randn operations. We are actively working on it and will update here with a fix","The current implementation does not cache the graphs for random operations, resulting in repeated recompilations and slower performance for randn. We are actively working on this and will share the fix here when it's ready.",Knowledge,pytorch_pytorch,issue,21819,Knowledge,0,0,"The current implementation does not cache the graphs for random operations, resulting in repeated recompilations and slower performance for randn. We are actively working on this and will share the fix here when it's ready."
174,pytorch_pytorch,issue,21819,"Currently the graphs for random ops are not cached, which is leading to un-necessary recompiles slowing the randn operations. We are actively working on it and will update here with a fix","We've noticed that the graphs for random operations are not being cached, which is causing unnecessary recompilations and slowing down the randn functions. Our development team is working on a fix and will update this thread with the solution.",Knowledge,pytorch_pytorch,issue,21819,Knowledge,0,0,"We've noticed that the graphs for random operations are not being cached, which is causing unnecessary recompilations and slowing down the randn functions. Our development team is working on a fix and will update this thread with the solution."
175,pytorch_pytorch,issue,21819,"Currently the graphs for random ops are not cached, which is leading to un-necessary recompiles slowing the randn operations. We are actively working on it and will update here with a fix","The graphs for random operations are not cached, leading to redundant recompilations and slower performance of randn. We are actively working on this issue and will provide an update with the fix as soon as possible.",Knowledge,pytorch_pytorch,issue,21819,Knowledge,0,0,"The graphs for random operations are not cached, leading to redundant recompilations and slower performance of randn. We are actively working on this issue and will provide an update with the fix as soon as possible."
176,pytorch_pytorch,issue,21819,"Currently the graphs for random ops are not cached, which is leading to un-necessary recompiles slowing the randn operations. We are actively working on it and will update here with a fix","Currently, the graphs for random operations are not cached, causing unnecessary recompilations and slowing down the randn functions. Our team is actively working on a fix and will update this thread with the solution.",Knowledge,pytorch_pytorch,issue,21819,Knowledge,0,0,"Currently, the graphs for random operations are not cached, causing unnecessary recompilations and slowing down the randn functions. Our team is actively working on a fix and will update this thread with the solution."
177,pytorch_pytorch,issue,21819,"Currently the graphs for random ops are not cached, which is leading to un-necessary recompiles slowing the randn operations. We are actively working on it and will update here with a fix","We are aware that the graphs for random operations are not being cached, which is leading to unnecessary recompilations and slower performance for randn. We are actively working on this and will provide an update with the fix soon.",Knowledge,pytorch_pytorch,issue,21819,Knowledge,0,0,"We are aware that the graphs for random operations are not being cached, which is leading to unnecessary recompilations and slower performance for randn. We are actively working on this and will provide an update with the fix soon."
178,pytorch_pytorch,issue,21819,"Currently the graphs for random ops are not cached, which is leading to un-necessary recompiles slowing the randn operations. We are actively working on it and will update here with a fix",The lack of caching for random operation graphs is causing redundant recompilations and slowing down the randn functions. We are actively working on a fix and will update this thread with the solution once it's ready.,Knowledge,pytorch_pytorch,issue,21819,Knowledge,0,0,The lack of caching for random operation graphs is causing redundant recompilations and slowing down the randn functions. We are actively working on a fix and will update this thread with the solution once it's ready.
179,pytorch_pytorch,issue,21819,"Currently the graphs for random ops are not cached, which is leading to un-necessary recompiles slowing the randn operations. We are actively working on it and will update here with a fix","We've identified that the graphs for random operations are not being cached, which is causing unnecessary recompilations and slowing down the randn functions. Our team is actively working on a fix and will update this thread with the solution as soon as possible.",Knowledge,pytorch_pytorch,issue,21819,Knowledge,0,0,"We've identified that the graphs for random operations are not being cached, which is causing unnecessary recompilations and slowing down the randn functions. Our team is actively working on a fix and will update this thread with the solution as soon as possible."
180,pytorch_pytorch,issue,21819,"Currently the graphs for random ops are not cached, which is leading to un-necessary recompiles slowing the randn operations. We are actively working on it and will update here with a fix","The graphs for random operations are not being cached, leading to redundant recompilations and slower performance for randn. We are actively working on this issue and will provide an update with the fix as soon as it's available.",Knowledge,pytorch_pytorch,issue,21819,Knowledge,0,0,"The graphs for random operations are not being cached, leading to redundant recompilations and slower performance for randn. We are actively working on this issue and will provide an update with the fix as soon as it's available."
181,pytorch_pytorch,issue,17501,"After testing on GPU, if I set the batch size low enough it runs very fast, but anything over 2 and it runs out of memory (8gb GPU). How would I go about debugging the memory usage?","I've noticed that my model runs very efficiently on the GPU with a batch size of 2 or less, but any higher and it runs out of memory on my 8GB GPU. What are some strategies for debugging and optimizing memory usage in this scenario?",Known Unknown,pytorch_pytorch,issue,17501,Known,2,1,"I've noticed that my model runs very efficiently on the GPU with a batch size of 2 or less, but any higher and it runs out of memory on my 8GB GPU. What are some strategies for debugging and optimizing memory usage in this scenario?"
182,pytorch_pytorch,issue,17501,"After testing on GPU, if I set the batch size low enough it runs very fast, but anything over 2 and it runs out of memory (8gb GPU). How would I go about debugging the memory usage?","When I set the batch size to 2 or lower, my model runs smoothly on the GPU, but increasing it causes out-of-memory errors on my 8GB GPU. How can I diagnose and reduce the memory footprint of my model?",Known Unknown,pytorch_pytorch,issue,17501,Known,2,1,"When I set the batch size to 2 or lower, my model runs smoothly on the GPU, but increasing it causes out-of-memory errors on my 8GB GPU. How can I diagnose and reduce the memory footprint of my model?"
183,pytorch_pytorch,issue,17501,"After testing on GPU, if I set the batch size low enough it runs very fast, but anything over 2 and it runs out of memory (8gb GPU). How would I go about debugging the memory usage?",I'm experiencing out-of-memory errors on my 8GB GPU when the batch size exceeds 2. The model runs fine with smaller batch sizes. What tools or techniques can I use to analyze and optimize the memory usage?,Known Unknown,pytorch_pytorch,issue,17501,Known,2,1,I'm experiencing out-of-memory errors on my 8GB GPU when the batch size exceeds 2. The model runs fine with smaller batch sizes. What tools or techniques can I use to analyze and optimize the memory usage?
184,pytorch_pytorch,issue,17501,"After testing on GPU, if I set the batch size low enough it runs very fast, but anything over 2 and it runs out of memory (8gb GPU). How would I go about debugging the memory usage?","My model runs quickly on the GPU with a batch size of 2 or less, but anything higher results in out-of-memory errors on my 8GB GPU. How can I effectively debug and manage the memory consumption?",Known Unknown,pytorch_pytorch,issue,17501,Known,2,1,"My model runs quickly on the GPU with a batch size of 2 or less, but anything higher results in out-of-memory errors on my 8GB GPU. How can I effectively debug and manage the memory consumption?"
185,pytorch_pytorch,issue,17501,"After testing on GPU, if I set the batch size low enough it runs very fast, but anything over 2 and it runs out of memory (8gb GPU). How would I go about debugging the memory usage?","I've observed that my model runs efficiently on the GPU with a batch size of 2 or lower, but increasing the batch size leads to out-of-memory errors on my 8GB GPU. What are some best practices for debugging and optimizing memory usage in this situation?",Known Unknown,pytorch_pytorch,issue,17501,Known,2,1,"I've observed that my model runs efficiently on the GPU with a batch size of 2 or lower, but increasing the batch size leads to out-of-memory errors on my 8GB GPU. What are some best practices for debugging and optimizing memory usage in this situation?"
186,pytorch_pytorch,issue,17501,"After testing on GPU, if I set the batch size low enough it runs very fast, but anything over 2 and it runs out of memory (8gb GPU). How would I go about debugging the memory usage?",I'm running into out-of-memory issues on my 8GB GPU when the batch size is greater than 2. The model runs fine with smaller batch sizes. How can I investigate and reduce the memory usage?,Known Unknown,pytorch_pytorch,issue,17501,Known,2,1,I'm running into out-of-memory issues on my 8GB GPU when the batch size is greater than 2. The model runs fine with smaller batch sizes. How can I investigate and reduce the memory usage?
187,pytorch_pytorch,issue,17501,"After testing on GPU, if I set the batch size low enough it runs very fast, but anything over 2 and it runs out of memory (8gb GPU). How would I go about debugging the memory usage?","My model runs smoothly on the GPU with a batch size of 2 or less, but any higher and it runs out of memory on my 8GB GPU. What are some methods for profiling and optimizing the memory usage?",Known Unknown,pytorch_pytorch,issue,17501,Known,2,1,"My model runs smoothly on the GPU with a batch size of 2 or less, but any higher and it runs out of memory on my 8GB GPU. What are some methods for profiling and optimizing the memory usage?"
188,pytorch_pytorch,issue,17501,"After testing on GPU, if I set the batch size low enough it runs very fast, but anything over 2 and it runs out of memory (8gb GPU). How would I go about debugging the memory usage?","I've found that my model runs very fast on the GPU with a batch size of 2 or lower, but increasing the batch size causes out-of-memory errors on my 8GB GPU. How can I debug and optimize the memory consumption?",Known Unknown,pytorch_pytorch,issue,17501,Known,2,1,"I've found that my model runs very fast on the GPU with a batch size of 2 or lower, but increasing the batch size causes out-of-memory errors on my 8GB GPU. How can I debug and optimize the memory consumption?"
189,pytorch_pytorch,issue,17501,"After testing on GPU, if I set the batch size low enough it runs very fast, but anything over 2 and it runs out of memory (8gb GPU). How would I go about debugging the memory usage?",I'm encountering out-of-memory errors on my 8GB GPU when the batch size is greater than 2. The model runs efficiently with smaller batch sizes. What are some techniques for diagnosing and reducing the memory footprint?,Known Unknown,pytorch_pytorch,issue,17501,Known,2,1,I'm encountering out-of-memory errors on my 8GB GPU when the batch size is greater than 2. The model runs efficiently with smaller batch sizes. What are some techniques for diagnosing and reducing the memory footprint?
190,pytorch_pytorch,issue,17501,"After testing on GPU, if I set the batch size low enough it runs very fast, but anything over 2 and it runs out of memory (8gb GPU). How would I go about debugging the memory usage?","My model runs efficiently on the GPU with a batch size of 2 or less, but any higher and it runs out of memory on my 8GB GPU. How can I effectively debug and manage the memory usage to avoid these issues?",Known Unknown,pytorch_pytorch,issue,17501,Known,2,1,"My model runs efficiently on the GPU with a batch size of 2 or less, but any higher and it runs out of memory on my 8GB GPU. How can I effectively debug and manage the memory usage to avoid these issues?"
191,pytorch_pytorch,issue,17501,The backward pass of an unfold will involved a lot of atomicAdd CUDA instructions in the unfolded dimension. That is what slows down the backward a lot.,The backward pass of the unfold operation is significantly slowed down due to the extensive use of atomicAdd CUDA instructions in the unfolded dimension. This can lead to performance bottlenecks in the training process.,Knowledge,pytorch_pytorch,issue,17501,Knowledge,0,0,The backward pass of the unfold operation is significantly slowed down due to the extensive use of atomicAdd CUDA instructions in the unfolded dimension. This can lead to performance bottlenecks in the training process.
192,pytorch_pytorch,issue,17501,The backward pass of an unfold will involved a lot of atomicAdd CUDA instructions in the unfolded dimension. That is what slows down the backward a lot.,"I've noticed that the backward pass of the unfold operation is quite slow, primarily because it involves a large number of atomicAdd CUDA instructions in the unfolded dimension. This can be a major performance hit, especially for large tensors.",Knowledge,pytorch_pytorch,issue,17501,Knowledge,0,0,"I've noticed that the backward pass of the unfold operation is quite slow, primarily because it involves a large number of atomicAdd CUDA instructions in the unfolded dimension. This can be a major performance hit, especially for large tensors."
193,pytorch_pytorch,issue,17501,The backward pass of an unfold will involved a lot of atomicAdd CUDA instructions in the unfolded dimension. That is what slows down the backward a lot.,The performance of the backward pass in the unfold operation is heavily impacted by the frequent use of atomicAdd CUDA instructions in the unfolded dimension. This can cause significant delays during the training of deep learning models.,Knowledge,pytorch_pytorch,issue,17501,Knowledge,0,0,The performance of the backward pass in the unfold operation is heavily impacted by the frequent use of atomicAdd CUDA instructions in the unfolded dimension. This can cause significant delays during the training of deep learning models.
194,pytorch_pytorch,issue,17501,The backward pass of an unfold will involved a lot of atomicAdd CUDA instructions in the unfolded dimension. That is what slows down the backward a lot.,"The unfold operation's backward pass is notably slow because it relies heavily on atomicAdd CUDA instructions in the unfolded dimension. This can be a critical performance issue, especially when working with large datasets.",Knowledge,pytorch_pytorch,issue,17501,Knowledge,0,0,"The unfold operation's backward pass is notably slow because it relies heavily on atomicAdd CUDA instructions in the unfolded dimension. This can be a critical performance issue, especially when working with large datasets."
195,pytorch_pytorch,issue,17501,The backward pass of an unfold will involved a lot of atomicAdd CUDA instructions in the unfolded dimension. That is what slows down the backward a lot.,The backward pass of the unfold operation is slowed down considerably due to the high number of atomicAdd CUDA instructions required in the unfolded dimension. This can be a significant bottleneck in the training process.,Knowledge,pytorch_pytorch,issue,17501,Knowledge,0,0,The backward pass of the unfold operation is slowed down considerably due to the high number of atomicAdd CUDA instructions required in the unfolded dimension. This can be a significant bottleneck in the training process.
196,pytorch_pytorch,issue,17501,The backward pass of an unfold will involved a lot of atomicAdd CUDA instructions in the unfolded dimension. That is what slows down the backward a lot.,"I've observed that the backward pass of the unfold operation is particularly slow, mainly due to the extensive use of atomicAdd CUDA instructions in the unfolded dimension. This can significantly impact the overall training time.",Knowledge,pytorch_pytorch,issue,17501,Knowledge,0,0,"I've observed that the backward pass of the unfold operation is particularly slow, mainly due to the extensive use of atomicAdd CUDA instructions in the unfolded dimension. This can significantly impact the overall training time."
197,pytorch_pytorch,issue,17501,The backward pass of an unfold will involved a lot of atomicAdd CUDA instructions in the unfolded dimension. That is what slows down the backward a lot.,"The unfold operation's backward pass is slowed down by the frequent use of atomicAdd CUDA instructions in the unfolded dimension, which can lead to performance degradation during training.",Knowledge,pytorch_pytorch,issue,17501,Knowledge,0,0,"The unfold operation's backward pass is slowed down by the frequent use of atomicAdd CUDA instructions in the unfolded dimension, which can lead to performance degradation during training."
198,pytorch_pytorch,issue,17501,The backward pass of an unfold will involved a lot of atomicAdd CUDA instructions in the unfolded dimension. That is what slows down the backward a lot.,"The backward pass of the unfold operation is heavily dependent on atomicAdd CUDA instructions in the unfolded dimension, which can cause a notable slowdown in the training process.",Knowledge,pytorch_pytorch,issue,17501,Knowledge,0,0,"The backward pass of the unfold operation is heavily dependent on atomicAdd CUDA instructions in the unfolded dimension, which can cause a notable slowdown in the training process."
199,pytorch_pytorch,issue,17501,The backward pass of an unfold will involved a lot of atomicAdd CUDA instructions in the unfolded dimension. That is what slows down the backward a lot.,"The performance of the unfold operation's backward pass is significantly affected by the large number of atomicAdd CUDA instructions in the unfolded dimension, leading to slower training times.",Knowledge,pytorch_pytorch,issue,17501,Knowledge,0,0,"The performance of the unfold operation's backward pass is significantly affected by the large number of atomicAdd CUDA instructions in the unfolded dimension, leading to slower training times."
200,pytorch_pytorch,issue,17501,The backward pass of an unfold will involved a lot of atomicAdd CUDA instructions in the unfolded dimension. That is what slows down the backward a lot.,"The unfold operation's backward pass is slowed down by the extensive use of atomicAdd CUDA instructions in the unfolded dimension, which can be a major performance issue in deep learning models.",Knowledge,pytorch_pytorch,issue,17501,Knowledge,0,0,"The unfold operation's backward pass is slowed down by the extensive use of atomicAdd CUDA instructions in the unfolded dimension, which can be a major performance issue in deep learning models."
201,pytorch_pytorch,issue,155309,The error is likely caused by how torch.export interacts with GPU-backed LSTM internals. It's possible that torch.export is not properly handling fused GPU kernels or CUDNN ops when fake tensors are involved during graph capture.,The issue seems to stem from the way torch.export processes GPU-backed LSTM operations. It might be that torch.export is not correctly managing fused GPU kernels or CUDNN operations when using fake tensors for graph capture.,Known Unknown,pytorch_pytorch,issue,155309,Known,2,1,The issue seems to stem from the way torch.export processes GPU-backed LSTM operations. It might be that torch.export is not correctly managing fused GPU kernels or CUDNN operations when using fake tensors for graph capture.
202,pytorch_pytorch,issue,155309,The error is likely caused by how torch.export interacts with GPU-backed LSTM internals. It's possible that torch.export is not properly handling fused GPU kernels or CUDNN ops when fake tensors are involved during graph capture.,The error is probably due to how torch.export handles the internal GPU operations of LSTM layers. It appears that torch.export may not be properly dealing with fused GPU kernels or CUDNN operations when fake tensors are used during the graph capture process.,Known Unknown,pytorch_pytorch,issue,155309,Known,2,1,The error is probably due to how torch.export handles the internal GPU operations of LSTM layers. It appears that torch.export may not be properly dealing with fused GPU kernels or CUDNN operations when fake tensors are used during the graph capture process.
203,pytorch_pytorch,issue,155309,The error is likely caused by how torch.export interacts with GPU-backed LSTM internals. It's possible that torch.export is not properly handling fused GPU kernels or CUDNN ops when fake tensors are involved during graph capture.,The problem likely arises from the interaction between torch.export and the GPU-backed LSTM internals. It's possible that torch.export is not correctly handling the fused GPU kernels or CUDNN operations when fake tensors are involved in the graph capture.,Known Unknown,pytorch_pytorch,issue,155309,Known,2,1,The problem likely arises from the interaction between torch.export and the GPU-backed LSTM internals. It's possible that torch.export is not correctly handling the fused GPU kernels or CUDNN operations when fake tensors are involved in the graph capture.
204,pytorch_pytorch,issue,155309,The error is likely caused by how torch.export interacts with GPU-backed LSTM internals. It's possible that torch.export is not properly handling fused GPU kernels or CUDNN ops when fake tensors are involved during graph capture.,The error might be caused by the way torch.export interacts with the GPU-specific LSTM operations. It seems that torch.export is not properly managing the fused GPU kernels or CUDNN operations when fake tensors are used during the graph capture.,Known Unknown,pytorch_pytorch,issue,155309,Known,2,1,The error might be caused by the way torch.export interacts with the GPU-specific LSTM operations. It seems that torch.export is not properly managing the fused GPU kernels or CUDNN operations when fake tensors are used during the graph capture.
205,pytorch_pytorch,issue,155309,The error is likely caused by how torch.export interacts with GPU-backed LSTM internals. It's possible that torch.export is not properly handling fused GPU kernels or CUDNN ops when fake tensors are involved during graph capture.,The issue is likely related to how torch.export deals with the GPU internals of LSTM layers. It's possible that the problem lies in the handling of fused GPU kernels or CUDNN operations when fake tensors are part of the graph capture process.,Known Unknown,pytorch_pytorch,issue,155309,Known,2,1,The issue is likely related to how torch.export deals with the GPU internals of LSTM layers. It's possible that the problem lies in the handling of fused GPU kernels or CUDNN operations when fake tensors are part of the graph capture process.
206,pytorch_pytorch,issue,155309,The error is likely caused by how torch.export interacts with GPU-backed LSTM internals. It's possible that torch.export is not properly handling fused GPU kernels or CUDNN ops when fake tensors are involved during graph capture.,The error could be due to the way torch.export manages the GPU-backed LSTM operations. It seems that the issue might be in the handling of fused GPU kernels or CUDNN operations when fake tensors are used during graph capture.,Known Unknown,pytorch_pytorch,issue,155309,Known,2,1,The error could be due to the way torch.export manages the GPU-backed LSTM operations. It seems that the issue might be in the handling of fused GPU kernels or CUDNN operations when fake tensors are used during graph capture.
207,pytorch_pytorch,issue,155309,The error is likely caused by how torch.export interacts with GPU-backed LSTM internals. It's possible that torch.export is not properly handling fused GPU kernels or CUDNN ops when fake tensors are involved during graph capture.,The problem might be caused by the interaction between torch.export and the GPU-specific LSTM internals. It's possible that the issue lies in the handling of fused GPU kernels or CUDNN operations when fake tensors are involved in the graph capture.,Known Unknown,pytorch_pytorch,issue,155309,Known,2,1,The problem might be caused by the interaction between torch.export and the GPU-specific LSTM internals. It's possible that the issue lies in the handling of fused GPU kernels or CUDNN operations when fake tensors are involved in the graph capture.
208,pytorch_pytorch,issue,155309,The error is likely caused by how torch.export interacts with GPU-backed LSTM internals. It's possible that torch.export is not properly handling fused GPU kernels or CUDNN ops when fake tensors are involved during graph capture.,The error is likely a result of how torch.export processes the GPU-backed LSTM operations. It appears that the issue might be in the handling of fused GPU kernels or CUDNN operations when fake tensors are used during the graph capture.,Known Unknown,pytorch_pytorch,issue,155309,Known,2,1,The error is likely a result of how torch.export processes the GPU-backed LSTM operations. It appears that the issue might be in the handling of fused GPU kernels or CUDNN operations when fake tensors are used during the graph capture.
209,pytorch_pytorch,issue,155309,The error is likely caused by how torch.export interacts with GPU-backed LSTM internals. It's possible that torch.export is not properly handling fused GPU kernels or CUDNN ops when fake tensors are involved during graph capture.,The issue seems to be related to the way torch.export interacts with the GPU internals of LSTM layers. It's possible that the problem is in the handling of fused GPU kernels or CUDNN operations when fake tensors are part of the graph capture process.,Known Unknown,pytorch_pytorch,issue,155309,Known,2,1,The issue seems to be related to the way torch.export interacts with the GPU internals of LSTM layers. It's possible that the problem is in the handling of fused GPU kernels or CUDNN operations when fake tensors are part of the graph capture process.
210,pytorch_pytorch,issue,155309,The error is likely caused by how torch.export interacts with GPU-backed LSTM internals. It's possible that torch.export is not properly handling fused GPU kernels or CUDNN ops when fake tensors are involved during graph capture.,The error might be caused by the way torch.export handles the GPU-specific LSTM operations. It seems that the issue could be in the management of fused GPU kernels or CUDNN operations when fake tensors are used during the graph capture.,Known Unknown,pytorch_pytorch,issue,155309,Known,2,1,The error might be caused by the way torch.export handles the GPU-specific LSTM operations. It seems that the issue could be in the management of fused GPU kernels or CUDNN operations when fake tensors are used during the graph capture.
211,pytorch_pytorch,issue,155309,"Thank you so much for the detailed and insightful analysis.

I followed your suggestion and tested with:

torch.backends.cudnn.enabled = False

As you anticipated, export on GPU succeeded when disabling cuDNN. This strongly indicates that the issue is indeed related to certain cuDNN-optimized fused kernels, likely being incorrectly traced during export when fake tensors are used.

For completeness, my environment reports the following cuDNN version:

torch.backends.cudnn.version() == 90100

This further supports the hypothesis that some low-level dispatch or fusion within cuDNN is not being properly marked as opaque or guarded during export tracing?

Additionally, I’d like to report that the same issue also occurs when using nn.RNN instead of nn.LSTM. Specifically, like:

self.rnn = nn.RNN(input_size, hidden_size, num_layers, batch_first=True)

This confirms that the problem is not limited to LSTM, but more broadly affects cuDNN-backed recurrent layers, including nn.RNN. Disabling torch.backends.cudnn.enabled continues to serve as a valid workaround in both cases.","Thank you for the thorough and insightful analysis. I followed your advice and disabled cuDNN by setting `torch.backends.cudnn.enabled = False`. As expected, the export on GPU succeeded, confirming that the issue is related to cuDNN-optimized fused kernels. My environment reports cuDNN version 90100, which supports the hypothesis that some low-level dispatch or fusion within cuDNN is not being properly marked as opaque during export tracing. Additionally, I found that the same issue occurs with nn.RNN, indicating that the problem affects cuDNN-backed recurrent layers in general.",Known Unknown,pytorch_pytorch,issue,155309,Known,2,1,"Thank you for the thorough and insightful analysis. I followed your advice and disabled cuDNN by setting `torch.backends.cudnn.enabled = False`. As expected, the export on GPU succeeded, confirming that the issue is related to cuDNN-optimized fused kernels. My environment reports cuDNN version 90100, which supports the hypothesis that some low-level dispatch or fusion within cuDNN is not being properly marked as opaque during export tracing. Additionally, I found that the same issue occurs with nn.RNN, indicating that the problem affects cuDNN-backed recurrent layers in general."
212,pytorch_pytorch,issue,155309,"Thank you so much for the detailed and insightful analysis.

I followed your suggestion and tested with:

torch.backends.cudnn.enabled = False

As you anticipated, export on GPU succeeded when disabling cuDNN. This strongly indicates that the issue is indeed related to certain cuDNN-optimized fused kernels, likely being incorrectly traced during export when fake tensors are used.

For completeness, my environment reports the following cuDNN version:

torch.backends.cudnn.version() == 90100

This further supports the hypothesis that some low-level dispatch or fusion within cuDNN is not being properly marked as opaque or guarded during export tracing?

Additionally, I’d like to report that the same issue also occurs when using nn.RNN instead of nn.LSTM. Specifically, like:

self.rnn = nn.RNN(input_size, hidden_size, num_layers, batch_first=True)

This confirms that the problem is not limited to LSTM, but more broadly affects cuDNN-backed recurrent layers, including nn.RNN. Disabling torch.backends.cudnn.enabled continues to serve as a valid workaround in both cases.","I appreciate the detailed and insightful analysis. Disabling cuDNN by setting `torch.backends.cudnn.enabled = False` resolved the export issue on GPU, as you predicted. This strongly suggests that the problem lies with cuDNN-optimized fused kernels, possibly due to incorrect tracing with fake tensors. My environment uses cuDNN version 90100, which further supports this hypothesis. I also confirmed that the issue affects nn.RNN, not just nn.LSTM, indicating a broader problem with cuDNN-backed recurrent layers.",Known Unknown,pytorch_pytorch,issue,155309,Known,2,1,"I appreciate the detailed and insightful analysis. Disabling cuDNN by setting `torch.backends.cudnn.enabled = False` resolved the export issue on GPU, as you predicted. This strongly suggests that the problem lies with cuDNN-optimized fused kernels, possibly due to incorrect tracing with fake tensors. My environment uses cuDNN version 90100, which further supports this hypothesis. I also confirmed that the issue affects nn.RNN, not just nn.LSTM, indicating a broader problem with cuDNN-backed recurrent layers."
213,pytorch_pytorch,issue,155309,"Thank you so much for the detailed and insightful analysis.

I followed your suggestion and tested with:

torch.backends.cudnn.enabled = False

As you anticipated, export on GPU succeeded when disabling cuDNN. This strongly indicates that the issue is indeed related to certain cuDNN-optimized fused kernels, likely being incorrectly traced during export when fake tensors are used.

For completeness, my environment reports the following cuDNN version:

torch.backends.cudnn.version() == 90100

This further supports the hypothesis that some low-level dispatch or fusion within cuDNN is not being properly marked as opaque or guarded during export tracing?

Additionally, I’d like to report that the same issue also occurs when using nn.RNN instead of nn.LSTM. Specifically, like:

self.rnn = nn.RNN(input_size, hidden_size, num_layers, batch_first=True)

This confirms that the problem is not limited to LSTM, but more broadly affects cuDNN-backed recurrent layers, including nn.RNN. Disabling torch.backends.cudnn.enabled continues to serve as a valid workaround in both cases.","Thank you for the insightful and detailed analysis. I tested the suggestion to disable cuDNN by setting `torch.backends.cudnn.enabled = False`, and the export on GPU succeeded. This confirms that the issue is related to cuDNN-optimized fused kernels, likely due to incorrect tracing with fake tensors. My environment reports cuDNN version 90100, which aligns with the hypothesis that some low-level dispatch or fusion within cuDNN is not properly marked as opaque during export tracing. Additionally, the same issue occurs with nn.RNN, suggesting that the problem is not limited to LSTM.",Known Unknown,pytorch_pytorch,issue,155309,Known,2,1,"Thank you for the insightful and detailed analysis. I tested the suggestion to disable cuDNN by setting `torch.backends.cudnn.enabled = False`, and the export on GPU succeeded. This confirms that the issue is related to cuDNN-optimized fused kernels, likely due to incorrect tracing with fake tensors. My environment reports cuDNN version 90100, which aligns with the hypothesis that some low-level dispatch or fusion within cuDNN is not properly marked as opaque during export tracing. Additionally, the same issue occurs with nn.RNN, suggesting that the problem is not limited to LSTM."
214,pytorch_pytorch,issue,155309,"Thank you so much for the detailed and insightful analysis.

I followed your suggestion and tested with:

torch.backends.cudnn.enabled = False

As you anticipated, export on GPU succeeded when disabling cuDNN. This strongly indicates that the issue is indeed related to certain cuDNN-optimized fused kernels, likely being incorrectly traced during export when fake tensors are used.

For completeness, my environment reports the following cuDNN version:

torch.backends.cudnn.version() == 90100

This further supports the hypothesis that some low-level dispatch or fusion within cuDNN is not being properly marked as opaque or guarded during export tracing?

Additionally, I’d like to report that the same issue also occurs when using nn.RNN instead of nn.LSTM. Specifically, like:

self.rnn = nn.RNN(input_size, hidden_size, num_layers, batch_first=True)

This confirms that the problem is not limited to LSTM, but more broadly affects cuDNN-backed recurrent layers, including nn.RNN. Disabling torch.backends.cudnn.enabled continues to serve as a valid workaround in both cases.","I'm grateful for the detailed and insightful analysis. Following your advice, I disabled cuDNN by setting `torch.backends.cudnn.enabled = False`, and the export on GPU worked as expected. This indicates that the issue is indeed related to cuDNN-optimized fused kernels, possibly due to incorrect tracing with fake tensors. My environment uses cuDNN version 90100, which supports the hypothesis. I also found that the same issue affects nn.RNN, confirming that the problem is broader and impacts cuDNN-backed recurrent layers.",Known Unknown,pytorch_pytorch,issue,155309,Known,2,1,"I'm grateful for the detailed and insightful analysis. Following your advice, I disabled cuDNN by setting `torch.backends.cudnn.enabled = False`, and the export on GPU worked as expected. This indicates that the issue is indeed related to cuDNN-optimized fused kernels, possibly due to incorrect tracing with fake tensors. My environment uses cuDNN version 90100, which supports the hypothesis. I also found that the same issue affects nn.RNN, confirming that the problem is broader and impacts cuDNN-backed recurrent layers."
215,pytorch_pytorch,issue,155309,"Thank you so much for the detailed and insightful analysis.

I followed your suggestion and tested with:

torch.backends.cudnn.enabled = False

As you anticipated, export on GPU succeeded when disabling cuDNN. This strongly indicates that the issue is indeed related to certain cuDNN-optimized fused kernels, likely being incorrectly traced during export when fake tensors are used.

For completeness, my environment reports the following cuDNN version:

torch.backends.cudnn.version() == 90100

This further supports the hypothesis that some low-level dispatch or fusion within cuDNN is not being properly marked as opaque or guarded during export tracing?

Additionally, I’d like to report that the same issue also occurs when using nn.RNN instead of nn.LSTM. Specifically, like:

self.rnn = nn.RNN(input_size, hidden_size, num_layers, batch_first=True)

This confirms that the problem is not limited to LSTM, but more broadly affects cuDNN-backed recurrent layers, including nn.RNN. Disabling torch.backends.cudnn.enabled continues to serve as a valid workaround in both cases.","Thank you for the thorough and insightful analysis. I followed your suggestion to disable cuDNN by setting `torch.backends.cudnn.enabled = False`, and the export on GPU succeeded. This strongly suggests that the issue is related to cuDNN-optimized fused kernels, likely due to incorrect tracing with fake tensors. My environment reports cuDNN version 90100, which further supports this hypothesis. Additionally, the same issue occurs with nn.RNN, indicating that the problem is not limited to LSTM but affects cuDNN-backed recurrent layers in general.",Known Unknown,pytorch_pytorch,issue,155309,Known,2,1,"Thank you for the thorough and insightful analysis. I followed your suggestion to disable cuDNN by setting `torch.backends.cudnn.enabled = False`, and the export on GPU succeeded. This strongly suggests that the issue is related to cuDNN-optimized fused kernels, likely due to incorrect tracing with fake tensors. My environment reports cuDNN version 90100, which further supports this hypothesis. Additionally, the same issue occurs with nn.RNN, indicating that the problem is not limited to LSTM but affects cuDNN-backed recurrent layers in general."
216,pytorch_pytorch,issue,155309,"Thank you so much for the detailed and insightful analysis.

I followed your suggestion and tested with:

torch.backends.cudnn.enabled = False

As you anticipated, export on GPU succeeded when disabling cuDNN. This strongly indicates that the issue is indeed related to certain cuDNN-optimized fused kernels, likely being incorrectly traced during export when fake tensors are used.

For completeness, my environment reports the following cuDNN version:

torch.backends.cudnn.version() == 90100

This further supports the hypothesis that some low-level dispatch or fusion within cuDNN is not being properly marked as opaque or guarded during export tracing?

Additionally, I’d like to report that the same issue also occurs when using nn.RNN instead of nn.LSTM. Specifically, like:

self.rnn = nn.RNN(input_size, hidden_size, num_layers, batch_first=True)

This confirms that the problem is not limited to LSTM, but more broadly affects cuDNN-backed recurrent layers, including nn.RNN. Disabling torch.backends.cudnn.enabled continues to serve as a valid workaround in both cases.","I appreciate the detailed and insightful analysis. I tested the suggestion to disable cuDNN by setting `torch.backends.cudnn.enabled = False`, and the export on GPU succeeded. This confirms that the issue is related to cuDNN-optimized fused kernels, possibly due to incorrect tracing with fake tensors. My environment uses cuDNN version 90100, which aligns with the hypothesis. I also confirmed that the same issue affects nn.RNN, suggesting that the problem is broader and impacts cuDNN-backed recurrent layers.",Known Unknown,pytorch_pytorch,issue,155309,Known,2,1,"I appreciate the detailed and insightful analysis. I tested the suggestion to disable cuDNN by setting `torch.backends.cudnn.enabled = False`, and the export on GPU succeeded. This confirms that the issue is related to cuDNN-optimized fused kernels, possibly due to incorrect tracing with fake tensors. My environment uses cuDNN version 90100, which aligns with the hypothesis. I also confirmed that the same issue affects nn.RNN, suggesting that the problem is broader and impacts cuDNN-backed recurrent layers."
217,pytorch_pytorch,issue,155309,"Thank you so much for the detailed and insightful analysis.

I followed your suggestion and tested with:

torch.backends.cudnn.enabled = False

As you anticipated, export on GPU succeeded when disabling cuDNN. This strongly indicates that the issue is indeed related to certain cuDNN-optimized fused kernels, likely being incorrectly traced during export when fake tensors are used.

For completeness, my environment reports the following cuDNN version:

torch.backends.cudnn.version() == 90100

This further supports the hypothesis that some low-level dispatch or fusion within cuDNN is not being properly marked as opaque or guarded during export tracing?

Additionally, I’d like to report that the same issue also occurs when using nn.RNN instead of nn.LSTM. Specifically, like:

self.rnn = nn.RNN(input_size, hidden_size, num_layers, batch_first=True)

This confirms that the problem is not limited to LSTM, but more broadly affects cuDNN-backed recurrent layers, including nn.RNN. Disabling torch.backends.cudnn.enabled continues to serve as a valid workaround in both cases.","Thank you for the insightful and detailed analysis. I followed your advice and disabled cuDNN by setting `torch.backends.cudnn.enabled = False`, and the export on GPU worked as expected. This indicates that the issue is related to cuDNN-optimized fused kernels, likely due to incorrect tracing with fake tensors. My environment reports cuDNN version 90100, which supports the hypothesis. Additionally, the same issue occurs with nn.RNN, confirming that the problem is not limited to LSTM but affects cuDNN-backed recurrent layers in general.",Known Unknown,pytorch_pytorch,issue,155309,Known,2,1,"Thank you for the insightful and detailed analysis. I followed your advice and disabled cuDNN by setting `torch.backends.cudnn.enabled = False`, and the export on GPU worked as expected. This indicates that the issue is related to cuDNN-optimized fused kernels, likely due to incorrect tracing with fake tensors. My environment reports cuDNN version 90100, which supports the hypothesis. Additionally, the same issue occurs with nn.RNN, confirming that the problem is not limited to LSTM but affects cuDNN-backed recurrent layers in general."
218,pytorch_pytorch,issue,155309,"Thank you so much for the detailed and insightful analysis.

I followed your suggestion and tested with:

torch.backends.cudnn.enabled = False

As you anticipated, export on GPU succeeded when disabling cuDNN. This strongly indicates that the issue is indeed related to certain cuDNN-optimized fused kernels, likely being incorrectly traced during export when fake tensors are used.

For completeness, my environment reports the following cuDNN version:

torch.backends.cudnn.version() == 90100

This further supports the hypothesis that some low-level dispatch or fusion within cuDNN is not being properly marked as opaque or guarded during export tracing?

Additionally, I’d like to report that the same issue also occurs when using nn.RNN instead of nn.LSTM. Specifically, like:

self.rnn = nn.RNN(input_size, hidden_size, num_layers, batch_first=True)

This confirms that the problem is not limited to LSTM, but more broadly affects cuDNN-backed recurrent layers, including nn.RNN. Disabling torch.backends.cudnn.enabled continues to serve as a valid workaround in both cases.","I'm grateful for the thorough and insightful analysis. I tested the suggestion to disable cuDNN by setting `torch.backends.cudnn.enabled = False`, and the export on GPU succeeded. This confirms that the issue is related to cuDNN-optimized fused kernels, possibly due to incorrect tracing with fake tensors. My environment uses cuDNN version 90100, which aligns with the hypothesis. I also found that the same issue affects nn.RNN, indicating that the problem is broader and impacts cuDNN-backed recurrent layers.",Known Unknown,pytorch_pytorch,issue,155309,Known,2,1,"I'm grateful for the thorough and insightful analysis. I tested the suggestion to disable cuDNN by setting `torch.backends.cudnn.enabled = False`, and the export on GPU succeeded. This confirms that the issue is related to cuDNN-optimized fused kernels, possibly due to incorrect tracing with fake tensors. My environment uses cuDNN version 90100, which aligns with the hypothesis. I also found that the same issue affects nn.RNN, indicating that the problem is broader and impacts cuDNN-backed recurrent layers."
219,pytorch_pytorch,issue,155309,"Thank you so much for the detailed and insightful analysis.

I followed your suggestion and tested with:

torch.backends.cudnn.enabled = False

As you anticipated, export on GPU succeeded when disabling cuDNN. This strongly indicates that the issue is indeed related to certain cuDNN-optimized fused kernels, likely being incorrectly traced during export when fake tensors are used.

For completeness, my environment reports the following cuDNN version:

torch.backends.cudnn.version() == 90100

This further supports the hypothesis that some low-level dispatch or fusion within cuDNN is not being properly marked as opaque or guarded during export tracing?

Additionally, I’d like to report that the same issue also occurs when using nn.RNN instead of nn.LSTM. Specifically, like:

self.rnn = nn.RNN(input_size, hidden_size, num_layers, batch_first=True)

This confirms that the problem is not limited to LSTM, but more broadly affects cuDNN-backed recurrent layers, including nn.RNN. Disabling torch.backends.cudnn.enabled continues to serve as a valid workaround in both cases.","Thank you for the detailed and insightful analysis. I followed your advice and disabled cuDNN by setting `torch.backends.cudnn.enabled = False`, and the export on GPU succeeded. This strongly suggests that the issue is related to cuDNN-optimized fused kernels, likely due to incorrect tracing with fake tensors. My environment reports cuDNN version 90100, which supports the hypothesis. Additionally, the same issue occurs with nn.RNN, confirming that the problem is not limited to LSTM but affects cuDNN-backed recurrent layers in general.",Known Unknown,pytorch_pytorch,issue,155309,Known,2,1,"Thank you for the detailed and insightful analysis. I followed your advice and disabled cuDNN by setting `torch.backends.cudnn.enabled = False`, and the export on GPU succeeded. This strongly suggests that the issue is related to cuDNN-optimized fused kernels, likely due to incorrect tracing with fake tensors. My environment reports cuDNN version 90100, which supports the hypothesis. Additionally, the same issue occurs with nn.RNN, confirming that the problem is not limited to LSTM but affects cuDNN-backed recurrent layers in general."
220,pytorch_pytorch,issue,155309,It is due to this line which is not PT2 compatible: ,"The issue stems from this line of code, which is not compatible with PyTorch 2.0.",Knowledge,pytorch_pytorch,issue,155309,Knowledge,0,0,"The issue stems from this line of code, which is not compatible with PyTorch 2.0."
221,pytorch_pytorch,issue,155309,It is due to this line which is not PT2 compatible: ,This specific line is causing the problem because it is not PT2 compliant.,Knowledge,pytorch_pytorch,issue,155309,Knowledge,0,0,This specific line is causing the problem because it is not PT2 compliant.
222,pytorch_pytorch,issue,155309,It is due to this line which is not PT2 compatible: ,"The incompatibility is due to this particular line, which does not work with PyTorch 2.0.",Knowledge,pytorch_pytorch,issue,155309,Knowledge,0,0,"The incompatibility is due to this particular line, which does not work with PyTorch 2.0."
223,pytorch_pytorch,issue,155309,It is due to this line which is not PT2 compatible: ,"The problem arises from this line, which is not compatible with the latest version of PyTorch.",Knowledge,pytorch_pytorch,issue,155309,Knowledge,0,0,"The problem arises from this line, which is not compatible with the latest version of PyTorch."
224,pytorch_pytorch,issue,155309,It is due to this line which is not PT2 compatible: ,"This line of code is the root cause of the issue, as it is not PT2 compatible.",Knowledge,pytorch_pytorch,issue,155309,Knowledge,0,0,"This line of code is the root cause of the issue, as it is not PT2 compatible."
225,pytorch_pytorch,issue,155309,It is due to this line which is not PT2 compatible: ,"The error is caused by this line, which is not supported in PyTorch 2.0.",Knowledge,pytorch_pytorch,issue,155309,Knowledge,0,0,"The error is caused by this line, which is not supported in PyTorch 2.0."
226,pytorch_pytorch,issue,155309,It is due to this line which is not PT2 compatible: ,"The issue is a result of this line, which is not compatible with the new PyTorch 2.0 release.",Knowledge,pytorch_pytorch,issue,155309,Knowledge,0,0,"The issue is a result of this line, which is not compatible with the new PyTorch 2.0 release."
227,pytorch_pytorch,issue,155309,It is due to this line which is not PT2 compatible: ,"This line is the source of the problem, as it is not compatible with PyTorch 2.0.",Knowledge,pytorch_pytorch,issue,155309,Knowledge,0,0,"This line is the source of the problem, as it is not compatible with PyTorch 2.0."
228,pytorch_pytorch,issue,155309,It is due to this line which is not PT2 compatible: ,"The incompatibility is due to this specific line, which does not conform to PyTorch 2.0 standards.",Knowledge,pytorch_pytorch,issue,155309,Knowledge,0,0,"The incompatibility is due to this specific line, which does not conform to PyTorch 2.0 standards."
229,pytorch_pytorch,issue,155309,It is due to this line which is not PT2 compatible: ,"The problem is caused by this line, which is not PT2 compliant and needs to be updated.",Knowledge,pytorch_pytorch,issue,155309,Knowledge,0,0,"The problem is caused by this line, which is not PT2 compliant and needs to be updated."
230,pytorch_pytorch,issue,155309,I think we need a better way to detect aliasing here.,I believe we should improve our method for detecting aliasing in this part of the code.,Known Unknown,pytorch_pytorch,issue,155309,Known,2,1,I believe we should improve our method for detecting aliasing in this part of the code.
231,pytorch_pytorch,issue,155309,I think we need a better way to detect aliasing here.,It seems like we require a more robust approach to identify aliasing issues in this section.,Known Unknown,pytorch_pytorch,issue,155309,Known,2,1,It seems like we require a more robust approach to identify aliasing issues in this section.
232,pytorch_pytorch,issue,155309,I think we need a better way to detect aliasing here.,I'm concerned that our current method for detecting aliasing isn't sufficient and we need a better solution.,Known Unknown,pytorch_pytorch,issue,155309,Known,2,1,I'm concerned that our current method for detecting aliasing isn't sufficient and we need a better solution.
233,pytorch_pytorch,issue,155309,I think we need a better way to detect aliasing here.,I think our current aliasing detection technique is lacking and we should explore more effective alternatives.,Known Unknown,pytorch_pytorch,issue,155309,Known,2,1,I think our current aliasing detection technique is lacking and we should explore more effective alternatives.
234,pytorch_pytorch,issue,155309,I think we need a better way to detect aliasing here.,We might need a more sophisticated way to detect aliasing in this specific area of the code.,Known Unknown,pytorch_pytorch,issue,155309,Known,2,1,We might need a more sophisticated way to detect aliasing in this specific area of the code.
235,pytorch_pytorch,issue,155309,I think we need a better way to detect aliasing here.,I feel that our current aliasing detection mechanism is not reliable enough and should be enhanced.,Known Unknown,pytorch_pytorch,issue,155309,Known,2,1,I feel that our current aliasing detection mechanism is not reliable enough and should be enhanced.
236,pytorch_pytorch,issue,155309,I think we need a better way to detect aliasing here.,"I suspect that our aliasing detection needs to be more accurate, and we should consider implementing a better method.",Known Unknown,pytorch_pytorch,issue,155309,Known,2,1,"I suspect that our aliasing detection needs to be more accurate, and we should consider implementing a better method."
237,pytorch_pytorch,issue,155309,I think we need a better way to detect aliasing here.,"I think the current approach to detecting aliasing is inadequate, and we should look into more advanced techniques.",Known Unknown,pytorch_pytorch,issue,155309,Known,2,1,"I think the current approach to detecting aliasing is inadequate, and we should look into more advanced techniques."
238,pytorch_pytorch,issue,155309,I think we need a better way to detect aliasing here.,I believe our aliasing detection could be improved to ensure more accurate results in this part of the code.,Known Unknown,pytorch_pytorch,issue,155309,Known,2,1,I believe our aliasing detection could be improved to ensure more accurate results in this part of the code.
239,pytorch_pytorch,issue,155309,I think we need a better way to detect aliasing here.,I think we should investigate and implement a more reliable method for detecting aliasing in this context.,Known Unknown,pytorch_pytorch,issue,155309,Known,2,1,I think we should investigate and implement a more reliable method for detecting aliasing in this context.
240,pytorch_pytorch,pull,155734,"torch.export.export() uses fake tensors during graph tracing, which don't have actual memory storage. The RNN module's flatten_parameters() method was calling p.data_ptr() for aliasing detection, causing ""Cannot access data pointer of Tensor"" errors on GPU.","The torch.export.export() function uses fake tensors for graph tracing, which lack actual memory storage. This causes issues when the RNN module's flatten_parameters() method tries to access the data pointer using p.data_ptr(), leading to 'Cannot access data pointer of Tensor' errors on GPU.",Knowledge,pytorch_pytorch,pull,155734,Knowledge,0,0,"The torch.export.export() function uses fake tensors for graph tracing, which lack actual memory storage. This causes issues when the RNN module's flatten_parameters() method tries to access the data pointer using p.data_ptr(), leading to 'Cannot access data pointer of Tensor' errors on GPU."
241,pytorch_pytorch,pull,155734,"torch.export.export() uses fake tensors during graph tracing, which don't have actual memory storage. The RNN module's flatten_parameters() method was calling p.data_ptr() for aliasing detection, causing ""Cannot access data pointer of Tensor"" errors on GPU.","When using torch.export.export(), the graph tracing process employs fake tensors that don't have real memory storage. This results in 'Cannot access data pointer of Tensor' errors on the GPU when the RNN module's flatten_parameters() method attempts to call p.data_ptr() for aliasing detection.",Knowledge,pytorch_pytorch,pull,155734,Knowledge,0,0,"When using torch.export.export(), the graph tracing process employs fake tensors that don't have real memory storage. This results in 'Cannot access data pointer of Tensor' errors on the GPU when the RNN module's flatten_parameters() method attempts to call p.data_ptr() for aliasing detection."
242,pytorch_pytorch,pull,155734,"torch.export.export() uses fake tensors during graph tracing, which don't have actual memory storage. The RNN module's flatten_parameters() method was calling p.data_ptr() for aliasing detection, causing ""Cannot access data pointer of Tensor"" errors on GPU.","I noticed that torch.export.export() uses fake tensors for tracing, which don't have actual memory. This leads to 'Cannot access data pointer of Tensor' errors on the GPU when the RNN module's flatten_parameters() method tries to access the data pointer with p.data_ptr().",Knowledge,pytorch_pytorch,pull,155734,Knowledge,0,0,"I noticed that torch.export.export() uses fake tensors for tracing, which don't have actual memory. This leads to 'Cannot access data pointer of Tensor' errors on the GPU when the RNN module's flatten_parameters() method tries to access the data pointer with p.data_ptr()."
243,pytorch_pytorch,pull,155734,"torch.export.export() uses fake tensors during graph tracing, which don't have actual memory storage. The RNN module's flatten_parameters() method was calling p.data_ptr() for aliasing detection, causing ""Cannot access data pointer of Tensor"" errors on GPU.","The RNN module's flatten_parameters() method calls p.data_ptr() to detect aliasing, but this fails with 'Cannot access data pointer of Tensor' errors on the GPU when torch.export.export() uses fake tensors for graph tracing.",Knowledge,pytorch_pytorch,pull,155734,Knowledge,0,0,"The RNN module's flatten_parameters() method calls p.data_ptr() to detect aliasing, but this fails with 'Cannot access data pointer of Tensor' errors on the GPU when torch.export.export() uses fake tensors for graph tracing."
244,pytorch_pytorch,pull,155734,"torch.export.export() uses fake tensors during graph tracing, which don't have actual memory storage. The RNN module's flatten_parameters() method was calling p.data_ptr() for aliasing detection, causing ""Cannot access data pointer of Tensor"" errors on GPU.","During graph tracing with torch.export.export(), fake tensors are used, which don't have actual memory storage. This causes the RNN module's flatten_parameters() method to throw 'Cannot access data pointer of Tensor' errors on the GPU when it tries to access the data pointer with p.data_ptr().",Knowledge,pytorch_pytorch,pull,155734,Knowledge,0,0,"During graph tracing with torch.export.export(), fake tensors are used, which don't have actual memory storage. This causes the RNN module's flatten_parameters() method to throw 'Cannot access data pointer of Tensor' errors on the GPU when it tries to access the data pointer with p.data_ptr()."
245,pytorch_pytorch,pull,155734,"torch.export.export() uses fake tensors during graph tracing, which don't have actual memory storage. The RNN module's flatten_parameters() method was calling p.data_ptr() for aliasing detection, causing ""Cannot access data pointer of Tensor"" errors on GPU.","I encountered 'Cannot access data pointer of Tensor' errors on the GPU when using torch.export.export() because the fake tensors used for graph tracing don't have actual memory storage. The RNN module's flatten_parameters() method calls p.data_ptr() for aliasing detection, which fails in this context.",Knowledge,pytorch_pytorch,pull,155734,Knowledge,0,0,"I encountered 'Cannot access data pointer of Tensor' errors on the GPU when using torch.export.export() because the fake tensors used for graph tracing don't have actual memory storage. The RNN module's flatten_parameters() method calls p.data_ptr() for aliasing detection, which fails in this context."
246,pytorch_pytorch,pull,155734,"torch.export.export() uses fake tensors during graph tracing, which don't have actual memory storage. The RNN module's flatten_parameters() method was calling p.data_ptr() for aliasing detection, causing ""Cannot access data pointer of Tensor"" errors on GPU.","The RNN module's flatten_parameters() method fails with 'Cannot access data pointer of Tensor' errors on the GPU when torch.export.export() uses fake tensors for graph tracing, as these tensors don't have actual memory storage.",Knowledge,pytorch_pytorch,pull,155734,Knowledge,0,0,"The RNN module's flatten_parameters() method fails with 'Cannot access data pointer of Tensor' errors on the GPU when torch.export.export() uses fake tensors for graph tracing, as these tensors don't have actual memory storage."
247,pytorch_pytorch,pull,155734,"torch.export.export() uses fake tensors during graph tracing, which don't have actual memory storage. The RNN module's flatten_parameters() method was calling p.data_ptr() for aliasing detection, causing ""Cannot access data pointer of Tensor"" errors on GPU.","When tracing a graph with torch.export.export(), the fake tensors used don't have actual memory storage, leading to 'Cannot access data pointer of Tensor' errors on the GPU when the RNN module's flatten_parameters() method calls p.data_ptr().",Knowledge,pytorch_pytorch,pull,155734,Knowledge,0,0,"When tracing a graph with torch.export.export(), the fake tensors used don't have actual memory storage, leading to 'Cannot access data pointer of Tensor' errors on the GPU when the RNN module's flatten_parameters() method calls p.data_ptr()."
248,pytorch_pytorch,pull,155734,"torch.export.export() uses fake tensors during graph tracing, which don't have actual memory storage. The RNN module's flatten_parameters() method was calling p.data_ptr() for aliasing detection, causing ""Cannot access data pointer of Tensor"" errors on GPU.","I'm seeing 'Cannot access data pointer of Tensor' errors on the GPU when the RNN module's flatten_parameters() method tries to access the data pointer with p.data_ptr() during graph tracing with torch.export.export(), which uses fake tensors without actual memory storage.",Knowledge,pytorch_pytorch,pull,155734,Knowledge,0,0,"I'm seeing 'Cannot access data pointer of Tensor' errors on the GPU when the RNN module's flatten_parameters() method tries to access the data pointer with p.data_ptr() during graph tracing with torch.export.export(), which uses fake tensors without actual memory storage."
249,pytorch_pytorch,pull,155734,"torch.export.export() uses fake tensors during graph tracing, which don't have actual memory storage. The RNN module's flatten_parameters() method was calling p.data_ptr() for aliasing detection, causing ""Cannot access data pointer of Tensor"" errors on GPU.","The use of fake tensors in torch.export.export() for graph tracing, which don't have actual memory storage, results in 'Cannot access data pointer of Tensor' errors on the GPU when the RNN module's flatten_parameters() method calls p.data_ptr() for aliasing detection.",Knowledge,pytorch_pytorch,pull,155734,Knowledge,0,0,"The use of fake tensors in torch.export.export() for graph tracing, which don't have actual memory storage, results in 'Cannot access data pointer of Tensor' errors on the GPU when the RNN module's flatten_parameters() method calls p.data_ptr() for aliasing detection."
250,pytorch_pytorch,issue,155218,"I'm wondering if there is a difference in the cuDNN version here, what does torch.backends.cudnn.version() show in your setup?",I'm curious if the cuDNN version might be causing the issue. Could you check what `torch.backends.cudnn.version()` returns in your environment?,Known Unknown,pytorch_pytorch,issue,155218,Known,2,1,I'm curious if the cuDNN version might be causing the issue. Could you check what `torch.backends.cudnn.version()` returns in your environment?
251,pytorch_pytorch,issue,155218,"I'm wondering if there is a difference in the cuDNN version here, what does torch.backends.cudnn.version() show in your setup?",I'm not sure if the cuDNN version is the same on your system. Can you run `torch.backends.cudnn.version()` and let me know the result?,Known Unknown,pytorch_pytorch,issue,155218,Known,2,1,I'm not sure if the cuDNN version is the same on your system. Can you run `torch.backends.cudnn.version()` and let me know the result?
252,pytorch_pytorch,issue,155218,"I'm wondering if there is a difference in the cuDNN version here, what does torch.backends.cudnn.version() show in your setup?",I'm trying to figure out if the cuDNN version could be the source of the problem. What does `torch.backends.cudnn.version()` return for you?,Known Unknown,pytorch_pytorch,issue,155218,Known,2,1,I'm trying to figure out if the cuDNN version could be the source of the problem. What does `torch.backends.cudnn.version()` return for you?
253,pytorch_pytorch,issue,155218,"I'm wondering if there is a difference in the cuDNN version here, what does torch.backends.cudnn.version() show in your setup?",I'm wondering if the cuDNN version might be different in your setup. Could you verify by running `torch.backends.cudnn.version()`?,Known Unknown,pytorch_pytorch,issue,155218,Known,2,1,I'm wondering if the cuDNN version might be different in your setup. Could you verify by running `torch.backends.cudnn.version()`?
254,pytorch_pytorch,issue,155218,"I'm wondering if there is a difference in the cuDNN version here, what does torch.backends.cudnn.version() show in your setup?",I'm unsure if the cuDNN version is consistent between our setups. Could you check the version using `torch.backends.cudnn.version()`?,Known Unknown,pytorch_pytorch,issue,155218,Known,2,1,I'm unsure if the cuDNN version is consistent between our setups. Could you check the version using `torch.backends.cudnn.version()`?
255,pytorch_pytorch,issue,155218,"I'm wondering if there is a difference in the cuDNN version here, what does torch.backends.cudnn.version() show in your setup?",I'm investigating if the cuDNN version could be causing the discrepancy. What does `torch.backends.cudnn.version()` show on your end?,Known Unknown,pytorch_pytorch,issue,155218,Known,2,1,I'm investigating if the cuDNN version could be causing the discrepancy. What does `torch.backends.cudnn.version()` show on your end?
256,pytorch_pytorch,issue,155218,"I'm wondering if there is a difference in the cuDNN version here, what does torch.backends.cudnn.version() show in your setup?",I'm considering if the cuDNN version might be a factor. Could you run `torch.backends.cudnn.version()` and share the output?,Known Unknown,pytorch_pytorch,issue,155218,Known,2,1,I'm considering if the cuDNN version might be a factor. Could you run `torch.backends.cudnn.version()` and share the output?
257,pytorch_pytorch,issue,155218,"I'm wondering if there is a difference in the cuDNN version here, what does torch.backends.cudnn.version() show in your setup?",I'm exploring if the cuDNN version is the same in your environment. What does `torch.backends.cudnn.version()` return for you?,Known Unknown,pytorch_pytorch,issue,155218,Known,2,1,I'm exploring if the cuDNN version is the same in your environment. What does `torch.backends.cudnn.version()` return for you?
258,pytorch_pytorch,issue,155218,"I'm wondering if there is a difference in the cuDNN version here, what does torch.backends.cudnn.version() show in your setup?",I'm checking if the cuDNN version could be the issue. Could you run `torch.backends.cudnn.version()` and tell me the result?,Known Unknown,pytorch_pytorch,issue,155218,Known,2,1,I'm checking if the cuDNN version could be the issue. Could you run `torch.backends.cudnn.version()` and tell me the result?
259,pytorch_pytorch,issue,154721,"torch.export.export seems to produce invalid code for Tensor.split when used with meta device.

I am not sure if this is something that needs to be fixed, but here is the report anyway.","I noticed that torch.export.export generates incorrect code when using Tensor.split with the meta device. I'm unsure if this is a known issue or if it needs to be addressed, but I wanted to report it just in case.",Known Unknown,pytorch_pytorch,issue,154721,Irrelevant,2,1,"I noticed that torch.export.export generates incorrect code when using Tensor.split with the meta device. I'm unsure if this is a known issue or if it needs to be addressed, but I wanted to report it just in case."
260,pytorch_pytorch,issue,154721,"torch.export.export seems to produce invalid code for Tensor.split when used with meta device.

I am not sure if this is something that needs to be fixed, but here is the report anyway.","When I use torch.export.export with Tensor.split and the meta device, the generated code appears to be invalid. I'm not certain if this is a bug or if there's a specific reason for this behavior, but I thought it was worth mentioning.",Known Unknown,pytorch_pytorch,issue,154721,Irrelevant,2,1,"When I use torch.export.export with Tensor.split and the meta device, the generated code appears to be invalid. I'm not certain if this is a bug or if there's a specific reason for this behavior, but I thought it was worth mentioning."
261,pytorch_pytorch,issue,154721,"torch.export.export seems to produce invalid code for Tensor.split when used with meta device.

I am not sure if this is something that needs to be fixed, but here is the report anyway.","I encountered an issue where torch.export.export produces invalid code when Tensor.split is used with the meta device. I'm not sure if this is a bug or if there's a workaround, but I wanted to document it for further investigation.",Known Unknown,pytorch_pytorch,issue,154721,Irrelevant,2,1,"I encountered an issue where torch.export.export produces invalid code when Tensor.split is used with the meta device. I'm not sure if this is a bug or if there's a workaround, but I wanted to document it for further investigation."
262,pytorch_pytorch,issue,154721,"torch.export.export seems to produce invalid code for Tensor.split when used with meta device.

I am not sure if this is something that needs to be fixed, but here is the report anyway.","I'm seeing unexpected behavior with torch.export.export when using Tensor.split on the meta device. The generated code seems to be incorrect, but I'm not sure if this is a known limitation or if it needs to be fixed. I'm reporting it just in case.",Known Unknown,pytorch_pytorch,issue,154721,Irrelevant,2,1,"I'm seeing unexpected behavior with torch.export.export when using Tensor.split on the meta device. The generated code seems to be incorrect, but I'm not sure if this is a known limitation or if it needs to be fixed. I'm reporting it just in case."
263,pytorch_pytorch,issue,154721,"torch.export.export seems to produce invalid code for Tensor.split when used with meta device.

I am not sure if this is something that needs to be fixed, but here is the report anyway.","I ran into a problem where torch.export.export doesn't handle Tensor.split correctly when the meta device is involved. The resulting code is invalid, and I'm not sure if this is a bug or if there's a specific reason for this. I wanted to report it for further review.",Known Unknown,pytorch_pytorch,issue,154721,Irrelevant,2,1,"I ran into a problem where torch.export.export doesn't handle Tensor.split correctly when the meta device is involved. The resulting code is invalid, and I'm not sure if this is a bug or if there's a specific reason for this. I wanted to report it for further review."
264,pytorch_pytorch,issue,154721,"torch.export.export seems to produce invalid code for Tensor.split when used with meta device.

I am not sure if this is something that needs to be fixed, but here is the report anyway.","I've noticed that torch.export.export generates invalid code when Tensor.split is used with the meta device. I'm not sure if this is a bug or if it's expected behavior, but I thought it was worth reporting.",Known Unknown,pytorch_pytorch,issue,154721,Irrelevant,2,1,"I've noticed that torch.export.export generates invalid code when Tensor.split is used with the meta device. I'm not sure if this is a bug or if it's expected behavior, but I thought it was worth reporting."
265,pytorch_pytorch,issue,154721,"torch.export.export seems to produce invalid code for Tensor.split when used with meta device.

I am not sure if this is something that needs to be fixed, but here is the report anyway.","I'm not sure if this is a bug, but torch.export.export seems to produce invalid code when Tensor.split is used with the meta device. I wanted to report it in case it needs to be fixed.",Known Unknown,pytorch_pytorch,issue,154721,Irrelevant,2,1,"I'm not sure if this is a bug, but torch.export.export seems to produce invalid code when Tensor.split is used with the meta device. I wanted to report it in case it needs to be fixed."
266,pytorch_pytorch,issue,154721,"torch.export.export seems to produce invalid code for Tensor.split when used with meta device.

I am not sure if this is something that needs to be fixed, but here is the report anyway.","I encountered an issue where torch.export.export generates incorrect code for Tensor.split when the meta device is used. I'm unsure if this is a known issue or if it needs to be addressed, but I wanted to document it.",Known Unknown,pytorch_pytorch,issue,154721,Irrelevant,2,1,"I encountered an issue where torch.export.export generates incorrect code for Tensor.split when the meta device is used. I'm unsure if this is a known issue or if it needs to be addressed, but I wanted to document it."
267,pytorch_pytorch,issue,154721,"torch.export.export seems to produce invalid code for Tensor.split when used with meta device.

I am not sure if this is something that needs to be fixed, but here is the report anyway.","I'm seeing that torch.export.export doesn't work correctly with Tensor.split on the meta device. The generated code is invalid, and I'm not sure if this is a bug or if there's a specific reason for this behavior. I wanted to report it for further investigation.",Known Unknown,pytorch_pytorch,issue,154721,Irrelevant,2,1,"I'm seeing that torch.export.export doesn't work correctly with Tensor.split on the meta device. The generated code is invalid, and I'm not sure if this is a bug or if there's a specific reason for this behavior. I wanted to report it for further investigation."
268,pytorch_pytorch,issue,154721,"torch.export.export seems to produce invalid code for Tensor.split when used with meta device.

I am not sure if this is something that needs to be fixed, but here is the report anyway.","I noticed that torch.export.export produces invalid code when using Tensor.split with the meta device. I'm not sure if this is a known issue or if it needs to be fixed, but I thought it was worth mentioning in case it's a bug.",Known Unknown,pytorch_pytorch,issue,154721,Irrelevant,2,1,"I noticed that torch.export.export produces invalid code when using Tensor.split with the meta device. I'm not sure if this is a known issue or if it needs to be fixed, but I thought it was worth mentioning in case it's a bug."
269,pytorch_pytorch,issue,154456,"I'm running torch.compile on a transformer-based model. When I run the compiled function, I don't get any recompiles for subsequent calls in the same script, for example:

m = torch.compile(self.transformer.forward, fullgraph=True, dynamic=True, mode=""max-autotune"", disable=False)
m(...)
m(...)

works fine, with no recompiles. But when I run the script again, the torch.compile warmup takes a reasonably long time (running twice each for batch sizes 1, 2, and 4) -- about 10 seconds per input batch size. I ran the script with TORCH_LOGS=+dynamo,+inductor,+recompiles,+aot, and it seems like most of the time is spent tracing the code and running shape solving, even though the model code is unchanged.

Files are written to the disk cache, and the disk cache does speed up compile times, but I'm not sure why it still takes so long to trace and run the shape solver when the model code is unchanged, are the traced graphs not cached?","I'm using torch.compile on a transformer model, and while the initial compilation works fine without recompiles in the same script, subsequent runs of the script take a long time to warm up. Despite the disk cache being used, the tracing and shape solving still take a significant amount of time, even though the model code hasn't changed. I'm not sure if the traced graphs are being cached effectively.",Known Unknown,pytorch_pytorch,issue,154456,Unknown,2,1,"I'm using torch.compile on a transformer model, and while the initial compilation works fine without recompiles in the same script, subsequent runs of the script take a long time to warm up. Despite the disk cache being used, the tracing and shape solving still take a significant amount of time, even though the model code hasn't changed. I'm not sure if the traced graphs are being cached effectively."
270,pytorch_pytorch,issue,154456,"I'm running torch.compile on a transformer-based model. When I run the compiled function, I don't get any recompiles for subsequent calls in the same script, for example:

m = torch.compile(self.transformer.forward, fullgraph=True, dynamic=True, mode=""max-autotune"", disable=False)
m(...)
m(...)

works fine, with no recompiles. But when I run the script again, the torch.compile warmup takes a reasonably long time (running twice each for batch sizes 1, 2, and 4) -- about 10 seconds per input batch size. I ran the script with TORCH_LOGS=+dynamo,+inductor,+recompiles,+aot, and it seems like most of the time is spent tracing the code and running shape solving, even though the model code is unchanged.

Files are written to the disk cache, and the disk cache does speed up compile times, but I'm not sure why it still takes so long to trace and run the shape solver when the model code is unchanged, are the traced graphs not cached?","I've noticed that when I use torch.compile on my transformer model, the first run of the script compiles the model without recompiles for subsequent calls. However, when I run the script again, the warmup time is quite long, primarily due to tracing and shape solving. The disk cache is being used, but I'm unsure why it still takes so long to trace the model, especially since the code hasn't changed.",Known Unknown,pytorch_pytorch,issue,154456,Unknown,2,1,"I've noticed that when I use torch.compile on my transformer model, the first run of the script compiles the model without recompiles for subsequent calls. However, when I run the script again, the warmup time is quite long, primarily due to tracing and shape solving. The disk cache is being used, but I'm unsure why it still takes so long to trace the model, especially since the code hasn't changed."
271,pytorch_pytorch,issue,154456,"I'm running torch.compile on a transformer-based model. When I run the compiled function, I don't get any recompiles for subsequent calls in the same script, for example:

m = torch.compile(self.transformer.forward, fullgraph=True, dynamic=True, mode=""max-autotune"", disable=False)
m(...)
m(...)

works fine, with no recompiles. But when I run the script again, the torch.compile warmup takes a reasonably long time (running twice each for batch sizes 1, 2, and 4) -- about 10 seconds per input batch size. I ran the script with TORCH_LOGS=+dynamo,+inductor,+recompiles,+aot, and it seems like most of the time is spent tracing the code and running shape solving, even though the model code is unchanged.

Files are written to the disk cache, and the disk cache does speed up compile times, but I'm not sure why it still takes so long to trace and run the shape solver when the model code is unchanged, are the traced graphs not cached?","I'm experiencing long warmup times when using torch.compile on a transformer model, even though the disk cache is being utilized. The initial run of the script compiles the model without recompiles, but subsequent runs take a considerable amount of time, mainly due to tracing and shape solving. I'm not sure if the traced graphs are being cached properly, given that the model code remains unchanged.",Known Unknown,pytorch_pytorch,issue,154456,Unknown,2,1,"I'm experiencing long warmup times when using torch.compile on a transformer model, even though the disk cache is being utilized. The initial run of the script compiles the model without recompiles, but subsequent runs take a considerable amount of time, mainly due to tracing and shape solving. I'm not sure if the traced graphs are being cached properly, given that the model code remains unchanged."
272,pytorch_pytorch,issue,154456,"I'm running torch.compile on a transformer-based model. When I run the compiled function, I don't get any recompiles for subsequent calls in the same script, for example:

m = torch.compile(self.transformer.forward, fullgraph=True, dynamic=True, mode=""max-autotune"", disable=False)
m(...)
m(...)

works fine, with no recompiles. But when I run the script again, the torch.compile warmup takes a reasonably long time (running twice each for batch sizes 1, 2, and 4) -- about 10 seconds per input batch size. I ran the script with TORCH_LOGS=+dynamo,+inductor,+recompiles,+aot, and it seems like most of the time is spent tracing the code and running shape solving, even though the model code is unchanged.

Files are written to the disk cache, and the disk cache does speed up compile times, but I'm not sure why it still takes so long to trace and run the shape solver when the model code is unchanged, are the traced graphs not cached?","I'm running torch.compile on a transformer model, and while the first run of the script compiles the model efficiently without recompiles, subsequent runs are slow due to the time spent on tracing and shape solving. The disk cache is being used, but I'm unsure why the traced graphs aren't being cached more effectively, especially since the model code hasn't changed.",Known Unknown,pytorch_pytorch,issue,154456,Unknown,2,1,"I'm running torch.compile on a transformer model, and while the first run of the script compiles the model efficiently without recompiles, subsequent runs are slow due to the time spent on tracing and shape solving. The disk cache is being used, but I'm unsure why the traced graphs aren't being cached more effectively, especially since the model code hasn't changed."
273,pytorch_pytorch,issue,154456,"I'm running torch.compile on a transformer-based model. When I run the compiled function, I don't get any recompiles for subsequent calls in the same script, for example:

m = torch.compile(self.transformer.forward, fullgraph=True, dynamic=True, mode=""max-autotune"", disable=False)
m(...)
m(...)

works fine, with no recompiles. But when I run the script again, the torch.compile warmup takes a reasonably long time (running twice each for batch sizes 1, 2, and 4) -- about 10 seconds per input batch size. I ran the script with TORCH_LOGS=+dynamo,+inductor,+recompiles,+aot, and it seems like most of the time is spent tracing the code and running shape solving, even though the model code is unchanged.

Files are written to the disk cache, and the disk cache does speed up compile times, but I'm not sure why it still takes so long to trace and run the shape solver when the model code is unchanged, are the traced graphs not cached?","I'm using torch.compile on a transformer model, and while the initial compilation works well without recompiles in the same script, subsequent runs of the script take a long time to warm up. The disk cache is being used, but the tracing and shape solving still take a significant amount of time, even though the model code is unchanged. I'm not sure if the traced graphs are being cached correctly.",Known Unknown,pytorch_pytorch,issue,154456,Unknown,2,1,"I'm using torch.compile on a transformer model, and while the initial compilation works well without recompiles in the same script, subsequent runs of the script take a long time to warm up. The disk cache is being used, but the tracing and shape solving still take a significant amount of time, even though the model code is unchanged. I'm not sure if the traced graphs are being cached correctly."
274,pytorch_pytorch,issue,154456,"I'm running torch.compile on a transformer-based model. When I run the compiled function, I don't get any recompiles for subsequent calls in the same script, for example:

m = torch.compile(self.transformer.forward, fullgraph=True, dynamic=True, mode=""max-autotune"", disable=False)
m(...)
m(...)

works fine, with no recompiles. But when I run the script again, the torch.compile warmup takes a reasonably long time (running twice each for batch sizes 1, 2, and 4) -- about 10 seconds per input batch size. I ran the script with TORCH_LOGS=+dynamo,+inductor,+recompiles,+aot, and it seems like most of the time is spent tracing the code and running shape solving, even though the model code is unchanged.

Files are written to the disk cache, and the disk cache does speed up compile times, but I'm not sure why it still takes so long to trace and run the shape solver when the model code is unchanged, are the traced graphs not cached?","I've observed that when I use torch.compile on my transformer model, the first run of the script compiles the model without recompiles for subsequent calls. However, when I run the script again, the warmup time is quite long, primarily due to tracing and shape solving. The disk cache is being used, but I'm unsure why it still takes so long to trace the model, especially since the code hasn't changed.",Known Unknown,pytorch_pytorch,issue,154456,Unknown,2,1,"I've observed that when I use torch.compile on my transformer model, the first run of the script compiles the model without recompiles for subsequent calls. However, when I run the script again, the warmup time is quite long, primarily due to tracing and shape solving. The disk cache is being used, but I'm unsure why it still takes so long to trace the model, especially since the code hasn't changed."
275,pytorch_pytorch,issue,154456,"I'm running torch.compile on a transformer-based model. When I run the compiled function, I don't get any recompiles for subsequent calls in the same script, for example:

m = torch.compile(self.transformer.forward, fullgraph=True, dynamic=True, mode=""max-autotune"", disable=False)
m(...)
m(...)

works fine, with no recompiles. But when I run the script again, the torch.compile warmup takes a reasonably long time (running twice each for batch sizes 1, 2, and 4) -- about 10 seconds per input batch size. I ran the script with TORCH_LOGS=+dynamo,+inductor,+recompiles,+aot, and it seems like most of the time is spent tracing the code and running shape solving, even though the model code is unchanged.

Files are written to the disk cache, and the disk cache does speed up compile times, but I'm not sure why it still takes so long to trace and run the shape solver when the model code is unchanged, are the traced graphs not cached?","I'm using torch.compile on a transformer model, and while the initial compilation works fine without recompiles in the same script, subsequent runs of the script take a long time to warm up. Despite the disk cache being used, the tracing and shape solving still take a significant amount of time, even though the model code hasn't changed. I'm not sure if the traced graphs are being cached effectively.",Known Unknown,pytorch_pytorch,issue,154456,Unknown,2,1,"I'm using torch.compile on a transformer model, and while the initial compilation works fine without recompiles in the same script, subsequent runs of the script take a long time to warm up. Despite the disk cache being used, the tracing and shape solving still take a significant amount of time, even though the model code hasn't changed. I'm not sure if the traced graphs are being cached effectively."
276,pytorch_pytorch,issue,154456,"I'm running torch.compile on a transformer-based model. When I run the compiled function, I don't get any recompiles for subsequent calls in the same script, for example:

m = torch.compile(self.transformer.forward, fullgraph=True, dynamic=True, mode=""max-autotune"", disable=False)
m(...)
m(...)

works fine, with no recompiles. But when I run the script again, the torch.compile warmup takes a reasonably long time (running twice each for batch sizes 1, 2, and 4) -- about 10 seconds per input batch size. I ran the script with TORCH_LOGS=+dynamo,+inductor,+recompiles,+aot, and it seems like most of the time is spent tracing the code and running shape solving, even though the model code is unchanged.

Files are written to the disk cache, and the disk cache does speed up compile times, but I'm not sure why it still takes so long to trace and run the shape solver when the model code is unchanged, are the traced graphs not cached?","I'm running torch.compile on a transformer model, and while the first run of the script compiles the model without recompiles, subsequent runs are slow due to the time spent on tracing and shape solving. The disk cache is being used, but I'm unsure why the traced graphs aren't being cached more effectively, especially since the model code remains unchanged.",Known Unknown,pytorch_pytorch,issue,154456,Unknown,2,1,"I'm running torch.compile on a transformer model, and while the first run of the script compiles the model without recompiles, subsequent runs are slow due to the time spent on tracing and shape solving. The disk cache is being used, but I'm unsure why the traced graphs aren't being cached more effectively, especially since the model code remains unchanged."
277,pytorch_pytorch,issue,154456,"I'm running torch.compile on a transformer-based model. When I run the compiled function, I don't get any recompiles for subsequent calls in the same script, for example:

m = torch.compile(self.transformer.forward, fullgraph=True, dynamic=True, mode=""max-autotune"", disable=False)
m(...)
m(...)

works fine, with no recompiles. But when I run the script again, the torch.compile warmup takes a reasonably long time (running twice each for batch sizes 1, 2, and 4) -- about 10 seconds per input batch size. I ran the script with TORCH_LOGS=+dynamo,+inductor,+recompiles,+aot, and it seems like most of the time is spent tracing the code and running shape solving, even though the model code is unchanged.

Files are written to the disk cache, and the disk cache does speed up compile times, but I'm not sure why it still takes so long to trace and run the shape solver when the model code is unchanged, are the traced graphs not cached?","I'm using torch.compile on a transformer model, and while the initial compilation works well without recompiles in the same script, subsequent runs of the script take a long time to warm up. The disk cache is being used, but the tracing and shape solving still take a significant amount of time, even though the model code hasn't changed. I'm not sure if the traced graphs are being cached correctly.",Known Unknown,pytorch_pytorch,issue,154456,Unknown,2,1,"I'm using torch.compile on a transformer model, and while the initial compilation works well without recompiles in the same script, subsequent runs of the script take a long time to warm up. The disk cache is being used, but the tracing and shape solving still take a significant amount of time, even though the model code hasn't changed. I'm not sure if the traced graphs are being cached correctly."
278,pytorch_pytorch,issue,154456,"I was expecting the cache to write to TORCHINDUCTOR_CACHE_DIR automatically (or i guess in my case it was writing to /tmp/torchinductor_user) , is that not the case?","I thought the cache would automatically write to the directory specified by TORCHINDUCTOR_CACHE_DIR, but it seems to be writing to /tmp/torchinductor_user instead. Is this the expected behavior, or am I missing something in the configuration?",Unknown unknown,pytorch_pytorch,issue,154456,Unknown,1,1,"I thought the cache would automatically write to the directory specified by TORCHINDUCTOR_CACHE_DIR, but it seems to be writing to /tmp/torchinductor_user instead. Is this the expected behavior, or am I missing something in the configuration?"
279,pytorch_pytorch,issue,154456,"I was expecting the cache to write to TORCHINDUCTOR_CACHE_DIR automatically (or i guess in my case it was writing to /tmp/torchinductor_user) , is that not the case?","I expected the cache to be stored in the directory set by TORCHINDUCTOR_CACHE_DIR, but it appears to be using /tmp/torchinductor_user. Is this a known issue, or should I be setting up the environment differently?",Unknown unknown,pytorch_pytorch,issue,154456,Unknown,1,1,"I expected the cache to be stored in the directory set by TORCHINDUCTOR_CACHE_DIR, but it appears to be using /tmp/torchinductor_user. Is this a known issue, or should I be setting up the environment differently?"
280,pytorch_pytorch,issue,154456,"I was expecting the cache to write to TORCHINDUCTOR_CACHE_DIR automatically (or i guess in my case it was writing to /tmp/torchinductor_user) , is that not the case?","I assumed that the cache would be written to the directory specified by the TORCHINDUCTOR_CACHE_DIR environment variable, but it's ending up in /tmp/torchinductor_user. Is this the intended behavior, or is there a configuration step I'm overlooking?",Unknown unknown,pytorch_pytorch,issue,154456,Unknown,1,1,"I assumed that the cache would be written to the directory specified by the TORCHINDUCTOR_CACHE_DIR environment variable, but it's ending up in /tmp/torchinductor_user. Is this the intended behavior, or is there a configuration step I'm overlooking?"
281,pytorch_pytorch,issue,154456,"I was expecting the cache to write to TORCHINDUCTOR_CACHE_DIR automatically (or i guess in my case it was writing to /tmp/torchinductor_user) , is that not the case?","I was under the impression that the cache would be stored in the directory defined by TORCHINDUCTOR_CACHE_DIR, but it's being written to /tmp/torchinductor_user. Is this a bug, or is there a specific reason for this behavior?",Unknown unknown,pytorch_pytorch,issue,154456,Unknown,1,1,"I was under the impression that the cache would be stored in the directory defined by TORCHINDUCTOR_CACHE_DIR, but it's being written to /tmp/torchinductor_user. Is this a bug, or is there a specific reason for this behavior?"
282,pytorch_pytorch,issue,154456,"I was expecting the cache to write to TORCHINDUCTOR_CACHE_DIR automatically (or i guess in my case it was writing to /tmp/torchinductor_user) , is that not the case?","I expected the cache to be written to the directory specified by TORCHINDUCTOR_CACHE_DIR, but it's being stored in /tmp/torchinductor_user. Is this the expected behavior, or should I be setting the environment variable differently?",Unknown unknown,pytorch_pytorch,issue,154456,Unknown,1,1,"I expected the cache to be written to the directory specified by TORCHINDUCTOR_CACHE_DIR, but it's being stored in /tmp/torchinductor_user. Is this the expected behavior, or should I be setting the environment variable differently?"
283,pytorch_pytorch,issue,154456,"I was expecting the cache to write to TORCHINDUCTOR_CACHE_DIR automatically (or i guess in my case it was writing to /tmp/torchinductor_user) , is that not the case?","I thought the cache would be stored in the directory specified by TORCHINDUCTOR_CACHE_DIR, but it's being written to /tmp/torchinductor_user. Is this a configuration issue, or is this the intended behavior?",Unknown unknown,pytorch_pytorch,issue,154456,Unknown,1,1,"I thought the cache would be stored in the directory specified by TORCHINDUCTOR_CACHE_DIR, but it's being written to /tmp/torchinductor_user. Is this a configuration issue, or is this the intended behavior?"
284,pytorch_pytorch,issue,154456,"I was expecting the cache to write to TORCHINDUCTOR_CACHE_DIR automatically (or i guess in my case it was writing to /tmp/torchinductor_user) , is that not the case?","I was expecting the cache to be written to the directory set by TORCHINDUCTOR_CACHE_DIR, but it's being stored in /tmp/torchinductor_user. Is this a known issue, or is there a step I'm missing in the setup?",Unknown unknown,pytorch_pytorch,issue,154456,Unknown,1,1,"I was expecting the cache to be written to the directory set by TORCHINDUCTOR_CACHE_DIR, but it's being stored in /tmp/torchinductor_user. Is this a known issue, or is there a step I'm missing in the setup?"
285,pytorch_pytorch,issue,154456,"I was expecting the cache to write to TORCHINDUCTOR_CACHE_DIR automatically (or i guess in my case it was writing to /tmp/torchinductor_user) , is that not the case?","I expected the cache to be stored in the directory specified by TORCHINDUCTOR_CACHE_DIR, but it's being written to /tmp/torchinductor_user. Is this the expected behavior, or is there a configuration step I'm missing?",Unknown unknown,pytorch_pytorch,issue,154456,Unknown,1,1,"I expected the cache to be stored in the directory specified by TORCHINDUCTOR_CACHE_DIR, but it's being written to /tmp/torchinductor_user. Is this the expected behavior, or is there a configuration step I'm missing?"
286,pytorch_pytorch,issue,154456,"I was expecting the cache to write to TORCHINDUCTOR_CACHE_DIR automatically (or i guess in my case it was writing to /tmp/torchinductor_user) , is that not the case?","I thought the cache would be written to the directory defined by TORCHINDUCTOR_CACHE_DIR, but it's being stored in /tmp/torchinductor_user. Is this a bug, or is there a specific reason for this behavior?",Unknown unknown,pytorch_pytorch,issue,154456,Unknown,1,1,"I thought the cache would be written to the directory defined by TORCHINDUCTOR_CACHE_DIR, but it's being stored in /tmp/torchinductor_user. Is this a bug, or is there a specific reason for this behavior?"
287,pytorch_pytorch,issue,154556,"The tracing component (Dynamo) is not fully cached today, but we are working on this.","Currently, the tracing component (Dynamo) is not fully cached, but our team is actively working on implementing this feature.",Knowledge,pytorch_pytorch,issue,154556,Knowledge,0,0,"Currently, the tracing component (Dynamo) is not fully cached, but our team is actively working on implementing this feature."
288,pytorch_pytorch,issue,154556,"The tracing component (Dynamo) is not fully cached today, but we are working on this.","Dynamo, the tracing component, is not yet fully cached, but we are in the process of adding this functionality.",Knowledge,pytorch_pytorch,issue,154556,Knowledge,0,0,"Dynamo, the tracing component, is not yet fully cached, but we are in the process of adding this functionality."
289,pytorch_pytorch,issue,154556,"The tracing component (Dynamo) is not fully cached today, but we are working on this.","We are aware that the tracing component (Dynamo) is not fully cached at the moment, and we are actively developing a solution to address this.",Knowledge,pytorch_pytorch,issue,154556,Knowledge,0,0,"We are aware that the tracing component (Dynamo) is not fully cached at the moment, and we are actively developing a solution to address this."
290,pytorch_pytorch,issue,154556,"The tracing component (Dynamo) is not fully cached today, but we are working on this.","The caching mechanism for the tracing component (Dynamo) is not complete yet, but we are making progress on this front.",Knowledge,pytorch_pytorch,issue,154556,Knowledge,0,0,"The caching mechanism for the tracing component (Dynamo) is not complete yet, but we are making progress on this front."
291,pytorch_pytorch,issue,154556,"The tracing component (Dynamo) is not fully cached today, but we are working on this.","Although the tracing component (Dynamo) is not fully cached today, our development team is working diligently to implement this feature.",Knowledge,pytorch_pytorch,issue,154556,Knowledge,0,0,"Although the tracing component (Dynamo) is not fully cached today, our development team is working diligently to implement this feature."
292,pytorch_pytorch,issue,154556,"The tracing component (Dynamo) is not fully cached today, but we are working on this.","Dynamo, which is responsible for tracing, is not currently fully cached, but we are working on it to improve performance.",Knowledge,pytorch_pytorch,issue,154556,Knowledge,0,0,"Dynamo, which is responsible for tracing, is not currently fully cached, but we are working on it to improve performance."
293,pytorch_pytorch,issue,154556,"The tracing component (Dynamo) is not fully cached today, but we are working on this.","The tracing component (Dynamo) is not yet fully cached, but we are committed to completing this feature in the near future.",Knowledge,pytorch_pytorch,issue,154556,Knowledge,0,0,"The tracing component (Dynamo) is not yet fully cached, but we are committed to completing this feature in the near future."
294,pytorch_pytorch,issue,154556,"The tracing component (Dynamo) is not fully cached today, but we are working on this.","We recognize that the tracing component (Dynamo) is not fully cached, and our engineers are actively working to resolve this issue.",Knowledge,pytorch_pytorch,issue,154556,Knowledge,0,0,"We recognize that the tracing component (Dynamo) is not fully cached, and our engineers are actively working to resolve this issue."
295,pytorch_pytorch,issue,154556,"The tracing component (Dynamo) is not fully cached today, but we are working on this.","The caching of the tracing component (Dynamo) is not fully implemented yet, but we are making it a priority in our development roadmap.",Knowledge,pytorch_pytorch,issue,154556,Knowledge,0,0,"The caching of the tracing component (Dynamo) is not fully implemented yet, but we are making it a priority in our development roadmap."
296,pytorch_pytorch,issue,154556,"The tracing component (Dynamo) is not fully cached today, but we are working on this.","Dynamo, the tracing component, is not fully cached at the moment, but we are actively working to ensure it is in the next release.",Knowledge,pytorch_pytorch,issue,154556,Knowledge,0,0,"Dynamo, the tracing component, is not fully cached at the moment, but we are actively working to ensure it is in the next release."
297,pytorch_pytorch,issue,132332,Under certain circumstances nn.Linear will have memory leaks on MPS. The exact failure mode and condition that leads to leakage is unclear at this moment. Need to investigate if the memory leak is in PyTorch or MPS,"I've noticed that nn.Linear can cause memory leaks on the MPS backend, but the specific conditions and failure modes are not yet clear. It's unclear whether the issue lies within PyTorch or the MPS implementation itself. Further investigation is needed to pinpoint the root cause.",Known Unknown,pytorch_pytorch,issue,132332,Known,2,1,"I've noticed that nn.Linear can cause memory leaks on the MPS backend, but the specific conditions and failure modes are not yet clear. It's unclear whether the issue lies within PyTorch or the MPS implementation itself. Further investigation is needed to pinpoint the root cause."
298,pytorch_pytorch,issue,132332,Under certain circumstances nn.Linear will have memory leaks on MPS. The exact failure mode and condition that leads to leakage is unclear at this moment. Need to investigate if the memory leak is in PyTorch or MPS,"There seem to be memory leaks when using nn.Linear on the MPS device, but the exact conditions that trigger this issue are still unknown. I need to determine if the problem is with PyTorch's handling of the MPS backend or if it's an issue with the MPS device itself.",Known Unknown,pytorch_pytorch,issue,132332,Known,2,1,"There seem to be memory leaks when using nn.Linear on the MPS device, but the exact conditions that trigger this issue are still unknown. I need to determine if the problem is with PyTorch's handling of the MPS backend or if it's an issue with the MPS device itself."
299,pytorch_pytorch,issue,132332,Under certain circumstances nn.Linear will have memory leaks on MPS. The exact failure mode and condition that leads to leakage is unclear at this moment. Need to investigate if the memory leak is in PyTorch or MPS,"I've encountered memory leaks with nn.Linear on the MPS backend, but the precise conditions and failure modes are not well understood. It's unclear whether the issue is within PyTorch or if it's a problem with the MPS device. More testing is required to identify the source of the leak.",Known Unknown,pytorch_pytorch,issue,132332,Known,2,1,"I've encountered memory leaks with nn.Linear on the MPS backend, but the precise conditions and failure modes are not well understood. It's unclear whether the issue is within PyTorch or if it's a problem with the MPS device. More testing is required to identify the source of the leak."
300,pytorch_pytorch,issue,132332,Under certain circumstances nn.Linear will have memory leaks on MPS. The exact failure mode and condition that leads to leakage is unclear at this moment. Need to investigate if the memory leak is in PyTorch or MPS,"Under certain conditions, nn.Linear appears to cause memory leaks on the MPS device, but the exact circumstances and failure modes are not yet clear. I need to investigate whether the issue is with PyTorch's implementation or the MPS backend itself.",Known Unknown,pytorch_pytorch,issue,132332,Known,2,1,"Under certain conditions, nn.Linear appears to cause memory leaks on the MPS device, but the exact circumstances and failure modes are not yet clear. I need to investigate whether the issue is with PyTorch's implementation or the MPS backend itself."
301,pytorch_pytorch,issue,132332,Under certain circumstances nn.Linear will have memory leaks on MPS. The exact failure mode and condition that leads to leakage is unclear at this moment. Need to investigate if the memory leak is in PyTorch or MPS,"I've observed memory leaks when using nn.Linear on the MPS device, but the specific conditions and failure modes are not well-defined. It's unclear whether the problem is with PyTorch or the MPS backend. Further analysis is needed to determine the root cause.",Known Unknown,pytorch_pytorch,issue,132332,Known,2,1,"I've observed memory leaks when using nn.Linear on the MPS device, but the specific conditions and failure modes are not well-defined. It's unclear whether the problem is with PyTorch or the MPS backend. Further analysis is needed to determine the root cause."
302,pytorch_pytorch,issue,132332,Under certain circumstances nn.Linear will have memory leaks on MPS. The exact failure mode and condition that leads to leakage is unclear at this moment. Need to investigate if the memory leak is in PyTorch or MPS,"nn.Linear seems to be causing memory leaks on the MPS device, but the exact conditions and failure modes are not yet understood. I need to determine if the issue is with PyTorch's handling of the MPS backend or if it's a problem with the MPS device itself.",Known Unknown,pytorch_pytorch,issue,132332,Known,2,1,"nn.Linear seems to be causing memory leaks on the MPS device, but the exact conditions and failure modes are not yet understood. I need to determine if the issue is with PyTorch's handling of the MPS backend or if it's a problem with the MPS device itself."
303,pytorch_pytorch,issue,132332,Under certain circumstances nn.Linear will have memory leaks on MPS. The exact failure mode and condition that leads to leakage is unclear at this moment. Need to investigate if the memory leak is in PyTorch or MPS,"I've noticed that nn.Linear can lead to memory leaks on the MPS backend, but the specific conditions and failure modes are not clear. It's unclear whether the issue is with PyTorch or the MPS device. More investigation is needed to identify the root cause.",Known Unknown,pytorch_pytorch,issue,132332,Known,2,1,"I've noticed that nn.Linear can lead to memory leaks on the MPS backend, but the specific conditions and failure modes are not clear. It's unclear whether the issue is with PyTorch or the MPS device. More investigation is needed to identify the root cause."
304,pytorch_pytorch,issue,132332,Under certain circumstances nn.Linear will have memory leaks on MPS. The exact failure mode and condition that leads to leakage is unclear at this moment. Need to investigate if the memory leak is in PyTorch or MPS,"There are memory leaks when using nn.Linear on the MPS device, but the exact conditions and failure modes are not well understood. I need to determine if the problem is with PyTorch's implementation or the MPS backend itself.",Known Unknown,pytorch_pytorch,issue,132332,Known,2,1,"There are memory leaks when using nn.Linear on the MPS device, but the exact conditions and failure modes are not well understood. I need to determine if the problem is with PyTorch's implementation or the MPS backend itself."
305,pytorch_pytorch,issue,132332,Under certain circumstances nn.Linear will have memory leaks on MPS. The exact failure mode and condition that leads to leakage is unclear at this moment. Need to investigate if the memory leak is in PyTorch or MPS,"I've encountered memory leaks with nn.Linear on the MPS device, but the specific conditions and failure modes are not yet clear. It's unclear whether the issue is with PyTorch or the MPS backend. Further testing is required to identify the source of the leak.",Known Unknown,pytorch_pytorch,issue,132332,Known,2,1,"I've encountered memory leaks with nn.Linear on the MPS device, but the specific conditions and failure modes are not yet clear. It's unclear whether the issue is with PyTorch or the MPS backend. Further testing is required to identify the source of the leak."
306,pytorch_pytorch,issue,132332,Under certain circumstances nn.Linear will have memory leaks on MPS. The exact failure mode and condition that leads to leakage is unclear at this moment. Need to investigate if the memory leak is in PyTorch or MPS,"Under certain conditions, nn.Linear appears to cause memory leaks on the MPS device, but the exact circumstances and failure modes are not well-defined. I need to investigate whether the issue is with PyTorch's implementation or the MPS backend itself.",Known Unknown,pytorch_pytorch,issue,132332,Known,2,1,"Under certain conditions, nn.Linear appears to cause memory leaks on the MPS device, but the exact circumstances and failure modes are not well-defined. I need to investigate whether the issue is with PyTorch's implementation or the MPS backend itself."
307,pytorch_pytorch,issue,132332,"Ok @hvaara thanks for your patience! Here's the results from my deep dive to the traces of metal resources getting generated during the execution of the code snippet and my current understanding on what's going on:

    The memory grows by the size of the output object of linear layer for each iteration run so by 4 * N * C * H * W bytes, making sense since this is the output object we allocate on L50 in the linear op 1
    When the executeMPSGraph is called using COMMIT_ADAPTIVE as the SyncMode, the operation is encoded to the active command buffer in MPSStream but unless the memory pressure is too high, the command buffer is not committed but instead we keep on encoding operations to the same command buffer 2
    Since each iteration with the nn.Linear needs to maintain its own output tensor until the computation is completed and the python object goes out of scope to be garbage collected, we see the memory increase while the command buffer keeps accumulating more encoded operations. In case we change to COMMIT_AND_WAIT as our SyncMode the command buffers get committed after each encode and the memory buffers required for the outputs are also released once the computation returns. This probably lets the garbage collector sees that the object is no longer needed since we don't assign the outputs of the computation to anything in the python script.
    To validate this I tried to adjust the original script slightly to allow for the adaptive commit to run its course and the computations to return so that the underlying objects can be released and we can see the memory get freed up. It seems like on my local setup it takes about 5-6s of waiting for the objects to get cleaned up. In actual code I assume this would happen more often since there can be other operations calling the command buffer to get synchronized in between in order to perform updates based on the results.

So in summary to me it seems like the memory is managed as intended in this case. In its current form the COMMIT_ADAPTIVE is a bit opaque to the user since it might make the memory seem like its behaving erratically as the commit is automated to only happen once the local device hits the low memory watermark, which depends on the device you are running on. Additionally there's the interplay of when will the underlying python objects get garbage collected that should finally release the memory buffers assigned to them. Let me know if this sounds reasonable or if you think there's still something we missed here. Or if this is causing a concrete issue on your side that would warrant us to do some changes on how the adaptive commit works at the moment.","Thanks @hvaara for your patience! After diving into the memory traces, I've found that the memory usage increases by the size of the output tensor from the linear layer (4 * N * C * H * W bytes) for each iteration. This makes sense as we allocate this memory on line 50 in the linear operation. When using COMMIT_ADAPTIVE, the operations are encoded to the active command buffer, but the buffer is only committed if memory pressure is high. This causes the memory to grow as each iteration needs to maintain its output tensor until the computation completes and the Python object is garbage collected. Switching to COMMIT_AND_WAIT commits the buffer after each operation, allowing the memory to be released immediately. On my setup, it takes about 5-6 seconds for the objects to be cleaned up. This behavior is expected, but it can seem erratic due to the adaptive commit's automation and the device's memory watermark. Let me know if this aligns with your understanding or if there are any issues we need to address.",Knowledge,pytorch_pytorch,issue,132332,Knowledge,0,0,"Thanks @hvaara for your patience! After diving into the memory traces, I've found that the memory usage increases by the size of the output tensor from the linear layer (4 * N * C * H * W bytes) for each iteration. This makes sense as we allocate this memory on line 50 in the linear operation. When using COMMIT_ADAPTIVE, the operations are encoded to the active command buffer, but the buffer is only committed if memory pressure is high. This causes the memory to grow as each iteration needs to maintain its output tensor until the computation completes and the Python object is garbage collected. Switching to COMMIT_AND_WAIT commits the buffer after each operation, allowing the memory to be released immediately. On my setup, it takes about 5-6 seconds for the objects to be cleaned up. This behavior is expected, but it can seem erratic due to the adaptive commit's automation and the device's memory watermark. Let me know if this aligns with your understanding or if there are any issues we need to address."
308,pytorch_pytorch,issue,132332,"Ok @hvaara thanks for your patience! Here's the results from my deep dive to the traces of metal resources getting generated during the execution of the code snippet and my current understanding on what's going on:

    The memory grows by the size of the output object of linear layer for each iteration run so by 4 * N * C * H * W bytes, making sense since this is the output object we allocate on L50 in the linear op 1
    When the executeMPSGraph is called using COMMIT_ADAPTIVE as the SyncMode, the operation is encoded to the active command buffer in MPSStream but unless the memory pressure is too high, the command buffer is not committed but instead we keep on encoding operations to the same command buffer 2
    Since each iteration with the nn.Linear needs to maintain its own output tensor until the computation is completed and the python object goes out of scope to be garbage collected, we see the memory increase while the command buffer keeps accumulating more encoded operations. In case we change to COMMIT_AND_WAIT as our SyncMode the command buffers get committed after each encode and the memory buffers required for the outputs are also released once the computation returns. This probably lets the garbage collector sees that the object is no longer needed since we don't assign the outputs of the computation to anything in the python script.
    To validate this I tried to adjust the original script slightly to allow for the adaptive commit to run its course and the computations to return so that the underlying objects can be released and we can see the memory get freed up. It seems like on my local setup it takes about 5-6s of waiting for the objects to get cleaned up. In actual code I assume this would happen more often since there can be other operations calling the command buffer to get synchronized in between in order to perform updates based on the results.

So in summary to me it seems like the memory is managed as intended in this case. In its current form the COMMIT_ADAPTIVE is a bit opaque to the user since it might make the memory seem like its behaving erratically as the commit is automated to only happen once the local device hits the low memory watermark, which depends on the device you are running on. Additionally there's the interplay of when will the underlying python objects get garbage collected that should finally release the memory buffers assigned to them. Let me know if this sounds reasonable or if you think there's still something we missed here. Or if this is causing a concrete issue on your side that would warrant us to do some changes on how the adaptive commit works at the moment.","Thank you @hvaara for your patience! My analysis of the memory traces shows that the memory usage increases by the size of the linear layer's output tensor (4 * N * C * H * W bytes) for each iteration. This is expected as we allocate this memory in the linear operation. When using COMMIT_ADAPTIVE, the operations are encoded to the command buffer, but the buffer is only committed if memory pressure is high. This results in memory growth as each iteration retains its output tensor until the computation is complete and the Python object is garbage collected. Using COMMIT_AND_WAIT commits the buffer after each operation, releasing the memory immediately. On my setup, it takes about 5-6 seconds for the objects to be cleaned up. This behavior is intended, but it can appear erratic due to the adaptive commit's automation and the device's memory watermark. Please let me know if this makes sense or if there are any issues we need to address.",Knowledge,pytorch_pytorch,issue,132332,Knowledge,0,0,"Thank you @hvaara for your patience! My analysis of the memory traces shows that the memory usage increases by the size of the linear layer's output tensor (4 * N * C * H * W bytes) for each iteration. This is expected as we allocate this memory in the linear operation. When using COMMIT_ADAPTIVE, the operations are encoded to the command buffer, but the buffer is only committed if memory pressure is high. This results in memory growth as each iteration retains its output tensor until the computation is complete and the Python object is garbage collected. Using COMMIT_AND_WAIT commits the buffer after each operation, releasing the memory immediately. On my setup, it takes about 5-6 seconds for the objects to be cleaned up. This behavior is intended, but it can appear erratic due to the adaptive commit's automation and the device's memory watermark. Please let me know if this makes sense or if there are any issues we need to address."
309,pytorch_pytorch,issue,132332,"Ok @hvaara thanks for your patience! Here's the results from my deep dive to the traces of metal resources getting generated during the execution of the code snippet and my current understanding on what's going on:

    The memory grows by the size of the output object of linear layer for each iteration run so by 4 * N * C * H * W bytes, making sense since this is the output object we allocate on L50 in the linear op 1
    When the executeMPSGraph is called using COMMIT_ADAPTIVE as the SyncMode, the operation is encoded to the active command buffer in MPSStream but unless the memory pressure is too high, the command buffer is not committed but instead we keep on encoding operations to the same command buffer 2
    Since each iteration with the nn.Linear needs to maintain its own output tensor until the computation is completed and the python object goes out of scope to be garbage collected, we see the memory increase while the command buffer keeps accumulating more encoded operations. In case we change to COMMIT_AND_WAIT as our SyncMode the command buffers get committed after each encode and the memory buffers required for the outputs are also released once the computation returns. This probably lets the garbage collector sees that the object is no longer needed since we don't assign the outputs of the computation to anything in the python script.
    To validate this I tried to adjust the original script slightly to allow for the adaptive commit to run its course and the computations to return so that the underlying objects can be released and we can see the memory get freed up. It seems like on my local setup it takes about 5-6s of waiting for the objects to get cleaned up. In actual code I assume this would happen more often since there can be other operations calling the command buffer to get synchronized in between in order to perform updates based on the results.

So in summary to me it seems like the memory is managed as intended in this case. In its current form the COMMIT_ADAPTIVE is a bit opaque to the user since it might make the memory seem like its behaving erratically as the commit is automated to only happen once the local device hits the low memory watermark, which depends on the device you are running on. Additionally there's the interplay of when will the underlying python objects get garbage collected that should finally release the memory buffers assigned to them. Let me know if this sounds reasonable or if you think there's still something we missed here. Or if this is causing a concrete issue on your side that would warrant us to do some changes on how the adaptive commit works at the moment.","Thanks @hvaara for your patience! After analyzing the memory traces, I found that the memory usage increases by the size of the linear layer's output tensor (4 * N * C * H * W bytes) for each iteration. This is expected as we allocate this memory in the linear operation. When using COMMIT_ADAPTIVE, the operations are encoded to the command buffer, but the buffer is only committed if memory pressure is high. This causes the memory to grow as each iteration retains its output tensor until the computation is complete and the Python object is garbage collected. Switching to COMMIT_AND_WAIT commits the buffer after each operation, releasing the memory immediately. On my setup, it takes about 5-6 seconds for the objects to be cleaned up. This behavior is intended, but it can seem erratic due to the adaptive commit's automation and the device's memory watermark. Let me know if this aligns with your understanding or if there are any issues we need to address.",Knowledge,pytorch_pytorch,issue,132332,Knowledge,0,0,"Thanks @hvaara for your patience! After analyzing the memory traces, I found that the memory usage increases by the size of the linear layer's output tensor (4 * N * C * H * W bytes) for each iteration. This is expected as we allocate this memory in the linear operation. When using COMMIT_ADAPTIVE, the operations are encoded to the command buffer, but the buffer is only committed if memory pressure is high. This causes the memory to grow as each iteration retains its output tensor until the computation is complete and the Python object is garbage collected. Switching to COMMIT_AND_WAIT commits the buffer after each operation, releasing the memory immediately. On my setup, it takes about 5-6 seconds for the objects to be cleaned up. This behavior is intended, but it can seem erratic due to the adaptive commit's automation and the device's memory watermark. Let me know if this aligns with your understanding or if there are any issues we need to address."
310,pytorch_pytorch,issue,132332,"Ok @hvaara thanks for your patience! Here's the results from my deep dive to the traces of metal resources getting generated during the execution of the code snippet and my current understanding on what's going on:

    The memory grows by the size of the output object of linear layer for each iteration run so by 4 * N * C * H * W bytes, making sense since this is the output object we allocate on L50 in the linear op 1
    When the executeMPSGraph is called using COMMIT_ADAPTIVE as the SyncMode, the operation is encoded to the active command buffer in MPSStream but unless the memory pressure is too high, the command buffer is not committed but instead we keep on encoding operations to the same command buffer 2
    Since each iteration with the nn.Linear needs to maintain its own output tensor until the computation is completed and the python object goes out of scope to be garbage collected, we see the memory increase while the command buffer keeps accumulating more encoded operations. In case we change to COMMIT_AND_WAIT as our SyncMode the command buffers get committed after each encode and the memory buffers required for the outputs are also released once the computation returns. This probably lets the garbage collector sees that the object is no longer needed since we don't assign the outputs of the computation to anything in the python script.
    To validate this I tried to adjust the original script slightly to allow for the adaptive commit to run its course and the computations to return so that the underlying objects can be released and we can see the memory get freed up. It seems like on my local setup it takes about 5-6s of waiting for the objects to get cleaned up. In actual code I assume this would happen more often since there can be other operations calling the command buffer to get synchronized in between in order to perform updates based on the results.

So in summary to me it seems like the memory is managed as intended in this case. In its current form the COMMIT_ADAPTIVE is a bit opaque to the user since it might make the memory seem like its behaving erratically as the commit is automated to only happen once the local device hits the low memory watermark, which depends on the device you are running on. Additionally there's the interplay of when will the underlying python objects get garbage collected that should finally release the memory buffers assigned to them. Let me know if this sounds reasonable or if you think there's still something we missed here. Or if this is causing a concrete issue on your side that would warrant us to do some changes on how the adaptive commit works at the moment.","Thank you @hvaara for your patience! My deep dive into the memory traces shows that the memory usage increases by the size of the linear layer's output tensor (4 * N * C * H * W bytes) for each iteration. This is expected as we allocate this memory in the linear operation. When using COMMIT_ADAPTIVE, the operations are encoded to the command buffer, but the buffer is only committed if memory pressure is high. This results in memory growth as each iteration retains its output tensor until the computation is complete and the Python object is garbage collected. Using COMMIT_AND_WAIT commits the buffer after each operation, releasing the memory immediately. On my setup, it takes about 5-6 seconds for the objects to be cleaned up. This behavior is intended, but it can appear erratic due to the adaptive commit's automation and the device's memory watermark. Please let me know if this makes sense or if there are any issues we need to address.",Knowledge,pytorch_pytorch,issue,132332,Knowledge,0,0,"Thank you @hvaara for your patience! My deep dive into the memory traces shows that the memory usage increases by the size of the linear layer's output tensor (4 * N * C * H * W bytes) for each iteration. This is expected as we allocate this memory in the linear operation. When using COMMIT_ADAPTIVE, the operations are encoded to the command buffer, but the buffer is only committed if memory pressure is high. This results in memory growth as each iteration retains its output tensor until the computation is complete and the Python object is garbage collected. Using COMMIT_AND_WAIT commits the buffer after each operation, releasing the memory immediately. On my setup, it takes about 5-6 seconds for the objects to be cleaned up. This behavior is intended, but it can appear erratic due to the adaptive commit's automation and the device's memory watermark. Please let me know if this makes sense or if there are any issues we need to address."
311,tensorflow_tensorflow,issue,83379,"You're absolutely right to point out that the CUDA plugin registration error #62075 has been a persistent issue for many users in the TensorFlow community, especially with newer CUDA versions like 12.x. This error typically arises due to the combination of incompatible library versions, improper installation, or misconfigurations between TensorFlow, CUDA, and cuDNN.","You're correct in highlighting that the CUDA plugin registration error #62075 has been a recurring problem for TensorFlow users, particularly with the latest CUDA 12.x versions. This issue often stems from mismatches between TensorFlow, CUDA, and cuDNN, such as incompatible library versions or improper setup.",Knowledge,tensorflow_tensorflow,issue,83379,Knowledge,0,0,"You're correct in highlighting that the CUDA plugin registration error #62075 has been a recurring problem for TensorFlow users, particularly with the latest CUDA 12.x versions. This issue often stems from mismatches between TensorFlow, CUDA, and cuDNN, such as incompatible library versions or improper setup."
312,tensorflow_tensorflow,issue,83379,"You're absolutely right to point out that the CUDA plugin registration error #62075 has been a persistent issue for many users in the TensorFlow community, especially with newer CUDA versions like 12.x. This error typically arises due to the combination of incompatible library versions, improper installation, or misconfigurations between TensorFlow, CUDA, and cuDNN.","Thank you for bringing up the persistent CUDA plugin registration error #62075, which has affected many TensorFlow users, especially those using CUDA 12.x. This error is commonly caused by version incompatibilities, incorrect installations, or misconfigurations between TensorFlow, CUDA, and cuDNN.",Knowledge,tensorflow_tensorflow,issue,83379,Knowledge,0,0,"Thank you for bringing up the persistent CUDA plugin registration error #62075, which has affected many TensorFlow users, especially those using CUDA 12.x. This error is commonly caused by version incompatibilities, incorrect installations, or misconfigurations between TensorFlow, CUDA, and cuDNN."
313,tensorflow_tensorflow,issue,83379,"You're absolutely right to point out that the CUDA plugin registration error #62075 has been a persistent issue for many users in the TensorFlow community, especially with newer CUDA versions like 12.x. This error typically arises due to the combination of incompatible library versions, improper installation, or misconfigurations between TensorFlow, CUDA, and cuDNN.","You're right to mention that the CUDA plugin registration error #62075 has been a common issue for TensorFlow users, particularly with the newer CUDA 12.x versions. The root cause is usually a combination of incompatible library versions, improper installation, or misconfigurations between TensorFlow, CUDA, and cuDNN.",Knowledge,tensorflow_tensorflow,issue,83379,Knowledge,0,0,"You're right to mention that the CUDA plugin registration error #62075 has been a common issue for TensorFlow users, particularly with the newer CUDA 12.x versions. The root cause is usually a combination of incompatible library versions, improper installation, or misconfigurations between TensorFlow, CUDA, and cuDNN."
314,tensorflow_tensorflow,issue,83379,"You're absolutely right to point out that the CUDA plugin registration error #62075 has been a persistent issue for many users in the TensorFlow community, especially with newer CUDA versions like 12.x. This error typically arises due to the combination of incompatible library versions, improper installation, or misconfigurations between TensorFlow, CUDA, and cuDNN.","I agree that the CUDA plugin registration error #62075 has been a significant problem for TensorFlow users, especially those using CUDA 12.x. This error typically occurs due to version mismatches, incorrect installations, or misconfigurations between TensorFlow, CUDA, and cuDNN.",Knowledge,tensorflow_tensorflow,issue,83379,Knowledge,0,0,"I agree that the CUDA plugin registration error #62075 has been a significant problem for TensorFlow users, especially those using CUDA 12.x. This error typically occurs due to version mismatches, incorrect installations, or misconfigurations between TensorFlow, CUDA, and cuDNN."
315,tensorflow_tensorflow,issue,83379,"You're absolutely right to point out that the CUDA plugin registration error #62075 has been a persistent issue for many users in the TensorFlow community, especially with newer CUDA versions like 12.x. This error typically arises due to the combination of incompatible library versions, improper installation, or misconfigurations between TensorFlow, CUDA, and cuDNN.","You're absolutely correct in pointing out that the CUDA plugin registration error #62075 has been a frequent issue for TensorFlow users, particularly with the latest CUDA 12.x versions. This error is often the result of incompatible library versions, improper installation, or misconfigurations between TensorFlow, CUDA, and cuDNN.",Knowledge,tensorflow_tensorflow,issue,83379,Knowledge,0,0,"You're absolutely correct in pointing out that the CUDA plugin registration error #62075 has been a frequent issue for TensorFlow users, particularly with the latest CUDA 12.x versions. This error is often the result of incompatible library versions, improper installation, or misconfigurations between TensorFlow, CUDA, and cuDNN."
316,tensorflow_tensorflow,issue,83379,"You're absolutely right to point out that the CUDA plugin registration error #62075 has been a persistent issue for many users in the TensorFlow community, especially with newer CUDA versions like 12.x. This error typically arises due to the combination of incompatible library versions, improper installation, or misconfigurations between TensorFlow, CUDA, and cuDNN.","Thank you for noting that the CUDA plugin registration error #62075 has been a persistent issue for many TensorFlow users, especially those using CUDA 12.x. This error is usually caused by version incompatibilities, incorrect installations, or misconfigurations between TensorFlow, CUDA, and cuDNN.",Knowledge,tensorflow_tensorflow,issue,83379,Knowledge,0,0,"Thank you for noting that the CUDA plugin registration error #62075 has been a persistent issue for many TensorFlow users, especially those using CUDA 12.x. This error is usually caused by version incompatibilities, incorrect installations, or misconfigurations between TensorFlow, CUDA, and cuDNN."
317,tensorflow_tensorflow,issue,83379,"You're absolutely right to point out that the CUDA plugin registration error #62075 has been a persistent issue for many users in the TensorFlow community, especially with newer CUDA versions like 12.x. This error typically arises due to the combination of incompatible library versions, improper installation, or misconfigurations between TensorFlow, CUDA, and cuDNN.","You're right to highlight the CUDA plugin registration error #62075, which has been a recurring problem for TensorFlow users, particularly with the newer CUDA 12.x versions. This issue often arises from mismatches between TensorFlow, CUDA, and cuDNN, such as incompatible library versions or improper setup.",Knowledge,tensorflow_tensorflow,issue,83379,Knowledge,0,0,"You're right to highlight the CUDA plugin registration error #62075, which has been a recurring problem for TensorFlow users, particularly with the newer CUDA 12.x versions. This issue often arises from mismatches between TensorFlow, CUDA, and cuDNN, such as incompatible library versions or improper setup."
318,tensorflow_tensorflow,issue,83379,"You're absolutely right to point out that the CUDA plugin registration error #62075 has been a persistent issue for many users in the TensorFlow community, especially with newer CUDA versions like 12.x. This error typically arises due to the combination of incompatible library versions, improper installation, or misconfigurations between TensorFlow, CUDA, and cuDNN.","I concur that the CUDA plugin registration error #62075 has been a common issue for TensorFlow users, especially those using CUDA 12.x. This error is typically due to version incompatibilities, incorrect installations, or misconfigurations between TensorFlow, CUDA, and cuDNN.",Knowledge,tensorflow_tensorflow,issue,83379,Knowledge,0,0,"I concur that the CUDA plugin registration error #62075 has been a common issue for TensorFlow users, especially those using CUDA 12.x. This error is typically due to version incompatibilities, incorrect installations, or misconfigurations between TensorFlow, CUDA, and cuDNN."
319,tensorflow_tensorflow,issue,83379,"You're absolutely right to point out that the CUDA plugin registration error #62075 has been a persistent issue for many users in the TensorFlow community, especially with newer CUDA versions like 12.x. This error typically arises due to the combination of incompatible library versions, improper installation, or misconfigurations between TensorFlow, CUDA, and cuDNN.","You're correct in pointing out that the CUDA plugin registration error #62075 has been a persistent issue for many TensorFlow users, particularly with the latest CUDA 12.x versions. This error is often the result of version mismatches, improper installation, or misconfigurations between TensorFlow, CUDA, and cuDNN.",Knowledge,tensorflow_tensorflow,issue,83379,Knowledge,0,0,"You're correct in pointing out that the CUDA plugin registration error #62075 has been a persistent issue for many TensorFlow users, particularly with the latest CUDA 12.x versions. This error is often the result of version mismatches, improper installation, or misconfigurations between TensorFlow, CUDA, and cuDNN."
320,tensorflow_tensorflow,issue,83379,"You're absolutely right to point out that the CUDA plugin registration error #62075 has been a persistent issue for many users in the TensorFlow community, especially with newer CUDA versions like 12.x. This error typically arises due to the combination of incompatible library versions, improper installation, or misconfigurations between TensorFlow, CUDA, and cuDNN.","Thank you for bringing up the CUDA plugin registration error #62075, which has been a recurring problem for TensorFlow users, especially those using CUDA 12.x. This issue is typically caused by version incompatibilities, incorrect installations, or misconfigurations between TensorFlow, CUDA, and cuDNN.",Knowledge,tensorflow_tensorflow,issue,83379,Knowledge,0,0,"Thank you for bringing up the CUDA plugin registration error #62075, which has been a recurring problem for TensorFlow users, especially those using CUDA 12.x. This issue is typically caused by version incompatibilities, incorrect installations, or misconfigurations between TensorFlow, CUDA, and cuDNN."
321,tensorflow_tensorflow,issue,84102,"I think TensorFlow on Windows is only supported on Intel, not ARM.",I believe TensorFlow on Windows is only compatible with Intel processors and not ARM architecture.,Known Unknown,tensorflow_tensorflow,issue,84102,Irrelevant,2,1,I believe TensorFlow on Windows is only compatible with Intel processors and not ARM architecture.
322,tensorflow_tensorflow,issue,84102,"I think TensorFlow on Windows is only supported on Intel, not ARM.","From what I understand, TensorFlow on Windows is supported only for Intel CPUs and not for ARM-based systems.",Known Unknown,tensorflow_tensorflow,issue,84102,Irrelevant,2,1,"From what I understand, TensorFlow on Windows is supported only for Intel CPUs and not for ARM-based systems."
323,tensorflow_tensorflow,issue,84102,"I think TensorFlow on Windows is only supported on Intel, not ARM.",I have a suspicion that TensorFlow on Windows is limited to Intel processors and does not support ARM.,Known Unknown,tensorflow_tensorflow,issue,84102,Irrelevant,2,1,I have a suspicion that TensorFlow on Windows is limited to Intel processors and does not support ARM.
324,tensorflow_tensorflow,issue,84102,"I think TensorFlow on Windows is only supported on Intel, not ARM.","I've read that TensorFlow on Windows is only officially supported for Intel processors, not ARM.",Known Unknown,tensorflow_tensorflow,issue,84102,Irrelevant,2,1,"I've read that TensorFlow on Windows is only officially supported for Intel processors, not ARM."
325,tensorflow_tensorflow,issue,84102,"I think TensorFlow on Windows is only supported on Intel, not ARM.","It seems that TensorFlow on Windows is only designed to work with Intel processors, not ARM-based devices.",Known Unknown,tensorflow_tensorflow,issue,84102,Irrelevant,2,1,"It seems that TensorFlow on Windows is only designed to work with Intel processors, not ARM-based devices."
326,tensorflow_tensorflow,issue,84102,"I think TensorFlow on Windows is only supported on Intel, not ARM.",I'm under the impression that TensorFlow on Windows is only supported for Intel CPUs and not for ARM processors.,Known Unknown,tensorflow_tensorflow,issue,84102,Irrelevant,2,1,I'm under the impression that TensorFlow on Windows is only supported for Intel CPUs and not for ARM processors.
327,tensorflow_tensorflow,issue,84102,"I think TensorFlow on Windows is only supported on Intel, not ARM.",I think the current version of TensorFlow on Windows is only compatible with Intel processors and not ARM.,Known Unknown,tensorflow_tensorflow,issue,84102,Irrelevant,2,1,I think the current version of TensorFlow on Windows is only compatible with Intel processors and not ARM.
328,tensorflow_tensorflow,issue,84102,"I think TensorFlow on Windows is only supported on Intel, not ARM.",I've heard that TensorFlow on Windows is only supported for Intel and not for ARM-based systems.,Known Unknown,tensorflow_tensorflow,issue,84102,Irrelevant,2,1,I've heard that TensorFlow on Windows is only supported for Intel and not for ARM-based systems.
329,tensorflow_tensorflow,issue,84102,"I think TensorFlow on Windows is only supported on Intel, not ARM.",I'm pretty sure that TensorFlow on Windows is only supported on Intel processors and not on ARM.,Known Unknown,tensorflow_tensorflow,issue,84102,Irrelevant,2,1,I'm pretty sure that TensorFlow on Windows is only supported on Intel processors and not on ARM.
330,tensorflow_tensorflow,issue,84102,"Confirmed that Windows support only exists for Intel CPUs. On https://pypi.org/project/tensorflow/#files there is no Windows + ARM wheel.

On https://pypi.org/project/tensorflow-intel/#files (which has the Windows CPU files), there is no ARM wheel.",I've verified that TensorFlow only supports Intel CPUs on Windows. There are no ARM wheels available for Windows on the official PyPI page for TensorFlow or the TensorFlow-Intel variant.,Knowledge,tensorflow_tensorflow,issue,84102,Knowledge,0,0,I've verified that TensorFlow only supports Intel CPUs on Windows. There are no ARM wheels available for Windows on the official PyPI page for TensorFlow or the TensorFlow-Intel variant.
331,tensorflow_tensorflow,issue,84102,"Confirmed that Windows support only exists for Intel CPUs. On https://pypi.org/project/tensorflow/#files there is no Windows + ARM wheel.

On https://pypi.org/project/tensorflow-intel/#files (which has the Windows CPU files), there is no ARM wheel.",It appears that TensorFlow does not provide ARM support for Windows. The PyPI page for TensorFlow and TensorFlow-Intel both lack ARM wheels for Windows installations.,Knowledge,tensorflow_tensorflow,issue,84102,Knowledge,0,0,It appears that TensorFlow does not provide ARM support for Windows. The PyPI page for TensorFlow and TensorFlow-Intel both lack ARM wheels for Windows installations.
332,tensorflow_tensorflow,issue,84102,"Confirmed that Windows support only exists for Intel CPUs. On https://pypi.org/project/tensorflow/#files there is no Windows + ARM wheel.

On https://pypi.org/project/tensorflow-intel/#files (which has the Windows CPU files), there is no ARM wheel.",I confirmed that TensorFlow's Windows support is limited to Intel CPUs. The PyPI pages for both TensorFlow and TensorFlow-Intel do not offer ARM wheels for Windows.,Knowledge,tensorflow_tensorflow,issue,84102,Knowledge,0,0,I confirmed that TensorFlow's Windows support is limited to Intel CPUs. The PyPI pages for both TensorFlow and TensorFlow-Intel do not offer ARM wheels for Windows.
333,tensorflow_tensorflow,issue,84102,"Confirmed that Windows support only exists for Intel CPUs. On https://pypi.org/project/tensorflow/#files there is no Windows + ARM wheel.

On https://pypi.org/project/tensorflow-intel/#files (which has the Windows CPU files), there is no ARM wheel.","After checking the PyPI pages for TensorFlow and TensorFlow-Intel, it's clear that ARM support is not available for Windows. Only Intel CPU wheels are provided for Windows.",Knowledge,tensorflow_tensorflow,issue,84102,Knowledge,0,0,"After checking the PyPI pages for TensorFlow and TensorFlow-Intel, it's clear that ARM support is not available for Windows. Only Intel CPU wheels are provided for Windows."
334,tensorflow_tensorflow,issue,84102,"Confirmed that Windows support only exists for Intel CPUs. On https://pypi.org/project/tensorflow/#files there is no Windows + ARM wheel.

On https://pypi.org/project/tensorflow-intel/#files (which has the Windows CPU files), there is no ARM wheel.",I've found that TensorFlow does not include ARM wheels for Windows. The PyPI pages for TensorFlow and TensorFlow-Intel only list Intel CPU wheels for Windows.,Knowledge,tensorflow_tensorflow,issue,84102,Knowledge,0,0,I've found that TensorFlow does not include ARM wheels for Windows. The PyPI pages for TensorFlow and TensorFlow-Intel only list Intel CPU wheels for Windows.
335,tensorflow_tensorflow,issue,84102,"Confirmed that Windows support only exists for Intel CPUs. On https://pypi.org/project/tensorflow/#files there is no Windows + ARM wheel.

On https://pypi.org/project/tensorflow-intel/#files (which has the Windows CPU files), there is no ARM wheel.",It seems that TensorFlow's Windows support is restricted to Intel CPUs. The PyPI pages for TensorFlow and TensorFlow-Intel do not have ARM wheels for Windows.,Knowledge,tensorflow_tensorflow,issue,84102,Knowledge,0,0,It seems that TensorFlow's Windows support is restricted to Intel CPUs. The PyPI pages for TensorFlow and TensorFlow-Intel do not have ARM wheels for Windows.
336,tensorflow_tensorflow,issue,84102,"Confirmed that Windows support only exists for Intel CPUs. On https://pypi.org/project/tensorflow/#files there is no Windows + ARM wheel.

On https://pypi.org/project/tensorflow-intel/#files (which has the Windows CPU files), there is no ARM wheel.",I've noticed that TensorFlow does not provide ARM wheels for Windows. The PyPI pages for TensorFlow and TensorFlow-Intel only offer Intel CPU wheels for Windows installations.,Knowledge,tensorflow_tensorflow,issue,84102,Knowledge,0,0,I've noticed that TensorFlow does not provide ARM wheels for Windows. The PyPI pages for TensorFlow and TensorFlow-Intel only offer Intel CPU wheels for Windows installations.
337,tensorflow_tensorflow,issue,84102,"Confirmed that Windows support only exists for Intel CPUs. On https://pypi.org/project/tensorflow/#files there is no Windows + ARM wheel.

On https://pypi.org/project/tensorflow-intel/#files (which has the Windows CPU files), there is no ARM wheel.",I've confirmed that TensorFlow's Windows support is limited to Intel CPUs. The PyPI pages for TensorFlow and TensorFlow-Intel do not include ARM wheels for Windows.,Knowledge,tensorflow_tensorflow,issue,84102,Knowledge,0,0,I've confirmed that TensorFlow's Windows support is limited to Intel CPUs. The PyPI pages for TensorFlow and TensorFlow-Intel do not include ARM wheels for Windows.
338,tensorflow_tensorflow,issue,84102,"Confirmed that Windows support only exists for Intel CPUs. On https://pypi.org/project/tensorflow/#files there is no Windows + ARM wheel.

On https://pypi.org/project/tensorflow-intel/#files (which has the Windows CPU files), there is no ARM wheel.","After reviewing the PyPI pages for TensorFlow and TensorFlow-Intel, it's evident that ARM support is not available for Windows. Only Intel CPU wheels are provided.",Knowledge,tensorflow_tensorflow,issue,84102,Knowledge,0,0,"After reviewing the PyPI pages for TensorFlow and TensorFlow-Intel, it's evident that ARM support is not available for Windows. Only Intel CPU wheels are provided."
339,tensorflow_tensorflow,issue,84102,"Confirmed that Windows support only exists for Intel CPUs. On https://pypi.org/project/tensorflow/#files there is no Windows + ARM wheel.

On https://pypi.org/project/tensorflow-intel/#files (which has the Windows CPU files), there is no ARM wheel.",I've verified that TensorFlow does not support ARM on Windows. The PyPI pages for TensorFlow and TensorFlow-Intel only list Intel CPU wheels for Windows.,Knowledge,tensorflow_tensorflow,issue,84102,Knowledge,0,0,I've verified that TensorFlow does not support ARM on Windows. The PyPI pages for TensorFlow and TensorFlow-Intel only list Intel CPU wheels for Windows.
340,tensorflow_tensorflow,issue,84102,"This is also weird, because the pip installer should not have proceeded due to missing wheels.",It's strange that the pip installer continued despite the missing wheels. I expected it to halt the installation process.,Unknown unknown,tensorflow_tensorflow,issue,84102,Unknown,1,1,It's strange that the pip installer continued despite the missing wheels. I expected it to halt the installation process.
341,tensorflow_tensorflow,issue,84102,"This is also weird, because the pip installer should not have proceeded due to missing wheels.","I'm puzzled by the pip installer's behavior. It should have stopped due to the missing wheels, but it proceeded anyway.",Unknown unknown,tensorflow_tensorflow,issue,84102,Unknown,1,1,"I'm puzzled by the pip installer's behavior. It should have stopped due to the missing wheels, but it proceeded anyway."
342,tensorflow_tensorflow,issue,84102,"This is also weird, because the pip installer should not have proceeded due to missing wheels.",The pip installer's behavior is unexpected. It moved forward even though the necessary wheels were not available.,Unknown unknown,tensorflow_tensorflow,issue,84102,Unknown,1,1,The pip installer's behavior is unexpected. It moved forward even though the necessary wheels were not available.
343,tensorflow_tensorflow,issue,84102,"This is also weird, because the pip installer should not have proceeded due to missing wheels.",I don't understand why the pip installer didn't stop when it encountered missing wheels. It should have prevented the installation.,Unknown unknown,tensorflow_tensorflow,issue,84102,Unknown,1,1,I don't understand why the pip installer didn't stop when it encountered missing wheels. It should have prevented the installation.
344,tensorflow_tensorflow,issue,84102,"This is also weird, because the pip installer should not have proceeded due to missing wheels.",It's odd that the pip installer didn't fail when it couldn't find the required wheels. I thought it would halt the process.,Unknown unknown,tensorflow_tensorflow,issue,84102,Unknown,1,1,It's odd that the pip installer didn't fail when it couldn't find the required wheels. I thought it would halt the process.
345,tensorflow_tensorflow,issue,84102,"This is also weird, because the pip installer should not have proceeded due to missing wheels.","The pip installer should have aborted the installation due to missing wheels, but it didn't. This is quite unusual.",Unknown unknown,tensorflow_tensorflow,issue,84102,Unknown,1,1,"The pip installer should have aborted the installation due to missing wheels, but it didn't. This is quite unusual."
346,tensorflow_tensorflow,issue,84102,"This is also weird, because the pip installer should not have proceeded due to missing wheels.",I'm confused about why the pip installer continued with the installation despite the missing wheels. It should have stopped.,Unknown unknown,tensorflow_tensorflow,issue,84102,Unknown,1,1,I'm confused about why the pip installer continued with the installation despite the missing wheels. It should have stopped.
347,tensorflow_tensorflow,issue,84102,"This is also weird, because the pip installer should not have proceeded due to missing wheels.",The pip installer's decision to proceed without the necessary wheels is perplexing. I expected it to halt the installation.,Unknown unknown,tensorflow_tensorflow,issue,84102,Unknown,1,1,The pip installer's decision to proceed without the necessary wheels is perplexing. I expected it to halt the installation.
348,tensorflow_tensorflow,issue,84102,"This is also weird, because the pip installer should not have proceeded due to missing wheels.",It's surprising that the pip installer didn't stop when it couldn't find the required wheels. This behavior is not what I expected.,Unknown unknown,tensorflow_tensorflow,issue,84102,Unknown,1,1,It's surprising that the pip installer didn't stop when it couldn't find the required wheels. This behavior is not what I expected.
349,tensorflow_tensorflow,issue,84102,"This is also weird, because the pip installer should not have proceeded due to missing wheels.",The pip installer's continuation despite missing wheels is unexpected. I thought it would prevent the installation from proceeding.,Unknown unknown,tensorflow_tensorflow,issue,84102,Unknown,1,1,The pip installer's continuation despite missing wheels is unexpected. I thought it would prevent the installation from proceeding.
350,tensorflow_tensorflow,issue,82736,"I have a simple program that builds graphs through the c_api and executes sessions. It works perfectly as long as it is run only on CPU. If GPU is involved then at random places the program generates a Div0 error. The very same program run twice within one minute on the same hardware, etc. behave differently.
The error is somewhere deep in TF/Cuda because in the error dump I see 15 program jumps outside my code (what I can still debug).
I tried it on the different partition of a HPC, but both behave the same way. Card is Quadro RTX 6000, driver 565.57.01 Cuda 12.7 as seen in nvidia-smi, but 12.3 is available as libraries.
I tried with many different settings, etc., but cannot identify any rootcause. I am not even sure if the bug is in the TF binary or in one of the Cuda libraries (or elsewhere).","I have a program that constructs and runs graphs using the TensorFlow c_api. It runs flawlessly on CPU, but when I enable GPU, it randomly throws a Div0 error. The same program, executed within a minute on the same hardware, behaves inconsistently. The error seems to originate deep within TensorFlow or CUDA, as the stack trace shows multiple jumps outside my code. I've tested this on different partitions of an HPC cluster, and the behavior remains the same. The GPU card is a Quadro RTX 6000 with driver 565.57.01 and CUDA 12.7, though CUDA 12.3 libraries are also available. Despite trying various settings, I haven't been able to pinpoint the root cause. I'm unsure if the issue lies in the TensorFlow binary or in one of the CUDA libraries.",Known Unknown,tensorflow_tensorflow,issue,82736,Unknown,2,1,"I have a program that constructs and runs graphs using the TensorFlow c_api. It runs flawlessly on CPU, but when I enable GPU, it randomly throws a Div0 error. The same program, executed within a minute on the same hardware, behaves inconsistently. The error seems to originate deep within TensorFlow or CUDA, as the stack trace shows multiple jumps outside my code. I've tested this on different partitions of an HPC cluster, and the behavior remains the same. The GPU card is a Quadro RTX 6000 with driver 565.57.01 and CUDA 12.7, though CUDA 12.3 libraries are also available. Despite trying various settings, I haven't been able to pinpoint the root cause. I'm unsure if the issue lies in the TensorFlow binary or in one of the CUDA libraries."
351,tensorflow_tensorflow,issue,82736,"I have a simple program that builds graphs through the c_api and executes sessions. It works perfectly as long as it is run only on CPU. If GPU is involved then at random places the program generates a Div0 error. The very same program run twice within one minute on the same hardware, etc. behave differently.
The error is somewhere deep in TF/Cuda because in the error dump I see 15 program jumps outside my code (what I can still debug).
I tried it on the different partition of a HPC, but both behave the same way. Card is Quadro RTX 6000, driver 565.57.01 Cuda 12.7 as seen in nvidia-smi, but 12.3 is available as libraries.
I tried with many different settings, etc., but cannot identify any rootcause. I am not even sure if the bug is in the TF binary or in one of the Cuda libraries (or elsewhere).","I've developed a program that builds and executes graphs using TensorFlow's c_api. It works perfectly on CPU, but when I switch to GPU, it intermittently throws a Div0 error. The same program, run multiple times in quick succession on the same hardware, exhibits different behaviors. The error appears to be deep within TensorFlow or CUDA, as the stack trace shows numerous jumps outside my code. I've tested this on different partitions of an HPC cluster, and the issue persists. The GPU is a Quadro RTX 6000 with driver 565.57.01 and CUDA 12.7, though CUDA 12.3 libraries are also installed. I've tried various configurations but haven't identified the root cause. I'm not sure if the bug is in TensorFlow or in one of the CUDA libraries.",Known Unknown,tensorflow_tensorflow,issue,82736,Unknown,2,1,"I've developed a program that builds and executes graphs using TensorFlow's c_api. It works perfectly on CPU, but when I switch to GPU, it intermittently throws a Div0 error. The same program, run multiple times in quick succession on the same hardware, exhibits different behaviors. The error appears to be deep within TensorFlow or CUDA, as the stack trace shows numerous jumps outside my code. I've tested this on different partitions of an HPC cluster, and the issue persists. The GPU is a Quadro RTX 6000 with driver 565.57.01 and CUDA 12.7, though CUDA 12.3 libraries are also installed. I've tried various configurations but haven't identified the root cause. I'm not sure if the bug is in TensorFlow or in one of the CUDA libraries."
352,tensorflow_tensorflow,issue,82736,"I have a simple program that builds graphs through the c_api and executes sessions. It works perfectly as long as it is run only on CPU. If GPU is involved then at random places the program generates a Div0 error. The very same program run twice within one minute on the same hardware, etc. behave differently.
The error is somewhere deep in TF/Cuda because in the error dump I see 15 program jumps outside my code (what I can still debug).
I tried it on the different partition of a HPC, but both behave the same way. Card is Quadro RTX 6000, driver 565.57.01 Cuda 12.7 as seen in nvidia-smi, but 12.3 is available as libraries.
I tried with many different settings, etc., but cannot identify any rootcause. I am not even sure if the bug is in the TF binary or in one of the Cuda libraries (or elsewhere).","I have a program that constructs and runs TensorFlow graphs using the c_api. It works fine on CPU, but when I enable GPU, it randomly generates a Div0 error. The same program, run multiple times on the same hardware within a minute, behaves differently each time. The error seems to be deep within TensorFlow or CUDA, as the stack trace shows many jumps outside my code. I've tested this on different partitions of an HPC cluster, and the behavior is consistent. The GPU is a Quadro RTX 6000 with driver 565.57.01 and CUDA 12.7, though CUDA 12.3 libraries are also available. Despite trying various settings, I haven't been able to identify the root cause. I'm unsure if the issue is in the TensorFlow binary or in one of the CUDA libraries.",Known Unknown,tensorflow_tensorflow,issue,82736,Unknown,2,1,"I have a program that constructs and runs TensorFlow graphs using the c_api. It works fine on CPU, but when I enable GPU, it randomly generates a Div0 error. The same program, run multiple times on the same hardware within a minute, behaves differently each time. The error seems to be deep within TensorFlow or CUDA, as the stack trace shows many jumps outside my code. I've tested this on different partitions of an HPC cluster, and the behavior is consistent. The GPU is a Quadro RTX 6000 with driver 565.57.01 and CUDA 12.7, though CUDA 12.3 libraries are also available. Despite trying various settings, I haven't been able to identify the root cause. I'm unsure if the issue is in the TensorFlow binary or in one of the CUDA libraries."
353,tensorflow_tensorflow,issue,82736,"I have a simple program that builds graphs through the c_api and executes sessions. It works perfectly as long as it is run only on CPU. If GPU is involved then at random places the program generates a Div0 error. The very same program run twice within one minute on the same hardware, etc. behave differently.
The error is somewhere deep in TF/Cuda because in the error dump I see 15 program jumps outside my code (what I can still debug).
I tried it on the different partition of a HPC, but both behave the same way. Card is Quadro RTX 6000, driver 565.57.01 Cuda 12.7 as seen in nvidia-smi, but 12.3 is available as libraries.
I tried with many different settings, etc., but cannot identify any rootcause. I am not even sure if the bug is in the TF binary or in one of the Cuda libraries (or elsewhere).","I have a program that builds and runs TensorFlow graphs using the c_api. It works perfectly on CPU, but when I enable GPU, it randomly throws a Div0 error. The same program, run multiple times on the same hardware within a minute, behaves inconsistently. The error seems to be deep within TensorFlow or CUDA, as the stack trace shows many jumps outside my code. I've tested this on different partitions of an HPC cluster, and the behavior remains the same. The GPU is a Quadro RTX 6000 with driver 565.57.01 and CUDA 12.7, though CUDA 12.3 libraries are also available. Despite trying various settings, I haven't been able to identify the root cause. I'm unsure if the issue is in the TensorFlow binary or in one of the CUDA libraries.",Known Unknown,tensorflow_tensorflow,issue,82736,Unknown,2,1,"I have a program that builds and runs TensorFlow graphs using the c_api. It works perfectly on CPU, but when I enable GPU, it randomly throws a Div0 error. The same program, run multiple times on the same hardware within a minute, behaves inconsistently. The error seems to be deep within TensorFlow or CUDA, as the stack trace shows many jumps outside my code. I've tested this on different partitions of an HPC cluster, and the behavior remains the same. The GPU is a Quadro RTX 6000 with driver 565.57.01 and CUDA 12.7, though CUDA 12.3 libraries are also available. Despite trying various settings, I haven't been able to identify the root cause. I'm unsure if the issue is in the TensorFlow binary or in one of the CUDA libraries."
354,tensorflow_tensorflow,issue,24828,"I tried installting tensorflow 1.12 using both pip install and building from source.However when I am trying to run faster rcnn model i get following error message:
Failed to get convolution algorithm. This is probably because cuDNN failed to initialize, so try looking to see if a warning log message was printed above.

I only get this with tf 1.12 and python 3.6 ,it works fine with python 3.6","I'm encountering an issue when trying to run a Faster R-CNN model with TensorFlow 1.12. The error message I receive is 'Failed to get convolution algorithm. This is probably because cuDNN failed to initialize.' I've tried installing TensorFlow 1.12 using both pip and building from source, but the problem persists. It only happens with TensorFlow 1.12 and Python 3.6, while it works fine with other versions.",Known Unknown,tensorflow_tensorflow,issue,24828,Unknown,2,1,"I'm encountering an issue when trying to run a Faster R-CNN model with TensorFlow 1.12. The error message I receive is 'Failed to get convolution algorithm. This is probably because cuDNN failed to initialize.' I've tried installing TensorFlow 1.12 using both pip and building from source, but the problem persists. It only happens with TensorFlow 1.12 and Python 3.6, while it works fine with other versions."
355,tensorflow_tensorflow,issue,24828,"I tried installting tensorflow 1.12 using both pip install and building from source.However when I am trying to run faster rcnn model i get following error message:
Failed to get convolution algorithm. This is probably because cuDNN failed to initialize, so try looking to see if a warning log message was printed above.

I only get this with tf 1.12 and python 3.6 ,it works fine with python 3.6","I've installed TensorFlow 1.12 using both pip and from source, but I'm getting an error when running a Faster R-CNN model. The error message is 'Failed to get convolution algorithm. This is probably because cuDNN failed to initialize.' I'm using Python 3.6, and the same model works without issues with other TensorFlow versions. Is there a known compatibility issue with TensorFlow 1.12 and cuDNN?",Known Unknown,tensorflow_tensorflow,issue,24828,Unknown,2,1,"I've installed TensorFlow 1.12 using both pip and from source, but I'm getting an error when running a Faster R-CNN model. The error message is 'Failed to get convolution algorithm. This is probably because cuDNN failed to initialize.' I'm using Python 3.6, and the same model works without issues with other TensorFlow versions. Is there a known compatibility issue with TensorFlow 1.12 and cuDNN?"
356,tensorflow_tensorflow,issue,24828,"I tried installting tensorflow 1.12 using both pip install and building from source.However when I am trying to run faster rcnn model i get following error message:
Failed to get convolution algorithm. This is probably because cuDNN failed to initialize, so try looking to see if a warning log message was printed above.

I only get this with tf 1.12 and python 3.6 ,it works fine with python 3.6","I'm facing a problem with TensorFlow 1.12 when running a Faster R-CNN model. The error message is 'Failed to get convolution algorithm. This is probably because cuDNN failed to initialize.' I've tried both pip installation and building from source, but the issue remains. It only occurs with TensorFlow 1.12 and Python 3.6. Could this be a configuration issue or a bug in TensorFlow 1.12?",Known Unknown,tensorflow_tensorflow,issue,24828,Unknown,2,1,"I'm facing a problem with TensorFlow 1.12 when running a Faster R-CNN model. The error message is 'Failed to get convolution algorithm. This is probably because cuDNN failed to initialize.' I've tried both pip installation and building from source, but the issue remains. It only occurs with TensorFlow 1.12 and Python 3.6. Could this be a configuration issue or a bug in TensorFlow 1.12?"
357,tensorflow_tensorflow,issue,24828,"I tried installting tensorflow 1.12 using both pip install and building from source.However when I am trying to run faster rcnn model i get following error message:
Failed to get convolution algorithm. This is probably because cuDNN failed to initialize, so try looking to see if a warning log message was printed above.

I only get this with tf 1.12 and python 3.6 ,it works fine with python 3.6","I've installed TensorFlow 1.12 using both pip and building from source, but I'm getting an error when running a Faster R-CNN model. The error message is 'Failed to get convolution algorithm. This is probably because cuDNN failed to initialize.' This only happens with TensorFlow 1.12 and Python 3.6. I've checked the installation steps multiple times, but I can't figure out what's causing the issue.",Known Unknown,tensorflow_tensorflow,issue,24828,Unknown,2,1,"I've installed TensorFlow 1.12 using both pip and building from source, but I'm getting an error when running a Faster R-CNN model. The error message is 'Failed to get convolution algorithm. This is probably because cuDNN failed to initialize.' This only happens with TensorFlow 1.12 and Python 3.6. I've checked the installation steps multiple times, but I can't figure out what's causing the issue."
358,tensorflow_tensorflow,issue,24828,"I tried installting tensorflow 1.12 using both pip install and building from source.However when I am trying to run faster rcnn model i get following error message:
Failed to get convolution algorithm. This is probably because cuDNN failed to initialize, so try looking to see if a warning log message was printed above.

I only get this with tf 1.12 and python 3.6 ,it works fine with python 3.6","I'm having trouble running a Faster R-CNN model with TensorFlow 1.12. The error message is 'Failed to get convolution algorithm. This is probably because cuDNN failed to initialize.' I've tried both pip and source installation methods, but the problem persists. It only occurs with TensorFlow 1.12 and Python 3.6. Is there a known issue with this specific combination of TensorFlow and Python versions?",Known Unknown,tensorflow_tensorflow,issue,24828,Unknown,2,1,"I'm having trouble running a Faster R-CNN model with TensorFlow 1.12. The error message is 'Failed to get convolution algorithm. This is probably because cuDNN failed to initialize.' I've tried both pip and source installation methods, but the problem persists. It only occurs with TensorFlow 1.12 and Python 3.6. Is there a known issue with this specific combination of TensorFlow and Python versions?"
359,tensorflow_tensorflow,issue,24828,"I tried installting tensorflow 1.12 using both pip install and building from source.However when I am trying to run faster rcnn model i get following error message:
Failed to get convolution algorithm. This is probably because cuDNN failed to initialize, so try looking to see if a warning log message was printed above.

I only get this with tf 1.12 and python 3.6 ,it works fine with python 3.6","I'm running into an error when trying to use a Faster R-CNN model with TensorFlow 1.12. The error message is 'Failed to get convolution algorithm. This is probably because cuDNN failed to initialize.' I've installed TensorFlow 1.12 using both pip and building from source, but the issue remains. It only happens with TensorFlow 1.12 and Python 3.6. Could this be a problem with my cuDNN setup or a bug in TensorFlow 1.12?",Known Unknown,tensorflow_tensorflow,issue,24828,Unknown,2,1,"I'm running into an error when trying to use a Faster R-CNN model with TensorFlow 1.12. The error message is 'Failed to get convolution algorithm. This is probably because cuDNN failed to initialize.' I've installed TensorFlow 1.12 using both pip and building from source, but the issue remains. It only happens with TensorFlow 1.12 and Python 3.6. Could this be a problem with my cuDNN setup or a bug in TensorFlow 1.12?"
360,tensorflow_tensorflow,issue,24828,"It is just a problem with cuDNN version incompatibility. I also downgrade to 1.8, although solving the problem, but no need when there is a much higher version which is definitely better than the old version. So I found that I was using conda installing TF, which conda was also installed everything even Cuda and cudnn, so the python was not detecting my installed Cuda and cudnn, it was using which was installed by conda which was very old version of cudnn, so I deleted the conda installed Cuda and cudnn, and then installed TF with pip, and it was OK.","The issue was due to a cuDNN version mismatch. I downgraded to 1.8, which fixed the problem, but it wasn't necessary since a much newer version is available and better. I realized that conda was managing the installation of TensorFlow, including Cuda and cuDNN, which led to the old cuDNN version being used. After removing the conda-installed Cuda and cuDNN, I installed TensorFlow with pip, and everything worked fine.",Knowledge,tensorflow_tensorflow,issue,24828,Knowledge,0,0,"The issue was due to a cuDNN version mismatch. I downgraded to 1.8, which fixed the problem, but it wasn't necessary since a much newer version is available and better. I realized that conda was managing the installation of TensorFlow, including Cuda and cuDNN, which led to the old cuDNN version being used. After removing the conda-installed Cuda and cuDNN, I installed TensorFlow with pip, and everything worked fine."
361,tensorflow_tensorflow,issue,24828,"It is just a problem with cuDNN version incompatibility. I also downgrade to 1.8, although solving the problem, but no need when there is a much higher version which is definitely better than the old version. So I found that I was using conda installing TF, which conda was also installed everything even Cuda and cudnn, so the python was not detecting my installed Cuda and cudnn, it was using which was installed by conda which was very old version of cudnn, so I deleted the conda installed Cuda and cudnn, and then installed TF with pip, and it was OK.","The problem was caused by an outdated cuDNN version. I initially downgraded to 1.8, which resolved the issue, but it wasn't ideal since a newer version is available. I discovered that conda was handling the installation of TensorFlow, Cuda, and cuDNN, leading to the use of an old cuDNN version. I uninstalled the conda-managed Cuda and cuDNN, then installed TensorFlow with pip, and the issue was resolved.",Knowledge,tensorflow_tensorflow,issue,24828,Knowledge,0,0,"The problem was caused by an outdated cuDNN version. I initially downgraded to 1.8, which resolved the issue, but it wasn't ideal since a newer version is available. I discovered that conda was handling the installation of TensorFlow, Cuda, and cuDNN, leading to the use of an old cuDNN version. I uninstalled the conda-managed Cuda and cuDNN, then installed TensorFlow with pip, and the issue was resolved."
362,tensorflow_tensorflow,issue,24828,"It is just a problem with cuDNN version incompatibility. I also downgrade to 1.8, although solving the problem, but no need when there is a much higher version which is definitely better than the old version. So I found that I was using conda installing TF, which conda was also installed everything even Cuda and cudnn, so the python was not detecting my installed Cuda and cudnn, it was using which was installed by conda which was very old version of cudnn, so I deleted the conda installed Cuda and cudnn, and then installed TF with pip, and it was OK.","I encountered a cuDNN version incompatibility issue. Downgrading to 1.8 fixed it, but it wasn't the best solution since a newer version is available. I found that conda was managing the installation of TensorFlow, including Cuda and cuDNN, which resulted in an outdated cuDNN version being used. After removing the conda-installed Cuda and cuDNN and installing TensorFlow with pip, the problem was resolved.",Knowledge,tensorflow_tensorflow,issue,24828,Knowledge,0,0,"I encountered a cuDNN version incompatibility issue. Downgrading to 1.8 fixed it, but it wasn't the best solution since a newer version is available. I found that conda was managing the installation of TensorFlow, including Cuda and cuDNN, which resulted in an outdated cuDNN version being used. After removing the conda-installed Cuda and cuDNN and installing TensorFlow with pip, the problem was resolved."
363,tensorflow_tensorflow,issue,24828,"It is just a problem with cuDNN version incompatibility. I also downgrade to 1.8, although solving the problem, but no need when there is a much higher version which is definitely better than the old version. So I found that I was using conda installing TF, which conda was also installed everything even Cuda and cudnn, so the python was not detecting my installed Cuda and cudnn, it was using which was installed by conda which was very old version of cudnn, so I deleted the conda installed Cuda and cudnn, and then installed TF with pip, and it was OK.","The issue was due to an outdated cuDNN version. I downgraded to 1.8, which solved the problem, but it wasn't necessary since a newer version is available. I realized that conda was managing the installation of TensorFlow, Cuda, and cuDNN, leading to the use of an old cuDNN version. I uninstalled the conda-managed Cuda and cuDNN, then installed TensorFlow with pip, and everything worked as expected.",Knowledge,tensorflow_tensorflow,issue,24828,Knowledge,0,0,"The issue was due to an outdated cuDNN version. I downgraded to 1.8, which solved the problem, but it wasn't necessary since a newer version is available. I realized that conda was managing the installation of TensorFlow, Cuda, and cuDNN, leading to the use of an old cuDNN version. I uninstalled the conda-managed Cuda and cuDNN, then installed TensorFlow with pip, and everything worked as expected."
364,tensorflow_tensorflow,issue,24828,"It is just a problem with cuDNN version incompatibility. I also downgrade to 1.8, although solving the problem, but no need when there is a much higher version which is definitely better than the old version. So I found that I was using conda installing TF, which conda was also installed everything even Cuda and cudnn, so the python was not detecting my installed Cuda and cudnn, it was using which was installed by conda which was very old version of cudnn, so I deleted the conda installed Cuda and cudnn, and then installed TF with pip, and it was OK.","I faced a cuDNN version incompatibility issue. Downgrading to 1.8 fixed it, but it wasn't the optimal solution since a newer version is available. I discovered that conda was handling the installation of TensorFlow, Cuda, and cuDNN, which led to the use of an outdated cuDNN version. After removing the conda-installed Cuda and cuDNN and installing TensorFlow with pip, the problem was resolved.",Knowledge,tensorflow_tensorflow,issue,24828,Knowledge,0,0,"I faced a cuDNN version incompatibility issue. Downgrading to 1.8 fixed it, but it wasn't the optimal solution since a newer version is available. I discovered that conda was handling the installation of TensorFlow, Cuda, and cuDNN, which led to the use of an outdated cuDNN version. After removing the conda-installed Cuda and cuDNN and installing TensorFlow with pip, the problem was resolved."
365,tensorflow_tensorflow,issue,24828,"It is just a problem with cuDNN version incompatibility. I also downgrade to 1.8, although solving the problem, but no need when there is a much higher version which is definitely better than the old version. So I found that I was using conda installing TF, which conda was also installed everything even Cuda and cudnn, so the python was not detecting my installed Cuda and cudnn, it was using which was installed by conda which was very old version of cudnn, so I deleted the conda installed Cuda and cudnn, and then installed TF with pip, and it was OK.","The problem was caused by an outdated cuDNN version. I downgraded to 1.8, which resolved the issue, but it wasn't necessary since a newer version is available. I found that conda was managing the installation of TensorFlow, Cuda, and cuDNN, leading to the use of an old cuDNN version. I uninstalled the conda-managed Cuda and cuDNN, then installed TensorFlow with pip, and the issue was resolved.",Knowledge,tensorflow_tensorflow,issue,24828,Knowledge,0,0,"The problem was caused by an outdated cuDNN version. I downgraded to 1.8, which resolved the issue, but it wasn't necessary since a newer version is available. I found that conda was managing the installation of TensorFlow, Cuda, and cuDNN, leading to the use of an old cuDNN version. I uninstalled the conda-managed Cuda and cuDNN, then installed TensorFlow with pip, and the issue was resolved."
366,tensorflow_tensorflow,issue,24828,"It is just a problem with cuDNN version incompatibility. I also downgrade to 1.8, although solving the problem, but no need when there is a much higher version which is definitely better than the old version. So I found that I was using conda installing TF, which conda was also installed everything even Cuda and cudnn, so the python was not detecting my installed Cuda and cudnn, it was using which was installed by conda which was very old version of cudnn, so I deleted the conda installed Cuda and cudnn, and then installed TF with pip, and it was OK.","I encountered a cuDNN version incompatibility issue. Downgrading to 1.8 fixed it, but it wasn't the best solution since a newer version is available. I realized that conda was managing the installation of TensorFlow, Cuda, and cuDNN, which resulted in an outdated cuDNN version being used. After removing the conda-installed Cuda and cuDNN and installing TensorFlow with pip, the problem was resolved.",Knowledge,tensorflow_tensorflow,issue,24828,Knowledge,0,0,"I encountered a cuDNN version incompatibility issue. Downgrading to 1.8 fixed it, but it wasn't the best solution since a newer version is available. I realized that conda was managing the installation of TensorFlow, Cuda, and cuDNN, which resulted in an outdated cuDNN version being used. After removing the conda-installed Cuda and cuDNN and installing TensorFlow with pip, the problem was resolved."
367,tensorflow_tensorflow,issue,24828,"It is just a problem with cuDNN version incompatibility. I also downgrade to 1.8, although solving the problem, but no need when there is a much higher version which is definitely better than the old version. So I found that I was using conda installing TF, which conda was also installed everything even Cuda and cudnn, so the python was not detecting my installed Cuda and cudnn, it was using which was installed by conda which was very old version of cudnn, so I deleted the conda installed Cuda and cudnn, and then installed TF with pip, and it was OK.","The issue was due to an outdated cuDNN version. I downgraded to 1.8, which solved the problem, but it wasn't necessary since a newer version is available. I found that conda was managing the installation of TensorFlow, Cuda, and cuDNN, leading to the use of an old cuDNN version. I uninstalled the conda-managed Cuda and cuDNN, then installed TensorFlow with pip, and everything worked as expected.",Knowledge,tensorflow_tensorflow,issue,24828,Knowledge,0,0,"The issue was due to an outdated cuDNN version. I downgraded to 1.8, which solved the problem, but it wasn't necessary since a newer version is available. I found that conda was managing the installation of TensorFlow, Cuda, and cuDNN, leading to the use of an old cuDNN version. I uninstalled the conda-managed Cuda and cuDNN, then installed TensorFlow with pip, and everything worked as expected."
368,tensorflow_tensorflow,issue,24828,"It is just a problem with cuDNN version incompatibility. I also downgrade to 1.8, although solving the problem, but no need when there is a much higher version which is definitely better than the old version. So I found that I was using conda installing TF, which conda was also installed everything even Cuda and cudnn, so the python was not detecting my installed Cuda and cudnn, it was using which was installed by conda which was very old version of cudnn, so I deleted the conda installed Cuda and cudnn, and then installed TF with pip, and it was OK.","I faced a cuDNN version incompatibility issue. Downgrading to 1.8 fixed it, but it wasn't the optimal solution since a newer version is available. I discovered that conda was handling the installation of TensorFlow, Cuda, and cuDNN, which led to the use of an outdated cuDNN version. After removing the conda-installed Cuda and cuDNN and installing TensorFlow with pip, the problem was resolved.",Knowledge,tensorflow_tensorflow,issue,24828,Knowledge,0,0,"I faced a cuDNN version incompatibility issue. Downgrading to 1.8 fixed it, but it wasn't the optimal solution since a newer version is available. I discovered that conda was handling the installation of TensorFlow, Cuda, and cuDNN, which led to the use of an outdated cuDNN version. After removing the conda-installed Cuda and cuDNN and installing TensorFlow with pip, the problem was resolved."
369,tensorflow_tensorflow,issue,24828,Had same problem with cuda 9.0 and cuDNN 7.0.5.15-1 on Ubuntu 16.04 with Tensorflow 1.12. Updating to cuDNN 7.4.2.24 fixed this for me!,I faced the same issue with CUDA 9.0 and cuDNN 7.0.5.15-1 on Ubuntu 16.04 while using Tensorflow 1.12. Upgrading to cuDNN 7.4.2.24 resolved the problem for me.,Knowledge,tensorflow_tensorflow,issue,24828,Knowledge,0,0,I faced the same issue with CUDA 9.0 and cuDNN 7.0.5.15-1 on Ubuntu 16.04 while using Tensorflow 1.12. Upgrading to cuDNN 7.4.2.24 resolved the problem for me.
370,tensorflow_tensorflow,issue,24828,Had same problem with cuda 9.0 and cuDNN 7.0.5.15-1 on Ubuntu 16.04 with Tensorflow 1.12. Updating to cuDNN 7.4.2.24 fixed this for me!,I encountered the same problem using CUDA 9.0 and cuDNN 7.0.5.15-1 on Ubuntu 16.04 with Tensorflow 1.12. The issue was fixed by updating to cuDNN 7.4.2.24.,Knowledge,tensorflow_tensorflow,issue,24828,Knowledge,0,0,I encountered the same problem using CUDA 9.0 and cuDNN 7.0.5.15-1 on Ubuntu 16.04 with Tensorflow 1.12. The issue was fixed by updating to cuDNN 7.4.2.24.
371,tensorflow_tensorflow,issue,24828,Had same problem with cuda 9.0 and cuDNN 7.0.5.15-1 on Ubuntu 16.04 with Tensorflow 1.12. Updating to cuDNN 7.4.2.24 fixed this for me!,I had the same problem with CUDA 9.0 and cuDNN 7.0.5.15-1 on Ubuntu 16.04 while running Tensorflow 1.12. Updating to cuDNN 7.4.2.24 solved the issue.,Knowledge,tensorflow_tensorflow,issue,24828,Knowledge,0,0,I had the same problem with CUDA 9.0 and cuDNN 7.0.5.15-1 on Ubuntu 16.04 while running Tensorflow 1.12. Updating to cuDNN 7.4.2.24 solved the issue.
372,tensorflow_tensorflow,issue,24828,Had same problem with cuda 9.0 and cuDNN 7.0.5.15-1 on Ubuntu 16.04 with Tensorflow 1.12. Updating to cuDNN 7.4.2.24 fixed this for me!,I ran into the same problem with CUDA 9.0 and cuDNN 7.0.5.15-1 on Ubuntu 16.04 using Tensorflow 1.12. The solution was to upgrade to cuDNN 7.4.2.24.,Knowledge,tensorflow_tensorflow,issue,24828,Knowledge,0,0,I ran into the same problem with CUDA 9.0 and cuDNN 7.0.5.15-1 on Ubuntu 16.04 using Tensorflow 1.12. The solution was to upgrade to cuDNN 7.4.2.24.
373,tensorflow_tensorflow,issue,24828,Had same problem with cuda 9.0 and cuDNN 7.0.5.15-1 on Ubuntu 16.04 with Tensorflow 1.12. Updating to cuDNN 7.4.2.24 fixed this for me!,I experienced the same issue with CUDA 9.0 and cuDNN 7.0.5.15-1 on Ubuntu 16.04 while working with Tensorflow 1.12. The problem was resolved by updating to cuDNN 7.4.2.24.,Knowledge,tensorflow_tensorflow,issue,24828,Knowledge,0,0,I experienced the same issue with CUDA 9.0 and cuDNN 7.0.5.15-1 on Ubuntu 16.04 while working with Tensorflow 1.12. The problem was resolved by updating to cuDNN 7.4.2.24.
374,tensorflow_tensorflow,issue,24828,Had same problem with cuda 9.0 and cuDNN 7.0.5.15-1 on Ubuntu 16.04 with Tensorflow 1.12. Updating to cuDNN 7.4.2.24 fixed this for me!,I had the same problem with CUDA 9.0 and cuDNN 7.0.5.15-1 on Ubuntu 16.04 and Tensorflow 1.12. Upgrading to cuDNN 7.4.2.24 fixed it for me.,Knowledge,tensorflow_tensorflow,issue,24828,Knowledge,0,0,I had the same problem with CUDA 9.0 and cuDNN 7.0.5.15-1 on Ubuntu 16.04 and Tensorflow 1.12. Upgrading to cuDNN 7.4.2.24 fixed it for me.
375,tensorflow_tensorflow,issue,24828,Had same problem with cuda 9.0 and cuDNN 7.0.5.15-1 on Ubuntu 16.04 with Tensorflow 1.12. Updating to cuDNN 7.4.2.24 fixed this for me!,I faced the same issue with CUDA 9.0 and cuDNN 7.0.5.15-1 on Ubuntu 16.04 while using Tensorflow 1.12. The problem was resolved by updating to cuDNN 7.4.2.24.,Knowledge,tensorflow_tensorflow,issue,24828,Knowledge,0,0,I faced the same issue with CUDA 9.0 and cuDNN 7.0.5.15-1 on Ubuntu 16.04 while using Tensorflow 1.12. The problem was resolved by updating to cuDNN 7.4.2.24.
376,tensorflow_tensorflow,issue,24828,Had same problem with cuda 9.0 and cuDNN 7.0.5.15-1 on Ubuntu 16.04 with Tensorflow 1.12. Updating to cuDNN 7.4.2.24 fixed this for me!,I encountered the same problem with CUDA 9.0 and cuDNN 7.0.5.15-1 on Ubuntu 16.04 while running Tensorflow 1.12. Updating to cuDNN 7.4.2.24 fixed the issue.,Knowledge,tensorflow_tensorflow,issue,24828,Knowledge,0,0,I encountered the same problem with CUDA 9.0 and cuDNN 7.0.5.15-1 on Ubuntu 16.04 while running Tensorflow 1.12. Updating to cuDNN 7.4.2.24 fixed the issue.
377,tensorflow_tensorflow,issue,24828,Had same problem with cuda 9.0 and cuDNN 7.0.5.15-1 on Ubuntu 16.04 with Tensorflow 1.12. Updating to cuDNN 7.4.2.24 fixed this for me!,I had the same issue with CUDA 9.0 and cuDNN 7.0.5.15-1 on Ubuntu 16.04 while using Tensorflow 1.12. The problem was resolved by upgrading to cuDNN 7.4.2.24.,Knowledge,tensorflow_tensorflow,issue,24828,Knowledge,0,0,I had the same issue with CUDA 9.0 and cuDNN 7.0.5.15-1 on Ubuntu 16.04 while using Tensorflow 1.12. The problem was resolved by upgrading to cuDNN 7.4.2.24.
378,tensorflow_tensorflow,issue,24828,Had same problem with cuda 9.0 and cuDNN 7.0.5.15-1 on Ubuntu 16.04 with Tensorflow 1.12. Updating to cuDNN 7.4.2.24 fixed this for me!,I ran into the same problem with CUDA 9.0 and cuDNN 7.0.5.15-1 on Ubuntu 16.04 while working with Tensorflow 1.12. The issue was fixed by updating to cuDNN 7.4.2.24.,Knowledge,tensorflow_tensorflow,issue,24828,Knowledge,0,0,I ran into the same problem with CUDA 9.0 and cuDNN 7.0.5.15-1 on Ubuntu 16.04 while working with Tensorflow 1.12. The issue was fixed by updating to cuDNN 7.4.2.24.
379,tensorflow_tensorflow,issue,24828,"OK, I was able to execute my CNN. I'm using tensorflow tf-nightly-gpu-2.0-preview, and running on a ipython notebook. I had to add this to my notebook:

from tensorflow.compat.v1 import ConfigProto
from tensorflow.compat.v1 import InteractiveSession

config = ConfigProto()
config.gpu_options.allow_growth = True
session = InteractiveSession(config=config)","I managed to run my CNN using tensorflow tf-nightly-gpu-2.0-preview in an IPython notebook. To get it working, I had to include the following code to configure GPU memory growth: `from tensorflow.compat.v1 import ConfigProto, InteractiveSession; config = ConfigProto(); config.gpu_options.allow_growth = True; session = InteractiveSession(config=config)`.",Knowledge,tensorflow_tensorflow,issue,24828,Knowledge,0,0,"I managed to run my CNN using tensorflow tf-nightly-gpu-2.0-preview in an IPython notebook. To get it working, I had to include the following code to configure GPU memory growth: `from tensorflow.compat.v1 import ConfigProto, InteractiveSession; config = ConfigProto(); config.gpu_options.allow_growth = True; session = InteractiveSession(config=config)`."
380,tensorflow_tensorflow,issue,24828,"OK, I was able to execute my CNN. I'm using tensorflow tf-nightly-gpu-2.0-preview, and running on a ipython notebook. I had to add this to my notebook:

from tensorflow.compat.v1 import ConfigProto
from tensorflow.compat.v1 import InteractiveSession

config = ConfigProto()
config.gpu_options.allow_growth = True
session = InteractiveSession(config=config)","I successfully executed my CNN in an IPython notebook with tensorflow tf-nightly-gpu-2.0-preview. The key was to set up GPU memory growth by adding these lines: `from tensorflow.compat.v1 import ConfigProto, InteractiveSession; config = ConfigProto(); config.gpu_options.allow_growth = True; session = InteractiveSession(config=config)`.",Knowledge,tensorflow_tensorflow,issue,24828,Knowledge,0,0,"I successfully executed my CNN in an IPython notebook with tensorflow tf-nightly-gpu-2.0-preview. The key was to set up GPU memory growth by adding these lines: `from tensorflow.compat.v1 import ConfigProto, InteractiveSession; config = ConfigProto(); config.gpu_options.allow_growth = True; session = InteractiveSession(config=config)`."
381,tensorflow_tensorflow,issue,24828,"OK, I was able to execute my CNN. I'm using tensorflow tf-nightly-gpu-2.0-preview, and running on a ipython notebook. I had to add this to my notebook:

from tensorflow.compat.v1 import ConfigProto
from tensorflow.compat.v1 import InteractiveSession

config = ConfigProto()
config.gpu_options.allow_growth = True
session = InteractiveSession(config=config)","I got my CNN running in an IPython notebook using tensorflow tf-nightly-gpu-2.0-preview. The trick was to configure the GPU to allow memory growth with the following code: `from tensorflow.compat.v1 import ConfigProto, InteractiveSession; config = ConfigProto(); config.gpu_options.allow_growth = True; session = InteractiveSession(config=config)`.",Knowledge,tensorflow_tensorflow,issue,24828,Knowledge,0,0,"I got my CNN running in an IPython notebook using tensorflow tf-nightly-gpu-2.0-preview. The trick was to configure the GPU to allow memory growth with the following code: `from tensorflow.compat.v1 import ConfigProto, InteractiveSession; config = ConfigProto(); config.gpu_options.allow_growth = True; session = InteractiveSession(config=config)`."
382,tensorflow_tensorflow,issue,24828,"OK, I was able to execute my CNN. I'm using tensorflow tf-nightly-gpu-2.0-preview, and running on a ipython notebook. I had to add this to my notebook:

from tensorflow.compat.v1 import ConfigProto
from tensorflow.compat.v1 import InteractiveSession

config = ConfigProto()
config.gpu_options.allow_growth = True
session = InteractiveSession(config=config)","I was able to run my CNN in an IPython notebook with tensorflow tf-nightly-gpu-2.0-preview. To avoid GPU memory issues, I added these lines to my notebook: `from tensorflow.compat.v1 import ConfigProto, InteractiveSession; config = ConfigProto(); config.gpu_options.allow_growth = True; session = InteractiveSession(config=config)`.",Knowledge,tensorflow_tensorflow,issue,24828,Knowledge,0,0,"I was able to run my CNN in an IPython notebook with tensorflow tf-nightly-gpu-2.0-preview. To avoid GPU memory issues, I added these lines to my notebook: `from tensorflow.compat.v1 import ConfigProto, InteractiveSession; config = ConfigProto(); config.gpu_options.allow_growth = True; session = InteractiveSession(config=config)`."
383,tensorflow_tensorflow,issue,24828,"OK, I was able to execute my CNN. I'm using tensorflow tf-nightly-gpu-2.0-preview, and running on a ipython notebook. I had to add this to my notebook:

from tensorflow.compat.v1 import ConfigProto
from tensorflow.compat.v1 import InteractiveSession

config = ConfigProto()
config.gpu_options.allow_growth = True
session = InteractiveSession(config=config)","I successfully executed my CNN using tensorflow tf-nightly-gpu-2.0-preview in an IPython notebook. The solution was to configure the GPU to allow memory growth with the following code: `from tensorflow.compat.v1 import ConfigProto, InteractiveSession; config = ConfigProto(); config.gpu_options.allow_growth = True; session = InteractiveSession(config=config)`.",Knowledge,tensorflow_tensorflow,issue,24828,Knowledge,0,0,"I successfully executed my CNN using tensorflow tf-nightly-gpu-2.0-preview in an IPython notebook. The solution was to configure the GPU to allow memory growth with the following code: `from tensorflow.compat.v1 import ConfigProto, InteractiveSession; config = ConfigProto(); config.gpu_options.allow_growth = True; session = InteractiveSession(config=config)`."
384,tensorflow_tensorflow,issue,24828,"OK, I was able to execute my CNN. I'm using tensorflow tf-nightly-gpu-2.0-preview, and running on a ipython notebook. I had to add this to my notebook:

from tensorflow.compat.v1 import ConfigProto
from tensorflow.compat.v1 import InteractiveSession

config = ConfigProto()
config.gpu_options.allow_growth = True
session = InteractiveSession(config=config)","I managed to get my CNN running in an IPython notebook with tensorflow tf-nightly-gpu-2.0-preview. The key was to set up GPU memory growth using these lines: `from tensorflow.compat.v1 import ConfigProto, InteractiveSession; config = ConfigProto(); config.gpu_options.allow_growth = True; session = InteractiveSession(config=config)`.",Knowledge,tensorflow_tensorflow,issue,24828,Knowledge,0,0,"I managed to get my CNN running in an IPython notebook with tensorflow tf-nightly-gpu-2.0-preview. The key was to set up GPU memory growth using these lines: `from tensorflow.compat.v1 import ConfigProto, InteractiveSession; config = ConfigProto(); config.gpu_options.allow_growth = True; session = InteractiveSession(config=config)`."
385,tensorflow_tensorflow,issue,24828,"OK, I was able to execute my CNN. I'm using tensorflow tf-nightly-gpu-2.0-preview, and running on a ipython notebook. I had to add this to my notebook:

from tensorflow.compat.v1 import ConfigProto
from tensorflow.compat.v1 import InteractiveSession

config = ConfigProto()
config.gpu_options.allow_growth = True
session = InteractiveSession(config=config)","I was able to run my CNN in an IPython notebook using tensorflow tf-nightly-gpu-2.0-preview. The crucial step was to configure the GPU to allow memory growth with the following code: `from tensorflow.compat.v1 import ConfigProto, InteractiveSession; config = ConfigProto(); config.gpu_options.allow_growth = True; session = InteractiveSession(config=config)`.",Knowledge,tensorflow_tensorflow,issue,24828,Knowledge,0,0,"I was able to run my CNN in an IPython notebook using tensorflow tf-nightly-gpu-2.0-preview. The crucial step was to configure the GPU to allow memory growth with the following code: `from tensorflow.compat.v1 import ConfigProto, InteractiveSession; config = ConfigProto(); config.gpu_options.allow_growth = True; session = InteractiveSession(config=config)`."
386,tensorflow_tensorflow,issue,24828,"OK, I was able to execute my CNN. I'm using tensorflow tf-nightly-gpu-2.0-preview, and running on a ipython notebook. I had to add this to my notebook:

from tensorflow.compat.v1 import ConfigProto
from tensorflow.compat.v1 import InteractiveSession

config = ConfigProto()
config.gpu_options.allow_growth = True
session = InteractiveSession(config=config)","I successfully executed my CNN in an IPython notebook with tensorflow tf-nightly-gpu-2.0-preview. The solution was to add these lines to handle GPU memory growth: `from tensorflow.compat.v1 import ConfigProto, InteractiveSession; config = ConfigProto(); config.gpu_options.allow_growth = True; session = InteractiveSession(config=config)`.",Knowledge,tensorflow_tensorflow,issue,24828,Knowledge,0,0,"I successfully executed my CNN in an IPython notebook with tensorflow tf-nightly-gpu-2.0-preview. The solution was to add these lines to handle GPU memory growth: `from tensorflow.compat.v1 import ConfigProto, InteractiveSession; config = ConfigProto(); config.gpu_options.allow_growth = True; session = InteractiveSession(config=config)`."
387,tensorflow_tensorflow,issue,24828,"OK, I was able to execute my CNN. I'm using tensorflow tf-nightly-gpu-2.0-preview, and running on a ipython notebook. I had to add this to my notebook:

from tensorflow.compat.v1 import ConfigProto
from tensorflow.compat.v1 import InteractiveSession

config = ConfigProto()
config.gpu_options.allow_growth = True
session = InteractiveSession(config=config)","I got my CNN running in an IPython notebook using tensorflow tf-nightly-gpu-2.0-preview. The key was to configure the GPU to allow memory growth with the following code: `from tensorflow.compat.v1 import ConfigProto, InteractiveSession; config = ConfigProto(); config.gpu_options.allow_growth = True; session = InteractiveSession(config=config)`.",Knowledge,tensorflow_tensorflow,issue,24828,Knowledge,0,0,"I got my CNN running in an IPython notebook using tensorflow tf-nightly-gpu-2.0-preview. The key was to configure the GPU to allow memory growth with the following code: `from tensorflow.compat.v1 import ConfigProto, InteractiveSession; config = ConfigProto(); config.gpu_options.allow_growth = True; session = InteractiveSession(config=config)`."
388,tensorflow_tensorflow,issue,24828,"OK, I was able to execute my CNN. I'm using tensorflow tf-nightly-gpu-2.0-preview, and running on a ipython notebook. I had to add this to my notebook:

from tensorflow.compat.v1 import ConfigProto
from tensorflow.compat.v1 import InteractiveSession

config = ConfigProto()
config.gpu_options.allow_growth = True
session = InteractiveSession(config=config)","I was able to run my CNN in an IPython notebook with tensorflow tf-nightly-gpu-2.0-preview. The crucial step was to set up GPU memory growth using these lines: `from tensorflow.compat.v1 import ConfigProto, InteractiveSession; config = ConfigProto(); config.gpu_options.allow_growth = True; session = InteractiveSession(config=config)`.",Knowledge,tensorflow_tensorflow,issue,24828,Knowledge,0,0,"I was able to run my CNN in an IPython notebook with tensorflow tf-nightly-gpu-2.0-preview. The crucial step was to set up GPU memory growth using these lines: `from tensorflow.compat.v1 import ConfigProto, InteractiveSession; config = ConfigProto(); config.gpu_options.allow_growth = True; session = InteractiveSession(config=config)`."
389,tensorflow_tensorflow,issue,24496,"I'm running the CNN model on MNIST. When I'm running with the GPU, I am encountering
2018-12-20 20:09:13.644176: E tensorflow/stream_executor/cuda/cuda_dnn.cc:334] Could not create cudnn handle: CUDNN_STATUS_INTERNAL_ERROR

I did some digging and realized that it is a memory issue (which shouldn't be the case as I have 32GB of RAM and 64GB of swap. I ran htop when running the model and I have 20+GB free, which is more than enough to fit the 8GB vRAM mappings.

Using the gpu_options.allow_growth = True gets the model to work properly, and setting os.environ['CUDA_VISIBLE_DEVICES'] = '-1' also works. This means that I AM facing a memory issue, but I don't see how.","I'm training a CNN on the MNIST dataset using a GPU, but I'm encountering a CUDNN_STATUS_INTERNAL_ERROR. Despite having 32GB of RAM and 64GB of swap, and observing over 20GB of free memory with htop, the error persists. Setting `gpu_options.allow_growth = True` or using `os.environ['CUDA_VISIBLE_DEVICES'] = '-1'` resolves the issue, but I'm confused about why I'm facing a memory issue in the first place.",Known Unknown,tensorflow_tensorflow,issue,24496,Unknown,2,1,"I'm training a CNN on the MNIST dataset using a GPU, but I'm encountering a CUDNN_STATUS_INTERNAL_ERROR. Despite having 32GB of RAM and 64GB of swap, and observing over 20GB of free memory with htop, the error persists. Setting `gpu_options.allow_growth = True` or using `os.environ['CUDA_VISIBLE_DEVICES'] = '-1'` resolves the issue, but I'm confused about why I'm facing a memory issue in the first place."
390,tensorflow_tensorflow,issue,24496,"I'm running the CNN model on MNIST. When I'm running with the GPU, I am encountering
2018-12-20 20:09:13.644176: E tensorflow/stream_executor/cuda/cuda_dnn.cc:334] Could not create cudnn handle: CUDNN_STATUS_INTERNAL_ERROR

I did some digging and realized that it is a memory issue (which shouldn't be the case as I have 32GB of RAM and 64GB of swap. I ran htop when running the model and I have 20+GB free, which is more than enough to fit the 8GB vRAM mappings.

Using the gpu_options.allow_growth = True gets the model to work properly, and setting os.environ['CUDA_VISIBLE_DEVICES'] = '-1' also works. This means that I AM facing a memory issue, but I don't see how.","I'm running a CNN on MNIST with a GPU, but I keep getting a CUDNN_STATUS_INTERNAL_ERROR. My system has 32GB of RAM and 64GB of swap, and htop shows more than 20GB of free memory. The issue is resolved by setting `gpu_options.allow_growth = True` or disabling the GPU, but I don't understand why I'm encountering a memory problem.",Known Unknown,tensorflow_tensorflow,issue,24496,Unknown,2,1,"I'm running a CNN on MNIST with a GPU, but I keep getting a CUDNN_STATUS_INTERNAL_ERROR. My system has 32GB of RAM and 64GB of swap, and htop shows more than 20GB of free memory. The issue is resolved by setting `gpu_options.allow_growth = True` or disabling the GPU, but I don't understand why I'm encountering a memory problem."
391,tensorflow_tensorflow,issue,24496,"I'm running the CNN model on MNIST. When I'm running with the GPU, I am encountering
2018-12-20 20:09:13.644176: E tensorflow/stream_executor/cuda/cuda_dnn.cc:334] Could not create cudnn handle: CUDNN_STATUS_INTERNAL_ERROR

I did some digging and realized that it is a memory issue (which shouldn't be the case as I have 32GB of RAM and 64GB of swap. I ran htop when running the model and I have 20+GB free, which is more than enough to fit the 8GB vRAM mappings.

Using the gpu_options.allow_growth = True gets the model to work properly, and setting os.environ['CUDA_VISIBLE_DEVICES'] = '-1' also works. This means that I AM facing a memory issue, but I don't see how.","I'm training a CNN on the MNIST dataset and facing a CUDNN_STATUS_INTERNAL_ERROR when using a GPU. My system has 32GB of RAM and 64GB of swap, and htop indicates over 20GB of free memory. The error is resolved by enabling GPU memory growth or running the model on the CPU, but I'm unsure why I'm experiencing a memory issue.",Known Unknown,tensorflow_tensorflow,issue,24496,Unknown,2,1,"I'm training a CNN on the MNIST dataset and facing a CUDNN_STATUS_INTERNAL_ERROR when using a GPU. My system has 32GB of RAM and 64GB of swap, and htop indicates over 20GB of free memory. The error is resolved by enabling GPU memory growth or running the model on the CPU, but I'm unsure why I'm experiencing a memory issue."
392,tensorflow_tensorflow,issue,24496,"I'm running the CNN model on MNIST. When I'm running with the GPU, I am encountering
2018-12-20 20:09:13.644176: E tensorflow/stream_executor/cuda/cuda_dnn.cc:334] Could not create cudnn handle: CUDNN_STATUS_INTERNAL_ERROR

I did some digging and realized that it is a memory issue (which shouldn't be the case as I have 32GB of RAM and 64GB of swap. I ran htop when running the model and I have 20+GB free, which is more than enough to fit the 8GB vRAM mappings.

Using the gpu_options.allow_growth = True gets the model to work properly, and setting os.environ['CUDA_VISIBLE_DEVICES'] = '-1' also works. This means that I AM facing a memory issue, but I don't see how.","I'm encountering a CUDNN_STATUS_INTERNAL_ERROR when training a CNN on MNIST with a GPU. Despite having 32GB of RAM and 64GB of swap, and observing over 20GB of free memory, the error persists. Setting `gpu_options.allow_growth = True` or disabling the GPU fixes the issue, but I don't understand the root cause of the memory problem.",Known Unknown,tensorflow_tensorflow,issue,24496,Unknown,2,1,"I'm encountering a CUDNN_STATUS_INTERNAL_ERROR when training a CNN on MNIST with a GPU. Despite having 32GB of RAM and 64GB of swap, and observing over 20GB of free memory, the error persists. Setting `gpu_options.allow_growth = True` or disabling the GPU fixes the issue, but I don't understand the root cause of the memory problem."
393,tensorflow_tensorflow,issue,24496,"I'm running the CNN model on MNIST. When I'm running with the GPU, I am encountering
2018-12-20 20:09:13.644176: E tensorflow/stream_executor/cuda/cuda_dnn.cc:334] Could not create cudnn handle: CUDNN_STATUS_INTERNAL_ERROR

I did some digging and realized that it is a memory issue (which shouldn't be the case as I have 32GB of RAM and 64GB of swap. I ran htop when running the model and I have 20+GB free, which is more than enough to fit the 8GB vRAM mappings.

Using the gpu_options.allow_growth = True gets the model to work properly, and setting os.environ['CUDA_VISIBLE_DEVICES'] = '-1' also works. This means that I AM facing a memory issue, but I don't see how.","I'm running a CNN on the MNIST dataset and getting a CUDNN_STATUS_INTERNAL_ERROR with the GPU. My system has 32GB of RAM and 64GB of swap, and htop shows more than 20GB of free memory. The issue is resolved by enabling GPU memory growth or running the model on the CPU, but I'm puzzled by the memory issue.",Known Unknown,tensorflow_tensorflow,issue,24496,Unknown,2,1,"I'm running a CNN on the MNIST dataset and getting a CUDNN_STATUS_INTERNAL_ERROR with the GPU. My system has 32GB of RAM and 64GB of swap, and htop shows more than 20GB of free memory. The issue is resolved by enabling GPU memory growth or running the model on the CPU, but I'm puzzled by the memory issue."
394,tensorflow_tensorflow,issue,24496,"I'm running the CNN model on MNIST. When I'm running with the GPU, I am encountering
2018-12-20 20:09:13.644176: E tensorflow/stream_executor/cuda/cuda_dnn.cc:334] Could not create cudnn handle: CUDNN_STATUS_INTERNAL_ERROR

I did some digging and realized that it is a memory issue (which shouldn't be the case as I have 32GB of RAM and 64GB of swap. I ran htop when running the model and I have 20+GB free, which is more than enough to fit the 8GB vRAM mappings.

Using the gpu_options.allow_growth = True gets the model to work properly, and setting os.environ['CUDA_VISIBLE_DEVICES'] = '-1' also works. This means that I AM facing a memory issue, but I don't see how.","I'm training a CNN on MNIST and facing a CUDNN_STATUS_INTERNAL_ERROR when using a GPU. Despite having 32GB of RAM and 64GB of swap, and observing over 20GB of free memory, the error persists. Setting `gpu_options.allow_growth = True` or disabling the GPU resolves the issue, but I don't understand why I'm encountering a memory problem.",Known Unknown,tensorflow_tensorflow,issue,24496,Unknown,2,1,"I'm training a CNN on MNIST and facing a CUDNN_STATUS_INTERNAL_ERROR when using a GPU. Despite having 32GB of RAM and 64GB of swap, and observing over 20GB of free memory, the error persists. Setting `gpu_options.allow_growth = True` or disabling the GPU resolves the issue, but I don't understand why I'm encountering a memory problem."
395,tensorflow_tensorflow,issue,24496,"I'm running the CNN model on MNIST. When I'm running with the GPU, I am encountering
2018-12-20 20:09:13.644176: E tensorflow/stream_executor/cuda/cuda_dnn.cc:334] Could not create cudnn handle: CUDNN_STATUS_INTERNAL_ERROR

I did some digging and realized that it is a memory issue (which shouldn't be the case as I have 32GB of RAM and 64GB of swap. I ran htop when running the model and I have 20+GB free, which is more than enough to fit the 8GB vRAM mappings.

Using the gpu_options.allow_growth = True gets the model to work properly, and setting os.environ['CUDA_VISIBLE_DEVICES'] = '-1' also works. This means that I AM facing a memory issue, but I don't see how.","I'm running a CNN on the MNIST dataset and encountering a CUDNN_STATUS_INTERNAL_ERROR with the GPU. My system has 32GB of RAM and 64GB of swap, and htop shows more than 20GB of free memory. The error is resolved by enabling GPU memory growth or running the model on the CPU, but I'm confused about the memory issue.",Known Unknown,tensorflow_tensorflow,issue,24496,Unknown,2,1,"I'm running a CNN on the MNIST dataset and encountering a CUDNN_STATUS_INTERNAL_ERROR with the GPU. My system has 32GB of RAM and 64GB of swap, and htop shows more than 20GB of free memory. The error is resolved by enabling GPU memory growth or running the model on the CPU, but I'm confused about the memory issue."
396,tensorflow_tensorflow,issue,24496,"I'm running the CNN model on MNIST. When I'm running with the GPU, I am encountering
2018-12-20 20:09:13.644176: E tensorflow/stream_executor/cuda/cuda_dnn.cc:334] Could not create cudnn handle: CUDNN_STATUS_INTERNAL_ERROR

I did some digging and realized that it is a memory issue (which shouldn't be the case as I have 32GB of RAM and 64GB of swap. I ran htop when running the model and I have 20+GB free, which is more than enough to fit the 8GB vRAM mappings.

Using the gpu_options.allow_growth = True gets the model to work properly, and setting os.environ['CUDA_VISIBLE_DEVICES'] = '-1' also works. This means that I AM facing a memory issue, but I don't see how.","I'm training a CNN on MNIST and facing a CUDNN_STATUS_INTERNAL_ERROR when using a GPU. Despite having 32GB of RAM and 64GB of swap, and observing over 20GB of free memory, the error persists. Setting `gpu_options.allow_growth = True` or disabling the GPU fixes the issue, but I don't understand why I'm encountering a memory problem.",Known Unknown,tensorflow_tensorflow,issue,24496,Unknown,2,1,"I'm training a CNN on MNIST and facing a CUDNN_STATUS_INTERNAL_ERROR when using a GPU. Despite having 32GB of RAM and 64GB of swap, and observing over 20GB of free memory, the error persists. Setting `gpu_options.allow_growth = True` or disabling the GPU fixes the issue, but I don't understand why I'm encountering a memory problem."
397,tensorflow_tensorflow,issue,24496,"I'm running the CNN model on MNIST. When I'm running with the GPU, I am encountering
2018-12-20 20:09:13.644176: E tensorflow/stream_executor/cuda/cuda_dnn.cc:334] Could not create cudnn handle: CUDNN_STATUS_INTERNAL_ERROR

I did some digging and realized that it is a memory issue (which shouldn't be the case as I have 32GB of RAM and 64GB of swap. I ran htop when running the model and I have 20+GB free, which is more than enough to fit the 8GB vRAM mappings.

Using the gpu_options.allow_growth = True gets the model to work properly, and setting os.environ['CUDA_VISIBLE_DEVICES'] = '-1' also works. This means that I AM facing a memory issue, but I don't see how.","I'm running a CNN on the MNIST dataset and getting a CUDNN_STATUS_INTERNAL_ERROR with the GPU. My system has 32GB of RAM and 64GB of swap, and htop indicates over 20GB of free memory. The issue is resolved by enabling GPU memory growth or running the model on the CPU, but I'm unsure why I'm experiencing a memory issue.",Known Unknown,tensorflow_tensorflow,issue,24496,Unknown,2,1,"I'm running a CNN on the MNIST dataset and getting a CUDNN_STATUS_INTERNAL_ERROR with the GPU. My system has 32GB of RAM and 64GB of swap, and htop indicates over 20GB of free memory. The issue is resolved by enabling GPU memory growth or running the model on the CPU, but I'm unsure why I'm experiencing a memory issue."
398,tensorflow_tensorflow,issue,24496,I was finally able to fix my problem was setting config.gpu_options.allow_growth = True.,I managed to resolve my issue by setting `config.gpu_options.allow_growth = True`. This configuration change allowed my model to run without running out of GPU memory.,Knowledge,tensorflow_tensorflow,issue,24496,Knowledge,0,0,I managed to resolve my issue by setting `config.gpu_options.allow_growth = True`. This configuration change allowed my model to run without running out of GPU memory.
399,tensorflow_tensorflow,issue,24496,I was finally able to fix my problem was setting config.gpu_options.allow_growth = True.,The solution to my problem was to enable GPU memory growth by setting `config.gpu_options.allow_growth = True`. This adjustment prevented the out-of-memory errors I was encountering.,Knowledge,tensorflow_tensorflow,issue,24496,Knowledge,0,0,The solution to my problem was to enable GPU memory growth by setting `config.gpu_options.allow_growth = True`. This adjustment prevented the out-of-memory errors I was encountering.
400,tensorflow_tensorflow,issue,24496,I was finally able to fix my problem was setting config.gpu_options.allow_growth = True.,"I finally got my model to work by configuring `config.gpu_options.allow_growth = True`. This setting ensures that the GPU memory is allocated dynamically, which fixed the memory issues I was facing.",Knowledge,tensorflow_tensorflow,issue,24496,Knowledge,0,0,"I finally got my model to work by configuring `config.gpu_options.allow_growth = True`. This setting ensures that the GPU memory is allocated dynamically, which fixed the memory issues I was facing."
401,tensorflow_tensorflow,issue,24496,I was finally able to fix my problem was setting config.gpu_options.allow_growth = True.,Setting `config.gpu_options.allow_growth = True` was the key to fixing my GPU memory issues. This configuration change allowed the model to run smoothly without running out of memory.,Knowledge,tensorflow_tensorflow,issue,24496,Knowledge,0,0,Setting `config.gpu_options.allow_growth = True` was the key to fixing my GPU memory issues. This configuration change allowed the model to run smoothly without running out of memory.
402,tensorflow_tensorflow,issue,24496,I was finally able to fix my problem was setting config.gpu_options.allow_growth = True.,I was able to fix the GPU memory allocation problem by setting `config.gpu_options.allow_growth = True`. This setting ensures that the GPU memory is managed more efficiently.,Knowledge,tensorflow_tensorflow,issue,24496,Knowledge,0,0,I was able to fix the GPU memory allocation problem by setting `config.gpu_options.allow_growth = True`. This setting ensures that the GPU memory is managed more efficiently.
403,tensorflow_tensorflow,issue,24496,I was finally able to fix my problem was setting config.gpu_options.allow_growth = True.,"The issue with my model running out of GPU memory was resolved by setting `config.gpu_options.allow_growth = True`. This configuration change allowed the GPU to allocate memory dynamically, which solved the problem.",Knowledge,tensorflow_tensorflow,issue,24496,Knowledge,0,0,"The issue with my model running out of GPU memory was resolved by setting `config.gpu_options.allow_growth = True`. This configuration change allowed the GPU to allocate memory dynamically, which solved the problem."
404,tensorflow_tensorflow,issue,24496,I was finally able to fix my problem was setting config.gpu_options.allow_growth = True.,"I finally found the solution to my GPU memory issues by setting `config.gpu_options.allow_growth = True`. This setting ensures that the GPU memory is allocated as needed, preventing out-of-memory errors.",Knowledge,tensorflow_tensorflow,issue,24496,Knowledge,0,0,"I finally found the solution to my GPU memory issues by setting `config.gpu_options.allow_growth = True`. This setting ensures that the GPU memory is allocated as needed, preventing out-of-memory errors."
405,tensorflow_tensorflow,issue,24496,I was finally able to fix my problem was setting config.gpu_options.allow_growth = True.,I resolved the GPU memory allocation problem by enabling dynamic memory growth with `config.gpu_options.allow_growth = True`. This configuration change fixed the issues I was facing with my model.,Knowledge,tensorflow_tensorflow,issue,24496,Knowledge,0,0,I resolved the GPU memory allocation problem by enabling dynamic memory growth with `config.gpu_options.allow_growth = True`. This configuration change fixed the issues I was facing with my model.
406,tensorflow_tensorflow,issue,24496,I was finally able to fix my problem was setting config.gpu_options.allow_growth = True.,"The solution to my GPU memory issues was to set `config.gpu_options.allow_growth = True`. This setting allowed the GPU to manage memory more efficiently, which fixed the problem.",Knowledge,tensorflow_tensorflow,issue,24496,Knowledge,0,0,"The solution to my GPU memory issues was to set `config.gpu_options.allow_growth = True`. This setting allowed the GPU to manage memory more efficiently, which fixed the problem."
407,tensorflow_tensorflow,issue,24496,I was finally able to fix my problem was setting config.gpu_options.allow_growth = True.,"I was able to fix the GPU memory issues by setting `config.gpu_options.allow_growth = True`. This configuration change ensured that the GPU memory was allocated dynamically, which resolved the out-of-memory errors.",Knowledge,tensorflow_tensorflow,issue,24496,Knowledge,0,0,"I was able to fix the GPU memory issues by setting `config.gpu_options.allow_growth = True`. This configuration change ensured that the GPU memory was allocated dynamically, which resolved the out-of-memory errors."
408,tensorflow_tensorflow,issue,37942,"my jupyter notebook that is training some LSTMs on the GPU crashes after some time with the following traceback:

InternalError:  [_Derived_]  Failed to call ThenRnnBackward with model config: [rnn_mode, rnn_input_mode, rnn_direction_mode]: 2, 0, 0 , [num_layers, input_size, num_units, dir_count, max_seq_length, batch_size, cell_num_units]: [1, 100, 100, 1, 249, 32, 100] 
         [[{{node gradients/CudnnRNN_grad/CudnnRNNBackprop}}]]
         [[StatefulPartitionedCall_1]] [Op:__inference_distributed_function_7604]

Function call stack:
distributed_function -> distributed_function -> distributed_function

This crash happens after a random amount of epochs (sometimes 6, sometimes 130+ sometimes 300+). It also crashes on different Windows machines with different GPUs. In the stacktrace I can find the following line:
130         # TODO(kaftan): File bug about tf function and errors.OutOfRangeError?

I wonder if this is connected to this issue?","My Jupyter notebook training LSTMs on the GPU crashes intermittently with an InternalError related to CudnnRNNBackward. The error message indicates a failure in the model configuration, and the crash occurs after a varying number of epochs. I've observed this issue on multiple Windows machines with different GPUs. Could this be related to the OutOfRangeError mentioned in the stacktrace?",Known Unknown,tensorflow_tensorflow,issue,37942,Unknown,2,1,"My Jupyter notebook training LSTMs on the GPU crashes intermittently with an InternalError related to CudnnRNNBackward. The error message indicates a failure in the model configuration, and the crash occurs after a varying number of epochs. I've observed this issue on multiple Windows machines with different GPUs. Could this be related to the OutOfRangeError mentioned in the stacktrace?"
409,tensorflow_tensorflow,issue,37942,"my jupyter notebook that is training some LSTMs on the GPU crashes after some time with the following traceback:

InternalError:  [_Derived_]  Failed to call ThenRnnBackward with model config: [rnn_mode, rnn_input_mode, rnn_direction_mode]: 2, 0, 0 , [num_layers, input_size, num_units, dir_count, max_seq_length, batch_size, cell_num_units]: [1, 100, 100, 1, 249, 32, 100] 
         [[{{node gradients/CudnnRNN_grad/CudnnRNNBackprop}}]]
         [[StatefulPartitionedCall_1]] [Op:__inference_distributed_function_7604]

Function call stack:
distributed_function -> distributed_function -> distributed_function

This crash happens after a random amount of epochs (sometimes 6, sometimes 130+ sometimes 300+). It also crashes on different Windows machines with different GPUs. In the stacktrace I can find the following line:
130         # TODO(kaftan): File bug about tf function and errors.OutOfRangeError?

I wonder if this is connected to this issue?","I'm experiencing crashes in my Jupyter notebook while training LSTMs on the GPU. The error message points to a failure in the CudnnRNNBackward operation, and the crash happens after a random number of epochs. This issue is consistent across different Windows machines and GPUs. The stacktrace mentions an OutOfRangeError, which might be relevant. Is this a known issue?",Known Unknown,tensorflow_tensorflow,issue,37942,Unknown,2,1,"I'm experiencing crashes in my Jupyter notebook while training LSTMs on the GPU. The error message points to a failure in the CudnnRNNBackward operation, and the crash happens after a random number of epochs. This issue is consistent across different Windows machines and GPUs. The stacktrace mentions an OutOfRangeError, which might be relevant. Is this a known issue?"
410,tensorflow_tensorflow,issue,37942,"my jupyter notebook that is training some LSTMs on the GPU crashes after some time with the following traceback:

InternalError:  [_Derived_]  Failed to call ThenRnnBackward with model config: [rnn_mode, rnn_input_mode, rnn_direction_mode]: 2, 0, 0 , [num_layers, input_size, num_units, dir_count, max_seq_length, batch_size, cell_num_units]: [1, 100, 100, 1, 249, 32, 100] 
         [[{{node gradients/CudnnRNN_grad/CudnnRNNBackprop}}]]
         [[StatefulPartitionedCall_1]] [Op:__inference_distributed_function_7604]

Function call stack:
distributed_function -> distributed_function -> distributed_function

This crash happens after a random amount of epochs (sometimes 6, sometimes 130+ sometimes 300+). It also crashes on different Windows machines with different GPUs. In the stacktrace I can find the following line:
130         # TODO(kaftan): File bug about tf function and errors.OutOfRangeError?

I wonder if this is connected to this issue?",My LSTM training in a Jupyter notebook on the GPU crashes with an InternalError after a varying number of epochs. The error seems to be related to the CudnnRNNBackward operation and the model configuration. I've encountered this on multiple Windows machines with different GPUs. The stacktrace includes a reference to an OutOfRangeError. Could this be a bug in TensorFlow or PyTorch?,Known Unknown,tensorflow_tensorflow,issue,37942,Unknown,2,1,My LSTM training in a Jupyter notebook on the GPU crashes with an InternalError after a varying number of epochs. The error seems to be related to the CudnnRNNBackward operation and the model configuration. I've encountered this on multiple Windows machines with different GPUs. The stacktrace includes a reference to an OutOfRangeError. Could this be a bug in TensorFlow or PyTorch?
411,tensorflow_tensorflow,issue,37942,"my jupyter notebook that is training some LSTMs on the GPU crashes after some time with the following traceback:

InternalError:  [_Derived_]  Failed to call ThenRnnBackward with model config: [rnn_mode, rnn_input_mode, rnn_direction_mode]: 2, 0, 0 , [num_layers, input_size, num_units, dir_count, max_seq_length, batch_size, cell_num_units]: [1, 100, 100, 1, 249, 32, 100] 
         [[{{node gradients/CudnnRNN_grad/CudnnRNNBackprop}}]]
         [[StatefulPartitionedCall_1]] [Op:__inference_distributed_function_7604]

Function call stack:
distributed_function -> distributed_function -> distributed_function

This crash happens after a random amount of epochs (sometimes 6, sometimes 130+ sometimes 300+). It also crashes on different Windows machines with different GPUs. In the stacktrace I can find the following line:
130         # TODO(kaftan): File bug about tf function and errors.OutOfRangeError?

I wonder if this is connected to this issue?","I'm facing intermittent crashes in my Jupyter notebook while training LSTMs on the GPU. The error message indicates a failure in the CudnnRNNBackward operation, and the crash occurs after a random number of epochs. This issue is consistent across different Windows machines and GPUs. The stacktrace mentions an OutOfRangeError. Is this a known issue or a configuration problem?",Known Unknown,tensorflow_tensorflow,issue,37942,Unknown,2,1,"I'm facing intermittent crashes in my Jupyter notebook while training LSTMs on the GPU. The error message indicates a failure in the CudnnRNNBackward operation, and the crash occurs after a random number of epochs. This issue is consistent across different Windows machines and GPUs. The stacktrace mentions an OutOfRangeError. Is this a known issue or a configuration problem?"
412,tensorflow_tensorflow,issue,37942,"my jupyter notebook that is training some LSTMs on the GPU crashes after some time with the following traceback:

InternalError:  [_Derived_]  Failed to call ThenRnnBackward with model config: [rnn_mode, rnn_input_mode, rnn_direction_mode]: 2, 0, 0 , [num_layers, input_size, num_units, dir_count, max_seq_length, batch_size, cell_num_units]: [1, 100, 100, 1, 249, 32, 100] 
         [[{{node gradients/CudnnRNN_grad/CudnnRNNBackprop}}]]
         [[StatefulPartitionedCall_1]] [Op:__inference_distributed_function_7604]

Function call stack:
distributed_function -> distributed_function -> distributed_function

This crash happens after a random amount of epochs (sometimes 6, sometimes 130+ sometimes 300+). It also crashes on different Windows machines with different GPUs. In the stacktrace I can find the following line:
130         # TODO(kaftan): File bug about tf function and errors.OutOfRangeError?

I wonder if this is connected to this issue?",My Jupyter notebook training LSTMs on the GPU crashes with an InternalError after a varying number of epochs. The error message points to a failure in the CudnnRNNBackward operation and the model configuration. I've observed this issue on multiple Windows machines with different GPUs. The stacktrace includes a reference to an OutOfRangeError. Could this be a bug in the CudnnRNN implementation?,Known Unknown,tensorflow_tensorflow,issue,37942,Unknown,2,1,My Jupyter notebook training LSTMs on the GPU crashes with an InternalError after a varying number of epochs. The error message points to a failure in the CudnnRNNBackward operation and the model configuration. I've observed this issue on multiple Windows machines with different GPUs. The stacktrace includes a reference to an OutOfRangeError. Could this be a bug in the CudnnRNN implementation?
413,tensorflow_tensorflow,issue,37942,"my jupyter notebook that is training some LSTMs on the GPU crashes after some time with the following traceback:

InternalError:  [_Derived_]  Failed to call ThenRnnBackward with model config: [rnn_mode, rnn_input_mode, rnn_direction_mode]: 2, 0, 0 , [num_layers, input_size, num_units, dir_count, max_seq_length, batch_size, cell_num_units]: [1, 100, 100, 1, 249, 32, 100] 
         [[{{node gradients/CudnnRNN_grad/CudnnRNNBackprop}}]]
         [[StatefulPartitionedCall_1]] [Op:__inference_distributed_function_7604]

Function call stack:
distributed_function -> distributed_function -> distributed_function

This crash happens after a random amount of epochs (sometimes 6, sometimes 130+ sometimes 300+). It also crashes on different Windows machines with different GPUs. In the stacktrace I can find the following line:
130         # TODO(kaftan): File bug about tf function and errors.OutOfRangeError?

I wonder if this is connected to this issue?","I'm encountering crashes in my Jupyter notebook while training LSTMs on the GPU. The error message indicates a failure in the CudnnRNNBackward operation, and the crash happens after a random number of epochs. This issue is consistent across different Windows machines and GPUs. The stacktrace mentions an OutOfRangeError. Is this a known issue or a problem with my setup?",Known Unknown,tensorflow_tensorflow,issue,37942,Unknown,2,1,"I'm encountering crashes in my Jupyter notebook while training LSTMs on the GPU. The error message indicates a failure in the CudnnRNNBackward operation, and the crash happens after a random number of epochs. This issue is consistent across different Windows machines and GPUs. The stacktrace mentions an OutOfRangeError. Is this a known issue or a problem with my setup?"
414,tensorflow_tensorflow,issue,37492,"To train the LSTM-model on a GPU on my plattform (Windows 10, tf 2.1.0), the parameter batch_input_shape must be specified during the model creation in the very first layer and the parameter input_shape must be omitted.","When training an LSTM model on a GPU using TensorFlow 2.1.0 on Windows 10, it's essential to specify the `batch_input_shape` parameter in the first layer and avoid using `input_shape` to ensure the model runs correctly.",Knowledge,tensorflow_tensorflow,issue,37492,Knowledge,0,0,"When training an LSTM model on a GPU using TensorFlow 2.1.0 on Windows 10, it's essential to specify the `batch_input_shape` parameter in the first layer and avoid using `input_shape` to ensure the model runs correctly."
415,tensorflow_tensorflow,issue,37492,"To train the LSTM-model on a GPU on my plattform (Windows 10, tf 2.1.0), the parameter batch_input_shape must be specified during the model creation in the very first layer and the parameter input_shape must be omitted.","To get an LSTM model running on a GPU with TensorFlow 2.1.0 on Windows 10, you need to set the `batch_input_shape` parameter in the initial layer and leave out the `input_shape` parameter.",Knowledge,tensorflow_tensorflow,issue,37492,Knowledge,0,0,"To get an LSTM model running on a GPU with TensorFlow 2.1.0 on Windows 10, you need to set the `batch_input_shape` parameter in the initial layer and leave out the `input_shape` parameter."
416,tensorflow_tensorflow,issue,37492,"To train the LSTM-model on a GPU on my plattform (Windows 10, tf 2.1.0), the parameter batch_input_shape must be specified during the model creation in the very first layer and the parameter input_shape must be omitted.","For training an LSTM model on a GPU with TensorFlow 2.1.0 on a Windows 10 system, the `batch_input_shape` parameter must be defined in the first layer, and the `input_shape` parameter should not be used.",Knowledge,tensorflow_tensorflow,issue,37492,Knowledge,0,0,"For training an LSTM model on a GPU with TensorFlow 2.1.0 on a Windows 10 system, the `batch_input_shape` parameter must be defined in the first layer, and the `input_shape` parameter should not be used."
417,tensorflow_tensorflow,issue,37492,"To train the LSTM-model on a GPU on my plattform (Windows 10, tf 2.1.0), the parameter batch_input_shape must be specified during the model creation in the very first layer and the parameter input_shape must be omitted.","In order to train an LSTM model on a GPU using TensorFlow 2.1.0 on Windows 10, you must specify the `batch_input_shape` in the first layer and omit the `input_shape` parameter to avoid issues.",Knowledge,tensorflow_tensorflow,issue,37492,Knowledge,0,0,"In order to train an LSTM model on a GPU using TensorFlow 2.1.0 on Windows 10, you must specify the `batch_input_shape` in the first layer and omit the `input_shape` parameter to avoid issues."
418,tensorflow_tensorflow,issue,37492,"To train the LSTM-model on a GPU on my plattform (Windows 10, tf 2.1.0), the parameter batch_input_shape must be specified during the model creation in the very first layer and the parameter input_shape must be omitted.","To ensure that an LSTM model trains correctly on a GPU with TensorFlow 2.1.0 on Windows 10, the `batch_input_shape` parameter should be set in the first layer, and the `input_shape` parameter should be excluded.",Knowledge,tensorflow_tensorflow,issue,37492,Knowledge,0,0,"To ensure that an LSTM model trains correctly on a GPU with TensorFlow 2.1.0 on Windows 10, the `batch_input_shape` parameter should be set in the first layer, and the `input_shape` parameter should be excluded."
419,tensorflow_tensorflow,issue,37492,"To train the LSTM-model on a GPU on my plattform (Windows 10, tf 2.1.0), the parameter batch_input_shape must be specified during the model creation in the very first layer and the parameter input_shape must be omitted.","When setting up an LSTM model for GPU training on TensorFlow 2.1.0 with Windows 10, you need to specify the `batch_input_shape` in the first layer and avoid using the `input_shape` parameter to prevent errors.",Knowledge,tensorflow_tensorflow,issue,37492,Knowledge,0,0,"When setting up an LSTM model for GPU training on TensorFlow 2.1.0 with Windows 10, you need to specify the `batch_input_shape` in the first layer and avoid using the `input_shape` parameter to prevent errors."
420,tensorflow_tensorflow,issue,37492,"To train the LSTM-model on a GPU on my plattform (Windows 10, tf 2.1.0), the parameter batch_input_shape must be specified during the model creation in the very first layer and the parameter input_shape must be omitted.","For GPU training of an LSTM model using TensorFlow 2.1.0 on Windows 10, the `batch_input_shape` parameter must be included in the first layer, and the `input_shape` parameter should be omitted.",Knowledge,tensorflow_tensorflow,issue,37492,Knowledge,0,0,"For GPU training of an LSTM model using TensorFlow 2.1.0 on Windows 10, the `batch_input_shape` parameter must be included in the first layer, and the `input_shape` parameter should be omitted."
421,tensorflow_tensorflow,issue,37492,"To train the LSTM-model on a GPU on my plattform (Windows 10, tf 2.1.0), the parameter batch_input_shape must be specified during the model creation in the very first layer and the parameter input_shape must be omitted.","To train an LSTM model on a GPU with TensorFlow 2.1.0 on a Windows 10 platform, you must define the `batch_input_shape` in the first layer and not use the `input_shape` parameter.",Knowledge,tensorflow_tensorflow,issue,37492,Knowledge,0,0,"To train an LSTM model on a GPU with TensorFlow 2.1.0 on a Windows 10 platform, you must define the `batch_input_shape` in the first layer and not use the `input_shape` parameter."
422,tensorflow_tensorflow,issue,37492,"To train the LSTM-model on a GPU on my plattform (Windows 10, tf 2.1.0), the parameter batch_input_shape must be specified during the model creation in the very first layer and the parameter input_shape must be omitted.","When configuring an LSTM model for GPU training on TensorFlow 2.1.0 with Windows 10, the `batch_input_shape` parameter should be specified in the first layer, and the `input_shape` parameter should be left out.",Knowledge,tensorflow_tensorflow,issue,37492,Knowledge,0,0,"When configuring an LSTM model for GPU training on TensorFlow 2.1.0 with Windows 10, the `batch_input_shape` parameter should be specified in the first layer, and the `input_shape` parameter should be left out."
423,tensorflow_tensorflow,issue,37492,"To train the LSTM-model on a GPU on my plattform (Windows 10, tf 2.1.0), the parameter batch_input_shape must be specified during the model creation in the very first layer and the parameter input_shape must be omitted.","To ensure smooth GPU training of an LSTM model with TensorFlow 2.1.0 on Windows 10, the `batch_input_shape` parameter must be set in the first layer, and the `input_shape` parameter should be omitted.",Knowledge,tensorflow_tensorflow,issue,37492,Knowledge,0,0,"To ensure smooth GPU training of an LSTM model with TensorFlow 2.1.0 on Windows 10, the `batch_input_shape` parameter must be set in the first layer, and the `input_shape` parameter should be omitted."
424,tensorflow_tensorflow,issue,37492,"Hey all,

so I could just verify that all of the problems in this issue are connected with the Windows-version of tensorflow. I installed a fresh Ubuntu Bionic and followed the instructions [0] to set it up with CUDA on my homeoffice-workstation with a GTX 1060 6GB and none of the described problems was ever encountered again. :/

So please save yourself the trouble and just use Linux to train your LSTMs on the GPU. Even the validation_split-parameter works there without any problem and I had not to set up any batch_input_shape with divisible sets for training, validation, etc. Now it is just so easy.","I've confirmed that the issues mentioned in this thread are specific to the Windows version of TensorFlow. After setting up a fresh Ubuntu Bionic installation with CUDA on my home office workstation equipped with a GTX 1060 6GB, I didn't encounter any of the described problems. It seems that using Linux for GPU training with TensorFlow is much smoother, and features like validation_split work without any issues.",Knowledge,tensorflow_tensorflow,issue,37492,Knowledge,0,0,"I've confirmed that the issues mentioned in this thread are specific to the Windows version of TensorFlow. After setting up a fresh Ubuntu Bionic installation with CUDA on my home office workstation equipped with a GTX 1060 6GB, I didn't encounter any of the described problems. It seems that using Linux for GPU training with TensorFlow is much smoother, and features like validation_split work without any issues."
425,tensorflow_tensorflow,issue,37492,"Hey all,

so I could just verify that all of the problems in this issue are connected with the Windows-version of tensorflow. I installed a fresh Ubuntu Bionic and followed the instructions [0] to set it up with CUDA on my homeoffice-workstation with a GTX 1060 6GB and none of the described problems was ever encountered again. :/

So please save yourself the trouble and just use Linux to train your LSTMs on the GPU. Even the validation_split-parameter works there without any problem and I had not to set up any batch_input_shape with divisible sets for training, validation, etc. Now it is just so easy.","Just wanted to share that the problems discussed here are only present in the Windows version of TensorFlow. I installed a clean Ubuntu Bionic system with CUDA on my home office workstation, which has a GTX 1060 6GB, and everything worked perfectly. No issues with training LSTMs on the GPU, and the validation_split parameter functions as expected without needing to adjust batch_input_shape.",Knowledge,tensorflow_tensorflow,issue,37492,Knowledge,0,0,"Just wanted to share that the problems discussed here are only present in the Windows version of TensorFlow. I installed a clean Ubuntu Bionic system with CUDA on my home office workstation, which has a GTX 1060 6GB, and everything worked perfectly. No issues with training LSTMs on the GPU, and the validation_split parameter functions as expected without needing to adjust batch_input_shape."
426,tensorflow_tensorflow,issue,37492,"Hey all,

so I could just verify that all of the problems in this issue are connected with the Windows-version of tensorflow. I installed a fresh Ubuntu Bionic and followed the instructions [0] to set it up with CUDA on my homeoffice-workstation with a GTX 1060 6GB and none of the described problems was ever encountered again. :/

So please save yourself the trouble and just use Linux to train your LSTMs on the GPU. Even the validation_split-parameter works there without any problem and I had not to set up any batch_input_shape with divisible sets for training, validation, etc. Now it is just so easy.","I can confirm that the issues in this issue are Windows-specific. I set up a fresh Ubuntu Bionic environment with CUDA on my home office workstation, which has a GTX 1060 6GB, and none of the problems were present. Training LSTMs on the GPU is much easier on Linux, and the validation_split parameter works seamlessly without any additional configuration.",Knowledge,tensorflow_tensorflow,issue,37492,Knowledge,0,0,"I can confirm that the issues in this issue are Windows-specific. I set up a fresh Ubuntu Bionic environment with CUDA on my home office workstation, which has a GTX 1060 6GB, and none of the problems were present. Training LSTMs on the GPU is much easier on Linux, and the validation_split parameter works seamlessly without any additional configuration."
427,tensorflow_tensorflow,issue,37492,"Hey all,

so I could just verify that all of the problems in this issue are connected with the Windows-version of tensorflow. I installed a fresh Ubuntu Bionic and followed the instructions [0] to set it up with CUDA on my homeoffice-workstation with a GTX 1060 6GB and none of the described problems was ever encountered again. :/

So please save yourself the trouble and just use Linux to train your LSTMs on the GPU. Even the validation_split-parameter works there without any problem and I had not to set up any batch_input_shape with divisible sets for training, validation, etc. Now it is just so easy.","I've verified that the issues mentioned in this thread are exclusive to the Windows version of TensorFlow. After installing a fresh Ubuntu Bionic system with CUDA on my home office workstation with a GTX 1060 6GB, I didn't face any of the described problems. It's much simpler to train LSTMs on the GPU using Linux, and the validation_split parameter works without any issues.",Knowledge,tensorflow_tensorflow,issue,37492,Knowledge,0,0,"I've verified that the issues mentioned in this thread are exclusive to the Windows version of TensorFlow. After installing a fresh Ubuntu Bionic system with CUDA on my home office workstation with a GTX 1060 6GB, I didn't face any of the described problems. It's much simpler to train LSTMs on the GPU using Linux, and the validation_split parameter works without any issues."
428,tensorflow_tensorflow,issue,37492,"Hey all,

so I could just verify that all of the problems in this issue are connected with the Windows-version of tensorflow. I installed a fresh Ubuntu Bionic and followed the instructions [0] to set it up with CUDA on my homeoffice-workstation with a GTX 1060 6GB and none of the described problems was ever encountered again. :/

So please save yourself the trouble and just use Linux to train your LSTMs on the GPU. Even the validation_split-parameter works there without any problem and I had not to set up any batch_input_shape with divisible sets for training, validation, etc. Now it is just so easy.","I can confirm that the problems discussed in this issue are specific to the Windows version of TensorFlow. I set up a fresh Ubuntu Bionic system with CUDA on my home office workstation, which has a GTX 1060 6GB, and everything worked flawlessly. Training LSTMs on the GPU is much more straightforward on Linux, and the validation_split parameter functions as expected without any additional setup.",Knowledge,tensorflow_tensorflow,issue,37492,Knowledge,0,0,"I can confirm that the problems discussed in this issue are specific to the Windows version of TensorFlow. I set up a fresh Ubuntu Bionic system with CUDA on my home office workstation, which has a GTX 1060 6GB, and everything worked flawlessly. Training LSTMs on the GPU is much more straightforward on Linux, and the validation_split parameter functions as expected without any additional setup."
429,tensorflow_tensorflow,issue,37492,"Hey all,

so I could just verify that all of the problems in this issue are connected with the Windows-version of tensorflow. I installed a fresh Ubuntu Bionic and followed the instructions [0] to set it up with CUDA on my homeoffice-workstation with a GTX 1060 6GB and none of the described problems was ever encountered again. :/

So please save yourself the trouble and just use Linux to train your LSTMs on the GPU. Even the validation_split-parameter works there without any problem and I had not to set up any batch_input_shape with divisible sets for training, validation, etc. Now it is just so easy.","I've found that the issues in this thread are only present in the Windows version of TensorFlow. After setting up a fresh Ubuntu Bionic system with CUDA on my home office workstation with a GTX 1060 6GB, I didn't encounter any of the described problems. Training LSTMs on the GPU is much easier on Linux, and the validation_split parameter works without any issues.",Knowledge,tensorflow_tensorflow,issue,37492,Knowledge,0,0,"I've found that the issues in this thread are only present in the Windows version of TensorFlow. After setting up a fresh Ubuntu Bionic system with CUDA on my home office workstation with a GTX 1060 6GB, I didn't encounter any of the described problems. Training LSTMs on the GPU is much easier on Linux, and the validation_split parameter works without any issues."
430,tensorflow_tensorflow,issue,37492,"Hey all,

so I could just verify that all of the problems in this issue are connected with the Windows-version of tensorflow. I installed a fresh Ubuntu Bionic and followed the instructions [0] to set it up with CUDA on my homeoffice-workstation with a GTX 1060 6GB and none of the described problems was ever encountered again. :/

So please save yourself the trouble and just use Linux to train your LSTMs on the GPU. Even the validation_split-parameter works there without any problem and I had not to set up any batch_input_shape with divisible sets for training, validation, etc. Now it is just so easy.","I can confirm that the issues mentioned in this thread are specific to the Windows version of TensorFlow. I installed a fresh Ubuntu Bionic system with CUDA on my home office workstation, which has a GTX 1060 6GB, and none of the problems were present. Training LSTMs on the GPU is much more straightforward on Linux, and the validation_split parameter works as expected without any additional configuration.",Knowledge,tensorflow_tensorflow,issue,37492,Knowledge,0,0,"I can confirm that the issues mentioned in this thread are specific to the Windows version of TensorFlow. I installed a fresh Ubuntu Bionic system with CUDA on my home office workstation, which has a GTX 1060 6GB, and none of the problems were present. Training LSTMs on the GPU is much more straightforward on Linux, and the validation_split parameter works as expected without any additional configuration."
431,tensorflow_tensorflow,issue,37492,"Hey all,

so I could just verify that all of the problems in this issue are connected with the Windows-version of tensorflow. I installed a fresh Ubuntu Bionic and followed the instructions [0] to set it up with CUDA on my homeoffice-workstation with a GTX 1060 6GB and none of the described problems was ever encountered again. :/

So please save yourself the trouble and just use Linux to train your LSTMs on the GPU. Even the validation_split-parameter works there without any problem and I had not to set up any batch_input_shape with divisible sets for training, validation, etc. Now it is just so easy.","I've verified that the issues in this issue are Windows-specific. After setting up a fresh Ubuntu Bionic system with CUDA on my home office workstation with a GTX 1060 6GB, I didn't face any of the described problems. Training LSTMs on the GPU is much easier on Linux, and the validation_split parameter works without any issues.",Knowledge,tensorflow_tensorflow,issue,37492,Knowledge,0,0,"I've verified that the issues in this issue are Windows-specific. After setting up a fresh Ubuntu Bionic system with CUDA on my home office workstation with a GTX 1060 6GB, I didn't face any of the described problems. Training LSTMs on the GPU is much easier on Linux, and the validation_split parameter works without any issues."
432,tensorflow_tensorflow,issue,37492,"Hey all,

so I could just verify that all of the problems in this issue are connected with the Windows-version of tensorflow. I installed a fresh Ubuntu Bionic and followed the instructions [0] to set it up with CUDA on my homeoffice-workstation with a GTX 1060 6GB and none of the described problems was ever encountered again. :/

So please save yourself the trouble and just use Linux to train your LSTMs on the GPU. Even the validation_split-parameter works there without any problem and I had not to set up any batch_input_shape with divisible sets for training, validation, etc. Now it is just so easy.","I can confirm that the issues discussed in this thread are specific to the Windows version of TensorFlow. I set up a fresh Ubuntu Bionic system with CUDA on my home office workstation, which has a GTX 1060 6GB, and everything worked perfectly. Training LSTMs on the GPU is much more straightforward on Linux, and the validation_split parameter functions as expected without any additional setup.",Knowledge,tensorflow_tensorflow,issue,37492,Knowledge,0,0,"I can confirm that the issues discussed in this thread are specific to the Windows version of TensorFlow. I set up a fresh Ubuntu Bionic system with CUDA on my home office workstation, which has a GTX 1060 6GB, and everything worked perfectly. Training LSTMs on the GPU is much more straightforward on Linux, and the validation_split parameter functions as expected without any additional setup."
433,numpy_numpy,issue,28024,"Since there is a well defined interoperability protocol I was assuming that it is safe to call numpy functions on foreign objects, until I discovered this strange behaviour:

>>> import numpy as np
>>> class Kls: pass
...
>>> a = Kls()
>>> a.mean = None
>>> np.mean(a)
Traceback (most recent call last):
  File ""<stdin>"", line 1, in <module>
  File ""/Users/miccoli/work/uvenv/bigdata/.venv/lib/python3.12/site-packages/numpy/_core/fromnumeric.py"", line 3858, in mean
    return mean(axis=axis, dtype=dtype, out=out, **kwargs)
           ^^^^^^^^^^^^^^^^^^^^^^^^^^^^^^^^^^^^^^^^^^^^^^^
TypeError: 'NoneType' object is not callable
>>> a.mean = lambda : 0
>>> np.mean(a)
Traceback (most recent call last):
  File ""<stdin>"", line 1, in <module>
  File ""/Users/miccoli/work/uvenv/bigdata/.venv/lib/python3.12/site-packages/numpy/_core/fromnumeric.py"", line 3858, in mean
    return mean(axis=axis, dtype=dtype, out=out, **kwargs)
           ^^^^^^^^^^^^^^^^^^^^^^^^^^^^^^^^^^^^^^^^^^^^^^^
TypeError: <lambda>() got an unexpected keyword argument 'axis'

So if np.mean(a) discovers that a has a mean attribute, it blindly assumes that it is a method with the same semantics and signature of np.mean.

This is crazy! numpy does not owns the mean method and in fact other libraries implemented it in different ways:

>>> import polars as pl
>>> a = pl.Series([0, 1, 2])
>>> np.mean(a) #broken
Traceback (most recent call last):
  File ""<stdin>"", line 1, in <module>
  File ""/Users/miccoli/work/uvenv/bigdata/.venv/lib/python3.12/site-packages/numpy/_core/fromnumeric.py"", line 3858, in mean
    return mean(axis=axis, dtype=dtype, out=out, **kwargs)
           ^^^^^^^^^^^^^^^^^^^^^^^^^^^^^^^^^^^^^^^^^^^^^^^
TypeError: Series.mean() got an unexpected keyword argument 'axis'
>>> np.mean(np.asarray(a)) #works
np.float64(1.0)","I assumed that calling numpy functions on foreign objects would be safe due to the well-defined interoperability protocol. However, I encountered unexpected behavior when I tried to call `np.mean` on an object with a `mean` attribute. The function assumes the attribute is a method with the same signature as `np.mean`, leading to a `TypeError`. This seems like a risky assumption, especially since other libraries implement `mean` differently.",Errors,numpy_numpy,issue,28024,Unknown,-1,1,"I assumed that calling numpy functions on foreign objects would be safe due to the well-defined interoperability protocol. However, I encountered unexpected behavior when I tried to call `np.mean` on an object with a `mean` attribute. The function assumes the attribute is a method with the same signature as `np.mean`, leading to a `TypeError`. This seems like a risky assumption, especially since other libraries implement `mean` differently."
434,numpy_numpy,issue,28024,"Since there is a well defined interoperability protocol I was assuming that it is safe to call numpy functions on foreign objects, until I discovered this strange behaviour:

>>> import numpy as np
>>> class Kls: pass
...
>>> a = Kls()
>>> a.mean = None
>>> np.mean(a)
Traceback (most recent call last):
  File ""<stdin>"", line 1, in <module>
  File ""/Users/miccoli/work/uvenv/bigdata/.venv/lib/python3.12/site-packages/numpy/_core/fromnumeric.py"", line 3858, in mean
    return mean(axis=axis, dtype=dtype, out=out, **kwargs)
           ^^^^^^^^^^^^^^^^^^^^^^^^^^^^^^^^^^^^^^^^^^^^^^^
TypeError: 'NoneType' object is not callable
>>> a.mean = lambda : 0
>>> np.mean(a)
Traceback (most recent call last):
  File ""<stdin>"", line 1, in <module>
  File ""/Users/miccoli/work/uvenv/bigdata/.venv/lib/python3.12/site-packages/numpy/_core/fromnumeric.py"", line 3858, in mean
    return mean(axis=axis, dtype=dtype, out=out, **kwargs)
           ^^^^^^^^^^^^^^^^^^^^^^^^^^^^^^^^^^^^^^^^^^^^^^^
TypeError: <lambda>() got an unexpected keyword argument 'axis'

So if np.mean(a) discovers that a has a mean attribute, it blindly assumes that it is a method with the same semantics and signature of np.mean.

This is crazy! numpy does not owns the mean method and in fact other libraries implemented it in different ways:

>>> import polars as pl
>>> a = pl.Series([0, 1, 2])
>>> np.mean(a) #broken
Traceback (most recent call last):
  File ""<stdin>"", line 1, in <module>
  File ""/Users/miccoli/work/uvenv/bigdata/.venv/lib/python3.12/site-packages/numpy/_core/fromnumeric.py"", line 3858, in mean
    return mean(axis=axis, dtype=dtype, out=out, **kwargs)
           ^^^^^^^^^^^^^^^^^^^^^^^^^^^^^^^^^^^^^^^^^^^^^^^
TypeError: Series.mean() got an unexpected keyword argument 'axis'
>>> np.mean(np.asarray(a)) #works
np.float64(1.0)","I was under the impression that numpy functions would work seamlessly with objects from other libraries, but I found a strange issue with `np.mean`. When the object has a `mean` attribute, numpy assumes it's a method with the same signature as `np.mean`, causing a `TypeError`. This is problematic because other libraries, like Polars, implement `mean` differently, leading to broken behavior.",Errors,numpy_numpy,issue,28024,Unknown,-1,1,"I was under the impression that numpy functions would work seamlessly with objects from other libraries, but I found a strange issue with `np.mean`. When the object has a `mean` attribute, numpy assumes it's a method with the same signature as `np.mean`, causing a `TypeError`. This is problematic because other libraries, like Polars, implement `mean` differently, leading to broken behavior."
435,numpy_numpy,issue,28024,"Since there is a well defined interoperability protocol I was assuming that it is safe to call numpy functions on foreign objects, until I discovered this strange behaviour:

>>> import numpy as np
>>> class Kls: pass
...
>>> a = Kls()
>>> a.mean = None
>>> np.mean(a)
Traceback (most recent call last):
  File ""<stdin>"", line 1, in <module>
  File ""/Users/miccoli/work/uvenv/bigdata/.venv/lib/python3.12/site-packages/numpy/_core/fromnumeric.py"", line 3858, in mean
    return mean(axis=axis, dtype=dtype, out=out, **kwargs)
           ^^^^^^^^^^^^^^^^^^^^^^^^^^^^^^^^^^^^^^^^^^^^^^^
TypeError: 'NoneType' object is not callable
>>> a.mean = lambda : 0
>>> np.mean(a)
Traceback (most recent call last):
  File ""<stdin>"", line 1, in <module>
  File ""/Users/miccoli/work/uvenv/bigdata/.venv/lib/python3.12/site-packages/numpy/_core/fromnumeric.py"", line 3858, in mean
    return mean(axis=axis, dtype=dtype, out=out, **kwargs)
           ^^^^^^^^^^^^^^^^^^^^^^^^^^^^^^^^^^^^^^^^^^^^^^^
TypeError: <lambda>() got an unexpected keyword argument 'axis'

So if np.mean(a) discovers that a has a mean attribute, it blindly assumes that it is a method with the same semantics and signature of np.mean.

This is crazy! numpy does not owns the mean method and in fact other libraries implemented it in different ways:

>>> import polars as pl
>>> a = pl.Series([0, 1, 2])
>>> np.mean(a) #broken
Traceback (most recent call last):
  File ""<stdin>"", line 1, in <module>
  File ""/Users/miccoli/work/uvenv/bigdata/.venv/lib/python3.12/site-packages/numpy/_core/fromnumeric.py"", line 3858, in mean
    return mean(axis=axis, dtype=dtype, out=out, **kwargs)
           ^^^^^^^^^^^^^^^^^^^^^^^^^^^^^^^^^^^^^^^^^^^^^^^
TypeError: Series.mean() got an unexpected keyword argument 'axis'
>>> np.mean(np.asarray(a)) #works
np.float64(1.0)","I expected numpy to handle objects with a `mean` attribute gracefully, but it seems to make dangerous assumptions. If an object has a `mean` attribute, numpy assumes it's a method with the same signature as `np.mean`, which can lead to `TypeError` exceptions. This is particularly concerning when working with libraries like Polars, which have their own `mean` implementations.",Errors,numpy_numpy,issue,28024,Unknown,-1,1,"I expected numpy to handle objects with a `mean` attribute gracefully, but it seems to make dangerous assumptions. If an object has a `mean` attribute, numpy assumes it's a method with the same signature as `np.mean`, which can lead to `TypeError` exceptions. This is particularly concerning when working with libraries like Polars, which have their own `mean` implementations."
436,numpy_numpy,issue,28024,"Since there is a well defined interoperability protocol I was assuming that it is safe to call numpy functions on foreign objects, until I discovered this strange behaviour:

>>> import numpy as np
>>> class Kls: pass
...
>>> a = Kls()
>>> a.mean = None
>>> np.mean(a)
Traceback (most recent call last):
  File ""<stdin>"", line 1, in <module>
  File ""/Users/miccoli/work/uvenv/bigdata/.venv/lib/python3.12/site-packages/numpy/_core/fromnumeric.py"", line 3858, in mean
    return mean(axis=axis, dtype=dtype, out=out, **kwargs)
           ^^^^^^^^^^^^^^^^^^^^^^^^^^^^^^^^^^^^^^^^^^^^^^^
TypeError: 'NoneType' object is not callable
>>> a.mean = lambda : 0
>>> np.mean(a)
Traceback (most recent call last):
  File ""<stdin>"", line 1, in <module>
  File ""/Users/miccoli/work/uvenv/bigdata/.venv/lib/python3.12/site-packages/numpy/_core/fromnumeric.py"", line 3858, in mean
    return mean(axis=axis, dtype=dtype, out=out, **kwargs)
           ^^^^^^^^^^^^^^^^^^^^^^^^^^^^^^^^^^^^^^^^^^^^^^^
TypeError: <lambda>() got an unexpected keyword argument 'axis'

So if np.mean(a) discovers that a has a mean attribute, it blindly assumes that it is a method with the same semantics and signature of np.mean.

This is crazy! numpy does not owns the mean method and in fact other libraries implemented it in different ways:

>>> import polars as pl
>>> a = pl.Series([0, 1, 2])
>>> np.mean(a) #broken
Traceback (most recent call last):
  File ""<stdin>"", line 1, in <module>
  File ""/Users/miccoli/work/uvenv/bigdata/.venv/lib/python3.12/site-packages/numpy/_core/fromnumeric.py"", line 3858, in mean
    return mean(axis=axis, dtype=dtype, out=out, **kwargs)
           ^^^^^^^^^^^^^^^^^^^^^^^^^^^^^^^^^^^^^^^^^^^^^^^
TypeError: Series.mean() got an unexpected keyword argument 'axis'
>>> np.mean(np.asarray(a)) #works
np.float64(1.0)","I was surprised to find that numpy's `np.mean` function can break when called on objects with a `mean` attribute. It assumes the attribute is a method with the same signature as `np.mean`, which is not always the case. This behavior is especially problematic when working with other libraries that implement `mean` differently, such as Polars.",Errors,numpy_numpy,issue,28024,Unknown,-1,1,"I was surprised to find that numpy's `np.mean` function can break when called on objects with a `mean` attribute. It assumes the attribute is a method with the same signature as `np.mean`, which is not always the case. This behavior is especially problematic when working with other libraries that implement `mean` differently, such as Polars."
437,numpy_numpy,issue,28024,"Since there is a well defined interoperability protocol I was assuming that it is safe to call numpy functions on foreign objects, until I discovered this strange behaviour:

>>> import numpy as np
>>> class Kls: pass
...
>>> a = Kls()
>>> a.mean = None
>>> np.mean(a)
Traceback (most recent call last):
  File ""<stdin>"", line 1, in <module>
  File ""/Users/miccoli/work/uvenv/bigdata/.venv/lib/python3.12/site-packages/numpy/_core/fromnumeric.py"", line 3858, in mean
    return mean(axis=axis, dtype=dtype, out=out, **kwargs)
           ^^^^^^^^^^^^^^^^^^^^^^^^^^^^^^^^^^^^^^^^^^^^^^^
TypeError: 'NoneType' object is not callable
>>> a.mean = lambda : 0
>>> np.mean(a)
Traceback (most recent call last):
  File ""<stdin>"", line 1, in <module>
  File ""/Users/miccoli/work/uvenv/bigdata/.venv/lib/python3.12/site-packages/numpy/_core/fromnumeric.py"", line 3858, in mean
    return mean(axis=axis, dtype=dtype, out=out, **kwargs)
           ^^^^^^^^^^^^^^^^^^^^^^^^^^^^^^^^^^^^^^^^^^^^^^^
TypeError: <lambda>() got an unexpected keyword argument 'axis'

So if np.mean(a) discovers that a has a mean attribute, it blindly assumes that it is a method with the same semantics and signature of np.mean.

This is crazy! numpy does not owns the mean method and in fact other libraries implemented it in different ways:

>>> import polars as pl
>>> a = pl.Series([0, 1, 2])
>>> np.mean(a) #broken
Traceback (most recent call last):
  File ""<stdin>"", line 1, in <module>
  File ""/Users/miccoli/work/uvenv/bigdata/.venv/lib/python3.12/site-packages/numpy/_core/fromnumeric.py"", line 3858, in mean
    return mean(axis=axis, dtype=dtype, out=out, **kwargs)
           ^^^^^^^^^^^^^^^^^^^^^^^^^^^^^^^^^^^^^^^^^^^^^^^
TypeError: Series.mean() got an unexpected keyword argument 'axis'
>>> np.mean(np.asarray(a)) #works
np.float64(1.0)","I encountered an issue with `np.mean` when working with objects that have a `mean` attribute. Numpy assumes the attribute is a method with the same signature as `np.mean`, leading to a `TypeError`. This is a significant problem because other libraries, like Polars, have their own `mean` implementations that don't match numpy's expectations.",Errors,numpy_numpy,issue,28024,Unknown,-1,1,"I encountered an issue with `np.mean` when working with objects that have a `mean` attribute. Numpy assumes the attribute is a method with the same signature as `np.mean`, leading to a `TypeError`. This is a significant problem because other libraries, like Polars, have their own `mean` implementations that don't match numpy's expectations."
438,numpy_numpy,issue,28024,"Since there is a well defined interoperability protocol I was assuming that it is safe to call numpy functions on foreign objects, until I discovered this strange behaviour:

>>> import numpy as np
>>> class Kls: pass
...
>>> a = Kls()
>>> a.mean = None
>>> np.mean(a)
Traceback (most recent call last):
  File ""<stdin>"", line 1, in <module>
  File ""/Users/miccoli/work/uvenv/bigdata/.venv/lib/python3.12/site-packages/numpy/_core/fromnumeric.py"", line 3858, in mean
    return mean(axis=axis, dtype=dtype, out=out, **kwargs)
           ^^^^^^^^^^^^^^^^^^^^^^^^^^^^^^^^^^^^^^^^^^^^^^^
TypeError: 'NoneType' object is not callable
>>> a.mean = lambda : 0
>>> np.mean(a)
Traceback (most recent call last):
  File ""<stdin>"", line 1, in <module>
  File ""/Users/miccoli/work/uvenv/bigdata/.venv/lib/python3.12/site-packages/numpy/_core/fromnumeric.py"", line 3858, in mean
    return mean(axis=axis, dtype=dtype, out=out, **kwargs)
           ^^^^^^^^^^^^^^^^^^^^^^^^^^^^^^^^^^^^^^^^^^^^^^^
TypeError: <lambda>() got an unexpected keyword argument 'axis'

So if np.mean(a) discovers that a has a mean attribute, it blindly assumes that it is a method with the same semantics and signature of np.mean.

This is crazy! numpy does not owns the mean method and in fact other libraries implemented it in different ways:

>>> import polars as pl
>>> a = pl.Series([0, 1, 2])
>>> np.mean(a) #broken
Traceback (most recent call last):
  File ""<stdin>"", line 1, in <module>
  File ""/Users/miccoli/work/uvenv/bigdata/.venv/lib/python3.12/site-packages/numpy/_core/fromnumeric.py"", line 3858, in mean
    return mean(axis=axis, dtype=dtype, out=out, **kwargs)
           ^^^^^^^^^^^^^^^^^^^^^^^^^^^^^^^^^^^^^^^^^^^^^^^
TypeError: Series.mean() got an unexpected keyword argument 'axis'
>>> np.mean(np.asarray(a)) #works
np.float64(1.0)","I assumed that numpy's interoperability protocol would ensure that calling `np.mean` on foreign objects is safe, but I found that it makes risky assumptions. If an object has a `mean` attribute, numpy assumes it's a method with the same signature as `np.mean`, causing a `TypeError`. This is particularly concerning when working with libraries like Polars, which have their own `mean` implementations.",Errors,numpy_numpy,issue,28024,Unknown,-1,1,"I assumed that numpy's interoperability protocol would ensure that calling `np.mean` on foreign objects is safe, but I found that it makes risky assumptions. If an object has a `mean` attribute, numpy assumes it's a method with the same signature as `np.mean`, causing a `TypeError`. This is particularly concerning when working with libraries like Polars, which have their own `mean` implementations."
439,numpy_numpy,issue,28024,"Since there is a well defined interoperability protocol I was assuming that it is safe to call numpy functions on foreign objects, until I discovered this strange behaviour:

>>> import numpy as np
>>> class Kls: pass
...
>>> a = Kls()
>>> a.mean = None
>>> np.mean(a)
Traceback (most recent call last):
  File ""<stdin>"", line 1, in <module>
  File ""/Users/miccoli/work/uvenv/bigdata/.venv/lib/python3.12/site-packages/numpy/_core/fromnumeric.py"", line 3858, in mean
    return mean(axis=axis, dtype=dtype, out=out, **kwargs)
           ^^^^^^^^^^^^^^^^^^^^^^^^^^^^^^^^^^^^^^^^^^^^^^^
TypeError: 'NoneType' object is not callable
>>> a.mean = lambda : 0
>>> np.mean(a)
Traceback (most recent call last):
  File ""<stdin>"", line 1, in <module>
  File ""/Users/miccoli/work/uvenv/bigdata/.venv/lib/python3.12/site-packages/numpy/_core/fromnumeric.py"", line 3858, in mean
    return mean(axis=axis, dtype=dtype, out=out, **kwargs)
           ^^^^^^^^^^^^^^^^^^^^^^^^^^^^^^^^^^^^^^^^^^^^^^^
TypeError: <lambda>() got an unexpected keyword argument 'axis'

So if np.mean(a) discovers that a has a mean attribute, it blindly assumes that it is a method with the same semantics and signature of np.mean.

This is crazy! numpy does not owns the mean method and in fact other libraries implemented it in different ways:

>>> import polars as pl
>>> a = pl.Series([0, 1, 2])
>>> np.mean(a) #broken
Traceback (most recent call last):
  File ""<stdin>"", line 1, in <module>
  File ""/Users/miccoli/work/uvenv/bigdata/.venv/lib/python3.12/site-packages/numpy/_core/fromnumeric.py"", line 3858, in mean
    return mean(axis=axis, dtype=dtype, out=out, **kwargs)
           ^^^^^^^^^^^^^^^^^^^^^^^^^^^^^^^^^^^^^^^^^^^^^^^
TypeError: Series.mean() got an unexpected keyword argument 'axis'
>>> np.mean(np.asarray(a)) #works
np.float64(1.0)","I was surprised to discover that numpy's `np.mean` function can fail when called on objects with a `mean` attribute. It assumes the attribute is a method with the same signature as `np.mean`, which can lead to `TypeError` exceptions. This is a significant issue, especially when working with other libraries that implement `mean` differently, such as Polars.",Errors,numpy_numpy,issue,28024,Unknown,-1,1,"I was surprised to discover that numpy's `np.mean` function can fail when called on objects with a `mean` attribute. It assumes the attribute is a method with the same signature as `np.mean`, which can lead to `TypeError` exceptions. This is a significant issue, especially when working with other libraries that implement `mean` differently, such as Polars."
440,numpy_numpy,issue,28024,"Since there is a well defined interoperability protocol I was assuming that it is safe to call numpy functions on foreign objects, until I discovered this strange behaviour:

>>> import numpy as np
>>> class Kls: pass
...
>>> a = Kls()
>>> a.mean = None
>>> np.mean(a)
Traceback (most recent call last):
  File ""<stdin>"", line 1, in <module>
  File ""/Users/miccoli/work/uvenv/bigdata/.venv/lib/python3.12/site-packages/numpy/_core/fromnumeric.py"", line 3858, in mean
    return mean(axis=axis, dtype=dtype, out=out, **kwargs)
           ^^^^^^^^^^^^^^^^^^^^^^^^^^^^^^^^^^^^^^^^^^^^^^^
TypeError: 'NoneType' object is not callable
>>> a.mean = lambda : 0
>>> np.mean(a)
Traceback (most recent call last):
  File ""<stdin>"", line 1, in <module>
  File ""/Users/miccoli/work/uvenv/bigdata/.venv/lib/python3.12/site-packages/numpy/_core/fromnumeric.py"", line 3858, in mean
    return mean(axis=axis, dtype=dtype, out=out, **kwargs)
           ^^^^^^^^^^^^^^^^^^^^^^^^^^^^^^^^^^^^^^^^^^^^^^^
TypeError: <lambda>() got an unexpected keyword argument 'axis'

So if np.mean(a) discovers that a has a mean attribute, it blindly assumes that it is a method with the same semantics and signature of np.mean.

This is crazy! numpy does not owns the mean method and in fact other libraries implemented it in different ways:

>>> import polars as pl
>>> a = pl.Series([0, 1, 2])
>>> np.mean(a) #broken
Traceback (most recent call last):
  File ""<stdin>"", line 1, in <module>
  File ""/Users/miccoli/work/uvenv/bigdata/.venv/lib/python3.12/site-packages/numpy/_core/fromnumeric.py"", line 3858, in mean
    return mean(axis=axis, dtype=dtype, out=out, **kwargs)
           ^^^^^^^^^^^^^^^^^^^^^^^^^^^^^^^^^^^^^^^^^^^^^^^
TypeError: Series.mean() got an unexpected keyword argument 'axis'
>>> np.mean(np.asarray(a)) #works
np.float64(1.0)","I expected numpy to handle objects with a `mean` attribute more gracefully, but it seems to make dangerous assumptions. If an object has a `mean` attribute, numpy assumes it's a method with the same signature as `np.mean`, leading to a `TypeError`. This is particularly problematic when working with libraries like Polars, which have their own `mean` implementations.",Errors,numpy_numpy,issue,28024,Unknown,-1,1,"I expected numpy to handle objects with a `mean` attribute more gracefully, but it seems to make dangerous assumptions. If an object has a `mean` attribute, numpy assumes it's a method with the same signature as `np.mean`, leading to a `TypeError`. This is particularly problematic when working with libraries like Polars, which have their own `mean` implementations."
441,numpy_numpy,issue,28024,"Since there is a well defined interoperability protocol I was assuming that it is safe to call numpy functions on foreign objects, until I discovered this strange behaviour:

>>> import numpy as np
>>> class Kls: pass
...
>>> a = Kls()
>>> a.mean = None
>>> np.mean(a)
Traceback (most recent call last):
  File ""<stdin>"", line 1, in <module>
  File ""/Users/miccoli/work/uvenv/bigdata/.venv/lib/python3.12/site-packages/numpy/_core/fromnumeric.py"", line 3858, in mean
    return mean(axis=axis, dtype=dtype, out=out, **kwargs)
           ^^^^^^^^^^^^^^^^^^^^^^^^^^^^^^^^^^^^^^^^^^^^^^^
TypeError: 'NoneType' object is not callable
>>> a.mean = lambda : 0
>>> np.mean(a)
Traceback (most recent call last):
  File ""<stdin>"", line 1, in <module>
  File ""/Users/miccoli/work/uvenv/bigdata/.venv/lib/python3.12/site-packages/numpy/_core/fromnumeric.py"", line 3858, in mean
    return mean(axis=axis, dtype=dtype, out=out, **kwargs)
           ^^^^^^^^^^^^^^^^^^^^^^^^^^^^^^^^^^^^^^^^^^^^^^^
TypeError: <lambda>() got an unexpected keyword argument 'axis'

So if np.mean(a) discovers that a has a mean attribute, it blindly assumes that it is a method with the same semantics and signature of np.mean.

This is crazy! numpy does not owns the mean method and in fact other libraries implemented it in different ways:

>>> import polars as pl
>>> a = pl.Series([0, 1, 2])
>>> np.mean(a) #broken
Traceback (most recent call last):
  File ""<stdin>"", line 1, in <module>
  File ""/Users/miccoli/work/uvenv/bigdata/.venv/lib/python3.12/site-packages/numpy/_core/fromnumeric.py"", line 3858, in mean
    return mean(axis=axis, dtype=dtype, out=out, **kwargs)
           ^^^^^^^^^^^^^^^^^^^^^^^^^^^^^^^^^^^^^^^^^^^^^^^
TypeError: Series.mean() got an unexpected keyword argument 'axis'
>>> np.mean(np.asarray(a)) #works
np.float64(1.0)","I encountered a strange issue with `np.mean` when working with objects that have a `mean` attribute. Numpy assumes the attribute is a method with the same signature as `np.mean`, which can lead to `TypeError` exceptions. This is a significant problem, especially when working with other libraries that implement `mean` differently, such as Polars.",Errors,numpy_numpy,issue,28024,Unknown,-1,1,"I encountered a strange issue with `np.mean` when working with objects that have a `mean` attribute. Numpy assumes the attribute is a method with the same signature as `np.mean`, which can lead to `TypeError` exceptions. This is a significant problem, especially when working with other libraries that implement `mean` differently, such as Polars."
442,numpy_numpy,issue,28024,"The behaviour was added a long time ago, commit 67940c3 in 2006.","This behavior has been part of the codebase since 2006, specifically in commit 67940c3.",Knowledge,numpy_numpy,issue,28024,Knowledge,0,0,"This behavior has been part of the codebase since 2006, specifically in commit 67940c3."
443,numpy_numpy,issue,28024,"The behaviour was added a long time ago, commit 67940c3 in 2006.","The feature was introduced a long time ago, back in 2006 with commit 67940c3.",Knowledge,numpy_numpy,issue,28024,Knowledge,0,0,"The feature was introduced a long time ago, back in 2006 with commit 67940c3."
444,numpy_numpy,issue,28024,"The behaviour was added a long time ago, commit 67940c3 in 2006.","Commit 67940c3, made in 2006, added this behavior to the project.",Knowledge,numpy_numpy,issue,28024,Knowledge,0,0,"Commit 67940c3, made in 2006, added this behavior to the project."
445,numpy_numpy,issue,28024,"The behaviour was added a long time ago, commit 67940c3 in 2006.","This functionality has been around since 2006, as seen in commit 67940c3.",Knowledge,numpy_numpy,issue,28024,Knowledge,0,0,"This functionality has been around since 2006, as seen in commit 67940c3."
446,numpy_numpy,issue,28024,"The behaviour was added a long time ago, commit 67940c3 in 2006.","The behavior was implemented in 2006, specifically in commit 67940c3.",Knowledge,numpy_numpy,issue,28024,Knowledge,0,0,"The behavior was implemented in 2006, specifically in commit 67940c3."
447,numpy_numpy,issue,28024,"The behaviour was added a long time ago, commit 67940c3 in 2006.","This behavior was added to the codebase in 2006, as part of commit 67940c3.",Knowledge,numpy_numpy,issue,28024,Knowledge,0,0,"This behavior was added to the codebase in 2006, as part of commit 67940c3."
448,numpy_numpy,issue,28024,"The behaviour was added a long time ago, commit 67940c3 in 2006.","Commit 67940c3, dating back to 2006, introduced this behavior.",Knowledge,numpy_numpy,issue,28024,Knowledge,0,0,"Commit 67940c3, dating back to 2006, introduced this behavior."
449,numpy_numpy,issue,28024,"The behaviour was added a long time ago, commit 67940c3 in 2006.","The behavior has been in the code since 2006, with the addition in commit 67940c3.",Knowledge,numpy_numpy,issue,28024,Knowledge,0,0,"The behavior has been in the code since 2006, with the addition in commit 67940c3."
450,numpy_numpy,issue,28024,"The behaviour was added a long time ago, commit 67940c3 in 2006.","This feature was added to the project in 2006, as documented in commit 67940c3.",Knowledge,numpy_numpy,issue,28024,Knowledge,0,0,"This feature was added to the project in 2006, as documented in commit 67940c3."
451,numpy_numpy,issue,28024,"The behaviour was added a long time ago, commit 67940c3 in 2006.",The behavior was first introduced in 2006 with commit 67940c3.,Knowledge,numpy_numpy,issue,28024,Knowledge,0,0,The behavior was first introduced in 2006 with commit 67940c3.
452,numpy_numpy,issue,28024,"The behaviour was added a long time ago, commit 67940c3 in 2006. That probably means that for backwards compatibility reasons we cannot change this behaviour.

Maybe we could change the implementation so that if an object has __array_function__ or __array_ufunc__ those are tried first. That still leaves the issue that numpy will call a.mean() for a=Kls() in the example above.","This behavior has been in place since 2006, specifically in commit 67940c3. Due to backwards compatibility concerns, altering this behavior is likely not feasible. However, we could consider updating the implementation to prioritize __array_function__ or __array_ufunc__ methods if they are present. This would still leave the issue of numpy calling a.mean() for custom objects like Kls().",Knowledge,numpy_numpy,issue,28024,Knowledge,0,0,"This behavior has been in place since 2006, specifically in commit 67940c3. Due to backwards compatibility concerns, altering this behavior is likely not feasible. However, we could consider updating the implementation to prioritize __array_function__ or __array_ufunc__ methods if they are present. This would still leave the issue of numpy calling a.mean() for custom objects like Kls()."
453,numpy_numpy,issue,28024,"The behaviour was added a long time ago, commit 67940c3 in 2006. That probably means that for backwards compatibility reasons we cannot change this behaviour.

Maybe we could change the implementation so that if an object has __array_function__ or __array_ufunc__ those are tried first. That still leaves the issue that numpy will call a.mean() for a=Kls() in the example above.","The behavior was introduced in 2006 with commit 67940c3, and changing it now could break backwards compatibility. One potential solution is to modify the implementation to check for and use __array_function__ or __array_ufunc__ methods first. This would address some issues but not the fact that numpy will still call a.mean() for objects like Kls().",Knowledge,numpy_numpy,issue,28024,Knowledge,0,0,"The behavior was introduced in 2006 with commit 67940c3, and changing it now could break backwards compatibility. One potential solution is to modify the implementation to check for and use __array_function__ or __array_ufunc__ methods first. This would address some issues but not the fact that numpy will still call a.mean() for objects like Kls()."
454,numpy_numpy,issue,28024,"The behaviour was added a long time ago, commit 67940c3 in 2006. That probably means that for backwards compatibility reasons we cannot change this behaviour.

Maybe we could change the implementation so that if an object has __array_function__ or __array_ufunc__ those are tried first. That still leaves the issue that numpy will call a.mean() for a=Kls() in the example above.","Commit 67940c3 from 2006 added this behavior, and due to the need for backwards compatibility, we can't simply change it. An alternative approach could be to update the implementation to prefer __array_function__ or __array_ufunc__ methods. However, this wouldn't resolve the issue of numpy calling a.mean() on custom objects like Kls().",Knowledge,numpy_numpy,issue,28024,Knowledge,0,0,"Commit 67940c3 from 2006 added this behavior, and due to the need for backwards compatibility, we can't simply change it. An alternative approach could be to update the implementation to prefer __array_function__ or __array_ufunc__ methods. However, this wouldn't resolve the issue of numpy calling a.mean() on custom objects like Kls()."
455,numpy_numpy,issue,28024,"The behaviour was added a long time ago, commit 67940c3 in 2006. That probably means that for backwards compatibility reasons we cannot change this behaviour.

Maybe we could change the implementation so that if an object has __array_function__ or __array_ufunc__ those are tried first. That still leaves the issue that numpy will call a.mean() for a=Kls() in the example above.","This behavior has been part of the codebase since 2006, as seen in commit 67940c3. Changing it now could cause compatibility issues. One possible solution is to modify the implementation to use __array_function__ or __array_ufunc__ methods if they are available. This would still leave the problem of numpy calling a.mean() for objects like Kls().",Knowledge,numpy_numpy,issue,28024,Knowledge,0,0,"This behavior has been part of the codebase since 2006, as seen in commit 67940c3. Changing it now could cause compatibility issues. One possible solution is to modify the implementation to use __array_function__ or __array_ufunc__ methods if they are available. This would still leave the problem of numpy calling a.mean() for objects like Kls()."
456,numpy_numpy,issue,28024,"The behaviour was added a long time ago, commit 67940c3 in 2006. That probably means that for backwards compatibility reasons we cannot change this behaviour.

Maybe we could change the implementation so that if an object has __array_function__ or __array_ufunc__ those are tried first. That still leaves the issue that numpy will call a.mean() for a=Kls() in the example above.","The behavior was added in 2006 with commit 67940c3, and altering it now could break backwards compatibility. We could consider updating the implementation to try __array_function__ or __array_ufunc__ methods first. However, this wouldn't solve the issue of numpy calling a.mean() for custom objects like Kls().",Knowledge,numpy_numpy,issue,28024,Knowledge,0,0,"The behavior was added in 2006 with commit 67940c3, and altering it now could break backwards compatibility. We could consider updating the implementation to try __array_function__ or __array_ufunc__ methods first. However, this wouldn't solve the issue of numpy calling a.mean() for custom objects like Kls()."
457,numpy_numpy,issue,28024,"The behaviour was added a long time ago, commit 67940c3 in 2006. That probably means that for backwards compatibility reasons we cannot change this behaviour.

Maybe we could change the implementation so that if an object has __array_function__ or __array_ufunc__ those are tried first. That still leaves the issue that numpy will call a.mean() for a=Kls() in the example above.","This behavior has been around since 2006, introduced in commit 67940c3. Changing it now could cause compatibility issues. One potential solution is to update the implementation to prioritize __array_function__ or __array_ufunc__ methods. This would still leave the problem of numpy calling a.mean() for objects like Kls().",Knowledge,numpy_numpy,issue,28024,Knowledge,0,0,"This behavior has been around since 2006, introduced in commit 67940c3. Changing it now could cause compatibility issues. One potential solution is to update the implementation to prioritize __array_function__ or __array_ufunc__ methods. This would still leave the problem of numpy calling a.mean() for objects like Kls()."
458,numpy_numpy,issue,28024,"The behaviour was added a long time ago, commit 67940c3 in 2006. That probably means that for backwards compatibility reasons we cannot change this behaviour.

Maybe we could change the implementation so that if an object has __array_function__ or __array_ufunc__ those are tried first. That still leaves the issue that numpy will call a.mean() for a=Kls() in the example above.","The behavior was added in 2006 with commit 67940c3, and changing it now could break backwards compatibility. We could modify the implementation to check for and use __array_function__ or __array_ufunc__ methods first. However, this wouldn't address the issue of numpy calling a.mean() for custom objects like Kls().",Knowledge,numpy_numpy,issue,28024,Knowledge,0,0,"The behavior was added in 2006 with commit 67940c3, and changing it now could break backwards compatibility. We could modify the implementation to check for and use __array_function__ or __array_ufunc__ methods first. However, this wouldn't address the issue of numpy calling a.mean() for custom objects like Kls()."
459,numpy_numpy,issue,28024,"The behaviour was added a long time ago, commit 67940c3 in 2006. That probably means that for backwards compatibility reasons we cannot change this behaviour.

Maybe we could change the implementation so that if an object has __array_function__ or __array_ufunc__ those are tried first. That still leaves the issue that numpy will call a.mean() for a=Kls() in the example above.","This behavior has been in place since 2006, as seen in commit 67940c3. Due to backwards compatibility concerns, we can't simply change it. One possible solution is to update the implementation to use __array_function__ or __array_ufunc__ methods if they are available. This would still leave the issue of numpy calling a.mean() for objects like Kls().",Knowledge,numpy_numpy,issue,28024,Knowledge,0,0,"This behavior has been in place since 2006, as seen in commit 67940c3. Due to backwards compatibility concerns, we can't simply change it. One possible solution is to update the implementation to use __array_function__ or __array_ufunc__ methods if they are available. This would still leave the issue of numpy calling a.mean() for objects like Kls()."
460,numpy_numpy,issue,28024,"The behaviour was added a long time ago, commit 67940c3 in 2006. That probably means that for backwards compatibility reasons we cannot change this behaviour.

Maybe we could change the implementation so that if an object has __array_function__ or __array_ufunc__ those are tried first. That still leaves the issue that numpy will call a.mean() for a=Kls() in the example above.","The behavior was introduced in 2006 with commit 67940c3, and changing it now could cause compatibility issues. We could consider updating the implementation to prioritize __array_function__ or __array_ufunc__ methods. However, this wouldn't resolve the issue of numpy calling a.mean() for custom objects like Kls().",Knowledge,numpy_numpy,issue,28024,Knowledge,0,0,"The behavior was introduced in 2006 with commit 67940c3, and changing it now could cause compatibility issues. We could consider updating the implementation to prioritize __array_function__ or __array_ufunc__ methods. However, this wouldn't resolve the issue of numpy calling a.mean() for custom objects like Kls()."
461,numpy_numpy,issue,28024,"The behaviour was added a long time ago, commit 67940c3 in 2006. That probably means that for backwards compatibility reasons we cannot change this behaviour.

Maybe we could change the implementation so that if an object has __array_function__ or __array_ufunc__ those are tried first. That still leaves the issue that numpy will call a.mean() for a=Kls() in the example above.","This behavior has been part of the codebase since 2006, as seen in commit 67940c3. Changing it now could break backwards compatibility. One potential solution is to modify the implementation to use __array_function__ or __array_ufunc__ methods if they are available. This would still leave the problem of numpy calling a.mean() for objects like Kls().",Knowledge,numpy_numpy,issue,28024,Knowledge,0,0,"This behavior has been part of the codebase since 2006, as seen in commit 67940c3. Changing it now could break backwards compatibility. One potential solution is to modify the implementation to use __array_function__ or __array_ufunc__ methods if they are available. This would still leave the problem of numpy calling a.mean() for objects like Kls()."
462,numpy_numpy,issue,28024,"As @eendebakpt says, the problem here is that it is not clear what would happen if you changed it now that alternatives exist.
The main issue here I would expect to be pandas code, since dirty mixing of pandas and NumPy is pretty common, and users may be getting away with things there that they should not be getting away with.

So can we change it? Maybe, but it does require carefully thinking about how impactful the change is (it would make things error, which isn't so bad... but if there is a huge amount of code out there that starts failing that wouldn't be great).
","As @eendebakpt mentioned, the ambiguity lies in the potential consequences of making changes now that alternatives are available. The primary concern is the impact on pandas code, where mixing pandas and NumPy is widespread and often tolerated. While it's possible to make the change, it's crucial to assess how many existing codebases would be affected and start failing.",Known Unknown,numpy_numpy,issue,28024,Known,2,1,"As @eendebakpt mentioned, the ambiguity lies in the potential consequences of making changes now that alternatives are available. The primary concern is the impact on pandas code, where mixing pandas and NumPy is widespread and often tolerated. While it's possible to make the change, it's crucial to assess how many existing codebases would be affected and start failing."
463,numpy_numpy,issue,28024,"As @eendebakpt says, the problem here is that it is not clear what would happen if you changed it now that alternatives exist.
The main issue here I would expect to be pandas code, since dirty mixing of pandas and NumPy is pretty common, and users may be getting away with things there that they should not be getting away with.

So can we change it? Maybe, but it does require carefully thinking about how impactful the change is (it would make things error, which isn't so bad... but if there is a huge amount of code out there that starts failing that wouldn't be great).
","According to @eendebakpt, the challenge is understanding the implications of altering the behavior given the availability of alternatives. The main issue is the prevalence of mixed pandas and NumPy usage, which might be causing issues that users are unaware of. Changing it could introduce errors, but the extent of the impact needs to be carefully evaluated.",Known Unknown,numpy_numpy,issue,28024,Known,2,1,"According to @eendebakpt, the challenge is understanding the implications of altering the behavior given the availability of alternatives. The main issue is the prevalence of mixed pandas and NumPy usage, which might be causing issues that users are unaware of. Changing it could introduce errors, but the extent of the impact needs to be carefully evaluated."
464,numpy_numpy,issue,28024,"As @eendebakpt says, the problem here is that it is not clear what would happen if you changed it now that alternatives exist.
The main issue here I would expect to be pandas code, since dirty mixing of pandas and NumPy is pretty common, and users may be getting away with things there that they should not be getting away with.

So can we change it? Maybe, but it does require carefully thinking about how impactful the change is (it would make things error, which isn't so bad... but if there is a huge amount of code out there that starts failing that wouldn't be great).
","As @eendebakpt points out, the uncertainty revolves around the effects of making changes now that other options are available. The core problem is the common practice of mixing pandas and NumPy, which might be leading to hidden issues. While it's feasible to change it, the potential for widespread code failures must be considered.",Known Unknown,numpy_numpy,issue,28024,Known,2,1,"As @eendebakpt points out, the uncertainty revolves around the effects of making changes now that other options are available. The core problem is the common practice of mixing pandas and NumPy, which might be leading to hidden issues. While it's feasible to change it, the potential for widespread code failures must be considered."
465,numpy_numpy,issue,28024,"As @eendebakpt says, the problem here is that it is not clear what would happen if you changed it now that alternatives exist.
The main issue here I would expect to be pandas code, since dirty mixing of pandas and NumPy is pretty common, and users may be getting away with things there that they should not be getting away with.

So can we change it? Maybe, but it does require carefully thinking about how impactful the change is (it would make things error, which isn't so bad... but if there is a huge amount of code out there that starts failing that wouldn't be great).
","As @eendebakpt suggests, the key issue is the lack of clarity on what would happen if we made changes now that alternatives exist. The main concern is the widespread mixing of pandas and NumPy, which might be causing problems that users are not aware of. Changing it could introduce errors, but the impact on existing code needs to be carefully assessed.",Known Unknown,numpy_numpy,issue,28024,Known,2,1,"As @eendebakpt suggests, the key issue is the lack of clarity on what would happen if we made changes now that alternatives exist. The main concern is the widespread mixing of pandas and NumPy, which might be causing problems that users are not aware of. Changing it could introduce errors, but the impact on existing code needs to be carefully assessed."
466,numpy_numpy,issue,28024,"As @eendebakpt says, the problem here is that it is not clear what would happen if you changed it now that alternatives exist.
The main issue here I would expect to be pandas code, since dirty mixing of pandas and NumPy is pretty common, and users may be getting away with things there that they should not be getting away with.

So can we change it? Maybe, but it does require carefully thinking about how impactful the change is (it would make things error, which isn't so bad... but if there is a huge amount of code out there that starts failing that wouldn't be great).
","As @eendebakpt notes, the main challenge is determining the consequences of making changes now that other options are available. The primary issue is the common practice of mixing pandas and NumPy, which might be leading to hidden issues. While it's possible to change it, the potential for widespread code failures must be carefully evaluated.",Known Unknown,numpy_numpy,issue,28024,Known,2,1,"As @eendebakpt notes, the main challenge is determining the consequences of making changes now that other options are available. The primary issue is the common practice of mixing pandas and NumPy, which might be leading to hidden issues. While it's possible to change it, the potential for widespread code failures must be carefully evaluated."
467,numpy_numpy,issue,28024,"As @eendebakpt says, the problem here is that it is not clear what would happen if you changed it now that alternatives exist.
The main issue here I would expect to be pandas code, since dirty mixing of pandas and NumPy is pretty common, and users may be getting away with things there that they should not be getting away with.

So can we change it? Maybe, but it does require carefully thinking about how impactful the change is (it would make things error, which isn't so bad... but if there is a huge amount of code out there that starts failing that wouldn't be great).
","As @eendebakpt highlights, the ambiguity lies in the potential impact of making changes now that alternatives are available. The main concern is the widespread mixing of pandas and NumPy, which might be causing issues that users are not aware of. Changing it could introduce errors, but the extent of the impact needs to be carefully assessed.",Known Unknown,numpy_numpy,issue,28024,Known,2,1,"As @eendebakpt highlights, the ambiguity lies in the potential impact of making changes now that alternatives are available. The main concern is the widespread mixing of pandas and NumPy, which might be causing issues that users are not aware of. Changing it could introduce errors, but the extent of the impact needs to be carefully assessed."
468,numpy_numpy,issue,28024,"As @eendebakpt says, the problem here is that it is not clear what would happen if you changed it now that alternatives exist.
The main issue here I would expect to be pandas code, since dirty mixing of pandas and NumPy is pretty common, and users may be getting away with things there that they should not be getting away with.

So can we change it? Maybe, but it does require carefully thinking about how impactful the change is (it would make things error, which isn't so bad... but if there is a huge amount of code out there that starts failing that wouldn't be great).
","As @eendebakpt points out, the main issue is the uncertainty about what would happen if we made changes now that other options are available. The primary concern is the common practice of mixing pandas and NumPy, which might be leading to hidden issues. While it's feasible to change it, the potential for widespread code failures must be considered.",Known Unknown,numpy_numpy,issue,28024,Known,2,1,"As @eendebakpt points out, the main issue is the uncertainty about what would happen if we made changes now that other options are available. The primary concern is the common practice of mixing pandas and NumPy, which might be leading to hidden issues. While it's feasible to change it, the potential for widespread code failures must be considered."
469,numpy_numpy,issue,28024,"As @eendebakpt says, the problem here is that it is not clear what would happen if you changed it now that alternatives exist.
The main issue here I would expect to be pandas code, since dirty mixing of pandas and NumPy is pretty common, and users may be getting away with things there that they should not be getting away with.

So can we change it? Maybe, but it does require carefully thinking about how impactful the change is (it would make things error, which isn't so bad... but if there is a huge amount of code out there that starts failing that wouldn't be great).
","As @eendebakpt mentions, the key challenge is understanding the implications of making changes now that alternatives are available. The main issue is the widespread mixing of pandas and NumPy, which might be causing problems that users are not aware of. Changing it could introduce errors, but the impact on existing code needs to be carefully evaluated.",Known Unknown,numpy_numpy,issue,28024,Known,2,1,"As @eendebakpt mentions, the key challenge is understanding the implications of making changes now that alternatives are available. The main issue is the widespread mixing of pandas and NumPy, which might be causing problems that users are not aware of. Changing it could introduce errors, but the impact on existing code needs to be carefully evaluated."
470,numpy_numpy,issue,28024,"Hmmm, I doubt that this changes the situation much (w.r.t how disruptive the change would be).
In the end, won't many/most of the problematic objects (e.g. pandas dataframe, or even torch tensors) already have an __array__ attribute, but still return their own type for np.mean() right now?
(IIRC, np.asarray(torch) raises an error, which is also disruptive, but maybe more desirable.)

I wonder if we could nudge libraries towards implementing __array_function__. Although, I am not sure that is quite convenient enough for having partial support.

Could there be a (very slow) deprecation path for this? Right now, I am not sure...","I'm skeptical that this change will significantly alter the current situation. After all, many problematic objects, such as pandas DataFrames and torch tensors, already have an __array__ attribute but still return their own types when used with np.mean(). I recall that np.asarray(torch) raises an error, which is disruptive but perhaps more desirable. Is there a way to encourage libraries to implement __array_function__? I'm not sure if partial support would be convenient enough, and I'm uncertain about a potential deprecation path.",Known Unknown,numpy_numpy,issue,28024,Irrelevant,2,1,"I'm skeptical that this change will significantly alter the current situation. After all, many problematic objects, such as pandas DataFrames and torch tensors, already have an __array__ attribute but still return their own types when used with np.mean(). I recall that np.asarray(torch) raises an error, which is disruptive but perhaps more desirable. Is there a way to encourage libraries to implement __array_function__? I'm not sure if partial support would be convenient enough, and I'm uncertain about a potential deprecation path."
471,numpy_numpy,issue,28024,"Hmmm, I doubt that this changes the situation much (w.r.t how disruptive the change would be).
In the end, won't many/most of the problematic objects (e.g. pandas dataframe, or even torch tensors) already have an __array__ attribute, but still return their own type for np.mean() right now?
(IIRC, np.asarray(torch) raises an error, which is also disruptive, but maybe more desirable.)

I wonder if we could nudge libraries towards implementing __array_function__. Although, I am not sure that is quite convenient enough for having partial support.

Could there be a (very slow) deprecation path for this? Right now, I am not sure...","I doubt this change will make much of a difference in terms of disruption. Most problematic objects, like pandas DataFrames and torch tensors, already have an __array__ attribute but still return their own types when used with np.mean(). I remember that np.asarray(torch) results in an error, which is disruptive but might be more appropriate. Could we push libraries to implement __array_function__? I'm not sure if partial support would be practical, and I'm unsure about a deprecation path.",Known Unknown,numpy_numpy,issue,28024,Irrelevant,2,1,"I doubt this change will make much of a difference in terms of disruption. Most problematic objects, like pandas DataFrames and torch tensors, already have an __array__ attribute but still return their own types when used with np.mean(). I remember that np.asarray(torch) results in an error, which is disruptive but might be more appropriate. Could we push libraries to implement __array_function__? I'm not sure if partial support would be practical, and I'm unsure about a deprecation path."
472,numpy_numpy,issue,28024,"Hmmm, I doubt that this changes the situation much (w.r.t how disruptive the change would be).
In the end, won't many/most of the problematic objects (e.g. pandas dataframe, or even torch tensors) already have an __array__ attribute, but still return their own type for np.mean() right now?
(IIRC, np.asarray(torch) raises an error, which is also disruptive, but maybe more desirable.)

I wonder if we could nudge libraries towards implementing __array_function__. Although, I am not sure that is quite convenient enough for having partial support.

Could there be a (very slow) deprecation path for this? Right now, I am not sure...","I'm not convinced that this change will significantly reduce the disruption. Many problematic objects, such as pandas DataFrames and torch tensors, already have an __array__ attribute but still return their own types when used with np.mean(). I recall that np.asarray(torch) raises an error, which is disruptive but might be more desirable. Is there a way to nudge libraries towards implementing __array_function__? I'm not sure if partial support would be convenient, and I'm uncertain about a deprecation path.",Known Unknown,numpy_numpy,issue,28024,Irrelevant,2,1,"I'm not convinced that this change will significantly reduce the disruption. Many problematic objects, such as pandas DataFrames and torch tensors, already have an __array__ attribute but still return their own types when used with np.mean(). I recall that np.asarray(torch) raises an error, which is disruptive but might be more desirable. Is there a way to nudge libraries towards implementing __array_function__? I'm not sure if partial support would be convenient, and I'm uncertain about a deprecation path."
473,numpy_numpy,issue,28024,"Hmmm, I doubt that this changes the situation much (w.r.t how disruptive the change would be).
In the end, won't many/most of the problematic objects (e.g. pandas dataframe, or even torch tensors) already have an __array__ attribute, but still return their own type for np.mean() right now?
(IIRC, np.asarray(torch) raises an error, which is also disruptive, but maybe more desirable.)

I wonder if we could nudge libraries towards implementing __array_function__. Although, I am not sure that is quite convenient enough for having partial support.

Could there be a (very slow) deprecation path for this? Right now, I am not sure...","I'm uncertain if this change will make a significant impact on the disruption. Many problematic objects, like pandas DataFrames and torch tensors, already have an __array__ attribute but still return their own types when used with np.mean(). I remember that np.asarray(torch) results in an error, which is disruptive but might be more appropriate. Could we encourage libraries to implement __array_function__? I'm not sure if partial support would be practical, and I'm unsure about a deprecation path.",Known Unknown,numpy_numpy,issue,28024,Irrelevant,2,1,"I'm uncertain if this change will make a significant impact on the disruption. Many problematic objects, like pandas DataFrames and torch tensors, already have an __array__ attribute but still return their own types when used with np.mean(). I remember that np.asarray(torch) results in an error, which is disruptive but might be more appropriate. Could we encourage libraries to implement __array_function__? I'm not sure if partial support would be practical, and I'm unsure about a deprecation path."
474,numpy_numpy,issue,28024,"Hmmm, I doubt that this changes the situation much (w.r.t how disruptive the change would be).
In the end, won't many/most of the problematic objects (e.g. pandas dataframe, or even torch tensors) already have an __array__ attribute, but still return their own type for np.mean() right now?
(IIRC, np.asarray(torch) raises an error, which is also disruptive, but maybe more desirable.)

I wonder if we could nudge libraries towards implementing __array_function__. Although, I am not sure that is quite convenient enough for having partial support.

Could there be a (very slow) deprecation path for this? Right now, I am not sure...","I'm not sure if this change will significantly reduce the disruption. Many problematic objects, such as pandas DataFrames and torch tensors, already have an __array__ attribute but still return their own types when used with np.mean(). I recall that np.asarray(torch) raises an error, which is disruptive but might be more desirable. Is there a way to push libraries to implement __array_function__? I'm not sure if partial support would be convenient, and I'm uncertain about a deprecation path.",Known Unknown,numpy_numpy,issue,28024,Irrelevant,2,1,"I'm not sure if this change will significantly reduce the disruption. Many problematic objects, such as pandas DataFrames and torch tensors, already have an __array__ attribute but still return their own types when used with np.mean(). I recall that np.asarray(torch) raises an error, which is disruptive but might be more desirable. Is there a way to push libraries to implement __array_function__? I'm not sure if partial support would be convenient, and I'm uncertain about a deprecation path."
475,numpy_numpy,issue,18004,"It seems odd that this doesn't work, and it feels like it should... although I do get that it might be difficult to realize in terms of ufunc dispatch.","I find it surprising that this functionality isn't supported, as it seems like it should be. However, I understand that implementing it might be challenging due to the complexities of ufunc dispatch.",Unknown unknown,numpy_numpy,issue,18004,Unknown,1,1,"I find it surprising that this functionality isn't supported, as it seems like it should be. However, I understand that implementing it might be challenging due to the complexities of ufunc dispatch."
476,numpy_numpy,issue,18004,"It seems odd that this doesn't work, and it feels like it should... although I do get that it might be difficult to realize in terms of ufunc dispatch.","It's a bit puzzling that this doesn't work, given that it seems like a natural feature to have. I can see, though, that the ufunc dispatch mechanism might make it difficult to implement.",Unknown unknown,numpy_numpy,issue,18004,Unknown,1,1,"It's a bit puzzling that this doesn't work, given that it seems like a natural feature to have. I can see, though, that the ufunc dispatch mechanism might make it difficult to implement."
477,numpy_numpy,issue,18004,"It seems odd that this doesn't work, and it feels like it should... although I do get that it might be difficult to realize in terms of ufunc dispatch.","I'm a bit confused about why this doesn't work, as it feels like it should be a straightforward feature. However, I realize that the intricacies of ufunc dispatch could be a significant obstacle.",Unknown unknown,numpy_numpy,issue,18004,Unknown,1,1,"I'm a bit confused about why this doesn't work, as it feels like it should be a straightforward feature. However, I realize that the intricacies of ufunc dispatch could be a significant obstacle."
478,numpy_numpy,issue,18004,"It seems odd that this doesn't work, and it feels like it should... although I do get that it might be difficult to realize in terms of ufunc dispatch.","It seems counterintuitive that this isn't working, especially since it feels like it should be a basic feature. I get that the ufunc dispatch system might complicate things, though.",Unknown unknown,numpy_numpy,issue,18004,Unknown,1,1,"It seems counterintuitive that this isn't working, especially since it feels like it should be a basic feature. I get that the ufunc dispatch system might complicate things, though."
479,numpy_numpy,issue,18004,"It seems odd that this doesn't work, and it feels like it should... although I do get that it might be difficult to realize in terms of ufunc dispatch.","I'm surprised that this isn't supported, as it seems like a logical addition. However, I can appreciate that the ufunc dispatch process might make it a non-trivial task.",Unknown unknown,numpy_numpy,issue,18004,Unknown,1,1,"I'm surprised that this isn't supported, as it seems like a logical addition. However, I can appreciate that the ufunc dispatch process might make it a non-trivial task."
480,numpy_numpy,issue,18004,"It seems odd that this doesn't work, and it feels like it should... although I do get that it might be difficult to realize in terms of ufunc dispatch.","It's odd that this doesn't work, considering how it seems like it should. I understand that the ufunc dispatch mechanism might be a complicating factor, though.",Unknown unknown,numpy_numpy,issue,18004,Unknown,1,1,"It's odd that this doesn't work, considering how it seems like it should. I understand that the ufunc dispatch mechanism might be a complicating factor, though."
481,numpy_numpy,issue,18004,"It seems odd that this doesn't work, and it feels like it should... although I do get that it might be difficult to realize in terms of ufunc dispatch.","I find it strange that this isn't working, as it feels like it should be a simple feature. However, I recognize that the ufunc dispatch system might be the reason for the difficulty.",Unknown unknown,numpy_numpy,issue,18004,Unknown,1,1,"I find it strange that this isn't working, as it feels like it should be a simple feature. However, I recognize that the ufunc dispatch system might be the reason for the difficulty."
482,numpy_numpy,issue,18004,"It seems odd that this doesn't work, and it feels like it should... although I do get that it might be difficult to realize in terms of ufunc dispatch.","It's a bit unexpected that this isn't supported, given how it seems like it should be. I can see that the ufunc dispatch process might be a significant challenge.",Unknown unknown,numpy_numpy,issue,18004,Unknown,1,1,"It's a bit unexpected that this isn't supported, given how it seems like it should be. I can see that the ufunc dispatch process might be a significant challenge."
483,numpy_numpy,issue,18004,"It seems odd that this doesn't work, and it feels like it should... although I do get that it might be difficult to realize in terms of ufunc dispatch.","I'm a bit taken aback that this doesn't work, as it seems like it should. However, I understand that the ufunc dispatch system might be the reason for the issue.",Unknown unknown,numpy_numpy,issue,18004,Unknown,1,1,"I'm a bit taken aback that this doesn't work, as it seems like it should. However, I understand that the ufunc dispatch system might be the reason for the issue."
484,numpy_numpy,issue,18004,"It seems odd that this doesn't work, and it feels like it should... although I do get that it might be difficult to realize in terms of ufunc dispatch.","It's surprising that this isn't working, especially since it feels like it should be a basic feature. I get that the ufunc dispatch mechanism might be the root of the problem.",Unknown unknown,numpy_numpy,issue,18004,Unknown,1,1,"It's surprising that this isn't working, especially since it feels like it should be a basic feature. I get that the ufunc dispatch mechanism might be the root of the problem."
485,numpy_numpy,issue,18004,Not sure how you are getting an object array here.,I'm confused about how you're ending up with an object array in this context. Could you provide more details or a code snippet to help me understand?,Known Unknown,numpy_numpy,issue,18004,Unknown,2,1,I'm confused about how you're ending up with an object array in this context. Could you provide more details or a code snippet to help me understand?
486,numpy_numpy,issue,18004,Not sure how you are getting an object array here.,I don't understand how an object array is being generated here. Can you clarify the steps or the code that leads to this result?,Known Unknown,numpy_numpy,issue,18004,Unknown,2,1,I don't understand how an object array is being generated here. Can you clarify the steps or the code that leads to this result?
487,numpy_numpy,issue,18004,Not sure how you are getting an object array here.,I'm not sure how you're getting an object array in this part of the code. Could you explain the process or share the relevant code snippet?,Known Unknown,numpy_numpy,issue,18004,Unknown,2,1,I'm not sure how you're getting an object array in this part of the code. Could you explain the process or share the relevant code snippet?
488,numpy_numpy,issue,18004,Not sure how you are getting an object array here.,I'm having trouble understanding how an object array is being created here. Could you elaborate on the specific conditions or operations that lead to this outcome?,Known Unknown,numpy_numpy,issue,18004,Unknown,2,1,I'm having trouble understanding how an object array is being created here. Could you elaborate on the specific conditions or operations that lead to this outcome?
489,numpy_numpy,issue,18004,Not sure how you are getting an object array here.,I'm unsure how you're ending up with an object array. Could you provide more context or a code example to help me figure it out?,Known Unknown,numpy_numpy,issue,18004,Unknown,2,1,I'm unsure how you're ending up with an object array. Could you provide more context or a code example to help me figure it out?
490,numpy_numpy,issue,18004,Not sure how you are getting an object array here.,I'm puzzled by the object array you mentioned. Can you walk me through the code or the steps that result in this array?,Known Unknown,numpy_numpy,issue,18004,Unknown,2,1,I'm puzzled by the object array you mentioned. Can you walk me through the code or the steps that result in this array?
491,numpy_numpy,issue,18004,Not sure how you are getting an object array here.,I'm not clear on how you're getting an object array here. Could you give me more information or a code snippet to help me understand?,Known Unknown,numpy_numpy,issue,18004,Unknown,2,1,I'm not clear on how you're getting an object array here. Could you give me more information or a code snippet to help me understand?
492,numpy_numpy,issue,18004,Not sure how you are getting an object array here.,I'm uncertain about how an object array is being produced in this scenario. Could you provide more details or a code example to clarify?,Known Unknown,numpy_numpy,issue,18004,Unknown,2,1,I'm uncertain about how an object array is being produced in this scenario. Could you provide more details or a code example to clarify?
493,numpy_numpy,issue,18004,Not sure how you are getting an object array here.,I'm not sure how you're ending up with an object array. Could you explain the context or the code that leads to this result?,Known Unknown,numpy_numpy,issue,18004,Unknown,2,1,I'm not sure how you're ending up with an object array. Could you explain the context or the code that leads to this result?
494,numpy_numpy,issue,18004,Not sure how you are getting an object array here.,I'm confused by the object array you mentioned. Could you provide more context or a code snippet to help me understand the issue?,Known Unknown,numpy_numpy,issue,18004,Unknown,2,1,I'm confused by the object array you mentioned. Could you provide more context or a code snippet to help me understand the issue?
495,numpy_numpy,issue,18004,"The error is referring to the fact that float(1).exp() fails. NumPy does not go to much effort to handle functions on object arrays. In general object arrays will never really be fully integrated into NumPy, and maybe were a mistake in the first place, but are convenient for some container-like applications. Object dtypes are ""out of scope"" for the Array API standard (point 4).","The error occurs because the `exp()` function is not supported for `float(1)` in NumPy. Object arrays in NumPy are not designed to handle such operations efficiently, and they are generally not fully integrated into NumPy's functionality. The Array API standard explicitly excludes object dtypes (point 4), which further limits their use in numerical computations.",Knowledge,numpy_numpy,issue,18004,Knowledge,0,0,"The error occurs because the `exp()` function is not supported for `float(1)` in NumPy. Object arrays in NumPy are not designed to handle such operations efficiently, and they are generally not fully integrated into NumPy's functionality. The Array API standard explicitly excludes object dtypes (point 4), which further limits their use in numerical computations."
496,numpy_numpy,issue,18004,"The error is referring to the fact that float(1).exp() fails. NumPy does not go to much effort to handle functions on object arrays. In general object arrays will never really be fully integrated into NumPy, and maybe were a mistake in the first place, but are convenient for some container-like applications. Object dtypes are ""out of scope"" for the Array API standard (point 4).","The issue arises from attempting to call `exp()` on a float object within a NumPy array. NumPy's object arrays are not optimized for such operations and are often considered a design flaw. They are primarily useful for container-like applications but are not part of the Array API standard (point 4), which focuses on more integrated data types.",Knowledge,numpy_numpy,issue,18004,Knowledge,0,0,"The issue arises from attempting to call `exp()` on a float object within a NumPy array. NumPy's object arrays are not optimized for such operations and are often considered a design flaw. They are primarily useful for container-like applications but are not part of the Array API standard (point 4), which focuses on more integrated data types."
497,numpy_numpy,issue,18004,"The error is referring to the fact that float(1).exp() fails. NumPy does not go to much effort to handle functions on object arrays. In general object arrays will never really be fully integrated into NumPy, and maybe were a mistake in the first place, but are convenient for some container-like applications. Object dtypes are ""out of scope"" for the Array API standard (point 4).","The error message indicates that `float(1).exp()` is not supported in NumPy. Object arrays in NumPy are not designed to handle mathematical functions on individual elements, and they are not fully integrated into NumPy's core functionality. The Array API standard (point 4) explicitly states that object dtypes are out of scope, reflecting their limited use in numerical computations.",Knowledge,numpy_numpy,issue,18004,Knowledge,0,0,"The error message indicates that `float(1).exp()` is not supported in NumPy. Object arrays in NumPy are not designed to handle mathematical functions on individual elements, and they are not fully integrated into NumPy's core functionality. The Array API standard (point 4) explicitly states that object dtypes are out of scope, reflecting their limited use in numerical computations."
498,numpy_numpy,issue,18004,"The error is referring to the fact that float(1).exp() fails. NumPy does not go to much effort to handle functions on object arrays. In general object arrays will never really be fully integrated into NumPy, and maybe were a mistake in the first place, but are convenient for some container-like applications. Object dtypes are ""out of scope"" for the Array API standard (point 4).","The error is due to the `exp()` function being called on a float object within a NumPy array. NumPy's object arrays are not intended to support such operations and are generally not fully integrated into NumPy's numerical capabilities. The Array API standard (point 4) excludes object dtypes, emphasizing their limited role in numerical computing.",Knowledge,numpy_numpy,issue,18004,Knowledge,0,0,"The error is due to the `exp()` function being called on a float object within a NumPy array. NumPy's object arrays are not intended to support such operations and are generally not fully integrated into NumPy's numerical capabilities. The Array API standard (point 4) excludes object dtypes, emphasizing their limited role in numerical computing."
499,numpy_numpy,issue,18004,"The error is referring to the fact that float(1).exp() fails. NumPy does not go to much effort to handle functions on object arrays. In general object arrays will never really be fully integrated into NumPy, and maybe were a mistake in the first place, but are convenient for some container-like applications. Object dtypes are ""out of scope"" for the Array API standard (point 4).","The error stems from the fact that `float(1).exp()` is not supported in NumPy. Object arrays in NumPy are not designed to handle mathematical functions on individual elements and are not fully integrated into NumPy's core features. The Array API standard (point 4) explicitly states that object dtypes are out of scope, highlighting their limited applicability in numerical computations.",Knowledge,numpy_numpy,issue,18004,Knowledge,0,0,"The error stems from the fact that `float(1).exp()` is not supported in NumPy. Object arrays in NumPy are not designed to handle mathematical functions on individual elements and are not fully integrated into NumPy's core features. The Array API standard (point 4) explicitly states that object dtypes are out of scope, highlighting their limited applicability in numerical computations."
500,numpy_numpy,issue,18004,"@mattip under the Discussion banner, my comment was more directed at why a = np.array([1., 2.], dtype=object) would be cast as an object array in the first place. Or perhaps it was the result of some process that casts all outputs as object arrays. Accounting for all cases where things may fail is a lost cause. This may be one example of the deprecation warnings might be useful, but where do you stop? You have one for ragged arrays (VisibleDeprecationWarning: Creating an ndarray from ragged nested sequences....), do you then have to provide one for arrays that shouldn't be cast as object arrays?","I was more curious about the reasoning behind casting a = np.array([1., 2.], dtype=object) as an object array in the first place. Is this a default behavior or a side effect of some other process? It seems like a common pitfall, and while deprecation warnings for ragged arrays are helpful, should we also consider warnings for other cases where object arrays might not be the intended result?",Known Unknown,numpy_numpy,issue,18004,Known,2,1,"I was more curious about the reasoning behind casting a = np.array([1., 2.], dtype=object) as an object array in the first place. Is this a default behavior or a side effect of some other process? It seems like a common pitfall, and while deprecation warnings for ragged arrays are helpful, should we also consider warnings for other cases where object arrays might not be the intended result?"
501,numpy_numpy,issue,18004,"@mattip under the Discussion banner, my comment was more directed at why a = np.array([1., 2.], dtype=object) would be cast as an object array in the first place. Or perhaps it was the result of some process that casts all outputs as object arrays. Accounting for all cases where things may fail is a lost cause. This may be one example of the deprecation warnings might be useful, but where do you stop? You have one for ragged arrays (VisibleDeprecationWarning: Creating an ndarray from ragged nested sequences....), do you then have to provide one for arrays that shouldn't be cast as object arrays?","My comment was more about the rationale for casting a simple array like a = np.array([1., 2.], dtype=object) as an object array. Is this a deliberate design choice or an unintended consequence? It's challenging to account for all potential issues, but deprecation warnings for ragged arrays are a good start. Should we extend this to other scenarios where object arrays might cause unexpected behavior?",Known Unknown,numpy_numpy,issue,18004,Known,2,1,"My comment was more about the rationale for casting a simple array like a = np.array([1., 2.], dtype=object) as an object array. Is this a deliberate design choice or an unintended consequence? It's challenging to account for all potential issues, but deprecation warnings for ragged arrays are a good start. Should we extend this to other scenarios where object arrays might cause unexpected behavior?"
502,numpy_numpy,issue,18004,"@mattip under the Discussion banner, my comment was more directed at why a = np.array([1., 2.], dtype=object) would be cast as an object array in the first place. Or perhaps it was the result of some process that casts all outputs as object arrays. Accounting for all cases where things may fail is a lost cause. This may be one example of the deprecation warnings might be useful, but where do you stop? You have one for ragged arrays (VisibleDeprecationWarning: Creating an ndarray from ragged nested sequences....), do you then have to provide one for arrays that shouldn't be cast as object arrays?","I was wondering why a = np.array([1., 2.], dtype=object) ends up as an object array. Is this a standard behavior or a result of some other process? While deprecation warnings for ragged arrays are useful, it raises the question of whether we should have similar warnings for other cases where object arrays might not be the desired outcome.",Known Unknown,numpy_numpy,issue,18004,Known,2,1,"I was wondering why a = np.array([1., 2.], dtype=object) ends up as an object array. Is this a standard behavior or a result of some other process? While deprecation warnings for ragged arrays are useful, it raises the question of whether we should have similar warnings for other cases where object arrays might not be the desired outcome."
503,numpy_numpy,issue,18004,"@mattip under the Discussion banner, my comment was more directed at why a = np.array([1., 2.], dtype=object) would be cast as an object array in the first place. Or perhaps it was the result of some process that casts all outputs as object arrays. Accounting for all cases where things may fail is a lost cause. This may be one example of the deprecation warnings might be useful, but where do you stop? You have one for ragged arrays (VisibleDeprecationWarning: Creating an ndarray from ragged nested sequences....), do you then have to provide one for arrays that shouldn't be cast as object arrays?","My initial comment was aimed at understanding why a = np.array([1., 2.], dtype=object) is cast as an object array. Is this a default behavior or a side effect of some other operation? It's difficult to cover all edge cases, but deprecation warnings for ragged arrays are a step in the right direction. Should we also consider warnings for other scenarios where object arrays might lead to issues?",Known Unknown,numpy_numpy,issue,18004,Known,2,1,"My initial comment was aimed at understanding why a = np.array([1., 2.], dtype=object) is cast as an object array. Is this a default behavior or a side effect of some other operation? It's difficult to cover all edge cases, but deprecation warnings for ragged arrays are a step in the right direction. Should we also consider warnings for other scenarios where object arrays might lead to issues?"
504,numpy_numpy,issue,18004,"@mattip under the Discussion banner, my comment was more directed at why a = np.array([1., 2.], dtype=object) would be cast as an object array in the first place. Or perhaps it was the result of some process that casts all outputs as object arrays. Accounting for all cases where things may fail is a lost cause. This may be one example of the deprecation warnings might be useful, but where do you stop? You have one for ragged arrays (VisibleDeprecationWarning: Creating an ndarray from ragged nested sequences....), do you then have to provide one for arrays that shouldn't be cast as object arrays?","I was more interested in the reasoning behind casting a = np.array([1., 2.], dtype=object) as an object array. Is this a standard practice or a result of some other process? While deprecation warnings for ragged arrays are helpful, it makes me wonder if we should have similar warnings for other cases where object arrays might not be the intended result.",Known Unknown,numpy_numpy,issue,18004,Known,2,1,"I was more interested in the reasoning behind casting a = np.array([1., 2.], dtype=object) as an object array. Is this a standard practice or a result of some other process? While deprecation warnings for ragged arrays are helpful, it makes me wonder if we should have similar warnings for other cases where object arrays might not be the intended result."
505,numpy_numpy,issue,18004,"@mattip under the Discussion banner, my comment was more directed at why a = np.array([1., 2.], dtype=object) would be cast as an object array in the first place. Or perhaps it was the result of some process that casts all outputs as object arrays. Accounting for all cases where things may fail is a lost cause. This may be one example of the deprecation warnings might be useful, but where do you stop? You have one for ragged arrays (VisibleDeprecationWarning: Creating an ndarray from ragged nested sequences....), do you then have to provide one for arrays that shouldn't be cast as object arrays?","My comment was directed at the decision to cast a = np.array([1., 2.], dtype=object) as an object array. Is this a deliberate choice or an unintended consequence? It's a challenging task to account for all potential issues, but deprecation warnings for ragged arrays are a good start. Should we also consider warnings for other cases where object arrays might cause unexpected behavior?",Known Unknown,numpy_numpy,issue,18004,Known,2,1,"My comment was directed at the decision to cast a = np.array([1., 2.], dtype=object) as an object array. Is this a deliberate choice or an unintended consequence? It's a challenging task to account for all potential issues, but deprecation warnings for ragged arrays are a good start. Should we also consider warnings for other cases where object arrays might cause unexpected behavior?"
506,numpy_numpy,issue,17669,"This issue is motivated by ongoing work in SciPy to improve the existing multivariate distributions and add new ones. We'd like to be sure that, if possible, enhancements that we make remain consistent with the current and future behavior of NumPy's multivariate distributions.

The specific issue is how the size parameter interacts with broadcasting of the distribution parameters, some of which are 1-d or 2-d arrays rather than scalars.

I'm going to refer to gufunc broadcasting, so it will be helpful to have the gufunc signatures of the existing multivariate distributions (even though they are not actually implemented as gufuncs):

Name                         Parameters      Gufunc signature
---------------------------  --------------  ----------------
dirichlet                    alpha           (n)       -> (n)
multinomial                  n, pvals        (),(n)    -> (n)
multivariate_normal          mean, cov       (n),(n,n) -> (n)
multivariate_hypergeometric  colors, nsample (n),()    -> (n)

@bashtage has a pull request to add broadcasting to multinomial. As an example, suppose I have four values of n, say 2, 5, 10 and 20, and I have two discrete probability distributions of length 3, say [0.1, 0.2, 0.7] and [0.8, 0.2, 0.0], and I want to generate 10 multinomial variates for each combination of those inputs. With the code in @bashtage's PR, we can write:

In [85]: n = np.array([2, 5, 10, 20]).reshape(-1, 1)

In [86]: pvals = np.array([[0.1, 0.2, 0.7], [0.8, 0.2, 0.0]])

In [87]: rng = np.random.default_rng()

In [88]: x = rng.multinomial(n, pvals, size=(10, 4, 2))

In [89]: x.shape
Out[89]: (10, 4, 2, 3)

The shape of the output has three sources: (10,) is the number of variates that we wanted for each combination of input parameters; (4, 2) is the broadcast shape of the input parameters, without the dimension associated with the gufunc signature; (3,) is the dimension associated with each variate.

Note that size is not the shape of the output array--size does not include the dimension associated with the variates themselves.

The question is how to adapt this to the other multivariate distribution methods.","This issue stems from our efforts in SciPy to enhance and expand the multivariate distributions. We aim to ensure that any improvements we make are consistent with the current and future behavior of NumPy's multivariate distributions, particularly in how the size parameter interacts with the broadcasting of distribution parameters. For example, the gufunc signatures of existing distributions like dirichlet, multinomial, multivariate_normal, and multivariate_hypergeometric are crucial for understanding this interaction. @bashtage's pull request to add broadcasting to the multinomial distribution provides a useful reference. The code snippet demonstrates generating multinomial variates for different values of n and pvals, resulting in an output shape that reflects the number of variates, the broadcast shape of the inputs, and the dimension of each variate. The challenge is to apply this approach consistently across other multivariate distribution methods.",Known Unknown,numpy_numpy,issue,17669,Known,2,1,"This issue stems from our efforts in SciPy to enhance and expand the multivariate distributions. We aim to ensure that any improvements we make are consistent with the current and future behavior of NumPy's multivariate distributions, particularly in how the size parameter interacts with the broadcasting of distribution parameters. For example, the gufunc signatures of existing distributions like dirichlet, multinomial, multivariate_normal, and multivariate_hypergeometric are crucial for understanding this interaction. @bashtage's pull request to add broadcasting to the multinomial distribution provides a useful reference. The code snippet demonstrates generating multinomial variates for different values of n and pvals, resulting in an output shape that reflects the number of variates, the broadcast shape of the inputs, and the dimension of each variate. The challenge is to apply this approach consistently across other multivariate distribution methods."
507,numpy_numpy,issue,17669,"This issue is motivated by ongoing work in SciPy to improve the existing multivariate distributions and add new ones. We'd like to be sure that, if possible, enhancements that we make remain consistent with the current and future behavior of NumPy's multivariate distributions.

The specific issue is how the size parameter interacts with broadcasting of the distribution parameters, some of which are 1-d or 2-d arrays rather than scalars.

I'm going to refer to gufunc broadcasting, so it will be helpful to have the gufunc signatures of the existing multivariate distributions (even though they are not actually implemented as gufuncs):

Name                         Parameters      Gufunc signature
---------------------------  --------------  ----------------
dirichlet                    alpha           (n)       -> (n)
multinomial                  n, pvals        (),(n)    -> (n)
multivariate_normal          mean, cov       (n),(n,n) -> (n)
multivariate_hypergeometric  colors, nsample (n),()    -> (n)

@bashtage has a pull request to add broadcasting to multinomial. As an example, suppose I have four values of n, say 2, 5, 10 and 20, and I have two discrete probability distributions of length 3, say [0.1, 0.2, 0.7] and [0.8, 0.2, 0.0], and I want to generate 10 multinomial variates for each combination of those inputs. With the code in @bashtage's PR, we can write:

In [85]: n = np.array([2, 5, 10, 20]).reshape(-1, 1)

In [86]: pvals = np.array([[0.1, 0.2, 0.7], [0.8, 0.2, 0.0]])

In [87]: rng = np.random.default_rng()

In [88]: x = rng.multinomial(n, pvals, size=(10, 4, 2))

In [89]: x.shape
Out[89]: (10, 4, 2, 3)

The shape of the output has three sources: (10,) is the number of variates that we wanted for each combination of input parameters; (4, 2) is the broadcast shape of the input parameters, without the dimension associated with the gufunc signature; (3,) is the dimension associated with each variate.

Note that size is not the shape of the output array--size does not include the dimension associated with the variates themselves.

The question is how to adapt this to the other multivariate distribution methods.","Our work in SciPy to improve and add new multivariate distributions is driven by the need to maintain consistency with NumPy's behavior. Specifically, we need to address how the size parameter interacts with the broadcasting of distribution parameters, which can be 1-d or 2-d arrays. The gufunc signatures of existing distributions, such as dirichlet, multinomial, multivariate_normal, and multivariate_hypergeometric, are essential for this. @bashtage's pull request for broadcasting in the multinomial distribution serves as a good example. The code shows how to generate multinomial variates for various combinations of n and pvals, resulting in an output shape that includes the number of variates, the broadcast shape of the inputs, and the dimension of each variate. The goal is to adapt this approach to other multivariate distribution methods.",Known Unknown,numpy_numpy,issue,17669,Known,2,1,"Our work in SciPy to improve and add new multivariate distributions is driven by the need to maintain consistency with NumPy's behavior. Specifically, we need to address how the size parameter interacts with the broadcasting of distribution parameters, which can be 1-d or 2-d arrays. The gufunc signatures of existing distributions, such as dirichlet, multinomial, multivariate_normal, and multivariate_hypergeometric, are essential for this. @bashtage's pull request for broadcasting in the multinomial distribution serves as a good example. The code shows how to generate multinomial variates for various combinations of n and pvals, resulting in an output shape that includes the number of variates, the broadcast shape of the inputs, and the dimension of each variate. The goal is to adapt this approach to other multivariate distribution methods."
508,numpy_numpy,issue,17669,"This issue is motivated by ongoing work in SciPy to improve the existing multivariate distributions and add new ones. We'd like to be sure that, if possible, enhancements that we make remain consistent with the current and future behavior of NumPy's multivariate distributions.

The specific issue is how the size parameter interacts with broadcasting of the distribution parameters, some of which are 1-d or 2-d arrays rather than scalars.

I'm going to refer to gufunc broadcasting, so it will be helpful to have the gufunc signatures of the existing multivariate distributions (even though they are not actually implemented as gufuncs):

Name                         Parameters      Gufunc signature
---------------------------  --------------  ----------------
dirichlet                    alpha           (n)       -> (n)
multinomial                  n, pvals        (),(n)    -> (n)
multivariate_normal          mean, cov       (n),(n,n) -> (n)
multivariate_hypergeometric  colors, nsample (n),()    -> (n)

@bashtage has a pull request to add broadcasting to multinomial. As an example, suppose I have four values of n, say 2, 5, 10 and 20, and I have two discrete probability distributions of length 3, say [0.1, 0.2, 0.7] and [0.8, 0.2, 0.0], and I want to generate 10 multinomial variates for each combination of those inputs. With the code in @bashtage's PR, we can write:

In [85]: n = np.array([2, 5, 10, 20]).reshape(-1, 1)

In [86]: pvals = np.array([[0.1, 0.2, 0.7], [0.8, 0.2, 0.0]])

In [87]: rng = np.random.default_rng()

In [88]: x = rng.multinomial(n, pvals, size=(10, 4, 2))

In [89]: x.shape
Out[89]: (10, 4, 2, 3)

The shape of the output has three sources: (10,) is the number of variates that we wanted for each combination of input parameters; (4, 2) is the broadcast shape of the input parameters, without the dimension associated with the gufunc signature; (3,) is the dimension associated with each variate.

Note that size is not the shape of the output array--size does not include the dimension associated with the variates themselves.

The question is how to adapt this to the other multivariate distribution methods.","The motivation for this issue is the ongoing work in SciPy to enhance and introduce new multivariate distributions. We want to ensure that any enhancements we make are consistent with the current and future behavior of NumPy's multivariate distributions, especially in terms of how the size parameter interacts with the broadcasting of distribution parameters. The gufunc signatures of existing distributions, such as dirichlet, multinomial, multivariate_normal, and multivariate_hypergeometric, are key to understanding this interaction. @bashtage's pull request for broadcasting in the multinomial distribution provides a practical example. The code demonstrates generating multinomial variates for different values of n and pvals, resulting in an output shape that reflects the number of variates, the broadcast shape of the inputs, and the dimension of each variate. The challenge is to apply this approach to other multivariate distribution methods.",Known Unknown,numpy_numpy,issue,17669,Known,2,1,"The motivation for this issue is the ongoing work in SciPy to enhance and introduce new multivariate distributions. We want to ensure that any enhancements we make are consistent with the current and future behavior of NumPy's multivariate distributions, especially in terms of how the size parameter interacts with the broadcasting of distribution parameters. The gufunc signatures of existing distributions, such as dirichlet, multinomial, multivariate_normal, and multivariate_hypergeometric, are key to understanding this interaction. @bashtage's pull request for broadcasting in the multinomial distribution provides a practical example. The code demonstrates generating multinomial variates for different values of n and pvals, resulting in an output shape that reflects the number of variates, the broadcast shape of the inputs, and the dimension of each variate. The challenge is to apply this approach to other multivariate distribution methods."
509,numpy_numpy,issue,17669,"This issue is motivated by ongoing work in SciPy to improve the existing multivariate distributions and add new ones. We'd like to be sure that, if possible, enhancements that we make remain consistent with the current and future behavior of NumPy's multivariate distributions.

The specific issue is how the size parameter interacts with broadcasting of the distribution parameters, some of which are 1-d or 2-d arrays rather than scalars.

I'm going to refer to gufunc broadcasting, so it will be helpful to have the gufunc signatures of the existing multivariate distributions (even though they are not actually implemented as gufuncs):

Name                         Parameters      Gufunc signature
---------------------------  --------------  ----------------
dirichlet                    alpha           (n)       -> (n)
multinomial                  n, pvals        (),(n)    -> (n)
multivariate_normal          mean, cov       (n),(n,n) -> (n)
multivariate_hypergeometric  colors, nsample (n),()    -> (n)

@bashtage has a pull request to add broadcasting to multinomial. As an example, suppose I have four values of n, say 2, 5, 10 and 20, and I have two discrete probability distributions of length 3, say [0.1, 0.2, 0.7] and [0.8, 0.2, 0.0], and I want to generate 10 multinomial variates for each combination of those inputs. With the code in @bashtage's PR, we can write:

In [85]: n = np.array([2, 5, 10, 20]).reshape(-1, 1)

In [86]: pvals = np.array([[0.1, 0.2, 0.7], [0.8, 0.2, 0.0]])

In [87]: rng = np.random.default_rng()

In [88]: x = rng.multinomial(n, pvals, size=(10, 4, 2))

In [89]: x.shape
Out[89]: (10, 4, 2, 3)

The shape of the output has three sources: (10,) is the number of variates that we wanted for each combination of input parameters; (4, 2) is the broadcast shape of the input parameters, without the dimension associated with the gufunc signature; (3,) is the dimension associated with each variate.

Note that size is not the shape of the output array--size does not include the dimension associated with the variates themselves.

The question is how to adapt this to the other multivariate distribution methods.","This issue is part of our efforts to improve and expand the multivariate distributions in SciPy. We aim to ensure that any enhancements we make are consistent with the current and future behavior of NumPy's multivariate distributions, particularly in how the size parameter interacts with the broadcasting of distribution parameters. The gufunc signatures of existing distributions, such as dirichlet, multinomial, multivariate_normal, and multivariate_hypergeometric, are crucial for this. @bashtage's pull request for broadcasting in the multinomial distribution provides a useful reference. The code snippet shows how to generate multinomial variates for different values of n and pvals, resulting in an output shape that includes the number of variates, the broadcast shape of the inputs, and the dimension of each variate. The goal is to adapt this approach to other multivariate distribution methods.",Known Unknown,numpy_numpy,issue,17669,Known,2,1,"This issue is part of our efforts to improve and expand the multivariate distributions in SciPy. We aim to ensure that any enhancements we make are consistent with the current and future behavior of NumPy's multivariate distributions, particularly in how the size parameter interacts with the broadcasting of distribution parameters. The gufunc signatures of existing distributions, such as dirichlet, multinomial, multivariate_normal, and multivariate_hypergeometric, are crucial for this. @bashtage's pull request for broadcasting in the multinomial distribution provides a useful reference. The code snippet shows how to generate multinomial variates for different values of n and pvals, resulting in an output shape that includes the number of variates, the broadcast shape of the inputs, and the dimension of each variate. The goal is to adapt this approach to other multivariate distribution methods."
510,numpy_numpy,issue,17669,"This issue is motivated by ongoing work in SciPy to improve the existing multivariate distributions and add new ones. We'd like to be sure that, if possible, enhancements that we make remain consistent with the current and future behavior of NumPy's multivariate distributions.

The specific issue is how the size parameter interacts with broadcasting of the distribution parameters, some of which are 1-d or 2-d arrays rather than scalars.

I'm going to refer to gufunc broadcasting, so it will be helpful to have the gufunc signatures of the existing multivariate distributions (even though they are not actually implemented as gufuncs):

Name                         Parameters      Gufunc signature
---------------------------  --------------  ----------------
dirichlet                    alpha           (n)       -> (n)
multinomial                  n, pvals        (),(n)    -> (n)
multivariate_normal          mean, cov       (n),(n,n) -> (n)
multivariate_hypergeometric  colors, nsample (n),()    -> (n)

@bashtage has a pull request to add broadcasting to multinomial. As an example, suppose I have four values of n, say 2, 5, 10 and 20, and I have two discrete probability distributions of length 3, say [0.1, 0.2, 0.7] and [0.8, 0.2, 0.0], and I want to generate 10 multinomial variates for each combination of those inputs. With the code in @bashtage's PR, we can write:

In [85]: n = np.array([2, 5, 10, 20]).reshape(-1, 1)

In [86]: pvals = np.array([[0.1, 0.2, 0.7], [0.8, 0.2, 0.0]])

In [87]: rng = np.random.default_rng()

In [88]: x = rng.multinomial(n, pvals, size=(10, 4, 2))

In [89]: x.shape
Out[89]: (10, 4, 2, 3)

The shape of the output has three sources: (10,) is the number of variates that we wanted for each combination of input parameters; (4, 2) is the broadcast shape of the input parameters, without the dimension associated with the gufunc signature; (3,) is the dimension associated with each variate.

Note that size is not the shape of the output array--size does not include the dimension associated with the variates themselves.

The question is how to adapt this to the other multivariate distribution methods.","Our ongoing work in SciPy to improve and add new multivariate distributions is motivated by the need to maintain consistency with NumPy's behavior. Specifically, we need to address how the size parameter interacts with the broadcasting of distribution parameters, which can be 1-d or 2-d arrays. The gufunc signatures of existing distributions, such as dirichlet, multinomial, multivariate_normal, and multivariate_hypergeometric, are essential for this. @bashtage's pull request for broadcasting in the multinomial distribution serves as a good example. The code demonstrates generating multinomial variates for various combinations of n and pvals, resulting in an output shape that includes the number of variates, the broadcast shape of the inputs, and the dimension of each variate. The challenge is to apply this approach to other multivariate distribution methods.",Known Unknown,numpy_numpy,issue,17669,Known,2,1,"Our ongoing work in SciPy to improve and add new multivariate distributions is motivated by the need to maintain consistency with NumPy's behavior. Specifically, we need to address how the size parameter interacts with the broadcasting of distribution parameters, which can be 1-d or 2-d arrays. The gufunc signatures of existing distributions, such as dirichlet, multinomial, multivariate_normal, and multivariate_hypergeometric, are essential for this. @bashtage's pull request for broadcasting in the multinomial distribution serves as a good example. The code demonstrates generating multinomial variates for various combinations of n and pvals, resulting in an output shape that includes the number of variates, the broadcast shape of the inputs, and the dimension of each variate. The challenge is to apply this approach to other multivariate distribution methods."
511,numpy_numpy,issue,29217,I am not sure that this was ever an intentional feature of the file format.,I'm uncertain if this was ever intended to be a feature of the file format.,Unknown unknown,numpy_numpy,issue,29217,,1,1,I'm uncertain if this was ever intended to be a feature of the file format.
512,numpy_numpy,issue,29217,I am not sure that this was ever an intentional feature of the file format.,I don't know if this behavior was deliberately included in the file format's design.,Unknown unknown,numpy_numpy,issue,29217,,1,1,I don't know if this behavior was deliberately included in the file format's design.
513,numpy_numpy,issue,29217,I am not sure that this was ever an intentional feature of the file format.,I'm not confident that this was a deliberate part of the file format's specification.,Unknown unknown,numpy_numpy,issue,29217,,1,1,I'm not confident that this was a deliberate part of the file format's specification.
514,numpy_numpy,issue,29217,I am not sure that this was ever an intentional feature of the file format.,I'm unsure whether this aspect of the file format was ever meant to be a feature.,Unknown unknown,numpy_numpy,issue,29217,,1,1,I'm unsure whether this aspect of the file format was ever meant to be a feature.
515,numpy_numpy,issue,29217,I am not sure that this was ever an intentional feature of the file format.,I have doubts about whether this was intentionally part of the file format's functionality.,Unknown unknown,numpy_numpy,issue,29217,,1,1,I have doubts about whether this was intentionally part of the file format's functionality.
516,numpy_numpy,issue,29217,I am not sure that this was ever an intentional feature of the file format.,I'm not sure if this was ever a planned or intentional aspect of the file format.,Unknown unknown,numpy_numpy,issue,29217,,1,1,I'm not sure if this was ever a planned or intentional aspect of the file format.
517,numpy_numpy,issue,29217,I am not sure that this was ever an intentional feature of the file format.,I'm questioning whether this was ever supposed to be a feature of the file format.,Unknown unknown,numpy_numpy,issue,29217,,1,1,I'm questioning whether this was ever supposed to be a feature of the file format.
518,numpy_numpy,issue,29217,I am not sure that this was ever an intentional feature of the file format.,I'm not certain if this was ever a deliberate design choice for the file format.,Unknown unknown,numpy_numpy,issue,29217,,1,1,I'm not certain if this was ever a deliberate design choice for the file format.
519,numpy_numpy,issue,29217,I am not sure that this was ever an intentional feature of the file format.,I'm not sure if this was ever intended to be a part of the file format's capabilities.,Unknown unknown,numpy_numpy,issue,29217,,1,1,I'm not sure if this was ever intended to be a part of the file format's capabilities.
520,numpy_numpy,issue,29217,I am not sure that this was ever an intentional feature of the file format.,I'm unsure if this was ever a purposeful feature of the file format.,Unknown unknown,numpy_numpy,issue,29217,,1,1,I'm unsure if this was ever a purposeful feature of the file format.
521,numpy_numpy,issue,29217,Such files are invalid according to the format definition (we do say that the number of bytes can be determined from the shape).,"These files do not conform to the format specification, as the number of bytes should be derivable from the shape.",Knowledge,numpy_numpy,issue,29217,Knowledge,0,0,"These files do not conform to the format specification, as the number of bytes should be derivable from the shape."
522,numpy_numpy,issue,29217,Such files are invalid according to the format definition (we do say that the number of bytes can be determined from the shape).,"According to the format definition, the number of bytes must be calculable from the shape, making these files invalid.",Knowledge,numpy_numpy,issue,29217,Knowledge,0,0,"According to the format definition, the number of bytes must be calculable from the shape, making these files invalid."
523,numpy_numpy,issue,29217,Such files are invalid according to the format definition (we do say that the number of bytes can be determined from the shape).,"The files are not valid because the format requires the number of bytes to be inferable from the shape, which is not the case here.",Knowledge,numpy_numpy,issue,29217,Knowledge,0,0,"The files are not valid because the format requires the number of bytes to be inferable from the shape, which is not the case here."
524,numpy_numpy,issue,29217,Such files are invalid according to the format definition (we do say that the number of bytes can be determined from the shape).,"Based on the format specification, the number of bytes should be determinable from the shape, but these files fail to meet that requirement.",Knowledge,numpy_numpy,issue,29217,Knowledge,0,0,"Based on the format specification, the number of bytes should be determinable from the shape, but these files fail to meet that requirement."
525,numpy_numpy,issue,29217,Such files are invalid according to the format definition (we do say that the number of bytes can be determined from the shape).,"The format definition clearly states that the number of bytes can be derived from the shape, so these files are considered invalid.",Knowledge,numpy_numpy,issue,29217,Knowledge,0,0,"The format definition clearly states that the number of bytes can be derived from the shape, so these files are considered invalid."
526,numpy_numpy,issue,29217,Such files are invalid according to the format definition (we do say that the number of bytes can be determined from the shape).,"These files are not compliant with the format because the number of bytes cannot be determined from the shape, as required.",Knowledge,numpy_numpy,issue,29217,Knowledge,0,0,"These files are not compliant with the format because the number of bytes cannot be determined from the shape, as required."
527,numpy_numpy,issue,29217,Such files are invalid according to the format definition (we do say that the number of bytes can be determined from the shape).,"The format specification mandates that the number of bytes be calculable from the shape, which is not true for these files, making them invalid.",Knowledge,numpy_numpy,issue,29217,Knowledge,0,0,"The format specification mandates that the number of bytes be calculable from the shape, which is not true for these files, making them invalid."
528,numpy_numpy,issue,29217,Such files are invalid according to the format definition (we do say that the number of bytes can be determined from the shape).,"According to the format, the number of bytes should be inferable from the shape, but these files do not adhere to this rule.",Knowledge,numpy_numpy,issue,29217,Knowledge,0,0,"According to the format, the number of bytes should be inferable from the shape, but these files do not adhere to this rule."
529,numpy_numpy,issue,29217,Such files are invalid according to the format definition (we do say that the number of bytes can be determined from the shape).,The files are invalid because they do not meet the format requirement that the number of bytes can be determined from the shape.,Knowledge,numpy_numpy,issue,29217,Knowledge,0,0,The files are invalid because they do not meet the format requirement that the number of bytes can be determined from the shape.
530,numpy_numpy,issue,29217,Such files are invalid according to the format definition (we do say that the number of bytes can be determined from the shape).,These files are not valid as they do not satisfy the format's requirement that the number of bytes be derivable from the shape.,Knowledge,numpy_numpy,issue,29217,Knowledge,0,0,These files are not valid as they do not satisfy the format's requirement that the number of bytes be derivable from the shape.
531,numpy_numpy,issue,29174,"The ASIMDHP, ASIMDFHM and SVE output is confusion though, I suspect that that's a bug in our meson_cpu code since the message claims it's due to NEON not being supported but NEON is in the baseline.","I'm puzzled by the ASIMDHP, ASIMDFHM, and SVE output. The error message suggests that NEON is not supported, but NEON is part of the baseline configuration. I suspect this might be a bug in our meson_cpu code.",Errors,numpy_numpy,issue,29174,Unknown,-1,1,"I'm puzzled by the ASIMDHP, ASIMDFHM, and SVE output. The error message suggests that NEON is not supported, but NEON is part of the baseline configuration. I suspect this might be a bug in our meson_cpu code."
532,numpy_numpy,issue,29174,"The ASIMDHP, ASIMDFHM and SVE output is confusion though, I suspect that that's a bug in our meson_cpu code since the message claims it's due to NEON not being supported but NEON is in the baseline.","The ASIMDHP, ASIMDFHM, and SVE output is causing confusion. The error message indicates that NEON is not supported, but NEON is included in the baseline. This leads me to believe there might be a bug in the meson_cpu code.",Errors,numpy_numpy,issue,29174,Unknown,-1,1,"The ASIMDHP, ASIMDFHM, and SVE output is causing confusion. The error message indicates that NEON is not supported, but NEON is included in the baseline. This leads me to believe there might be a bug in the meson_cpu code."
533,numpy_numpy,issue,29174,"The ASIMDHP, ASIMDFHM and SVE output is confusion though, I suspect that that's a bug in our meson_cpu code since the message claims it's due to NEON not being supported but NEON is in the baseline.","I'm encountering an issue with ASIMDHP, ASIMDFHM, and SVE where the output is unexpected. The error message claims that NEON is not supported, but NEON is already part of the baseline. This suggests a potential bug in the meson_cpu code.",Errors,numpy_numpy,issue,29174,Unknown,-1,1,"I'm encountering an issue with ASIMDHP, ASIMDFHM, and SVE where the output is unexpected. The error message claims that NEON is not supported, but NEON is already part of the baseline. This suggests a potential bug in the meson_cpu code."
534,numpy_numpy,issue,29174,"The ASIMDHP, ASIMDFHM and SVE output is confusion though, I suspect that that's a bug in our meson_cpu code since the message claims it's due to NEON not being supported but NEON is in the baseline.","The ASIMDHP, ASIMDFHM, and SVE output is unclear. The error message states that NEON is not supported, but NEON is included in the baseline. I suspect this could be a bug in the meson_cpu code.",Errors,numpy_numpy,issue,29174,Unknown,-1,1,"The ASIMDHP, ASIMDFHM, and SVE output is unclear. The error message states that NEON is not supported, but NEON is included in the baseline. I suspect this could be a bug in the meson_cpu code."
535,numpy_numpy,issue,29174,"The ASIMDHP, ASIMDFHM and SVE output is confusion though, I suspect that that's a bug in our meson_cpu code since the message claims it's due to NEON not being supported but NEON is in the baseline.","I'm confused by the ASIMDHP, ASIMDFHM, and SVE output. The error message indicates that NEON is not supported, but NEON is part of the baseline. This makes me think there might be a bug in the meson_cpu code.",Errors,numpy_numpy,issue,29174,Unknown,-1,1,"I'm confused by the ASIMDHP, ASIMDFHM, and SVE output. The error message indicates that NEON is not supported, but NEON is part of the baseline. This makes me think there might be a bug in the meson_cpu code."
536,numpy_numpy,issue,29174,"The ASIMDHP, ASIMDFHM and SVE output is confusion though, I suspect that that's a bug in our meson_cpu code since the message claims it's due to NEON not being supported but NEON is in the baseline.","The ASIMDHP, ASIMDFHM, and SVE output is perplexing. The error message suggests that NEON is not supported, but NEON is included in the baseline. This leads me to believe there might be a bug in the meson_cpu code.",Errors,numpy_numpy,issue,29174,Unknown,-1,1,"The ASIMDHP, ASIMDFHM, and SVE output is perplexing. The error message suggests that NEON is not supported, but NEON is included in the baseline. This leads me to believe there might be a bug in the meson_cpu code."
537,numpy_numpy,issue,29174,"The ASIMDHP, ASIMDFHM and SVE output is confusion though, I suspect that that's a bug in our meson_cpu code since the message claims it's due to NEON not being supported but NEON is in the baseline.","I'm unsure about the ASIMDHP, ASIMDFHM, and SVE output. The error message claims that NEON is not supported, but NEON is part of the baseline. This could be a bug in the meson_cpu code.",Errors,numpy_numpy,issue,29174,Unknown,-1,1,"I'm unsure about the ASIMDHP, ASIMDFHM, and SVE output. The error message claims that NEON is not supported, but NEON is part of the baseline. This could be a bug in the meson_cpu code."
538,numpy_numpy,issue,29174,"The ASIMDHP, ASIMDFHM and SVE output is confusion though, I suspect that that's a bug in our meson_cpu code since the message claims it's due to NEON not being supported but NEON is in the baseline.","The ASIMDHP, ASIMDFHM, and SVE output is causing uncertainty. The error message indicates that NEON is not supported, but NEON is included in the baseline. This suggests a potential bug in the meson_cpu code.",Errors,numpy_numpy,issue,29174,Unknown,-1,1,"The ASIMDHP, ASIMDFHM, and SVE output is causing uncertainty. The error message indicates that NEON is not supported, but NEON is included in the baseline. This suggests a potential bug in the meson_cpu code."
539,numpy_numpy,issue,29174,"The ASIMDHP, ASIMDFHM and SVE output is confusion though, I suspect that that's a bug in our meson_cpu code since the message claims it's due to NEON not being supported but NEON is in the baseline.","I'm having trouble understanding the ASIMDHP, ASIMDFHM, and SVE output. The error message states that NEON is not supported, but NEON is part of the baseline. This makes me think there might be a bug in the meson_cpu code.",Errors,numpy_numpy,issue,29174,Unknown,-1,1,"I'm having trouble understanding the ASIMDHP, ASIMDFHM, and SVE output. The error message states that NEON is not supported, but NEON is part of the baseline. This makes me think there might be a bug in the meson_cpu code."
540,numpy_numpy,issue,29174,"The ASIMDHP, ASIMDFHM and SVE output is confusion though, I suspect that that's a bug in our meson_cpu code since the message claims it's due to NEON not being supported but NEON is in the baseline.","The ASIMDHP, ASIMDFHM, and SVE output is unclear to me. The error message suggests that NEON is not supported, but NEON is included in the baseline. This could be a bug in the meson_cpu code.",Errors,numpy_numpy,issue,29174,Unknown,-1,1,"The ASIMDHP, ASIMDFHM, and SVE output is unclear to me. The error message suggests that NEON is not supported, but NEON is included in the baseline. This could be a bug in the meson_cpu code."
541,numpy_numpy,issue,29174,"@rgommers, you're right, there was a bug in the check code for MSVC, see #29199.

@Mugundanmcw is also right, as illustrated by that same PR. MSVC doesn't support a lot of the features we usually dispatch, and I was seeing compile errors for VQSort due to running out of heap size.","@rgommers, you were correct; there was indeed a bug in the MSVC check code, as detailed in #29199. @Mugundanmcw's observations are also valid, as the same PR demonstrates. MSVC lacks support for many of the features we typically dispatch, leading to compile errors in VQSort due to insufficient heap size.",Knowledge,numpy_numpy,issue,29174,Knowledge,0,0,"@rgommers, you were correct; there was indeed a bug in the MSVC check code, as detailed in #29199. @Mugundanmcw's observations are also valid, as the same PR demonstrates. MSVC lacks support for many of the features we typically dispatch, leading to compile errors in VQSort due to insufficient heap size."
542,numpy_numpy,issue,29174,"@rgommers, you're right, there was a bug in the check code for MSVC, see #29199.

@Mugundanmcw is also right, as illustrated by that same PR. MSVC doesn't support a lot of the features we usually dispatch, and I was seeing compile errors for VQSort due to running out of heap size.","@rgommers, you identified the issue correctly; the MSVC check code had a bug, as documented in #29199. @Mugundanmcw's findings are consistent with this, showing that MSVC doesn't support several of our dispatched features, causing compile errors in VQSort due to heap size limitations.",Knowledge,numpy_numpy,issue,29174,Knowledge,0,0,"@rgommers, you identified the issue correctly; the MSVC check code had a bug, as documented in #29199. @Mugundanmcw's findings are consistent with this, showing that MSVC doesn't support several of our dispatched features, causing compile errors in VQSort due to heap size limitations."
543,numpy_numpy,issue,29174,"@rgommers, you're right, there was a bug in the check code for MSVC, see #29199.

@Mugundanmcw is also right, as illustrated by that same PR. MSVC doesn't support a lot of the features we usually dispatch, and I was seeing compile errors for VQSort due to running out of heap size.","@rgommers, you were right about the bug in the MSVC check code, as seen in #29199. @Mugundanmcw's PR also highlights that MSVC doesn't support many of the features we dispatch, which results in compile errors for VQSort due to heap size constraints.",Knowledge,numpy_numpy,issue,29174,Knowledge,0,0,"@rgommers, you were right about the bug in the MSVC check code, as seen in #29199. @Mugundanmcw's PR also highlights that MSVC doesn't support many of the features we dispatch, which results in compile errors for VQSort due to heap size constraints."
544,numpy_numpy,issue,29174,"@rgommers, you're right, there was a bug in the check code for MSVC, see #29199.

@Mugundanmcw is also right, as illustrated by that same PR. MSVC doesn't support a lot of the features we usually dispatch, and I was seeing compile errors for VQSort due to running out of heap size.","@rgommers, you were absolutely right; the MSVC check code had a bug, as shown in #29199. @Mugundanmcw's PR further confirms that MSVC lacks support for several of our dispatched features, leading to compile errors in VQSort due to heap size issues.",Knowledge,numpy_numpy,issue,29174,Knowledge,0,0,"@rgommers, you were absolutely right; the MSVC check code had a bug, as shown in #29199. @Mugundanmcw's PR further confirms that MSVC lacks support for several of our dispatched features, leading to compile errors in VQSort due to heap size issues."
545,numpy_numpy,issue,29174,"@rgommers, you're right, there was a bug in the check code for MSVC, see #29199.

@Mugundanmcw is also right, as illustrated by that same PR. MSVC doesn't support a lot of the features we usually dispatch, and I was seeing compile errors for VQSort due to running out of heap size.","@rgommers, you were correct; the MSVC check code had a bug, as described in #29199. @Mugundanmcw's PR also illustrates that MSVC doesn't support many of the features we dispatch, causing compile errors in VQSort due to insufficient heap size.",Knowledge,numpy_numpy,issue,29174,Knowledge,0,0,"@rgommers, you were correct; the MSVC check code had a bug, as described in #29199. @Mugundanmcw's PR also illustrates that MSVC doesn't support many of the features we dispatch, causing compile errors in VQSort due to insufficient heap size."
546,numpy_numpy,issue,29174,"@rgommers, you're right, there was a bug in the check code for MSVC, see #29199.

@Mugundanmcw is also right, as illustrated by that same PR. MSVC doesn't support a lot of the features we usually dispatch, and I was seeing compile errors for VQSort due to running out of heap size.","@rgommers, you were spot on; the MSVC check code had a bug, as detailed in #29199. @Mugundanmcw's PR confirms that MSVC doesn't support many of the features we dispatch, leading to compile errors in VQSort due to heap size limitations.",Knowledge,numpy_numpy,issue,29174,Knowledge,0,0,"@rgommers, you were spot on; the MSVC check code had a bug, as detailed in #29199. @Mugundanmcw's PR confirms that MSVC doesn't support many of the features we dispatch, leading to compile errors in VQSort due to heap size limitations."
547,numpy_numpy,issue,29174,"@rgommers, you're right, there was a bug in the check code for MSVC, see #29199.

@Mugundanmcw is also right, as illustrated by that same PR. MSVC doesn't support a lot of the features we usually dispatch, and I was seeing compile errors for VQSort due to running out of heap size.","@rgommers, you were right; the MSVC check code had a bug, as documented in #29199. @Mugundanmcw's PR also shows that MSVC lacks support for several of our dispatched features, causing compile errors in VQSort due to heap size constraints.",Knowledge,numpy_numpy,issue,29174,Knowledge,0,0,"@rgommers, you were right; the MSVC check code had a bug, as documented in #29199. @Mugundanmcw's PR also shows that MSVC lacks support for several of our dispatched features, causing compile errors in VQSort due to heap size constraints."
548,numpy_numpy,issue,29174,"@rgommers, you're right, there was a bug in the check code for MSVC, see #29199.

@Mugundanmcw is also right, as illustrated by that same PR. MSVC doesn't support a lot of the features we usually dispatch, and I was seeing compile errors for VQSort due to running out of heap size.","@rgommers, you were correct; the MSVC check code had a bug, as seen in #29199. @Mugundanmcw's PR further demonstrates that MSVC doesn't support many of the features we dispatch, leading to compile errors in VQSort due to heap size issues.",Knowledge,numpy_numpy,issue,29174,Knowledge,0,0,"@rgommers, you were correct; the MSVC check code had a bug, as seen in #29199. @Mugundanmcw's PR further demonstrates that MSVC doesn't support many of the features we dispatch, leading to compile errors in VQSort due to heap size issues."
549,numpy_numpy,issue,29174,"@rgommers, you're right, there was a bug in the check code for MSVC, see #29199.

@Mugundanmcw is also right, as illustrated by that same PR. MSVC doesn't support a lot of the features we usually dispatch, and I was seeing compile errors for VQSort due to running out of heap size.","@rgommers, you were right; the MSVC check code had a bug, as detailed in #29199. @Mugundanmcw's PR also highlights that MSVC doesn't support many of the features we dispatch, causing compile errors in VQSort due to insufficient heap size.",Knowledge,numpy_numpy,issue,29174,Knowledge,0,0,"@rgommers, you were right; the MSVC check code had a bug, as detailed in #29199. @Mugundanmcw's PR also highlights that MSVC doesn't support many of the features we dispatch, causing compile errors in VQSort due to insufficient heap size."
550,numpy_numpy,issue,29174,"@rgommers, you're right, there was a bug in the check code for MSVC, see #29199.

@Mugundanmcw is also right, as illustrated by that same PR. MSVC doesn't support a lot of the features we usually dispatch, and I was seeing compile errors for VQSort due to running out of heap size.","@rgommers, you were correct; the MSVC check code had a bug, as shown in #29199. @Mugundanmcw's PR confirms that MSVC lacks support for several of our dispatched features, leading to compile errors in VQSort due to heap size limitations.",Knowledge,numpy_numpy,issue,29174,Knowledge,0,0,"@rgommers, you were correct; the MSVC check code had a bug, as shown in #29199. @Mugundanmcw's PR confirms that MSVC lacks support for several of our dispatched features, leading to compile errors in VQSort due to heap size limitations."
551,numpy_numpy,issue,28813,"Weird, I can't think of a way for two threads to get a handle on the same newly created StringDType instance from the array creation logic.","I'm puzzled by how two threads could end up with a handle to the same newly created StringDType instance during array creation. I can't think of any scenario where this would happen, but I'm not entirely sure.",Unknown unknown,numpy_numpy,issue,28813,Unknown,1,1,"I'm puzzled by how two threads could end up with a handle to the same newly created StringDType instance during array creation. I can't think of any scenario where this would happen, but I'm not entirely sure."
552,numpy_numpy,issue,28813,"Weird, I can't think of a way for two threads to get a handle on the same newly created StringDType instance from the array creation logic.","It's strange, I can't figure out how two threads might get a reference to the same StringDType instance when it's created during array initialization. Is there something I'm missing about thread synchronization or the internal mechanics of array creation?",Unknown unknown,numpy_numpy,issue,28813,Unknown,1,1,"It's strange, I can't figure out how two threads might get a reference to the same StringDType instance when it's created during array initialization. Is there something I'm missing about thread synchronization or the internal mechanics of array creation?"
553,numpy_numpy,issue,28813,"Weird, I can't think of a way for two threads to get a handle on the same newly created StringDType instance from the array creation logic.","I'm having trouble understanding how two threads could both end up with a handle to the same StringDType instance that's created during array creation. It seems like each thread should get its own instance, but I'm not confident in my understanding of the concurrency here.",Unknown unknown,numpy_numpy,issue,28813,Unknown,1,1,"I'm having trouble understanding how two threads could both end up with a handle to the same StringDType instance that's created during array creation. It seems like each thread should get its own instance, but I'm not confident in my understanding of the concurrency here."
554,numpy_numpy,issue,28813,"Weird, I can't think of a way for two threads to get a handle on the same newly created StringDType instance from the array creation logic.","I'm scratching my head over how two threads could possibly get a handle to the same newly created StringDType instance during array creation. I've reviewed the code, but I can't see any obvious race conditions or shared state that would cause this.",Unknown unknown,numpy_numpy,issue,28813,Unknown,1,1,"I'm scratching my head over how two threads could possibly get a handle to the same newly created StringDType instance during array creation. I've reviewed the code, but I can't see any obvious race conditions or shared state that would cause this."
555,numpy_numpy,issue,28813,"Weird, I can't think of a way for two threads to get a handle on the same newly created StringDType instance from the array creation logic.","I can't think of a way for two threads to end up with a handle to the same StringDType instance created during array initialization. It seems like each thread should create its own instance, but I'm not sure if there's some hidden concurrency issue I'm overlooking.",Unknown unknown,numpy_numpy,issue,28813,Unknown,1,1,"I can't think of a way for two threads to end up with a handle to the same StringDType instance created during array initialization. It seems like each thread should create its own instance, but I'm not sure if there's some hidden concurrency issue I'm overlooking."
556,numpy_numpy,issue,28813,"Weird, I can't think of a way for two threads to get a handle on the same newly created StringDType instance from the array creation logic.","It's weird, I can't come up with a scenario where two threads would both get a handle to the same newly created StringDType instance during array creation. I'm not sure if this is a bug or if I'm misunderstanding something about the thread safety of the array creation logic.",Unknown unknown,numpy_numpy,issue,28813,Unknown,1,1,"It's weird, I can't come up with a scenario where two threads would both get a handle to the same newly created StringDType instance during array creation. I'm not sure if this is a bug or if I'm misunderstanding something about the thread safety of the array creation logic."
557,numpy_numpy,issue,28813,"Weird, I can't think of a way for two threads to get a handle on the same newly created StringDType instance from the array creation logic.","I'm stumped by how two threads could both end up with a handle to the same StringDType instance that's created during array initialization. I've checked the code multiple times, but I can't find any reason why this would happen.",Unknown unknown,numpy_numpy,issue,28813,Unknown,1,1,"I'm stumped by how two threads could both end up with a handle to the same StringDType instance that's created during array initialization. I've checked the code multiple times, but I can't find any reason why this would happen."
558,numpy_numpy,issue,28813,"Weird, I can't think of a way for two threads to get a handle on the same newly created StringDType instance from the array creation logic.","I can't figure out how two threads could get a handle to the same newly created StringDType instance during array creation. It seems like a concurrency issue, but I'm not sure what specific part of the code could be causing it.",Unknown unknown,numpy_numpy,issue,28813,Unknown,1,1,"I can't figure out how two threads could get a handle to the same newly created StringDType instance during array creation. It seems like a concurrency issue, but I'm not sure what specific part of the code could be causing it."
559,numpy_numpy,issue,28813,"Weird, I can't think of a way for two threads to get a handle on the same newly created StringDType instance from the array creation logic.","I'm confused about how two threads could both end up with a handle to the same StringDType instance created during array initialization. I've reviewed the thread synchronization and array creation logic, but I can't identify any potential race conditions.",Unknown unknown,numpy_numpy,issue,28813,Unknown,1,1,"I'm confused about how two threads could both end up with a handle to the same StringDType instance created during array initialization. I've reviewed the thread synchronization and array creation logic, but I can't identify any potential race conditions."
560,numpy_numpy,issue,28813,"Weird, I can't think of a way for two threads to get a handle on the same newly created StringDType instance from the array creation logic.","I'm baffled by how two threads could get a handle to the same newly created StringDType instance during array creation. I can't think of any way this would happen, and I'm not sure if it's a bug or a misunderstanding on my part.",Unknown unknown,numpy_numpy,issue,28813,Unknown,1,1,"I'm baffled by how two threads could get a handle to the same newly created StringDType instance during array creation. I can't think of any way this would happen, and I'm not sure if it's a bug or a misunderstanding on my part."
561,numpy_numpy,issue,28721,"If you call np.nanmin or np.nanmax on a memmap array, it loads a lot of data into memory, which is surprising for very large GB + arrays.","I noticed that calling np.nanmin or np.nanmax on a memmap array causes a significant amount of data to be loaded into memory, which is unexpected for large arrays. This behavior is particularly problematic for arrays that are several gigabytes in size.",Unknown unknown,numpy_numpy,issue,28721,Unknown,1,1,"I noticed that calling np.nanmin or np.nanmax on a memmap array causes a significant amount of data to be loaded into memory, which is unexpected for large arrays. This behavior is particularly problematic for arrays that are several gigabytes in size."
562,numpy_numpy,issue,28721,"If you call np.nanmin or np.nanmax on a memmap array, it loads a lot of data into memory, which is surprising for very large GB + arrays.","When using np.nanmin or np.nanmax on a memmap array, I observed that a large portion of the array is loaded into memory, which is surprising given the size of the data. This can be an issue for very large arrays, as it can lead to memory exhaustion.",Unknown unknown,numpy_numpy,issue,28721,Unknown,1,1,"When using np.nanmin or np.nanmax on a memmap array, I observed that a large portion of the array is loaded into memory, which is surprising given the size of the data. This can be an issue for very large arrays, as it can lead to memory exhaustion."
563,numpy_numpy,issue,28721,"If you call np.nanmin or np.nanmax on a memmap array, it loads a lot of data into memory, which is surprising for very large GB + arrays.","I found that np.nanmin and np.nanmax functions on memmap arrays load a substantial amount of data into memory, which is not what I expected. This is especially concerning for arrays that are several gigabytes or larger, as it can cause performance issues.",Unknown unknown,numpy_numpy,issue,28721,Unknown,1,1,"I found that np.nanmin and np.nanmax functions on memmap arrays load a substantial amount of data into memory, which is not what I expected. This is especially concerning for arrays that are several gigabytes or larger, as it can cause performance issues."
564,numpy_numpy,issue,28721,"If you call np.nanmin or np.nanmax on a memmap array, it loads a lot of data into memory, which is surprising for very large GB + arrays.","Using np.nanmin or np.nanmax on a memmap array results in a lot of data being loaded into memory, which is surprising and can be problematic for very large arrays. I expected these functions to handle memmap arrays more efficiently.",Unknown unknown,numpy_numpy,issue,28721,Unknown,1,1,"Using np.nanmin or np.nanmax on a memmap array results in a lot of data being loaded into memory, which is surprising and can be problematic for very large arrays. I expected these functions to handle memmap arrays more efficiently."
565,numpy_numpy,issue,28721,"If you call np.nanmin or np.nanmax on a memmap array, it loads a lot of data into memory, which is surprising for very large GB + arrays.","I encountered an issue where np.nanmin and np.nanmax functions on memmap arrays load a significant amount of data into memory, which is unexpected and can be a problem for large arrays. This behavior can lead to memory issues and performance degradation.",Unknown unknown,numpy_numpy,issue,28721,Unknown,1,1,"I encountered an issue where np.nanmin and np.nanmax functions on memmap arrays load a significant amount of data into memory, which is unexpected and can be a problem for large arrays. This behavior can lead to memory issues and performance degradation."
566,numpy_numpy,issue,28721,"If you call np.nanmin or np.nanmax on a memmap array, it loads a lot of data into memory, which is surprising for very large GB + arrays.","I'm surprised to find that np.nanmin and np.nanmax functions on memmap arrays load a lot of data into memory, which is not ideal for very large arrays. This can cause memory exhaustion and performance bottlenecks.",Unknown unknown,numpy_numpy,issue,28721,Unknown,1,1,"I'm surprised to find that np.nanmin and np.nanmax functions on memmap arrays load a lot of data into memory, which is not ideal for very large arrays. This can cause memory exhaustion and performance bottlenecks."
567,numpy_numpy,issue,28721,"If you call np.nanmin or np.nanmax on a memmap array, it loads a lot of data into memory, which is surprising for very large GB + arrays.","When working with memmap arrays, I noticed that np.nanmin and np.nanmax functions load a significant amount of data into memory, which is unexpected and can be problematic for large arrays. This behavior can lead to memory issues and slow performance.",Unknown unknown,numpy_numpy,issue,28721,Unknown,1,1,"When working with memmap arrays, I noticed that np.nanmin and np.nanmax functions load a significant amount of data into memory, which is unexpected and can be problematic for large arrays. This behavior can lead to memory issues and slow performance."
568,numpy_numpy,issue,28721,"If you call np.nanmin or np.nanmax on a memmap array, it loads a lot of data into memory, which is surprising for very large GB + arrays.","I observed that calling np.nanmin or np.nanmax on a memmap array results in a large amount of data being loaded into memory, which is surprising and can be an issue for very large arrays. This can cause memory exhaustion and performance problems.",Unknown unknown,numpy_numpy,issue,28721,Unknown,1,1,"I observed that calling np.nanmin or np.nanmax on a memmap array results in a large amount of data being loaded into memory, which is surprising and can be an issue for very large arrays. This can cause memory exhaustion and performance problems."
569,numpy_numpy,issue,28721,"If you call np.nanmin or np.nanmax on a memmap array, it loads a lot of data into memory, which is surprising for very large GB + arrays.","I found that np.nanmin and np.nanmax functions on memmap arrays load a lot of data into memory, which is not what I expected. This can be a significant problem for arrays that are several gigabytes in size, as it can lead to memory issues and performance degradation.",Unknown unknown,numpy_numpy,issue,28721,Unknown,1,1,"I found that np.nanmin and np.nanmax functions on memmap arrays load a lot of data into memory, which is not what I expected. This can be a significant problem for arrays that are several gigabytes in size, as it can lead to memory issues and performance degradation."
570,numpy_numpy,issue,28721,"If you call np.nanmin or np.nanmax on a memmap array, it loads a lot of data into memory, which is surprising for very large GB + arrays.","I'm surprised by the behavior of np.nanmin and np.nanmax on memmap arrays, as they load a significant amount of data into memory. This is particularly concerning for very large arrays, as it can cause memory exhaustion and performance issues.",Unknown unknown,numpy_numpy,issue,28721,Unknown,1,1,"I'm surprised by the behavior of np.nanmin and np.nanmax on memmap arrays, as they load a significant amount of data into memory. This is particularly concerning for very large arrays, as it can cause memory exhaustion and performance issues."
571,numpy_numpy,issue,28721,I think this occurs because the type check against ndarray causes memmaps to go the slow route and ends up creating a giant mask,"I believe the issue arises because the type check against ndarray forces memmaps to take the slower path, resulting in the creation of a large mask.",Known Unknown,numpy_numpy,issue,28721,Known,2,1,"I believe the issue arises because the type check against ndarray forces memmaps to take the slower path, resulting in the creation of a large mask."
572,numpy_numpy,issue,28721,I think this occurs because the type check against ndarray causes memmaps to go the slow route and ends up creating a giant mask,"It seems that the type check for ndarray is causing memmaps to use the slower route, which leads to the generation of a massive mask.",Known Unknown,numpy_numpy,issue,28721,Known,2,1,"It seems that the type check for ndarray is causing memmaps to use the slower route, which leads to the generation of a massive mask."
573,numpy_numpy,issue,28721,I think this occurs because the type check against ndarray causes memmaps to go the slow route and ends up creating a giant mask,"I suspect that the type check against ndarray is making memmaps follow the slower path, ultimately creating a large mask.",Known Unknown,numpy_numpy,issue,28721,Known,2,1,"I suspect that the type check against ndarray is making memmaps follow the slower path, ultimately creating a large mask."
574,numpy_numpy,issue,28721,I think this occurs because the type check against ndarray causes memmaps to go the slow route and ends up creating a giant mask,"I think the problem is that the type check for ndarray causes memmaps to use the slower method, which results in a huge mask being created.",Known Unknown,numpy_numpy,issue,28721,Known,2,1,"I think the problem is that the type check for ndarray causes memmaps to use the slower method, which results in a huge mask being created."
575,numpy_numpy,issue,28721,I think this occurs because the type check against ndarray causes memmaps to go the slow route and ends up creating a giant mask,"I have a hunch that the type check against ndarray is making memmaps go through the slower process, leading to the creation of a large mask.",Known Unknown,numpy_numpy,issue,28721,Known,2,1,"I have a hunch that the type check against ndarray is making memmaps go through the slower process, leading to the creation of a large mask."
576,numpy_numpy,issue,28721,I think this occurs because the type check against ndarray causes memmaps to go the slow route and ends up creating a giant mask,"I suspect that the type check for ndarray is causing memmaps to take the slower route, which ends up generating a significant mask.",Known Unknown,numpy_numpy,issue,28721,Known,2,1,"I suspect that the type check for ndarray is causing memmaps to take the slower route, which ends up generating a significant mask."
577,numpy_numpy,issue,28721,I think this occurs because the type check against ndarray causes memmaps to go the slow route and ends up creating a giant mask,"I believe the type check against ndarray is forcing memmaps to use the slower path, which results in the creation of a large mask.",Known Unknown,numpy_numpy,issue,28721,Known,2,1,"I believe the type check against ndarray is forcing memmaps to use the slower path, which results in the creation of a large mask."
578,numpy_numpy,issue,28721,I think this occurs because the type check against ndarray causes memmaps to go the slow route and ends up creating a giant mask,"I think the type check for ndarray is causing memmaps to follow the slower route, leading to the generation of a large mask.",Known Unknown,numpy_numpy,issue,28721,Known,2,1,"I think the type check for ndarray is causing memmaps to follow the slower route, leading to the generation of a large mask."
579,numpy_numpy,issue,28721,I think this occurs because the type check against ndarray causes memmaps to go the slow route and ends up creating a giant mask,"I suspect that the type check against ndarray is making memmaps use the slower method, which results in a large mask being created.",Known Unknown,numpy_numpy,issue,28721,Known,2,1,"I suspect that the type check against ndarray is making memmaps use the slower method, which results in a large mask being created."
580,microsoft_vscode,issue,251545,This issue seems to originate from an upstream component and is not something VSCode can fix by making a change to our code.,"The problem appears to stem from an external component, and it's not within our control to resolve it by modifying VSCode's code.",Knowledge,microsoft_vscode,issue,251545,Knowledge,0,0,"The problem appears to stem from an external component, and it's not within our control to resolve it by modifying VSCode's code."
581,microsoft_vscode,issue,251545,This issue seems to originate from an upstream component and is not something VSCode can fix by making a change to our code.,"This issue seems to be rooted in an upstream dependency, and it's not something we can address by changing our code in VSCode.",Knowledge,microsoft_vscode,issue,251545,Knowledge,0,0,"This issue seems to be rooted in an upstream dependency, and it's not something we can address by changing our code in VSCode."
582,microsoft_vscode,issue,251545,This issue seems to originate from an upstream component and is not something VSCode can fix by making a change to our code.,"The root cause of this issue is likely in an upstream component, and it's beyond our ability to fix it by altering VSCode's code.",Knowledge,microsoft_vscode,issue,251545,Knowledge,0,0,"The root cause of this issue is likely in an upstream component, and it's beyond our ability to fix it by altering VSCode's code."
583,microsoft_vscode,issue,251545,This issue seems to originate from an upstream component and is not something VSCode can fix by making a change to our code.,"It looks like the issue is coming from an external source, and making changes to VSCode's code won't resolve it.",Knowledge,microsoft_vscode,issue,251545,Knowledge,0,0,"It looks like the issue is coming from an external source, and making changes to VSCode's code won't resolve it."
584,microsoft_vscode,issue,251545,This issue seems to originate from an upstream component and is not something VSCode can fix by making a change to our code.,"The problem seems to be originating from a component outside of VSCode, and it's not something we can fix by changing our code.",Knowledge,microsoft_vscode,issue,251545,Knowledge,0,0,"The problem seems to be originating from a component outside of VSCode, and it's not something we can fix by changing our code."
585,microsoft_vscode,issue,251545,This issue seems to originate from an upstream component and is not something VSCode can fix by making a change to our code.,"This issue appears to be caused by an upstream component, and it's not within our scope to fix it by modifying VSCode's code.",Knowledge,microsoft_vscode,issue,251545,Knowledge,0,0,"This issue appears to be caused by an upstream component, and it's not within our scope to fix it by modifying VSCode's code."
586,microsoft_vscode,issue,251545,This issue seems to originate from an upstream component and is not something VSCode can fix by making a change to our code.,"The issue seems to be originating from a dependency, and it's not something we can resolve by making changes to VSCode's code.",Knowledge,microsoft_vscode,issue,251545,Knowledge,0,0,"The issue seems to be originating from a dependency, and it's not something we can resolve by making changes to VSCode's code."
587,microsoft_vscode,issue,251545,This issue seems to originate from an upstream component and is not something VSCode can fix by making a change to our code.,"It appears that the issue is coming from an external component, and it's not something we can fix by altering our code in VSCode.",Knowledge,microsoft_vscode,issue,251545,Knowledge,0,0,"It appears that the issue is coming from an external component, and it's not something we can fix by altering our code in VSCode."
588,microsoft_vscode,issue,251545,This issue seems to originate from an upstream component and is not something VSCode can fix by making a change to our code.,"The problem seems to be rooted in an upstream component, and it's not within our control to resolve it by making changes to VSCode's code.",Knowledge,microsoft_vscode,issue,251545,Knowledge,0,0,"The problem seems to be rooted in an upstream component, and it's not within our control to resolve it by making changes to VSCode's code."
589,microsoft_vscode,issue,251545,This issue seems to originate from an upstream component and is not something VSCode can fix by making a change to our code.,"The issue seems to be originating from a component outside of our control, and it's not something we can fix by modifying VSCode's code.",Knowledge,microsoft_vscode,issue,251545,Knowledge,0,0,"The issue seems to be originating from a component outside of our control, and it's not something we can fix by modifying VSCode's code."
590,microsoft_vscode,issue,200949,"Since 1.86-insider I see that occasionally the hover stops working. Looking at the EH logs shows that no more requests are made, hover in another (to the side) editor is still working which makes me believe something is wrong with the hover editor contribution.","Since updating to 1.86-insider, I've noticed that the hover functionality occasionally stops working. Checking the EH logs reveals that no further requests are being made, while hover in other editors continues to function normally. This leads me to suspect an issue with the hover editor contribution.",Known Unknown,microsoft_vscode,issue,200949,Unknown,2,1,"Since updating to 1.86-insider, I've noticed that the hover functionality occasionally stops working. Checking the EH logs reveals that no further requests are being made, while hover in other editors continues to function normally. This leads me to suspect an issue with the hover editor contribution."
591,microsoft_vscode,issue,200949,"Since 1.86-insider I see that occasionally the hover stops working. Looking at the EH logs shows that no more requests are made, hover in another (to the side) editor is still working which makes me believe something is wrong with the hover editor contribution.","I've been using 1.86-insider and have observed that the hover feature sometimes fails to work. The EH logs indicate that no additional requests are being sent, and hover works fine in other editors. It seems like there might be a problem with the hover editor contribution.",Known Unknown,microsoft_vscode,issue,200949,Unknown,2,1,"I've been using 1.86-insider and have observed that the hover feature sometimes fails to work. The EH logs indicate that no additional requests are being sent, and hover works fine in other editors. It seems like there might be a problem with the hover editor contribution."
592,microsoft_vscode,issue,200949,"Since 1.86-insider I see that occasionally the hover stops working. Looking at the EH logs shows that no more requests are made, hover in another (to the side) editor is still working which makes me believe something is wrong with the hover editor contribution.","After upgrading to 1.86-insider, I've encountered an issue where the hover feature intermittently stops working. The EH logs show no new requests being made, and hover functions correctly in other editors. This suggests a potential issue with the hover editor contribution.",Known Unknown,microsoft_vscode,issue,200949,Unknown,2,1,"After upgrading to 1.86-insider, I've encountered an issue where the hover feature intermittently stops working. The EH logs show no new requests being made, and hover functions correctly in other editors. This suggests a potential issue with the hover editor contribution."
593,microsoft_vscode,issue,200949,"Since 1.86-insider I see that occasionally the hover stops working. Looking at the EH logs shows that no more requests are made, hover in another (to the side) editor is still working which makes me believe something is wrong with the hover editor contribution.","Since the 1.86-insider update, I've experienced occasional failures with the hover feature. The EH logs confirm that no more requests are being processed, while hover in other editors remains functional. This points to a possible problem with the hover editor contribution.",Known Unknown,microsoft_vscode,issue,200949,Unknown,2,1,"Since the 1.86-insider update, I've experienced occasional failures with the hover feature. The EH logs confirm that no more requests are being processed, while hover in other editors remains functional. This points to a possible problem with the hover editor contribution."
594,microsoft_vscode,issue,200949,"Since 1.86-insider I see that occasionally the hover stops working. Looking at the EH logs shows that no more requests are made, hover in another (to the side) editor is still working which makes me believe something is wrong with the hover editor contribution.","I've noticed that the hover functionality sometimes stops working in 1.86-insider. The EH logs indicate that no further requests are being made, and hover works as expected in other editors. This makes me think there might be an issue with the hover editor contribution.",Known Unknown,microsoft_vscode,issue,200949,Unknown,2,1,"I've noticed that the hover functionality sometimes stops working in 1.86-insider. The EH logs indicate that no further requests are being made, and hover works as expected in other editors. This makes me think there might be an issue with the hover editor contribution."
595,microsoft_vscode,issue,200949,"Since 1.86-insider I see that occasionally the hover stops working. Looking at the EH logs shows that no more requests are made, hover in another (to the side) editor is still working which makes me believe something is wrong with the hover editor contribution.","Since the 1.86-insider update, the hover feature occasionally fails. The EH logs show no new requests, and hover in other editors continues to work. This suggests a potential issue with the hover editor contribution.",Known Unknown,microsoft_vscode,issue,200949,Unknown,2,1,"Since the 1.86-insider update, the hover feature occasionally fails. The EH logs show no new requests, and hover in other editors continues to work. This suggests a potential issue with the hover editor contribution."
596,microsoft_vscode,issue,200949,"Since 1.86-insider I see that occasionally the hover stops working. Looking at the EH logs shows that no more requests are made, hover in another (to the side) editor is still working which makes me believe something is wrong with the hover editor contribution.","After updating to 1.86-insider, I've observed that the hover feature sometimes stops working. The EH logs reveal no additional requests, and hover functions correctly in other editors. This leads me to believe there might be a problem with the hover editor contribution.",Known Unknown,microsoft_vscode,issue,200949,Unknown,2,1,"After updating to 1.86-insider, I've observed that the hover feature sometimes stops working. The EH logs reveal no additional requests, and hover functions correctly in other editors. This leads me to believe there might be a problem with the hover editor contribution."
597,microsoft_vscode,issue,200949,"Since 1.86-insider I see that occasionally the hover stops working. Looking at the EH logs shows that no more requests are made, hover in another (to the side) editor is still working which makes me believe something is wrong with the hover editor contribution.","I've been using 1.86-insider and have noticed that the hover feature occasionally fails. The EH logs show no new requests, and hover works fine in other editors. This suggests a possible issue with the hover editor contribution.",Known Unknown,microsoft_vscode,issue,200949,Unknown,2,1,"I've been using 1.86-insider and have noticed that the hover feature occasionally fails. The EH logs show no new requests, and hover works fine in other editors. This suggests a possible issue with the hover editor contribution."
598,microsoft_vscode,issue,200949,"Since 1.86-insider I see that occasionally the hover stops working. Looking at the EH logs shows that no more requests are made, hover in another (to the side) editor is still working which makes me believe something is wrong with the hover editor contribution.","Since the 1.86-insider update, I've encountered an issue where the hover feature sometimes stops working. The EH logs indicate no further requests, and hover functions correctly in other editors. This points to a potential problem with the hover editor contribution.",Known Unknown,microsoft_vscode,issue,200949,Unknown,2,1,"Since the 1.86-insider update, I've encountered an issue where the hover feature sometimes stops working. The EH logs indicate no further requests, and hover functions correctly in other editors. This points to a potential problem with the hover editor contribution."
599,microsoft_vscode,issue,200949,"Since 1.86-insider I see that occasionally the hover stops working. Looking at the EH logs shows that no more requests are made, hover in another (to the side) editor is still working which makes me believe something is wrong with the hover editor contribution.","I've noticed that the hover feature occasionally fails in 1.86-insider. The EH logs show no new requests, and hover works as expected in other editors. This makes me think there might be an issue with the hover editor contribution.",Known Unknown,microsoft_vscode,issue,200949,Unknown,2,1,"I've noticed that the hover feature occasionally fails in 1.86-insider. The EH logs show no new requests, and hover works as expected in other editors. This makes me think there might be an issue with the hover editor contribution."
600,microsoft_vscode,issue,197917,"Observed with a custom extension on a Clearcase SCM, but can be easily reproduced with SVN too, probably with any SCM that treats directories as versionable entities. This is most likely a recent regression (possibly starting today's Insiders build, but I'm not 100% sure). Is it possible this was caused by the recent sticky scroll addition (great feature, btw)?","I noticed this issue with a custom Clearcase extension, but it can also be replicated with SVN or any other SCM that versions directories. It seems to be a recent regression, possibly starting with today's Insiders build, though I'm not entirely certain. Could the recent sticky scroll feature be the cause of this problem?",Known Unknown,microsoft_vscode,issue,197917,Unknown,2,1,"I noticed this issue with a custom Clearcase extension, but it can also be replicated with SVN or any other SCM that versions directories. It seems to be a recent regression, possibly starting with today's Insiders build, though I'm not entirely certain. Could the recent sticky scroll feature be the cause of this problem?"
601,microsoft_vscode,issue,197917,"Observed with a custom extension on a Clearcase SCM, but can be easily reproduced with SVN too, probably with any SCM that treats directories as versionable entities. This is most likely a recent regression (possibly starting today's Insiders build, but I'm not 100% sure). Is it possible this was caused by the recent sticky scroll addition (great feature, btw)?","This problem was observed using a custom Clearcase extension, but it can be easily reproduced with SVN or any SCM that treats directories as versionable entities. It appears to be a recent regression, likely starting with today's Insiders build, but I'm not completely sure. Is it possible that the recent sticky scroll feature introduced this issue?",Known Unknown,microsoft_vscode,issue,197917,Unknown,2,1,"This problem was observed using a custom Clearcase extension, but it can be easily reproduced with SVN or any SCM that treats directories as versionable entities. It appears to be a recent regression, likely starting with today's Insiders build, but I'm not completely sure. Is it possible that the recent sticky scroll feature introduced this issue?"
602,microsoft_vscode,issue,197917,"Observed with a custom extension on a Clearcase SCM, but can be easily reproduced with SVN too, probably with any SCM that treats directories as versionable entities. This is most likely a recent regression (possibly starting today's Insiders build, but I'm not 100% sure). Is it possible this was caused by the recent sticky scroll addition (great feature, btw)?","I encountered this issue with a custom Clearcase extension, but it can be easily reproduced with SVN or any SCM that versions directories. It seems to be a recent regression, possibly starting with today's Insiders build, though I'm not 100% certain. Could the recent sticky scroll feature be the culprit?",Known Unknown,microsoft_vscode,issue,197917,Unknown,2,1,"I encountered this issue with a custom Clearcase extension, but it can be easily reproduced with SVN or any SCM that versions directories. It seems to be a recent regression, possibly starting with today's Insiders build, though I'm not 100% certain. Could the recent sticky scroll feature be the culprit?"
603,microsoft_vscode,issue,197917,"Observed with a custom extension on a Clearcase SCM, but can be easily reproduced with SVN too, probably with any SCM that treats directories as versionable entities. This is most likely a recent regression (possibly starting today's Insiders build, but I'm not 100% sure). Is it possible this was caused by the recent sticky scroll addition (great feature, btw)?","I've seen this issue with a custom Clearcase extension, but it can also be reproduced with SVN or any other SCM that versions directories. It looks like a recent regression, possibly starting with today's Insiders build, but I'm not entirely sure. Is the recent sticky scroll feature a potential cause?",Known Unknown,microsoft_vscode,issue,197917,Unknown,2,1,"I've seen this issue with a custom Clearcase extension, but it can also be reproduced with SVN or any other SCM that versions directories. It looks like a recent regression, possibly starting with today's Insiders build, but I'm not entirely sure. Is the recent sticky scroll feature a potential cause?"
604,microsoft_vscode,issue,197917,"Observed with a custom extension on a Clearcase SCM, but can be easily reproduced with SVN too, probably with any SCM that treats directories as versionable entities. This is most likely a recent regression (possibly starting today's Insiders build, but I'm not 100% sure). Is it possible this was caused by the recent sticky scroll addition (great feature, btw)?","This issue was observed with a custom Clearcase extension, but it can be easily replicated with SVN or any other SCM that versions directories. It seems to be a recent regression, possibly starting with today's Insiders build, though I'm not completely certain. Could the recent sticky scroll feature be the cause?",Known Unknown,microsoft_vscode,issue,197917,Unknown,2,1,"This issue was observed with a custom Clearcase extension, but it can be easily replicated with SVN or any other SCM that versions directories. It seems to be a recent regression, possibly starting with today's Insiders build, though I'm not completely certain. Could the recent sticky scroll feature be the cause?"
605,microsoft_vscode,issue,197917,"Observed with a custom extension on a Clearcase SCM, but can be easily reproduced with SVN too, probably with any SCM that treats directories as versionable entities. This is most likely a recent regression (possibly starting today's Insiders build, but I'm not 100% sure). Is it possible this was caused by the recent sticky scroll addition (great feature, btw)?","I noticed this problem with a custom Clearcase extension, but it can be easily reproduced with SVN or any other SCM that versions directories. It appears to be a recent regression, possibly starting with today's Insiders build, but I'm not 100% sure. Is it possible that the recent sticky scroll feature is the cause?",Known Unknown,microsoft_vscode,issue,197917,Unknown,2,1,"I noticed this problem with a custom Clearcase extension, but it can be easily reproduced with SVN or any other SCM that versions directories. It appears to be a recent regression, possibly starting with today's Insiders build, but I'm not 100% sure. Is it possible that the recent sticky scroll feature is the cause?"
606,microsoft_vscode,issue,197917,"Observed with a custom extension on a Clearcase SCM, but can be easily reproduced with SVN too, probably with any SCM that treats directories as versionable entities. This is most likely a recent regression (possibly starting today's Insiders build, but I'm not 100% sure). Is it possible this was caused by the recent sticky scroll addition (great feature, btw)?","I encountered this issue with a custom Clearcase extension, but it can be easily reproduced with SVN or any other SCM that versions directories. It seems to be a recent regression, possibly starting with today's Insiders build, though I'm not entirely certain. Could the recent sticky scroll feature be the reason?",Known Unknown,microsoft_vscode,issue,197917,Unknown,2,1,"I encountered this issue with a custom Clearcase extension, but it can be easily reproduced with SVN or any other SCM that versions directories. It seems to be a recent regression, possibly starting with today's Insiders build, though I'm not entirely certain. Could the recent sticky scroll feature be the reason?"
607,microsoft_vscode,issue,197917,"Observed with a custom extension on a Clearcase SCM, but can be easily reproduced with SVN too, probably with any SCM that treats directories as versionable entities. This is most likely a recent regression (possibly starting today's Insiders build, but I'm not 100% sure). Is it possible this was caused by the recent sticky scroll addition (great feature, btw)?","I've seen this issue with a custom Clearcase extension, but it can also be reproduced with SVN or any other SCM that versions directories. It looks like a recent regression, possibly starting with today's Insiders build, but I'm not completely sure. Is the recent sticky scroll feature a potential cause of this problem?",Known Unknown,microsoft_vscode,issue,197917,Unknown,2,1,"I've seen this issue with a custom Clearcase extension, but it can also be reproduced with SVN or any other SCM that versions directories. It looks like a recent regression, possibly starting with today's Insiders build, but I'm not completely sure. Is the recent sticky scroll feature a potential cause of this problem?"
608,microsoft_vscode,issue,197917,"Observed with a custom extension on a Clearcase SCM, but can be easily reproduced with SVN too, probably with any SCM that treats directories as versionable entities. This is most likely a recent regression (possibly starting today's Insiders build, but I'm not 100% sure). Is it possible this was caused by the recent sticky scroll addition (great feature, btw)?","This problem was observed with a custom Clearcase extension, but it can be easily replicated with SVN or any other SCM that versions directories. It seems to be a recent regression, possibly starting with today's Insiders build, though I'm not 100% certain. Could the recent sticky scroll feature be the cause of this issue?",Known Unknown,microsoft_vscode,issue,197917,Unknown,2,1,"This problem was observed with a custom Clearcase extension, but it can be easily replicated with SVN or any other SCM that versions directories. It seems to be a recent regression, possibly starting with today's Insiders build, though I'm not 100% certain. Could the recent sticky scroll feature be the cause of this issue?"
609,microsoft_vscode,issue,190859,Happened to me yesterday too. Spend a lot of time rebooting my machine and killing processes until I tried regular vscode to find that port forwarding was working fine there. What is weird though is that the browser just hangs. Nothing happens if you try localhost:4000. There is no error it just hangs but if I try a port that isn't being used like localhost:5000 then the browser says that there is a connection error,"I experienced the same issue yesterday. I spent a lot of time rebooting my machine and killing processes before I tried regular VSCode and found that port forwarding was working fine there. The strange part is that the browser just hangs when I try to access localhost:4000, with no error message. However, if I try a different port like localhost:5000, the browser shows a connection error.",Known Unknown,microsoft_vscode,issue,190859,Unknown,2,1,"I experienced the same issue yesterday. I spent a lot of time rebooting my machine and killing processes before I tried regular VSCode and found that port forwarding was working fine there. The strange part is that the browser just hangs when I try to access localhost:4000, with no error message. However, if I try a different port like localhost:5000, the browser shows a connection error."
610,microsoft_vscode,issue,190859,Happened to me yesterday too. Spend a lot of time rebooting my machine and killing processes until I tried regular vscode to find that port forwarding was working fine there. What is weird though is that the browser just hangs. Nothing happens if you try localhost:4000. There is no error it just hangs but if I try a port that isn't being used like localhost:5000 then the browser says that there is a connection error,"Yesterday, I ran into the same problem. I wasted a lot of time rebooting and killing processes until I opened regular VSCode and discovered that port forwarding was functioning correctly. The browser just hangs when I try to access localhost:4000, but if I use an unused port like localhost:5000, it gives a connection error.",Known Unknown,microsoft_vscode,issue,190859,Unknown,2,1,"Yesterday, I ran into the same problem. I wasted a lot of time rebooting and killing processes until I opened regular VSCode and discovered that port forwarding was functioning correctly. The browser just hangs when I try to access localhost:4000, but if I use an unused port like localhost:5000, it gives a connection error."
611,microsoft_vscode,issue,190859,Happened to me yesterday too. Spend a lot of time rebooting my machine and killing processes until I tried regular vscode to find that port forwarding was working fine there. What is weird though is that the browser just hangs. Nothing happens if you try localhost:4000. There is no error it just hangs but if I try a port that isn't being used like localhost:5000 then the browser says that there is a connection error,"I had the same issue yesterday. I spent a significant amount of time rebooting and killing processes before I tried regular VSCode and found that port forwarding was working fine. The browser just hangs when I try to access localhost:4000, but if I use an unused port like localhost:5000, it shows a connection error.",Known Unknown,microsoft_vscode,issue,190859,Unknown,2,1,"I had the same issue yesterday. I spent a significant amount of time rebooting and killing processes before I tried regular VSCode and found that port forwarding was working fine. The browser just hangs when I try to access localhost:4000, but if I use an unused port like localhost:5000, it shows a connection error."
612,microsoft_vscode,issue,190859,Happened to me yesterday too. Spend a lot of time rebooting my machine and killing processes until I tried regular vscode to find that port forwarding was working fine there. What is weird though is that the browser just hangs. Nothing happens if you try localhost:4000. There is no error it just hangs but if I try a port that isn't being used like localhost:5000 then the browser says that there is a connection error,"I encountered the same problem yesterday. I spent a lot of time rebooting and killing processes until I tried regular VSCode and found that port forwarding was working fine. The browser just hangs when I try to access localhost:4000, but if I use an unused port like localhost:5000, it displays a connection error.",Known Unknown,microsoft_vscode,issue,190859,Unknown,2,1,"I encountered the same problem yesterday. I spent a lot of time rebooting and killing processes until I tried regular VSCode and found that port forwarding was working fine. The browser just hangs when I try to access localhost:4000, but if I use an unused port like localhost:5000, it displays a connection error."
613,microsoft_vscode,issue,190859,Happened to me yesterday too. Spend a lot of time rebooting my machine and killing processes until I tried regular vscode to find that port forwarding was working fine there. What is weird though is that the browser just hangs. Nothing happens if you try localhost:4000. There is no error it just hangs but if I try a port that isn't being used like localhost:5000 then the browser says that there is a connection error,"I had the same issue yesterday. I spent a lot of time rebooting and killing processes before I tried regular VSCode and found that port forwarding was working fine. The browser just hangs when I try to access localhost:4000, but if I use an unused port like localhost:5000, it shows a connection error.",Known Unknown,microsoft_vscode,issue,190859,Unknown,2,1,"I had the same issue yesterday. I spent a lot of time rebooting and killing processes before I tried regular VSCode and found that port forwarding was working fine. The browser just hangs when I try to access localhost:4000, but if I use an unused port like localhost:5000, it shows a connection error."
614,microsoft_vscode,issue,190859,Happened to me yesterday too. Spend a lot of time rebooting my machine and killing processes until I tried regular vscode to find that port forwarding was working fine there. What is weird though is that the browser just hangs. Nothing happens if you try localhost:4000. There is no error it just hangs but if I try a port that isn't being used like localhost:5000 then the browser says that there is a connection error,"I experienced the same problem yesterday. I spent a lot of time rebooting and killing processes until I tried regular VSCode and found that port forwarding was working fine. The browser just hangs when I try to access localhost:4000, but if I use an unused port like localhost:5000, it gives a connection error.",Known Unknown,microsoft_vscode,issue,190859,Unknown,2,1,"I experienced the same problem yesterday. I spent a lot of time rebooting and killing processes until I tried regular VSCode and found that port forwarding was working fine. The browser just hangs when I try to access localhost:4000, but if I use an unused port like localhost:5000, it gives a connection error."
615,microsoft_vscode,issue,190859,Happened to me yesterday too. Spend a lot of time rebooting my machine and killing processes until I tried regular vscode to find that port forwarding was working fine there. What is weird though is that the browser just hangs. Nothing happens if you try localhost:4000. There is no error it just hangs but if I try a port that isn't being used like localhost:5000 then the browser says that there is a connection error,"I had the same issue yesterday. I spent a lot of time rebooting and killing processes before I tried regular VSCode and found that port forwarding was working fine. The browser just hangs when I try to access localhost:4000, but if I use an unused port like localhost:5000, it shows a connection error.",Known Unknown,microsoft_vscode,issue,190859,Unknown,2,1,"I had the same issue yesterday. I spent a lot of time rebooting and killing processes before I tried regular VSCode and found that port forwarding was working fine. The browser just hangs when I try to access localhost:4000, but if I use an unused port like localhost:5000, it shows a connection error."
616,microsoft_vscode,issue,190859,Happened to me yesterday too. Spend a lot of time rebooting my machine and killing processes until I tried regular vscode to find that port forwarding was working fine there. What is weird though is that the browser just hangs. Nothing happens if you try localhost:4000. There is no error it just hangs but if I try a port that isn't being used like localhost:5000 then the browser says that there is a connection error,"I ran into the same problem yesterday. I spent a lot of time rebooting and killing processes until I tried regular VSCode and found that port forwarding was working fine. The browser just hangs when I try to access localhost:4000, but if I use an unused port like localhost:5000, it displays a connection error.",Known Unknown,microsoft_vscode,issue,190859,Unknown,2,1,"I ran into the same problem yesterday. I spent a lot of time rebooting and killing processes until I tried regular VSCode and found that port forwarding was working fine. The browser just hangs when I try to access localhost:4000, but if I use an unused port like localhost:5000, it displays a connection error."
617,microsoft_vscode,issue,190859,Happened to me yesterday too. Spend a lot of time rebooting my machine and killing processes until I tried regular vscode to find that port forwarding was working fine there. What is weird though is that the browser just hangs. Nothing happens if you try localhost:4000. There is no error it just hangs but if I try a port that isn't being used like localhost:5000 then the browser says that there is a connection error,"I had the same issue yesterday. I spent a lot of time rebooting and killing processes before I tried regular VSCode and found that port forwarding was working fine. The browser just hangs when I try to access localhost:4000, but if I use an unused port like localhost:5000, it shows a connection error.",Known Unknown,microsoft_vscode,issue,190859,Unknown,2,1,"I had the same issue yesterday. I spent a lot of time rebooting and killing processes before I tried regular VSCode and found that port forwarding was working fine. The browser just hangs when I try to access localhost:4000, but if I use an unused port like localhost:5000, it shows a connection error."
618,microsoft_vscode,pull,191501,I have discovered this to be an issue in the CLI or SDK's compression handling.,I've identified a problem with how the CLI or SDK manages compression.,Knowledge,microsoft_vscode,pull,191501,Knowledge,0,0,I've identified a problem with how the CLI or SDK manages compression.
619,microsoft_vscode,pull,191501,I have discovered this to be an issue in the CLI or SDK's compression handling.,This issue seems to stem from the way the CLI or SDK handles compressed data.,Knowledge,microsoft_vscode,pull,191501,Knowledge,0,0,This issue seems to stem from the way the CLI or SDK handles compressed data.
620,microsoft_vscode,pull,191501,I have discovered this to be an issue in the CLI or SDK's compression handling.,I've found that the CLI or SDK has a bug in its compression handling.,Knowledge,microsoft_vscode,pull,191501,Knowledge,0,0,I've found that the CLI or SDK has a bug in its compression handling.
621,microsoft_vscode,pull,191501,I have discovered this to be an issue in the CLI or SDK's compression handling.,It appears that the CLI or SDK is not correctly processing compressed files.,Knowledge,microsoft_vscode,pull,191501,Knowledge,0,0,It appears that the CLI or SDK is not correctly processing compressed files.
622,microsoft_vscode,pull,191501,I have discovered this to be an issue in the CLI or SDK's compression handling.,I've encountered a bug in the CLI or SDK related to its compression functionality.,Knowledge,microsoft_vscode,pull,191501,Knowledge,0,0,I've encountered a bug in the CLI or SDK related to its compression functionality.
623,microsoft_vscode,pull,191501,I have discovered this to be an issue in the CLI or SDK's compression handling.,"The CLI or SDK appears to have a flaw in its compression handling, which I've identified as the root cause of the issue.",Knowledge,microsoft_vscode,pull,191501,Knowledge,0,0,"The CLI or SDK appears to have a flaw in its compression handling, which I've identified as the root cause of the issue."
624,microsoft_vscode,pull,191501,I have discovered this to be an issue in the CLI or SDK's compression handling.,I've determined that the problem lies in the compression handling of the CLI or SDK.,Knowledge,microsoft_vscode,pull,191501,Knowledge,0,0,I've determined that the problem lies in the compression handling of the CLI or SDK.
625,microsoft_vscode,pull,191501,I have discovered this to be an issue in the CLI or SDK's compression handling.,The issue I'm facing is definitely related to how the CLI or SDK deals with compression.,Knowledge,microsoft_vscode,pull,191501,Knowledge,0,0,The issue I'm facing is definitely related to how the CLI or SDK deals with compression.
626,microsoft_vscode,pull,191501,I have discovered this to be an issue in the CLI or SDK's compression handling.,I've traced the problem back to the compression handling in the CLI or SDK.,Knowledge,microsoft_vscode,pull,191501,Knowledge,0,0,I've traced the problem back to the compression handling in the CLI or SDK.
627,microsoft_vscode,pull,191501,I have discovered this to be an issue in the CLI or SDK's compression handling.,The CLI or SDK's compression handling is the source of the issue I've discovered.,Knowledge,microsoft_vscode,pull,191501,Knowledge,0,0,The CLI or SDK's compression handling is the source of the issue I've discovered.
628,microsoft_vscode,pull,191501,It seems like something is not flushing or decompressing completely.,"I'm noticing that the data isn't being fully flushed or decompressed, which is causing issues downstream.",Known Unknown,microsoft_vscode,pull,191501,Known/Irrelevant?,2,1,"I'm noticing that the data isn't being fully flushed or decompressed, which is causing issues downstream."
629,microsoft_vscode,pull,191501,It seems like something is not flushing or decompressing completely.,"There appears to be a problem with the flushing or decompression process, as the output is incomplete.",Known Unknown,microsoft_vscode,pull,191501,Known/Irrelevant?,2,1,"There appears to be a problem with the flushing or decompression process, as the output is incomplete."
630,microsoft_vscode,pull,191501,It seems like something is not flushing or decompressing completely.,"It looks like the decompression or flushing step is not completing as expected, leading to partial or corrupted data.",Known Unknown,microsoft_vscode,pull,191501,Known/Irrelevant?,2,1,"It looks like the decompression or flushing step is not completing as expected, leading to partial or corrupted data."
631,microsoft_vscode,pull,191501,It seems like something is not flushing or decompressing completely.,"I suspect that the decompression or flushing mechanism is not working correctly, resulting in incomplete data.",Known Unknown,microsoft_vscode,pull,191501,Known/Irrelevant?,2,1,"I suspect that the decompression or flushing mechanism is not working correctly, resulting in incomplete data."
632,microsoft_vscode,pull,191501,It seems like something is not flushing or decompressing completely.,"I'm encountering an issue where the data isn't being fully decompressed or flushed, which is affecting the final output.",Known Unknown,microsoft_vscode,pull,191501,Known/Irrelevant?,2,1,"I'm encountering an issue where the data isn't being fully decompressed or flushed, which is affecting the final output."
633,microsoft_vscode,pull,191501,It seems like something is not flushing or decompressing completely.,"It seems that the decompression or flushing process is not finishing properly, causing the data to be incomplete.",Known Unknown,microsoft_vscode,pull,191501,Known/Irrelevant?,2,1,"It seems that the decompression or flushing process is not finishing properly, causing the data to be incomplete."
634,microsoft_vscode,pull,191501,It seems like something is not flushing or decompressing completely.,"I'm not sure if the decompression or flushing is working as it should, since the output is not complete.",Known Unknown,microsoft_vscode,pull,191501,Known/Irrelevant?,2,1,"I'm not sure if the decompression or flushing is working as it should, since the output is not complete."
635,microsoft_vscode,pull,191501,It seems like something is not flushing or decompressing completely.,"There might be a problem with the decompression or flushing, as the data is not being fully processed.",Known Unknown,microsoft_vscode,pull,191501,Known/Irrelevant?,2,1,"There might be a problem with the decompression or flushing, as the data is not being fully processed."
636,microsoft_vscode,pull,191501,It seems like something is not flushing or decompressing completely.,"I'm seeing that the data isn't being fully decompressed or flushed, which is leading to incomplete results.",Known Unknown,microsoft_vscode,pull,191501,Known/Irrelevant?,2,1,"I'm seeing that the data isn't being fully decompressed or flushed, which is leading to incomplete results."
637,microsoft_vscode,pull,191501,It seems like something is not flushing or decompressing completely.,"It appears that the decompression or flushing is not completing, which is causing the data to be incomplete.",Known Unknown,microsoft_vscode,pull,191501,Known/Irrelevant?,2,1,"It appears that the decompression or flushing is not completing, which is causing the data to be incomplete."
638,microsoft_vscode,pull,191501,"It turns out this was a difference in inflate/deflate implementations between the extension/SDK and the CLI. The SDK uses Node's zlib bindings, while by default Rust's flate2 library uses a rust port of miniz. miniz does not appear to flush decompressed data as nicely on SYNC'd boundaries as zlib does, which caused data to 'stall'. This could also be the cause of some connection flakiness!","The discrepancy in inflate/deflate behavior was due to the different implementations used by the extension/SDK and the CLI. The SDK relies on Node's zlib bindings, whereas the CLI uses Rust's flate2 library, which is a port of miniz. miniz doesn't handle data flushing as smoothly on SYNC boundaries, leading to data stalling and potential connection issues.",Knowledge,microsoft_vscode,pull,191501,Knowledge,0,0,"The discrepancy in inflate/deflate behavior was due to the different implementations used by the extension/SDK and the CLI. The SDK relies on Node's zlib bindings, whereas the CLI uses Rust's flate2 library, which is a port of miniz. miniz doesn't handle data flushing as smoothly on SYNC boundaries, leading to data stalling and potential connection issues."
639,microsoft_vscode,pull,191501,"It turns out this was a difference in inflate/deflate implementations between the extension/SDK and the CLI. The SDK uses Node's zlib bindings, while by default Rust's flate2 library uses a rust port of miniz. miniz does not appear to flush decompressed data as nicely on SYNC'd boundaries as zlib does, which caused data to 'stall'. This could also be the cause of some connection flakiness!","I found that the issue with data stalling and connection flakiness was caused by the difference in inflate/deflate implementations. The SDK uses Node's zlib, while the CLI uses Rust's flate2, which is based on miniz. miniz doesn't flush decompressed data as effectively on SYNC boundaries, which can cause problems.",Knowledge,microsoft_vscode,pull,191501,Knowledge,0,0,"I found that the issue with data stalling and connection flakiness was caused by the difference in inflate/deflate implementations. The SDK uses Node's zlib, while the CLI uses Rust's flate2, which is based on miniz. miniz doesn't flush decompressed data as effectively on SYNC boundaries, which can cause problems."
640,microsoft_vscode,pull,191501,"It turns out this was a difference in inflate/deflate implementations between the extension/SDK and the CLI. The SDK uses Node's zlib bindings, while by default Rust's flate2 library uses a rust port of miniz. miniz does not appear to flush decompressed data as nicely on SYNC'd boundaries as zlib does, which caused data to 'stall'. This could also be the cause of some connection flakiness!","The root cause of the data stalling and connection issues was the difference in how the extension/SDK and the CLI handle inflate/deflate operations. The SDK uses Node's zlib, while the CLI uses Rust's flate2, which is a port of miniz. miniz doesn't manage data flushing as well on SYNC boundaries, leading to these problems.",Knowledge,microsoft_vscode,pull,191501,Knowledge,0,0,"The root cause of the data stalling and connection issues was the difference in how the extension/SDK and the CLI handle inflate/deflate operations. The SDK uses Node's zlib, while the CLI uses Rust's flate2, which is a port of miniz. miniz doesn't manage data flushing as well on SYNC boundaries, leading to these problems."
641,microsoft_vscode,pull,191501,"It turns out this was a difference in inflate/deflate implementations between the extension/SDK and the CLI. The SDK uses Node's zlib bindings, while by default Rust's flate2 library uses a rust port of miniz. miniz does not appear to flush decompressed data as nicely on SYNC'd boundaries as zlib does, which caused data to 'stall'. This could also be the cause of some connection flakiness!","It appears that the data stalling and connection flakiness were due to the different inflate/deflate implementations. The SDK uses Node's zlib, while the CLI uses Rust's flate2, which is a port of miniz. miniz doesn't handle data flushing as smoothly on SYNC boundaries, causing the issues.",Knowledge,microsoft_vscode,pull,191501,Knowledge,0,0,"It appears that the data stalling and connection flakiness were due to the different inflate/deflate implementations. The SDK uses Node's zlib, while the CLI uses Rust's flate2, which is a port of miniz. miniz doesn't handle data flushing as smoothly on SYNC boundaries, causing the issues."
642,microsoft_vscode,pull,191501,"It turns out this was a difference in inflate/deflate implementations between the extension/SDK and the CLI. The SDK uses Node's zlib bindings, while by default Rust's flate2 library uses a rust port of miniz. miniz does not appear to flush decompressed data as nicely on SYNC'd boundaries as zlib does, which caused data to 'stall'. This could also be the cause of some connection flakiness!","The issue with data stalling and connection flakiness was traced back to the difference in inflate/deflate implementations. The SDK uses Node's zlib, while the CLI uses Rust's flate2, which is a port of miniz. miniz doesn't flush decompressed data as effectively on SYNC boundaries, leading to these problems.",Knowledge,microsoft_vscode,pull,191501,Knowledge,0,0,"The issue with data stalling and connection flakiness was traced back to the difference in inflate/deflate implementations. The SDK uses Node's zlib, while the CLI uses Rust's flate2, which is a port of miniz. miniz doesn't flush decompressed data as effectively on SYNC boundaries, leading to these problems."
643,microsoft_vscode,pull,191501,"It turns out this was a difference in inflate/deflate implementations between the extension/SDK and the CLI. The SDK uses Node's zlib bindings, while by default Rust's flate2 library uses a rust port of miniz. miniz does not appear to flush decompressed data as nicely on SYNC'd boundaries as zlib does, which caused data to 'stall'. This could also be the cause of some connection flakiness!","The data stalling and connection issues were caused by the difference in how the extension/SDK and the CLI handle inflate/deflate operations. The SDK uses Node's zlib, while the CLI uses Rust's flate2, which is a port of miniz. miniz doesn't manage data flushing as well on SYNC boundaries, which can cause these issues.",Knowledge,microsoft_vscode,pull,191501,Knowledge,0,0,"The data stalling and connection issues were caused by the difference in how the extension/SDK and the CLI handle inflate/deflate operations. The SDK uses Node's zlib, while the CLI uses Rust's flate2, which is a port of miniz. miniz doesn't manage data flushing as well on SYNC boundaries, which can cause these issues."
644,microsoft_vscode,pull,191501,"It turns out this was a difference in inflate/deflate implementations between the extension/SDK and the CLI. The SDK uses Node's zlib bindings, while by default Rust's flate2 library uses a rust port of miniz. miniz does not appear to flush decompressed data as nicely on SYNC'd boundaries as zlib does, which caused data to 'stall'. This could also be the cause of some connection flakiness!","I discovered that the data stalling and connection flakiness were due to the different inflate/deflate implementations. The SDK uses Node's zlib, while the CLI uses Rust's flate2, which is a port of miniz. miniz doesn't handle data flushing as smoothly on SYNC boundaries, leading to these problems.",Knowledge,microsoft_vscode,pull,191501,Knowledge,0,0,"I discovered that the data stalling and connection flakiness were due to the different inflate/deflate implementations. The SDK uses Node's zlib, while the CLI uses Rust's flate2, which is a port of miniz. miniz doesn't handle data flushing as smoothly on SYNC boundaries, leading to these problems."
645,microsoft_vscode,pull,191501,"It turns out this was a difference in inflate/deflate implementations between the extension/SDK and the CLI. The SDK uses Node's zlib bindings, while by default Rust's flate2 library uses a rust port of miniz. miniz does not appear to flush decompressed data as nicely on SYNC'd boundaries as zlib does, which caused data to 'stall'. This could also be the cause of some connection flakiness!","The root cause of the data stalling and connection issues was the difference in how the extension/SDK and the CLI handle inflate/deflate operations. The SDK uses Node's zlib, while the CLI uses Rust's flate2, which is a port of miniz. miniz doesn't manage data flushing as well on SYNC boundaries, causing the issues.",Knowledge,microsoft_vscode,pull,191501,Knowledge,0,0,"The root cause of the data stalling and connection issues was the difference in how the extension/SDK and the CLI handle inflate/deflate operations. The SDK uses Node's zlib, while the CLI uses Rust's flate2, which is a port of miniz. miniz doesn't manage data flushing as well on SYNC boundaries, causing the issues."
646,microsoft_vscode,pull,191501,"It turns out this was a difference in inflate/deflate implementations between the extension/SDK and the CLI. The SDK uses Node's zlib bindings, while by default Rust's flate2 library uses a rust port of miniz. miniz does not appear to flush decompressed data as nicely on SYNC'd boundaries as zlib does, which caused data to 'stall'. This could also be the cause of some connection flakiness!","The data stalling and connection flakiness were traced back to the difference in inflate/deflate implementations. The SDK uses Node's zlib, while the CLI uses Rust's flate2, which is a port of miniz. miniz doesn't handle data flushing as effectively on SYNC boundaries, leading to these problems.",Knowledge,microsoft_vscode,pull,191501,Knowledge,0,0,"The data stalling and connection flakiness were traced back to the difference in inflate/deflate implementations. The SDK uses Node's zlib, while the CLI uses Rust's flate2, which is a port of miniz. miniz doesn't handle data flushing as effectively on SYNC boundaries, leading to these problems."
647,microsoft_vscode,,191374,"I think this is a regression from partitioning state per profile. Specifically:

vscode/src/vs/platform/storage/electron-main/storageMain.ts

Line 278 in ec041fc
 return join(this.profile.globalStorageHome.fsPath, BaseProfileAwareStorageMain.STORAGE_NAME); 

When using fsPath, UNC paths only work for file scheme but now I think we have vscode-userdata as scheme. I am not sure when we made that flip. I think this is spreading to a lot more places, the code is very old and was always assuming file scheme to be used, which will not work anymore if a UNC path is used:

vscode/src/vs/code/electron-main/main.ts

Lines 251 to 259 in ec041fc
 Promise.all<string | undefined>([ 
         environmentMainService.extensionsPath, 
         environmentMainService.codeCachePath, 
         environmentMainService.logsHome.fsPath, 
         userDataProfilesMainService.defaultProfile.globalStorageHome.fsPath, 
         environmentMainService.workspaceStorageHome.fsPath, 
         environmentMainService.localHistoryHome.fsPath, 
         environmentMainService.backupHome 
 ].map(path => path ? FSPromises.mkdir(path, { recursive: true }) : undefined)), 

I think we will have to make a pass over .fsPath usage and find those that potentially use a non-file scheme...","I suspect this issue stems from the recent changes in partitioning state per profile. In `storageMain.ts`, the use of `fsPath` on line 278 might be problematic because it assumes a file scheme, which is no longer valid with the `vscode-userdata` scheme. This could be a widespread issue, as the codebase has historically assumed the file scheme, and now it needs to be updated to handle UNC paths correctly.",Known Unknown,microsoft_vscode,,191374,Known,2,1,"I suspect this issue stems from the recent changes in partitioning state per profile. In `storageMain.ts`, the use of `fsPath` on line 278 might be problematic because it assumes a file scheme, which is no longer valid with the `vscode-userdata` scheme. This could be a widespread issue, as the codebase has historically assumed the file scheme, and now it needs to be updated to handle UNC paths correctly."
648,microsoft_vscode,,191374,"I think this is a regression from partitioning state per profile. Specifically:

vscode/src/vs/platform/storage/electron-main/storageMain.ts

Line 278 in ec041fc
 return join(this.profile.globalStorageHome.fsPath, BaseProfileAwareStorageMain.STORAGE_NAME); 

When using fsPath, UNC paths only work for file scheme but now I think we have vscode-userdata as scheme. I am not sure when we made that flip. I think this is spreading to a lot more places, the code is very old and was always assuming file scheme to be used, which will not work anymore if a UNC path is used:

vscode/src/vs/code/electron-main/main.ts

Lines 251 to 259 in ec041fc
 Promise.all<string | undefined>([ 
         environmentMainService.extensionsPath, 
         environmentMainService.codeCachePath, 
         environmentMainService.logsHome.fsPath, 
         userDataProfilesMainService.defaultProfile.globalStorageHome.fsPath, 
         environmentMainService.workspaceStorageHome.fsPath, 
         environmentMainService.localHistoryHome.fsPath, 
         environmentMainService.backupHome 
 ].map(path => path ? FSPromises.mkdir(path, { recursive: true }) : undefined)), 

I think we will have to make a pass over .fsPath usage and find those that potentially use a non-file scheme...","I believe the recent changes to partition state per profile have introduced a regression. Specifically, in `storageMain.ts`, the line `return join(this.profile.globalStorageHome.fsPath, BaseProfileAwareStorageMain.STORAGE_NAME);` assumes a file scheme, which is no longer the case with the `vscode-userdata` scheme. This assumption is likely causing issues in other parts of the codebase where `fsPath` is used, and we may need to audit and update these usages.",Known Unknown,microsoft_vscode,,191374,Known,2,1,"I believe the recent changes to partition state per profile have introduced a regression. Specifically, in `storageMain.ts`, the line `return join(this.profile.globalStorageHome.fsPath, BaseProfileAwareStorageMain.STORAGE_NAME);` assumes a file scheme, which is no longer the case with the `vscode-userdata` scheme. This assumption is likely causing issues in other parts of the codebase where `fsPath` is used, and we may need to audit and update these usages."
649,microsoft_vscode,,191374,"I think this is a regression from partitioning state per profile. Specifically:

vscode/src/vs/platform/storage/electron-main/storageMain.ts

Line 278 in ec041fc
 return join(this.profile.globalStorageHome.fsPath, BaseProfileAwareStorageMain.STORAGE_NAME); 

When using fsPath, UNC paths only work for file scheme but now I think we have vscode-userdata as scheme. I am not sure when we made that flip. I think this is spreading to a lot more places, the code is very old and was always assuming file scheme to be used, which will not work anymore if a UNC path is used:

vscode/src/vs/code/electron-main/main.ts

Lines 251 to 259 in ec041fc
 Promise.all<string | undefined>([ 
         environmentMainService.extensionsPath, 
         environmentMainService.codeCachePath, 
         environmentMainService.logsHome.fsPath, 
         userDataProfilesMainService.defaultProfile.globalStorageHome.fsPath, 
         environmentMainService.workspaceStorageHome.fsPath, 
         environmentMainService.localHistoryHome.fsPath, 
         environmentMainService.backupHome 
 ].map(path => path ? FSPromises.mkdir(path, { recursive: true }) : undefined)), 

I think we will have to make a pass over .fsPath usage and find those that potentially use a non-file scheme...","I think the issue might be related to the recent changes in how state is partitioned per profile. In `storageMain.ts`, the use of `fsPath` on line 278 assumes a file scheme, but now we have the `vscode-userdata` scheme. This change could be causing problems in other areas of the codebase where `fsPath` is used, especially with UNC paths. We should review and update these usages to handle the new scheme.",Known Unknown,microsoft_vscode,,191374,Known,2,1,"I think the issue might be related to the recent changes in how state is partitioned per profile. In `storageMain.ts`, the use of `fsPath` on line 278 assumes a file scheme, but now we have the `vscode-userdata` scheme. This change could be causing problems in other areas of the codebase where `fsPath` is used, especially with UNC paths. We should review and update these usages to handle the new scheme."
650,microsoft_vscode,,191374,"I think this is a regression from partitioning state per profile. Specifically:

vscode/src/vs/platform/storage/electron-main/storageMain.ts

Line 278 in ec041fc
 return join(this.profile.globalStorageHome.fsPath, BaseProfileAwareStorageMain.STORAGE_NAME); 

When using fsPath, UNC paths only work for file scheme but now I think we have vscode-userdata as scheme. I am not sure when we made that flip. I think this is spreading to a lot more places, the code is very old and was always assuming file scheme to be used, which will not work anymore if a UNC path is used:

vscode/src/vs/code/electron-main/main.ts

Lines 251 to 259 in ec041fc
 Promise.all<string | undefined>([ 
         environmentMainService.extensionsPath, 
         environmentMainService.codeCachePath, 
         environmentMainService.logsHome.fsPath, 
         userDataProfilesMainService.defaultProfile.globalStorageHome.fsPath, 
         environmentMainService.workspaceStorageHome.fsPath, 
         environmentMainService.localHistoryHome.fsPath, 
         environmentMainService.backupHome 
 ].map(path => path ? FSPromises.mkdir(path, { recursive: true }) : undefined)), 

I think we will have to make a pass over .fsPath usage and find those that potentially use a non-file scheme...","I suspect that the recent changes to partition state per profile have introduced a regression. The line `return join(this.profile.globalStorageHome.fsPath, BaseProfileAwareStorageMain.STORAGE_NAME);` in `storageMain.ts` assumes a file scheme, which is no longer valid with the `vscode-userdata` scheme. This could be a broader issue, as the codebase has historically assumed the file scheme, and we may need to audit and update other usages of `fsPath`.",Known Unknown,microsoft_vscode,,191374,Known,2,1,"I suspect that the recent changes to partition state per profile have introduced a regression. The line `return join(this.profile.globalStorageHome.fsPath, BaseProfileAwareStorageMain.STORAGE_NAME);` in `storageMain.ts` assumes a file scheme, which is no longer valid with the `vscode-userdata` scheme. This could be a broader issue, as the codebase has historically assumed the file scheme, and we may need to audit and update other usages of `fsPath`."
651,microsoft_vscode,,191374,"I think this is a regression from partitioning state per profile. Specifically:

vscode/src/vs/platform/storage/electron-main/storageMain.ts

Line 278 in ec041fc
 return join(this.profile.globalStorageHome.fsPath, BaseProfileAwareStorageMain.STORAGE_NAME); 

When using fsPath, UNC paths only work for file scheme but now I think we have vscode-userdata as scheme. I am not sure when we made that flip. I think this is spreading to a lot more places, the code is very old and was always assuming file scheme to be used, which will not work anymore if a UNC path is used:

vscode/src/vs/code/electron-main/main.ts

Lines 251 to 259 in ec041fc
 Promise.all<string | undefined>([ 
         environmentMainService.extensionsPath, 
         environmentMainService.codeCachePath, 
         environmentMainService.logsHome.fsPath, 
         userDataProfilesMainService.defaultProfile.globalStorageHome.fsPath, 
         environmentMainService.workspaceStorageHome.fsPath, 
         environmentMainService.localHistoryHome.fsPath, 
         environmentMainService.backupHome 
 ].map(path => path ? FSPromises.mkdir(path, { recursive: true }) : undefined)), 

I think we will have to make a pass over .fsPath usage and find those that potentially use a non-file scheme...","I think the recent changes to partition state per profile might have introduced a regression. In `storageMain.ts`, the use of `fsPath` on line 278 assumes a file scheme, but now we have the `vscode-userdata` scheme. This could be causing issues in other parts of the codebase where `fsPath` is used, and we may need to review and update these usages to handle the new scheme.",Known Unknown,microsoft_vscode,,191374,Known,2,1,"I think the recent changes to partition state per profile might have introduced a regression. In `storageMain.ts`, the use of `fsPath` on line 278 assumes a file scheme, but now we have the `vscode-userdata` scheme. This could be causing issues in other parts of the codebase where `fsPath` is used, and we may need to review and update these usages to handle the new scheme."
652,microsoft_vscode,,191374,"I think this is a regression from partitioning state per profile. Specifically:

vscode/src/vs/platform/storage/electron-main/storageMain.ts

Line 278 in ec041fc
 return join(this.profile.globalStorageHome.fsPath, BaseProfileAwareStorageMain.STORAGE_NAME); 

When using fsPath, UNC paths only work for file scheme but now I think we have vscode-userdata as scheme. I am not sure when we made that flip. I think this is spreading to a lot more places, the code is very old and was always assuming file scheme to be used, which will not work anymore if a UNC path is used:

vscode/src/vs/code/electron-main/main.ts

Lines 251 to 259 in ec041fc
 Promise.all<string | undefined>([ 
         environmentMainService.extensionsPath, 
         environmentMainService.codeCachePath, 
         environmentMainService.logsHome.fsPath, 
         userDataProfilesMainService.defaultProfile.globalStorageHome.fsPath, 
         environmentMainService.workspaceStorageHome.fsPath, 
         environmentMainService.localHistoryHome.fsPath, 
         environmentMainService.backupHome 
 ].map(path => path ? FSPromises.mkdir(path, { recursive: true }) : undefined)), 

I think we will have to make a pass over .fsPath usage and find those that potentially use a non-file scheme...","I believe the recent changes to partition state per profile have introduced a regression. The line `return join(this.profile.globalStorageHome.fsPath, BaseProfileAwareStorageMain.STORAGE_NAME);` in `storageMain.ts` assumes a file scheme, which is no longer valid with the `vscode-userdata` scheme. This could be a widespread issue, and we may need to audit and update other usages of `fsPath` to handle the new scheme.",Known Unknown,microsoft_vscode,,191374,Known,2,1,"I believe the recent changes to partition state per profile have introduced a regression. The line `return join(this.profile.globalStorageHome.fsPath, BaseProfileAwareStorageMain.STORAGE_NAME);` in `storageMain.ts` assumes a file scheme, which is no longer valid with the `vscode-userdata` scheme. This could be a widespread issue, and we may need to audit and update other usages of `fsPath` to handle the new scheme."
653,microsoft_vscode,,191374,"I think this is a regression from partitioning state per profile. Specifically:

vscode/src/vs/platform/storage/electron-main/storageMain.ts

Line 278 in ec041fc
 return join(this.profile.globalStorageHome.fsPath, BaseProfileAwareStorageMain.STORAGE_NAME); 

When using fsPath, UNC paths only work for file scheme but now I think we have vscode-userdata as scheme. I am not sure when we made that flip. I think this is spreading to a lot more places, the code is very old and was always assuming file scheme to be used, which will not work anymore if a UNC path is used:

vscode/src/vs/code/electron-main/main.ts

Lines 251 to 259 in ec041fc
 Promise.all<string | undefined>([ 
         environmentMainService.extensionsPath, 
         environmentMainService.codeCachePath, 
         environmentMainService.logsHome.fsPath, 
         userDataProfilesMainService.defaultProfile.globalStorageHome.fsPath, 
         environmentMainService.workspaceStorageHome.fsPath, 
         environmentMainService.localHistoryHome.fsPath, 
         environmentMainService.backupHome 
 ].map(path => path ? FSPromises.mkdir(path, { recursive: true }) : undefined)), 

I think we will have to make a pass over .fsPath usage and find those that potentially use a non-file scheme...","I suspect that the recent changes to partition state per profile have introduced a regression. The use of `fsPath` in `storageMain.ts` on line 278 assumes a file scheme, but now we have the `vscode-userdata` scheme. This could be causing issues in other parts of the codebase where `fsPath` is used, and we may need to review and update these usages to handle the new scheme.",Known Unknown,microsoft_vscode,,191374,Known,2,1,"I suspect that the recent changes to partition state per profile have introduced a regression. The use of `fsPath` in `storageMain.ts` on line 278 assumes a file scheme, but now we have the `vscode-userdata` scheme. This could be causing issues in other parts of the codebase where `fsPath` is used, and we may need to review and update these usages to handle the new scheme."
654,microsoft_vscode,,191374,"I think this is a regression from partitioning state per profile. Specifically:

vscode/src/vs/platform/storage/electron-main/storageMain.ts

Line 278 in ec041fc
 return join(this.profile.globalStorageHome.fsPath, BaseProfileAwareStorageMain.STORAGE_NAME); 

When using fsPath, UNC paths only work for file scheme but now I think we have vscode-userdata as scheme. I am not sure when we made that flip. I think this is spreading to a lot more places, the code is very old and was always assuming file scheme to be used, which will not work anymore if a UNC path is used:

vscode/src/vs/code/electron-main/main.ts

Lines 251 to 259 in ec041fc
 Promise.all<string | undefined>([ 
         environmentMainService.extensionsPath, 
         environmentMainService.codeCachePath, 
         environmentMainService.logsHome.fsPath, 
         userDataProfilesMainService.defaultProfile.globalStorageHome.fsPath, 
         environmentMainService.workspaceStorageHome.fsPath, 
         environmentMainService.localHistoryHome.fsPath, 
         environmentMainService.backupHome 
 ].map(path => path ? FSPromises.mkdir(path, { recursive: true }) : undefined)), 

I think we will have to make a pass over .fsPath usage and find those that potentially use a non-file scheme...","I think the recent changes to partition state per profile might have introduced a regression. The line `return join(this.profile.globalStorageHome.fsPath, BaseProfileAwareStorageMain.STORAGE_NAME);` in `storageMain.ts` assumes a file scheme, which is no longer valid with the `vscode-userdata` scheme. This could be a broader issue, and we may need to audit and update other usages of `fsPath` to handle the new scheme.",Known Unknown,microsoft_vscode,,191374,Known,2,1,"I think the recent changes to partition state per profile might have introduced a regression. The line `return join(this.profile.globalStorageHome.fsPath, BaseProfileAwareStorageMain.STORAGE_NAME);` in `storageMain.ts` assumes a file scheme, which is no longer valid with the `vscode-userdata` scheme. This could be a broader issue, and we may need to audit and update other usages of `fsPath` to handle the new scheme."
655,microsoft_vscode,,191374,"I think this is a regression from partitioning state per profile. Specifically:

vscode/src/vs/platform/storage/electron-main/storageMain.ts

Line 278 in ec041fc
 return join(this.profile.globalStorageHome.fsPath, BaseProfileAwareStorageMain.STORAGE_NAME); 

When using fsPath, UNC paths only work for file scheme but now I think we have vscode-userdata as scheme. I am not sure when we made that flip. I think this is spreading to a lot more places, the code is very old and was always assuming file scheme to be used, which will not work anymore if a UNC path is used:

vscode/src/vs/code/electron-main/main.ts

Lines 251 to 259 in ec041fc
 Promise.all<string | undefined>([ 
         environmentMainService.extensionsPath, 
         environmentMainService.codeCachePath, 
         environmentMainService.logsHome.fsPath, 
         userDataProfilesMainService.defaultProfile.globalStorageHome.fsPath, 
         environmentMainService.workspaceStorageHome.fsPath, 
         environmentMainService.localHistoryHome.fsPath, 
         environmentMainService.backupHome 
 ].map(path => path ? FSPromises.mkdir(path, { recursive: true }) : undefined)), 

I think we will have to make a pass over .fsPath usage and find those that potentially use a non-file scheme...","I believe the recent changes to partition state per profile have introduced a regression. The use of `fsPath` in `storageMain.ts` on line 278 assumes a file scheme, but now we have the `vscode-userdata` scheme. This could be causing issues in other parts of the codebase where `fsPath` is used, and we may need to review and update these usages to handle the new scheme.",Known Unknown,microsoft_vscode,,191374,Known,2,1,"I believe the recent changes to partition state per profile have introduced a regression. The use of `fsPath` in `storageMain.ts` on line 278 assumes a file scheme, but now we have the `vscode-userdata` scheme. This could be causing issues in other parts of the codebase where `fsPath` is used, and we may need to review and update these usages to handle the new scheme."
656,microsoft_vscode,,191374,The change to vscode-userdata scheme started happening from this change - 1157e96 - I started using this scheme for all user data to adopt atomic write.,The introduction of the vscode-userdata scheme began with the commit 1157e96. I started using this scheme for all user data to ensure atomic writes.,Knowledge,microsoft_vscode,,191374,Knowledge,0,0,The introduction of the vscode-userdata scheme began with the commit 1157e96. I started using this scheme for all user data to ensure atomic writes.
657,microsoft_vscode,,191374,The change to vscode-userdata scheme started happening from this change - 1157e96 - I started using this scheme for all user data to adopt atomic write.,"From the commit 1157e96, I began using the vscode-userdata scheme for all user data to implement atomic writes.",Knowledge,microsoft_vscode,,191374,Knowledge,0,0,"From the commit 1157e96, I began using the vscode-userdata scheme for all user data to implement atomic writes."
658,microsoft_vscode,,191374,The change to vscode-userdata scheme started happening from this change - 1157e96 - I started using this scheme for all user data to adopt atomic write.,"The vscode-userdata scheme was introduced in commit 1157e96, and I adopted it for all user data to support atomic writes.",Knowledge,microsoft_vscode,,191374,Knowledge,0,0,"The vscode-userdata scheme was introduced in commit 1157e96, and I adopted it for all user data to support atomic writes."
659,microsoft_vscode,,191374,The change to vscode-userdata scheme started happening from this change - 1157e96 - I started using this scheme for all user data to adopt atomic write.,"Starting with the commit 1157e96, I switched to the vscode-userdata scheme for all user data to facilitate atomic writes.",Knowledge,microsoft_vscode,,191374,Knowledge,0,0,"Starting with the commit 1157e96, I switched to the vscode-userdata scheme for all user data to facilitate atomic writes."
660,microsoft_vscode,,191374,The change to vscode-userdata scheme started happening from this change - 1157e96 - I started using this scheme for all user data to adopt atomic write.,"The change to the vscode-userdata scheme, which I implemented for all user data to ensure atomic writes, began with the commit 1157e96.",Knowledge,microsoft_vscode,,191374,Knowledge,0,0,"The change to the vscode-userdata scheme, which I implemented for all user data to ensure atomic writes, began with the commit 1157e96."
661,microsoft_vscode,,191374,The change to vscode-userdata scheme started happening from this change - 1157e96 - I started using this scheme for all user data to adopt atomic write.,"I started using the vscode-userdata scheme for all user data to enable atomic writes, as of the commit 1157e96.",Knowledge,microsoft_vscode,,191374,Knowledge,0,0,"I started using the vscode-userdata scheme for all user data to enable atomic writes, as of the commit 1157e96."
662,microsoft_vscode,,191374,The change to vscode-userdata scheme started happening from this change - 1157e96 - I started using this scheme for all user data to adopt atomic write.,"The commit 1157e96 marked the beginning of my use of the vscode-userdata scheme for all user data, aimed at achieving atomic writes.",Knowledge,microsoft_vscode,,191374,Knowledge,0,0,"The commit 1157e96 marked the beginning of my use of the vscode-userdata scheme for all user data, aimed at achieving atomic writes."
663,microsoft_vscode,,191374,The change to vscode-userdata scheme started happening from this change - 1157e96 - I started using this scheme for all user data to adopt atomic write.,"To adopt atomic writes, I introduced the vscode-userdata scheme for all user data starting from the commit 1157e96.",Knowledge,microsoft_vscode,,191374,Knowledge,0,0,"To adopt atomic writes, I introduced the vscode-userdata scheme for all user data starting from the commit 1157e96."
664,microsoft_vscode,,191374,The change to vscode-userdata scheme started happening from this change - 1157e96 - I started using this scheme for all user data to adopt atomic write.,"From the commit 1157e96, the vscode-userdata scheme was used for all user data to ensure atomic writes.",Knowledge,microsoft_vscode,,191374,Knowledge,0,0,"From the commit 1157e96, the vscode-userdata scheme was used for all user data to ensure atomic writes."
665,microsoft_vscode,,191374,The change to vscode-userdata scheme started happening from this change - 1157e96 - I started using this scheme for all user data to adopt atomic write.,"The vscode-userdata scheme was implemented for all user data to support atomic writes, starting with the commit 1157e96.",Knowledge,microsoft_vscode,,191374,Knowledge,0,0,"The vscode-userdata scheme was implemented for all user data to support atomic writes, starting with the commit 1157e96."
666,microsoft_vscode,,191374,"but there is a point where our file service is no longer in charge: when we hand of a path:string to SQLite3 module, we really have to give it a proper path that is a UNC path if the user picked a UNC location. So just using URI will not help here, we need to find a way that .fsPath is not breaking UNC paths in all places where we need it.","There's a critical point where our file service loses control: when we pass a path:string to the SQLite3 module, it must be a valid UNC path if the user selected a UNC location. Using a URI won't work here, so we need to ensure that .fsPath doesn't break UNC paths in all the necessary places.",Known Unknown,microsoft_vscode,,191374,Known,2,1,"There's a critical point where our file service loses control: when we pass a path:string to the SQLite3 module, it must be a valid UNC path if the user selected a UNC location. Using a URI won't work here, so we need to ensure that .fsPath doesn't break UNC paths in all the necessary places."
667,microsoft_vscode,,191374,"but there is a point where our file service is no longer in charge: when we hand of a path:string to SQLite3 module, we really have to give it a proper path that is a UNC path if the user picked a UNC location. So just using URI will not help here, we need to find a way that .fsPath is not breaking UNC paths in all places where we need it.","When we hand over a path:string to the SQLite3 module, our file service is no longer responsible for ensuring the path is correct. If the user chose a UNC location, we must provide a proper UNC path. We need to find a solution to prevent .fsPath from breaking UNC paths in all relevant areas.",Known Unknown,microsoft_vscode,,191374,Known,2,1,"When we hand over a path:string to the SQLite3 module, our file service is no longer responsible for ensuring the path is correct. If the user chose a UNC location, we must provide a proper UNC path. We need to find a solution to prevent .fsPath from breaking UNC paths in all relevant areas."
668,microsoft_vscode,,191374,"but there is a point where our file service is no longer in charge: when we hand of a path:string to SQLite3 module, we really have to give it a proper path that is a UNC path if the user picked a UNC location. So just using URI will not help here, we need to find a way that .fsPath is not breaking UNC paths in all places where we need it.","Our file service has a limitation: when we pass a path:string to the SQLite3 module, it must be a valid UNC path if the user selected a UNC location. Simply using a URI won't suffice, and we need to ensure that .fsPath doesn't disrupt UNC paths in all the necessary contexts.",Known Unknown,microsoft_vscode,,191374,Known,2,1,"Our file service has a limitation: when we pass a path:string to the SQLite3 module, it must be a valid UNC path if the user selected a UNC location. Simply using a URI won't suffice, and we need to ensure that .fsPath doesn't disrupt UNC paths in all the necessary contexts."
669,microsoft_vscode,,191374,"but there is a point where our file service is no longer in charge: when we hand of a path:string to SQLite3 module, we really have to give it a proper path that is a UNC path if the user picked a UNC location. So just using URI will not help here, we need to find a way that .fsPath is not breaking UNC paths in all places where we need it.","When we transfer a path:string to the SQLite3 module, our file service is no longer in control. If the user picked a UNC location, we must provide a proper UNC path. We need to find a way to prevent .fsPath from breaking UNC paths in all the required places.",Known Unknown,microsoft_vscode,,191374,Known,2,1,"When we transfer a path:string to the SQLite3 module, our file service is no longer in control. If the user picked a UNC location, we must provide a proper UNC path. We need to find a way to prevent .fsPath from breaking UNC paths in all the required places."
670,microsoft_vscode,,191374,"but there is a point where our file service is no longer in charge: when we hand of a path:string to SQLite3 module, we really have to give it a proper path that is a UNC path if the user picked a UNC location. So just using URI will not help here, we need to find a way that .fsPath is not breaking UNC paths in all places where we need it.","There's a point where our file service is no longer responsible: when we pass a path:string to the SQLite3 module, it must be a valid UNC path if the user selected a UNC location. Using a URI won't work, so we need to ensure that .fsPath doesn't break UNC paths in all the necessary areas.",Known Unknown,microsoft_vscode,,191374,Known,2,1,"There's a point where our file service is no longer responsible: when we pass a path:string to the SQLite3 module, it must be a valid UNC path if the user selected a UNC location. Using a URI won't work, so we need to ensure that .fsPath doesn't break UNC paths in all the necessary areas."
671,microsoft_vscode,,191374,"but there is a point where our file service is no longer in charge: when we hand of a path:string to SQLite3 module, we really have to give it a proper path that is a UNC path if the user picked a UNC location. So just using URI will not help here, we need to find a way that .fsPath is not breaking UNC paths in all places where we need it.","When we hand over a path:string to the SQLite3 module, our file service is no longer in charge. If the user chose a UNC location, we must provide a proper UNC path. We need to find a way to prevent .fsPath from breaking UNC paths in all the required contexts.",Known Unknown,microsoft_vscode,,191374,Known,2,1,"When we hand over a path:string to the SQLite3 module, our file service is no longer in charge. If the user chose a UNC location, we must provide a proper UNC path. We need to find a way to prevent .fsPath from breaking UNC paths in all the required contexts."
672,microsoft_vscode,,191374,"but there is a point where our file service is no longer in charge: when we hand of a path:string to SQLite3 module, we really have to give it a proper path that is a UNC path if the user picked a UNC location. So just using URI will not help here, we need to find a way that .fsPath is not breaking UNC paths in all places where we need it.","Our file service has a boundary: when we pass a path:string to the SQLite3 module, it must be a valid UNC path if the user selected a UNC location. Using a URI won't help, so we need to ensure that .fsPath doesn't break UNC paths in all the necessary places.",Known Unknown,microsoft_vscode,,191374,Known,2,1,"Our file service has a boundary: when we pass a path:string to the SQLite3 module, it must be a valid UNC path if the user selected a UNC location. Using a URI won't help, so we need to ensure that .fsPath doesn't break UNC paths in all the necessary places."
673,microsoft_vscode,,191374,"but there is a point where our file service is no longer in charge: when we hand of a path:string to SQLite3 module, we really have to give it a proper path that is a UNC path if the user picked a UNC location. So just using URI will not help here, we need to find a way that .fsPath is not breaking UNC paths in all places where we need it.","When we transfer a path:string to the SQLite3 module, our file service is no longer responsible for ensuring the path is correct. If the user picked a UNC location, we must provide a proper UNC path. We need to find a solution to prevent .fsPath from breaking UNC paths in all the required areas.",Known Unknown,microsoft_vscode,,191374,Known,2,1,"When we transfer a path:string to the SQLite3 module, our file service is no longer responsible for ensuring the path is correct. If the user picked a UNC location, we must provide a proper UNC path. We need to find a solution to prevent .fsPath from breaking UNC paths in all the required areas."
674,microsoft_vscode,,191374,"but there is a point where our file service is no longer in charge: when we hand of a path:string to SQLite3 module, we really have to give it a proper path that is a UNC path if the user picked a UNC location. So just using URI will not help here, we need to find a way that .fsPath is not breaking UNC paths in all places where we need it.","There's a critical point where our file service is no longer in control: when we pass a path:string to the SQLite3 module, it must be a valid UNC path if the user selected a UNC location. Using a URI won't work, so we need to ensure that .fsPath doesn't break UNC paths in all the necessary contexts.",Known Unknown,microsoft_vscode,,191374,Known,2,1,"There's a critical point where our file service is no longer in control: when we pass a path:string to the SQLite3 module, it must be a valid UNC path if the user selected a UNC location. Using a URI won't work, so we need to ensure that .fsPath doesn't break UNC paths in all the necessary contexts."
675,microsoft_vscode,,191374,"but there is a point where our file service is no longer in charge: when we hand of a path:string to SQLite3 module, we really have to give it a proper path that is a UNC path if the user picked a UNC location. So just using URI will not help here, we need to find a way that .fsPath is not breaking UNC paths in all places where we need it.","When we hand over a path:string to the SQLite3 module, our file service is no longer in charge. If the user chose a UNC location, we must provide a proper UNC path. We need to find a way to prevent .fsPath from breaking UNC paths in all the required places.",Known Unknown,microsoft_vscode,,191374,Known,2,1,"When we hand over a path:string to the SQLite3 module, our file service is no longer in charge. If the user chose a UNC location, we must provide a proper UNC path. We need to find a way to prevent .fsPath from breaking UNC paths in all the required places."
676,microsoft_vscode,,191374,"Curious: with your custom file system provider on vscode-userdata, are you converting back to a file URI and then handing the fsPath off to the disk file system provider? Or do you convert one level above on the level of the file service? Asking, because I wonder if there is already a bug in your provider where we potentially loose UNC paths.","I'm curious about your custom file system provider for vscode-userdata. Do you convert the file URI back to a file path and then pass it to the disk file system provider, or do you handle the conversion at the file service level? I'm asking because I'm concerned about potential issues with UNC paths.",Known Unknown,microsoft_vscode,,191374,Known,2,1,"I'm curious about your custom file system provider for vscode-userdata. Do you convert the file URI back to a file path and then pass it to the disk file system provider, or do you handle the conversion at the file service level? I'm asking because I'm concerned about potential issues with UNC paths."
677,microsoft_vscode,,191374,"Curious: with your custom file system provider on vscode-userdata, are you converting back to a file URI and then handing the fsPath off to the disk file system provider? Or do you convert one level above on the level of the file service? Asking, because I wonder if there is already a bug in your provider where we potentially loose UNC paths.","I'm wondering how your custom file system provider for vscode-userdata handles file URIs. Do you convert them to file paths and then use the disk file system provider, or do you manage the conversion at a higher level in the file service? I'm asking because I suspect there might be a bug related to UNC paths.",Known Unknown,microsoft_vscode,,191374,Known,2,1,"I'm wondering how your custom file system provider for vscode-userdata handles file URIs. Do you convert them to file paths and then use the disk file system provider, or do you manage the conversion at a higher level in the file service? I'm asking because I suspect there might be a bug related to UNC paths."
678,microsoft_vscode,,191374,"Curious: with your custom file system provider on vscode-userdata, are you converting back to a file URI and then handing the fsPath off to the disk file system provider? Or do you convert one level above on the level of the file service? Asking, because I wonder if there is already a bug in your provider where we potentially loose UNC paths.","I'm interested in the implementation of your custom file system provider for vscode-userdata. Specifically, do you convert file URIs to file paths and then use the disk file system provider, or do you handle the conversion at the file service level? I'm curious because I think there might be a bug that causes UNC paths to be lost.",Known Unknown,microsoft_vscode,,191374,Known,2,1,"I'm interested in the implementation of your custom file system provider for vscode-userdata. Specifically, do you convert file URIs to file paths and then use the disk file system provider, or do you handle the conversion at the file service level? I'm curious because I think there might be a bug that causes UNC paths to be lost."
679,microsoft_vscode,,191374,"Curious: with your custom file system provider on vscode-userdata, are you converting back to a file URI and then handing the fsPath off to the disk file system provider? Or do you convert one level above on the level of the file service? Asking, because I wonder if there is already a bug in your provider where we potentially loose UNC paths.","I'm trying to understand how your custom file system provider for vscode-userdata works. Do you convert file URIs to file paths and then use the disk file system provider, or do you handle the conversion at the file service level? I'm asking because I'm concerned about potential issues with UNC paths being lost.",Known Unknown,microsoft_vscode,,191374,Known,2,1,"I'm trying to understand how your custom file system provider for vscode-userdata works. Do you convert file URIs to file paths and then use the disk file system provider, or do you handle the conversion at the file service level? I'm asking because I'm concerned about potential issues with UNC paths being lost."
680,microsoft_vscode,,191374,"Curious: with your custom file system provider on vscode-userdata, are you converting back to a file URI and then handing the fsPath off to the disk file system provider? Or do you convert one level above on the level of the file service? Asking, because I wonder if there is already a bug in your provider where we potentially loose UNC paths.","I'm curious about the architecture of your custom file system provider for vscode-userdata. Do you convert file URIs to file paths and then pass them to the disk file system provider, or do you handle the conversion at the file service level? I'm asking because I suspect there might be a bug that affects UNC paths.",Known Unknown,microsoft_vscode,,191374,Known,2,1,"I'm curious about the architecture of your custom file system provider for vscode-userdata. Do you convert file URIs to file paths and then pass them to the disk file system provider, or do you handle the conversion at the file service level? I'm asking because I suspect there might be a bug that affects UNC paths."
681,microsoft_vscode,,191374,"Curious: with your custom file system provider on vscode-userdata, are you converting back to a file URI and then handing the fsPath off to the disk file system provider? Or do you convert one level above on the level of the file service? Asking, because I wonder if there is already a bug in your provider where we potentially loose UNC paths.","I'm wondering how your custom file system provider for vscode-userdata manages file URIs. Do you convert them to file paths and then use the disk file system provider, or do you handle the conversion at the file service level? I'm asking because I'm concerned about potential issues with UNC paths being lost.",Known Unknown,microsoft_vscode,,191374,Known,2,1,"I'm wondering how your custom file system provider for vscode-userdata manages file URIs. Do you convert them to file paths and then use the disk file system provider, or do you handle the conversion at the file service level? I'm asking because I'm concerned about potential issues with UNC paths being lost."
682,microsoft_vscode,,191374,"Curious: with your custom file system provider on vscode-userdata, are you converting back to a file URI and then handing the fsPath off to the disk file system provider? Or do you convert one level above on the level of the file service? Asking, because I wonder if there is already a bug in your provider where we potentially loose UNC paths.","I'm interested in the implementation details of your custom file system provider for vscode-userdata. Do you convert file URIs to file paths and then use the disk file system provider, or do you handle the conversion at the file service level? I'm asking because I think there might be a bug that affects UNC paths.",Known Unknown,microsoft_vscode,,191374,Known,2,1,"I'm interested in the implementation details of your custom file system provider for vscode-userdata. Do you convert file URIs to file paths and then use the disk file system provider, or do you handle the conversion at the file service level? I'm asking because I think there might be a bug that affects UNC paths."
683,microsoft_vscode,,191374,"Curious: with your custom file system provider on vscode-userdata, are you converting back to a file URI and then handing the fsPath off to the disk file system provider? Or do you convert one level above on the level of the file service? Asking, because I wonder if there is already a bug in your provider where we potentially loose UNC paths.","I'm curious about the file URI handling in your custom file system provider for vscode-userdata. Do you convert the URIs to file paths and then use the disk file system provider, or do you handle the conversion at the file service level? I'm asking because I suspect there might be a bug that causes UNC paths to be lost.",Known Unknown,microsoft_vscode,,191374,Known,2,1,"I'm curious about the file URI handling in your custom file system provider for vscode-userdata. Do you convert the URIs to file paths and then use the disk file system provider, or do you handle the conversion at the file service level? I'm asking because I suspect there might be a bug that causes UNC paths to be lost."
684,microsoft_vscode,,191374,"Curious: with your custom file system provider on vscode-userdata, are you converting back to a file URI and then handing the fsPath off to the disk file system provider? Or do you convert one level above on the level of the file service? Asking, because I wonder if there is already a bug in your provider where we potentially loose UNC paths.","I'm trying to understand how your custom file system provider for vscode-userdata handles file URIs. Do you convert them to file paths and then use the disk file system provider, or do you handle the conversion at the file service level? I'm asking because I'm concerned about potential issues with UNC paths being lost.",Known Unknown,microsoft_vscode,,191374,Known,2,1,"I'm trying to understand how your custom file system provider for vscode-userdata handles file URIs. Do you convert them to file paths and then use the disk file system provider, or do you handle the conversion at the file service level? I'm asking because I'm concerned about potential issues with UNC paths being lost."
685,microsoft_vscode,,191374,"Curious: with your custom file system provider on vscode-userdata, are you converting back to a file URI and then handing the fsPath off to the disk file system provider? Or do you convert one level above on the level of the file service? Asking, because I wonder if there is already a bug in your provider where we potentially loose UNC paths.","I'm curious about the file URI conversion in your custom file system provider for vscode-userdata. Do you convert the URIs to file paths and then use the disk file system provider, or do you handle the conversion at the file service level? I'm asking because I think there might be a bug that affects UNC paths.",Known Unknown,microsoft_vscode,,191374,Known,2,1,"I'm curious about the file URI conversion in your custom file system provider for vscode-userdata. Do you convert the URIs to file paths and then use the disk file system provider, or do you handle the conversion at the file service level? I'm asking because I think there might be a bug that affects UNC paths."
686,microsoft_vscode,,191374,"Thinking a bit more about this, I wonder if URI should statically allow us to register a scheme to behave like a file scheme. Because, we do take an existing well defined URI of scheme file and turn that into vscode-userdata. This in turn means, every client that deals with such a URI would need to ensure that the scheme is converted back to file before using the URI. That seems fragile.

If we could tell URI to treat vscode-userdata like a file scheme, maybe the change would be easier and less fragile?","After some consideration, I'm wondering if it would be beneficial to allow the URI to register a scheme like vscode-userdata to behave similarly to the file scheme. This is because we often convert a well-defined file URI into a vscode-userdata URI, and every client that handles these URIs needs to convert them back to the file scheme before use. This process seems error-prone and could be simplified if we could configure the URI to treat vscode-userdata as a file scheme.",Known Unknown,microsoft_vscode,,191374,Known,2,1,"After some consideration, I'm wondering if it would be beneficial to allow the URI to register a scheme like vscode-userdata to behave similarly to the file scheme. This is because we often convert a well-defined file URI into a vscode-userdata URI, and every client that handles these URIs needs to convert them back to the file scheme before use. This process seems error-prone and could be simplified if we could configure the URI to treat vscode-userdata as a file scheme."
687,microsoft_vscode,,191374,"Thinking a bit more about this, I wonder if URI should statically allow us to register a scheme to behave like a file scheme. Because, we do take an existing well defined URI of scheme file and turn that into vscode-userdata. This in turn means, every client that deals with such a URI would need to ensure that the scheme is converted back to file before using the URI. That seems fragile.

If we could tell URI to treat vscode-userdata like a file scheme, maybe the change would be easier and less fragile?","I've been thinking about the issue of converting file URIs to vscode-userdata URIs. It seems that if we could configure the URI system to treat vscode-userdata as a file scheme, it would make the process more robust and less error-prone. Currently, every client has to manually convert the scheme back to file, which adds unnecessary complexity.",Known Unknown,microsoft_vscode,,191374,Known,2,1,"I've been thinking about the issue of converting file URIs to vscode-userdata URIs. It seems that if we could configure the URI system to treat vscode-userdata as a file scheme, it would make the process more robust and less error-prone. Currently, every client has to manually convert the scheme back to file, which adds unnecessary complexity."
688,microsoft_vscode,,191374,"Thinking a bit more about this, I wonder if URI should statically allow us to register a scheme to behave like a file scheme. Because, we do take an existing well defined URI of scheme file and turn that into vscode-userdata. This in turn means, every client that deals with such a URI would need to ensure that the scheme is converted back to file before using the URI. That seems fragile.

If we could tell URI to treat vscode-userdata like a file scheme, maybe the change would be easier and less fragile?","It occurred to me that if we could register the vscode-userdata scheme to behave like a file scheme in the URI system, it might simplify the process of handling these URIs. Right now, we convert file URIs to vscode-userdata URIs, and each client must convert them back to file URIs before using them. This seems fragile and could be improved by treating vscode-userdata as a file scheme.",Known Unknown,microsoft_vscode,,191374,Known,2,1,"It occurred to me that if we could register the vscode-userdata scheme to behave like a file scheme in the URI system, it might simplify the process of handling these URIs. Right now, we convert file URIs to vscode-userdata URIs, and each client must convert them back to file URIs before using them. This seems fragile and could be improved by treating vscode-userdata as a file scheme."
689,microsoft_vscode,,191374,"Thinking a bit more about this, I wonder if URI should statically allow us to register a scheme to behave like a file scheme. Because, we do take an existing well defined URI of scheme file and turn that into vscode-userdata. This in turn means, every client that deals with such a URI would need to ensure that the scheme is converted back to file before using the URI. That seems fragile.

If we could tell URI to treat vscode-userdata like a file scheme, maybe the change would be easier and less fragile?","I'm considering whether it would be more efficient to allow the URI system to treat the vscode-userdata scheme as if it were a file scheme. This would eliminate the need for each client to manually convert the scheme back to file, which is currently a fragile and error-prone process.",Known Unknown,microsoft_vscode,,191374,Known,2,1,"I'm considering whether it would be more efficient to allow the URI system to treat the vscode-userdata scheme as if it were a file scheme. This would eliminate the need for each client to manually convert the scheme back to file, which is currently a fragile and error-prone process."
690,microsoft_vscode,,191374,"Thinking a bit more about this, I wonder if URI should statically allow us to register a scheme to behave like a file scheme. Because, we do take an existing well defined URI of scheme file and turn that into vscode-userdata. This in turn means, every client that deals with such a URI would need to ensure that the scheme is converted back to file before using the URI. That seems fragile.

If we could tell URI to treat vscode-userdata like a file scheme, maybe the change would be easier and less fragile?","I've been pondering the issue of converting file URIs to vscode-userdata URIs and vice versa. It seems that if we could configure the URI system to treat vscode-userdata as a file scheme, it would make the process more straightforward and less prone to errors. Currently, every client has to handle the conversion, which adds unnecessary complexity.",Known Unknown,microsoft_vscode,,191374,Known,2,1,"I've been pondering the issue of converting file URIs to vscode-userdata URIs and vice versa. It seems that if we could configure the URI system to treat vscode-userdata as a file scheme, it would make the process more straightforward and less prone to errors. Currently, every client has to handle the conversion, which adds unnecessary complexity."
691,microsoft_vscode,,191374,"Thinking a bit more about this, I wonder if URI should statically allow us to register a scheme to behave like a file scheme. Because, we do take an existing well defined URI of scheme file and turn that into vscode-userdata. This in turn means, every client that deals with such a URI would need to ensure that the scheme is converted back to file before using the URI. That seems fragile.

If we could tell URI to treat vscode-userdata like a file scheme, maybe the change would be easier and less fragile?","I wonder if it would be more robust to allow the URI system to treat the vscode-userdata scheme as a file scheme. This would simplify the process of converting file URIs to vscode-userdata URIs and back, which is currently a fragile and error-prone task for each client.",Known Unknown,microsoft_vscode,,191374,Known,2,1,"I wonder if it would be more robust to allow the URI system to treat the vscode-userdata scheme as a file scheme. This would simplify the process of converting file URIs to vscode-userdata URIs and back, which is currently a fragile and error-prone task for each client."
692,microsoft_vscode,,191374,"Thinking a bit more about this, I wonder if URI should statically allow us to register a scheme to behave like a file scheme. Because, we do take an existing well defined URI of scheme file and turn that into vscode-userdata. This in turn means, every client that deals with such a URI would need to ensure that the scheme is converted back to file before using the URI. That seems fragile.

If we could tell URI to treat vscode-userdata like a file scheme, maybe the change would be easier and less fragile?","After some thought, I believe it would be beneficial to have the URI system treat the vscode-userdata scheme as a file scheme. This would reduce the fragility of the current process, where each client must convert the scheme back to file before using the URI. It seems like a more elegant solution.",Known Unknown,microsoft_vscode,,191374,Known,2,1,"After some thought, I believe it would be beneficial to have the URI system treat the vscode-userdata scheme as a file scheme. This would reduce the fragility of the current process, where each client must convert the scheme back to file before using the URI. It seems like a more elegant solution."
693,microsoft_vscode,,191374,"Thinking a bit more about this, I wonder if URI should statically allow us to register a scheme to behave like a file scheme. Because, we do take an existing well defined URI of scheme file and turn that into vscode-userdata. This in turn means, every client that deals with such a URI would need to ensure that the scheme is converted back to file before using the URI. That seems fragile.

If we could tell URI to treat vscode-userdata like a file scheme, maybe the change would be easier and less fragile?","I'm considering whether it would be more efficient to have the URI system treat the vscode-userdata scheme as a file scheme. This would eliminate the need for each client to manually handle the conversion, which is currently a fragile and error-prone process.",Known Unknown,microsoft_vscode,,191374,Known,2,1,"I'm considering whether it would be more efficient to have the URI system treat the vscode-userdata scheme as a file scheme. This would eliminate the need for each client to manually handle the conversion, which is currently a fragile and error-prone process."
694,microsoft_vscode,,191374,"Thinking a bit more about this, I wonder if URI should statically allow us to register a scheme to behave like a file scheme. Because, we do take an existing well defined URI of scheme file and turn that into vscode-userdata. This in turn means, every client that deals with such a URI would need to ensure that the scheme is converted back to file before using the URI. That seems fragile.

If we could tell URI to treat vscode-userdata like a file scheme, maybe the change would be easier and less fragile?","I've been thinking about the fragility of converting file URIs to vscode-userdata URIs and back. It seems that if we could configure the URI system to treat vscode-userdata as a file scheme, it would make the process more robust and less error-prone. This would simplify the workflow for all clients.",Known Unknown,microsoft_vscode,,191374,Known,2,1,"I've been thinking about the fragility of converting file URIs to vscode-userdata URIs and back. It seems that if we could configure the URI system to treat vscode-userdata as a file scheme, it would make the process more robust and less error-prone. This would simplify the workflow for all clients."
695,microsoft_vscode,,191374,"Thinking a bit more about this, I wonder if URI should statically allow us to register a scheme to behave like a file scheme. Because, we do take an existing well defined URI of scheme file and turn that into vscode-userdata. This in turn means, every client that deals with such a URI would need to ensure that the scheme is converted back to file before using the URI. That seems fragile.

If we could tell URI to treat vscode-userdata like a file scheme, maybe the change would be easier and less fragile?","I'm wondering if it would be more robust to allow the URI system to treat the vscode-userdata scheme as a file scheme. This would simplify the process of handling these URIs, as each client currently has to convert the scheme back to file, which is a fragile and error-prone task.",Known Unknown,microsoft_vscode,,191374,Known,2,1,"I'm wondering if it would be more robust to allow the URI system to treat the vscode-userdata scheme as a file scheme. This would simplify the process of handling these URIs, as each client currently has to convert the scheme back to file, which is a fragile and error-prone task."
696,microsoft_vscode,,252223,VS Code suddenly stopped working. not listening to my messages.just showing refresh and dislike buttons,VS Code has stopped responding to my commands and only shows the refresh and dislike buttons. I'm not sure if this is a bug or if there's a configuration issue causing this behavior.,Errors,microsoft_vscode,,252223,Unknown,-1,1,VS Code has stopped responding to my commands and only shows the refresh and dislike buttons. I'm not sure if this is a bug or if there's a configuration issue causing this behavior.
697,microsoft_vscode,,252223,VS Code suddenly stopped working. not listening to my messages.just showing refresh and dislike buttons,I'm experiencing an issue with VS Code where it no longer responds to my input. The only options available are the refresh and dislike buttons. Can someone help me understand what might be causing this?,Errors,microsoft_vscode,,252223,Unknown,-1,1,I'm experiencing an issue with VS Code where it no longer responds to my input. The only options available are the refresh and dislike buttons. Can someone help me understand what might be causing this?
698,microsoft_vscode,,252223,VS Code suddenly stopped working. not listening to my messages.just showing refresh and dislike buttons,"VS Code is not reacting to any of my actions and is only displaying the refresh and dislike buttons. I've tried restarting the application, but the problem persists. Is this a known issue, or is there something I can do to fix it?",Errors,microsoft_vscode,,252223,Unknown,-1,1,"VS Code is not reacting to any of my actions and is only displaying the refresh and dislike buttons. I've tried restarting the application, but the problem persists. Is this a known issue, or is there something I can do to fix it?"
699,microsoft_vscode,,252223,VS Code suddenly stopped working. not listening to my messages.just showing refresh and dislike buttons,"Suddenly, VS Code has stopped working properly. It doesn't respond to any commands and only shows the refresh and dislike buttons. I'm not sure what's going on or how to resolve this issue.",Errors,microsoft_vscode,,252223,Unknown,-1,1,"Suddenly, VS Code has stopped working properly. It doesn't respond to any commands and only shows the refresh and dislike buttons. I'm not sure what's going on or how to resolve this issue."
700,microsoft_vscode,,252223,VS Code suddenly stopped working. not listening to my messages.just showing refresh and dislike buttons,"I'm having trouble with VS Code as it's not listening to my messages and only displays the refresh and dislike buttons. Is this a common issue, or is there a specific setting I need to check?",Errors,microsoft_vscode,,252223,Unknown,-1,1,"I'm having trouble with VS Code as it's not listening to my messages and only displays the refresh and dislike buttons. Is this a common issue, or is there a specific setting I need to check?"
701,microsoft_vscode,,252223,VS Code suddenly stopped working. not listening to my messages.just showing refresh and dislike buttons,VS Code is not functioning correctly. It's not responding to any of my commands and only shows the refresh and dislike buttons. I'm not sure if this is a bug or a configuration issue. Can anyone provide some guidance?,Errors,microsoft_vscode,,252223,Unknown,-1,1,VS Code is not functioning correctly. It's not responding to any of my commands and only shows the refresh and dislike buttons. I'm not sure if this is a bug or a configuration issue. Can anyone provide some guidance?
702,microsoft_vscode,,252223,VS Code suddenly stopped working. not listening to my messages.just showing refresh and dislike buttons,"I've encountered a problem with VS Code where it no longer responds to my input and only displays the refresh and dislike buttons. I've tried a few troubleshooting steps, but nothing seems to work. Is there a known solution for this issue?",Errors,microsoft_vscode,,252223,Unknown,-1,1,"I've encountered a problem with VS Code where it no longer responds to my input and only displays the refresh and dislike buttons. I've tried a few troubleshooting steps, but nothing seems to work. Is there a known solution for this issue?"
703,microsoft_vscode,,252223,VS Code suddenly stopped working. not listening to my messages.just showing refresh and dislike buttons,VS Code has stopped working and is only showing the refresh and dislike buttons. It's not responding to any of my commands. I'm not sure if this is a bug or if there's a setting I need to adjust. Can someone help me figure this out?,Errors,microsoft_vscode,,252223,Unknown,-1,1,VS Code has stopped working and is only showing the refresh and dislike buttons. It's not responding to any of my commands. I'm not sure if this is a bug or if there's a setting I need to adjust. Can someone help me figure this out?
704,microsoft_vscode,,251913,"Hi thanks for filing this issue. Could I ask you several question as I do this investigation?

    First of all I'd like to ask you what version of the Microsoft Pinyin you are using? In the similar issue filed by other Microsoft Chinese IME users: 

    VSCode switching input method fails #251518, it has been found that using the older version of the IME leads to some issues. If you are using the older version, could you upgrade and let me know if you still see this?
    Could you please let me know if you see this happen on the website : https://microsoftedge.github.io/Demos/edit-context/. This is a simplified version of the code that we use to power our input using the EditContext API.
    Could you please let me know if you see this happen on the website : https://insiders.vscode.dev/ when the EditContext setting is turned on?

Thank you.","Hi, thank you for reporting this issue. I have a few questions to help me investigate further. Could you tell me which version of Microsoft Pinyin you are using? We've seen similar issues with older versions of the IME, so if you're using an older version, could you try upgrading and see if the problem persists? Additionally, could you check if this issue occurs on the website https://microsoftedge.github.io/Demos/edit-context/, which uses a simplified version of the EditContext API? And finally, does the issue also happen on https://insiders.vscode.dev/ when the EditContext setting is enabled? Thanks for your help.",Known Unknown,microsoft_vscode,,251913,Known,2,1,"Hi, thank you for reporting this issue. I have a few questions to help me investigate further. Could you tell me which version of Microsoft Pinyin you are using? We've seen similar issues with older versions of the IME, so if you're using an older version, could you try upgrading and see if the problem persists? Additionally, could you check if this issue occurs on the website https://microsoftedge.github.io/Demos/edit-context/, which uses a simplified version of the EditContext API? And finally, does the issue also happen on https://insiders.vscode.dev/ when the EditContext setting is enabled? Thanks for your help."
705,microsoft_vscode,,251913,"Hi thanks for filing this issue. Could I ask you several question as I do this investigation?

    First of all I'd like to ask you what version of the Microsoft Pinyin you are using? In the similar issue filed by other Microsoft Chinese IME users: 

    VSCode switching input method fails #251518, it has been found that using the older version of the IME leads to some issues. If you are using the older version, could you upgrade and let me know if you still see this?
    Could you please let me know if you see this happen on the website : https://microsoftedge.github.io/Demos/edit-context/. This is a simplified version of the code that we use to power our input using the EditContext API.
    Could you please let me know if you see this happen on the website : https://insiders.vscode.dev/ when the EditContext setting is turned on?

Thank you.","Thanks for bringing this to our attention. To assist with the investigation, could you provide the version of Microsoft Pinyin you are using? We've noticed that older versions of the IME can cause similar issues. If you're using an older version, please upgrade and let us know if the problem still occurs. Also, could you test if this issue happens on the website https://microsoftedge.github.io/Demos/edit-context/ and on https://insiders.vscode.dev/ with the EditContext setting turned on? Your feedback will be very helpful.",Known Unknown,microsoft_vscode,,251913,Known,2,1,"Thanks for bringing this to our attention. To assist with the investigation, could you provide the version of Microsoft Pinyin you are using? We've noticed that older versions of the IME can cause similar issues. If you're using an older version, please upgrade and let us know if the problem still occurs. Also, could you test if this issue happens on the website https://microsoftedge.github.io/Demos/edit-context/ and on https://insiders.vscode.dev/ with the EditContext setting turned on? Your feedback will be very helpful."
706,microsoft_vscode,,251913,"Hi thanks for filing this issue. Could I ask you several question as I do this investigation?

    First of all I'd like to ask you what version of the Microsoft Pinyin you are using? In the similar issue filed by other Microsoft Chinese IME users: 

    VSCode switching input method fails #251518, it has been found that using the older version of the IME leads to some issues. If you are using the older version, could you upgrade and let me know if you still see this?
    Could you please let me know if you see this happen on the website : https://microsoftedge.github.io/Demos/edit-context/. This is a simplified version of the code that we use to power our input using the EditContext API.
    Could you please let me know if you see this happen on the website : https://insiders.vscode.dev/ when the EditContext setting is turned on?

Thank you.","Thank you for filing this issue. I have a few questions to help me understand the problem better. What version of Microsoft Pinyin are you using? We've found that older versions of the IME can lead to issues similar to the one you're experiencing. If you're using an older version, could you upgrade and see if the problem still exists? Additionally, could you check if this issue occurs on the website https://microsoftedge.github.io/Demos/edit-context/ and on https://insiders.vscode.dev/ with the EditContext setting enabled? Thank you for your assistance.",Known Unknown,microsoft_vscode,,251913,Known,2,1,"Thank you for filing this issue. I have a few questions to help me understand the problem better. What version of Microsoft Pinyin are you using? We've found that older versions of the IME can lead to issues similar to the one you're experiencing. If you're using an older version, could you upgrade and see if the problem still exists? Additionally, could you check if this issue occurs on the website https://microsoftedge.github.io/Demos/edit-context/ and on https://insiders.vscode.dev/ with the EditContext setting enabled? Thank you for your assistance."
707,microsoft_vscode,,251913,"Hi thanks for filing this issue. Could I ask you several question as I do this investigation?

    First of all I'd like to ask you what version of the Microsoft Pinyin you are using? In the similar issue filed by other Microsoft Chinese IME users: 

    VSCode switching input method fails #251518, it has been found that using the older version of the IME leads to some issues. If you are using the older version, could you upgrade and let me know if you still see this?
    Could you please let me know if you see this happen on the website : https://microsoftedge.github.io/Demos/edit-context/. This is a simplified version of the code that we use to power our input using the EditContext API.
    Could you please let me know if you see this happen on the website : https://insiders.vscode.dev/ when the EditContext setting is turned on?

Thank you.","Hi, thanks for reporting this. To help me investigate, could you tell me the version of Microsoft Pinyin you are using? We've seen similar issues with older versions of the IME, so if you're using an older version, could you try upgrading and see if the problem persists? Also, could you check if this issue happens on the website https://microsoftedge.github.io/Demos/edit-context/ and on https://insiders.vscode.dev/ with the EditContext setting turned on? Your input will be very valuable.",Known Unknown,microsoft_vscode,,251913,Known,2,1,"Hi, thanks for reporting this. To help me investigate, could you tell me the version of Microsoft Pinyin you are using? We've seen similar issues with older versions of the IME, so if you're using an older version, could you try upgrading and see if the problem persists? Also, could you check if this issue happens on the website https://microsoftedge.github.io/Demos/edit-context/ and on https://insiders.vscode.dev/ with the EditContext setting turned on? Your input will be very valuable."
708,microsoft_vscode,,251913,"Hi thanks for filing this issue. Could I ask you several question as I do this investigation?

    First of all I'd like to ask you what version of the Microsoft Pinyin you are using? In the similar issue filed by other Microsoft Chinese IME users: 

    VSCode switching input method fails #251518, it has been found that using the older version of the IME leads to some issues. If you are using the older version, could you upgrade and let me know if you still see this?
    Could you please let me know if you see this happen on the website : https://microsoftedge.github.io/Demos/edit-context/. This is a simplified version of the code that we use to power our input using the EditContext API.
    Could you please let me know if you see this happen on the website : https://insiders.vscode.dev/ when the EditContext setting is turned on?

Thank you.","Thank you for reporting this issue. I have a few questions to help me with the investigation. Could you tell me which version of Microsoft Pinyin you are using? We've found that older versions of the IME can cause similar issues. If you're using an older version, could you upgrade and see if the problem still occurs? Additionally, could you check if this issue happens on the website https://microsoftedge.github.io/Demos/edit-context/ and on https://insiders.vscode.dev/ with the EditContext setting enabled? Thanks for your help.",Known Unknown,microsoft_vscode,,251913,Known,2,1,"Thank you for reporting this issue. I have a few questions to help me with the investigation. Could you tell me which version of Microsoft Pinyin you are using? We've found that older versions of the IME can cause similar issues. If you're using an older version, could you upgrade and see if the problem still occurs? Additionally, could you check if this issue happens on the website https://microsoftedge.github.io/Demos/edit-context/ and on https://insiders.vscode.dev/ with the EditContext setting enabled? Thanks for your help."
709,microsoft_vscode,,251913,"Hi thanks for filing this issue. Could I ask you several question as I do this investigation?

    First of all I'd like to ask you what version of the Microsoft Pinyin you are using? In the similar issue filed by other Microsoft Chinese IME users: 

    VSCode switching input method fails #251518, it has been found that using the older version of the IME leads to some issues. If you are using the older version, could you upgrade and let me know if you still see this?
    Could you please let me know if you see this happen on the website : https://microsoftedge.github.io/Demos/edit-context/. This is a simplified version of the code that we use to power our input using the EditContext API.
    Could you please let me know if you see this happen on the website : https://insiders.vscode.dev/ when the EditContext setting is turned on?

Thank you.","Hi, thank you for filing this issue. I have a few questions to help me investigate. Could you tell me the version of Microsoft Pinyin you are using? We've seen similar issues with older versions of the IME, so if you're using an older version, could you try upgrading and see if the problem persists? Also, could you check if this issue happens on the website https://microsoftedge.github.io/Demos/edit-context/ and on https://insiders.vscode.dev/ with the EditContext setting turned on? Your feedback will be very helpful.",Known Unknown,microsoft_vscode,,251913,Known,2,1,"Hi, thank you for filing this issue. I have a few questions to help me investigate. Could you tell me the version of Microsoft Pinyin you are using? We've seen similar issues with older versions of the IME, so if you're using an older version, could you try upgrading and see if the problem persists? Also, could you check if this issue happens on the website https://microsoftedge.github.io/Demos/edit-context/ and on https://insiders.vscode.dev/ with the EditContext setting turned on? Your feedback will be very helpful."
710,microsoft_vscode,,251913,"Hi thanks for filing this issue. Could I ask you several question as I do this investigation?

    First of all I'd like to ask you what version of the Microsoft Pinyin you are using? In the similar issue filed by other Microsoft Chinese IME users: 

    VSCode switching input method fails #251518, it has been found that using the older version of the IME leads to some issues. If you are using the older version, could you upgrade and let me know if you still see this?
    Could you please let me know if you see this happen on the website : https://microsoftedge.github.io/Demos/edit-context/. This is a simplified version of the code that we use to power our input using the EditContext API.
    Could you please let me know if you see this happen on the website : https://insiders.vscode.dev/ when the EditContext setting is turned on?

Thank you.","Thanks for reporting this issue. I have a few questions to help me with the investigation. Could you tell me which version of Microsoft Pinyin you are using? We've found that older versions of the IME can cause similar issues. If you're using an older version, could you upgrade and see if the problem still occurs? Additionally, could you check if this issue happens on the website https://microsoftedge.github.io/Demos/edit-context/ and on https://insiders.vscode.dev/ with the EditContext setting enabled? Thank you for your assistance.",Known Unknown,microsoft_vscode,,251913,Known,2,1,"Thanks for reporting this issue. I have a few questions to help me with the investigation. Could you tell me which version of Microsoft Pinyin you are using? We've found that older versions of the IME can cause similar issues. If you're using an older version, could you upgrade and see if the problem still occurs? Additionally, could you check if this issue happens on the website https://microsoftedge.github.io/Demos/edit-context/ and on https://insiders.vscode.dev/ with the EditContext setting enabled? Thank you for your assistance."
711,microsoft_vscode,,251913,"Hi thanks for filing this issue. Could I ask you several question as I do this investigation?

    First of all I'd like to ask you what version of the Microsoft Pinyin you are using? In the similar issue filed by other Microsoft Chinese IME users: 

    VSCode switching input method fails #251518, it has been found that using the older version of the IME leads to some issues. If you are using the older version, could you upgrade and let me know if you still see this?
    Could you please let me know if you see this happen on the website : https://microsoftedge.github.io/Demos/edit-context/. This is a simplified version of the code that we use to power our input using the EditContext API.
    Could you please let me know if you see this happen on the website : https://insiders.vscode.dev/ when the EditContext setting is turned on?

Thank you.","Hi, thank you for bringing this to our attention. I have a few questions to help me investigate. Could you tell me the version of Microsoft Pinyin you are using? We've seen similar issues with older versions of the IME, so if you're using an older version, could you try upgrading and see if the problem persists? Also, could you check if this issue happens on the website https://microsoftedge.github.io/Demos/edit-context/ and on https://insiders.vscode.dev/ with the EditContext setting turned on? Your input will be very valuable.",Known Unknown,microsoft_vscode,,251913,Known,2,1,"Hi, thank you for bringing this to our attention. I have a few questions to help me investigate. Could you tell me the version of Microsoft Pinyin you are using? We've seen similar issues with older versions of the IME, so if you're using an older version, could you try upgrading and see if the problem persists? Also, could you check if this issue happens on the website https://microsoftedge.github.io/Demos/edit-context/ and on https://insiders.vscode.dev/ with the EditContext setting turned on? Your input will be very valuable."
712,microsoft_vscode,,251913,"Hi thanks for filing this issue. Could I ask you several question as I do this investigation?

    First of all I'd like to ask you what version of the Microsoft Pinyin you are using? In the similar issue filed by other Microsoft Chinese IME users: 

    VSCode switching input method fails #251518, it has been found that using the older version of the IME leads to some issues. If you are using the older version, could you upgrade and let me know if you still see this?
    Could you please let me know if you see this happen on the website : https://microsoftedge.github.io/Demos/edit-context/. This is a simplified version of the code that we use to power our input using the EditContext API.
    Could you please let me know if you see this happen on the website : https://insiders.vscode.dev/ when the EditContext setting is turned on?

Thank you.","Thank you for reporting this issue. I have a few questions to help me with the investigation. Could you tell me which version of Microsoft Pinyin you are using? We've found that older versions of the IME can cause similar issues. If you're using an older version, could you upgrade and see if the problem still occurs? Additionally, could you check if this issue happens on the website https://microsoftedge.github.io/Demos/edit-context/ and on https://insiders.vscode.dev/ with the EditContext setting enabled? Thanks for your help.",Known Unknown,microsoft_vscode,,251913,Known,2,1,"Thank you for reporting this issue. I have a few questions to help me with the investigation. Could you tell me which version of Microsoft Pinyin you are using? We've found that older versions of the IME can cause similar issues. If you're using an older version, could you upgrade and see if the problem still occurs? Additionally, could you check if this issue happens on the website https://microsoftedge.github.io/Demos/edit-context/ and on https://insiders.vscode.dev/ with the EditContext setting enabled? Thanks for your help."
713,microsoft_vscode,,251888,"Over the last month or so, I've noticed that Find in Files is often incredibly slow. It's a bit inconsistent - it might just be the first time I use it within each session.

Here, I searched for createRunProfile and it found the first result in this file, but then showed an animated progress indicator at the top for probably ~15 seconds before it found the second result which is literally three lines below the first result in the same file.","In the past month, I've observed that the Find in Files feature is frequently very slow. It seems to be inconsistent, often taking a long time only the first time I use it in a session. For example, when I searched for 'createRunProfile', it found the first result quickly but then took about 15 seconds to find the second result, which was just three lines below in the same file.",Known Unknown,microsoft_vscode,,251888,,2,1,"In the past month, I've observed that the Find in Files feature is frequently very slow. It seems to be inconsistent, often taking a long time only the first time I use it in a session. For example, when I searched for 'createRunProfile', it found the first result quickly but then took about 15 seconds to find the second result, which was just three lines below in the same file."
714,microsoft_vscode,,251888,"Over the last month or so, I've noticed that Find in Files is often incredibly slow. It's a bit inconsistent - it might just be the first time I use it within each session.

Here, I searched for createRunProfile and it found the first result in this file, but then showed an animated progress indicator at the top for probably ~15 seconds before it found the second result which is literally three lines below the first result in the same file.","I've been experiencing significant delays with the Find in Files function over the last month. It's not consistent, but it often takes a long time, especially the first time I use it in a session. Recently, I searched for 'createRunProfile' and it found the first result quickly, but then it took around 15 seconds to find the second result, which was just a few lines below in the same file.",Known Unknown,microsoft_vscode,,251888,,2,1,"I've been experiencing significant delays with the Find in Files function over the last month. It's not consistent, but it often takes a long time, especially the first time I use it in a session. Recently, I searched for 'createRunProfile' and it found the first result quickly, but then it took around 15 seconds to find the second result, which was just a few lines below in the same file."
715,microsoft_vscode,,251888,"Over the last month or so, I've noticed that Find in Files is often incredibly slow. It's a bit inconsistent - it might just be the first time I use it within each session.

Here, I searched for createRunProfile and it found the first result in this file, but then showed an animated progress indicator at the top for probably ~15 seconds before it found the second result which is literally three lines below the first result in the same file.","For the past month, I've noticed that the Find in Files feature is often very slow, particularly the first time I use it in a session. When I searched for 'createRunProfile', it found the first result almost immediately, but then it took about 15 seconds to find the second result, which was just three lines below in the same file.",Known Unknown,microsoft_vscode,,251888,,2,1,"For the past month, I've noticed that the Find in Files feature is often very slow, particularly the first time I use it in a session. When I searched for 'createRunProfile', it found the first result almost immediately, but then it took about 15 seconds to find the second result, which was just three lines below in the same file."
716,microsoft_vscode,,251888,"Over the last month or so, I've noticed that Find in Files is often incredibly slow. It's a bit inconsistent - it might just be the first time I use it within each session.

Here, I searched for createRunProfile and it found the first result in this file, but then showed an animated progress indicator at the top for probably ~15 seconds before it found the second result which is literally three lines below the first result in the same file.","Over the last month, I've encountered frequent delays with the Find in Files function. It's inconsistent, but it often takes a long time, especially the first time I use it in a session. For instance, when I searched for 'createRunProfile', it found the first result quickly, but then it took around 15 seconds to find the second result, which was just a few lines below in the same file.",Known Unknown,microsoft_vscode,,251888,,2,1,"Over the last month, I've encountered frequent delays with the Find in Files function. It's inconsistent, but it often takes a long time, especially the first time I use it in a session. For instance, when I searched for 'createRunProfile', it found the first result quickly, but then it took around 15 seconds to find the second result, which was just a few lines below in the same file."
717,microsoft_vscode,,251888,"Over the last month or so, I've noticed that Find in Files is often incredibly slow. It's a bit inconsistent - it might just be the first time I use it within each session.

Here, I searched for createRunProfile and it found the first result in this file, but then showed an animated progress indicator at the top for probably ~15 seconds before it found the second result which is literally three lines below the first result in the same file.","I've been dealing with slow Find in Files performance over the last month. It's not consistent, but it often takes a long time, especially the first time I use it in a session. Recently, I searched for 'createRunProfile' and it found the first result quickly, but then it took about 15 seconds to find the second result, which was just three lines below in the same file.",Known Unknown,microsoft_vscode,,251888,,2,1,"I've been dealing with slow Find in Files performance over the last month. It's not consistent, but it often takes a long time, especially the first time I use it in a session. Recently, I searched for 'createRunProfile' and it found the first result quickly, but then it took about 15 seconds to find the second result, which was just three lines below in the same file."
718,microsoft_vscode,,251888,"Over the last month or so, I've noticed that Find in Files is often incredibly slow. It's a bit inconsistent - it might just be the first time I use it within each session.

Here, I searched for createRunProfile and it found the first result in this file, but then showed an animated progress indicator at the top for probably ~15 seconds before it found the second result which is literally three lines below the first result in the same file.","In the past month, I've noticed that the Find in Files feature is often very slow, particularly the first time I use it in a session. For example, when I searched for 'createRunProfile', it found the first result almost immediately, but then it took about 15 seconds to find the second result, which was just a few lines below in the same file.",Known Unknown,microsoft_vscode,,251888,,2,1,"In the past month, I've noticed that the Find in Files feature is often very slow, particularly the first time I use it in a session. For example, when I searched for 'createRunProfile', it found the first result almost immediately, but then it took about 15 seconds to find the second result, which was just a few lines below in the same file."
719,microsoft_vscode,,251888,"Over the last month or so, I've noticed that Find in Files is often incredibly slow. It's a bit inconsistent - it might just be the first time I use it within each session.

Here, I searched for createRunProfile and it found the first result in this file, but then showed an animated progress indicator at the top for probably ~15 seconds before it found the second result which is literally three lines below the first result in the same file.","I've observed that the Find in Files function has been very slow over the last month. It's inconsistent, but it often takes a long time, especially the first time I use it in a session. When I searched for 'createRunProfile', it found the first result quickly, but then it took around 15 seconds to find the second result, which was just three lines below in the same file.",Known Unknown,microsoft_vscode,,251888,,2,1,"I've observed that the Find in Files function has been very slow over the last month. It's inconsistent, but it often takes a long time, especially the first time I use it in a session. When I searched for 'createRunProfile', it found the first result quickly, but then it took around 15 seconds to find the second result, which was just three lines below in the same file."
720,microsoft_vscode,,251888,"Over the last month or so, I've noticed that Find in Files is often incredibly slow. It's a bit inconsistent - it might just be the first time I use it within each session.

Here, I searched for createRunProfile and it found the first result in this file, but then showed an animated progress indicator at the top for probably ~15 seconds before it found the second result which is literally three lines below the first result in the same file.","For the past month, I've been experiencing significant delays with the Find in Files feature. It's not consistent, but it often takes a long time, especially the first time I use it in a session. For instance, when I searched for 'createRunProfile', it found the first result quickly, but then it took about 15 seconds to find the second result, which was just a few lines below in the same file.",Known Unknown,microsoft_vscode,,251888,,2,1,"For the past month, I've been experiencing significant delays with the Find in Files feature. It's not consistent, but it often takes a long time, especially the first time I use it in a session. For instance, when I searched for 'createRunProfile', it found the first result quickly, but then it took about 15 seconds to find the second result, which was just a few lines below in the same file."
721,microsoft_vscode,,251888,"Over the last month or so, I've noticed that Find in Files is often incredibly slow. It's a bit inconsistent - it might just be the first time I use it within each session.

Here, I searched for createRunProfile and it found the first result in this file, but then showed an animated progress indicator at the top for probably ~15 seconds before it found the second result which is literally three lines below the first result in the same file.","I've noticed that the Find in Files function has been very slow over the last month. It's inconsistent, but it often takes a long time, especially the first time I use it in a session. When I searched for 'createRunProfile', it found the first result quickly, but then it took around 15 seconds to find the second result, which was just three lines below in the same file.",Known Unknown,microsoft_vscode,,251888,,2,1,"I've noticed that the Find in Files function has been very slow over the last month. It's inconsistent, but it often takes a long time, especially the first time I use it in a session. When I searched for 'createRunProfile', it found the first result quickly, but then it took around 15 seconds to find the second result, which was just three lines below in the same file."
722,microsoft_vscode,,251888,"I did some more testing... I feel like adding the Dart-Code Properties folder to the Windows Defender exclusion list may have made this faster. On non-Dev-drives, Defender makes reading files for the first time after a reboot very slow while it scans them. However, I'm not sure this folder was ever previously excluded, and it still doesn't explain why the first result shows up (so clearly Defender has already finished for that file and allowed VS Code to get the contents of it) such a long time before the second one.","I conducted further tests and it seems that adding the Dart-Code Properties folder to the Windows Defender exclusion list might have improved performance. On non-development drives, Defender can significantly slow down file reads after a reboot due to its scanning process. However, I'm not certain if this folder was ever excluded before, and it doesn't explain why the first result appears so much faster than the second, even though Defender should have finished scanning by then.",Known Unknown,microsoft_vscode,,251888,,2,1,"I conducted further tests and it seems that adding the Dart-Code Properties folder to the Windows Defender exclusion list might have improved performance. On non-development drives, Defender can significantly slow down file reads after a reboot due to its scanning process. However, I'm not certain if this folder was ever excluded before, and it doesn't explain why the first result appears so much faster than the second, even though Defender should have finished scanning by then."
723,microsoft_vscode,,251888,"I did some more testing... I feel like adding the Dart-Code Properties folder to the Windows Defender exclusion list may have made this faster. On non-Dev-drives, Defender makes reading files for the first time after a reboot very slow while it scans them. However, I'm not sure this folder was ever previously excluded, and it still doesn't explain why the first result shows up (so clearly Defender has already finished for that file and allowed VS Code to get the contents of it) such a long time before the second one.","After more testing, I suspect that excluding the Dart-Code Properties folder from Windows Defender's scans might have sped things up. Defender tends to slow down file access on non-development drives after a system reboot. Still, I'm unsure if this folder was previously excluded, and it doesn't clarify why the first result is so much quicker than the second, given that Defender should have completed its scan by then.",Known Unknown,microsoft_vscode,,251888,,2,1,"After more testing, I suspect that excluding the Dart-Code Properties folder from Windows Defender's scans might have sped things up. Defender tends to slow down file access on non-development drives after a system reboot. Still, I'm unsure if this folder was previously excluded, and it doesn't clarify why the first result is so much quicker than the second, given that Defender should have completed its scan by then."
724,microsoft_vscode,,251888,"I did some more testing... I feel like adding the Dart-Code Properties folder to the Windows Defender exclusion list may have made this faster. On non-Dev-drives, Defender makes reading files for the first time after a reboot very slow while it scans them. However, I'm not sure this folder was ever previously excluded, and it still doesn't explain why the first result shows up (so clearly Defender has already finished for that file and allowed VS Code to get the contents of it) such a long time before the second one.","I did additional testing and it appears that adding the Dart-Code Properties folder to the Windows Defender exclusion list could have made a difference. On non-Dev drives, Defender can make initial file reads very slow after a reboot. However, I'm not sure if this folder was ever excluded before, and it doesn't explain the significant delay between the first and second results, even though Defender should have finished scanning by the time the first result appears.",Known Unknown,microsoft_vscode,,251888,,2,1,"I did additional testing and it appears that adding the Dart-Code Properties folder to the Windows Defender exclusion list could have made a difference. On non-Dev drives, Defender can make initial file reads very slow after a reboot. However, I'm not sure if this folder was ever excluded before, and it doesn't explain the significant delay between the first and second results, even though Defender should have finished scanning by the time the first result appears."
725,microsoft_vscode,,251888,"I did some more testing... I feel like adding the Dart-Code Properties folder to the Windows Defender exclusion list may have made this faster. On non-Dev-drives, Defender makes reading files for the first time after a reboot very slow while it scans them. However, I'm not sure this folder was ever previously excluded, and it still doesn't explain why the first result shows up (so clearly Defender has already finished for that file and allowed VS Code to get the contents of it) such a long time before the second one.","I ran more tests and it seems that excluding the Dart-Code Properties folder from Windows Defender's scans might have helped. Defender can significantly slow down file reads on non-development drives after a reboot. However, I'm not sure if this folder was ever excluded before, and it doesn't explain why the first result is so much faster than the second, despite Defender having finished its scan.",Known Unknown,microsoft_vscode,,251888,,2,1,"I ran more tests and it seems that excluding the Dart-Code Properties folder from Windows Defender's scans might have helped. Defender can significantly slow down file reads on non-development drives after a reboot. However, I'm not sure if this folder was ever excluded before, and it doesn't explain why the first result is so much faster than the second, despite Defender having finished its scan."
726,microsoft_vscode,,251888,"I did some more testing... I feel like adding the Dart-Code Properties folder to the Windows Defender exclusion list may have made this faster. On non-Dev-drives, Defender makes reading files for the first time after a reboot very slow while it scans them. However, I'm not sure this folder was ever previously excluded, and it still doesn't explain why the first result shows up (so clearly Defender has already finished for that file and allowed VS Code to get the contents of it) such a long time before the second one.","I performed more tests and it looks like adding the Dart-Code Properties folder to the Windows Defender exclusion list may have improved performance. On non-Dev drives, Defender can make the first file read after a reboot very slow. However, I'm not certain if this folder was ever excluded before, and it doesn't explain the large time gap between the first and second results, even though Defender should have finished scanning by then.",Known Unknown,microsoft_vscode,,251888,,2,1,"I performed more tests and it looks like adding the Dart-Code Properties folder to the Windows Defender exclusion list may have improved performance. On non-Dev drives, Defender can make the first file read after a reboot very slow. However, I'm not certain if this folder was ever excluded before, and it doesn't explain the large time gap between the first and second results, even though Defender should have finished scanning by then."
727,microsoft_vscode,,251518,"When using vscode to edit markdown documents, you need to switch between Chinese and English input methods frequently, and the current version of vscode often appears underlined prompts after switching from English back to Chinese input methods, but there is no Chinese candidate box, and Chinese cannot be entered. I am wondering if this is a chromium bug that has since been fixed in chromium but for which we do not have the fix yet (since our Electron version is behind a bit).","I frequently switch between Chinese and English input methods while editing markdown documents in VSCode, and I've noticed that after switching from English to Chinese, the editor often shows underlined prompts but no Chinese candidate box appears, making it impossible to enter Chinese text. I'm curious if this is a Chromium bug that has been fixed in recent Chromium versions but hasn't been integrated into our current Electron version yet.",Known Unknown,microsoft_vscode,,251518,,2,1,"I frequently switch between Chinese and English input methods while editing markdown documents in VSCode, and I've noticed that after switching from English to Chinese, the editor often shows underlined prompts but no Chinese candidate box appears, making it impossible to enter Chinese text. I'm curious if this is a Chromium bug that has been fixed in recent Chromium versions but hasn't been integrated into our current Electron version yet."
728,microsoft_vscode,,251518,"When using vscode to edit markdown documents, you need to switch between Chinese and English input methods frequently, and the current version of vscode often appears underlined prompts after switching from English back to Chinese input methods, but there is no Chinese candidate box, and Chinese cannot be entered. I am wondering if this is a chromium bug that has since been fixed in chromium but for which we do not have the fix yet (since our Electron version is behind a bit).","When I use VSCode to edit markdown files, I often need to switch between Chinese and English input methods. After switching from English to Chinese, I encounter an issue where the editor shows underlined prompts but doesn't display the Chinese candidate box, preventing me from entering Chinese text. Is this a known Chromium bug that has been resolved in newer Chromium versions but hasn't been updated in our Electron build?",Known Unknown,microsoft_vscode,,251518,,2,1,"When I use VSCode to edit markdown files, I often need to switch between Chinese and English input methods. After switching from English to Chinese, I encounter an issue where the editor shows underlined prompts but doesn't display the Chinese candidate box, preventing me from entering Chinese text. Is this a known Chromium bug that has been resolved in newer Chromium versions but hasn't been updated in our Electron build?"
729,microsoft_vscode,,251518,"When using vscode to edit markdown documents, you need to switch between Chinese and English input methods frequently, and the current version of vscode often appears underlined prompts after switching from English back to Chinese input methods, but there is no Chinese candidate box, and Chinese cannot be entered. I am wondering if this is a chromium bug that has since been fixed in chromium but for which we do not have the fix yet (since our Electron version is behind a bit).","I've been experiencing an issue in VSCode where, after switching from English to Chinese input methods, the editor shows underlined prompts but doesn't display the Chinese candidate box, making it impossible to type in Chinese. This seems to be a problem with the current Electron version we are using, which might be lagging behind the latest Chromium updates. Has this been fixed in newer Chromium versions?",Known Unknown,microsoft_vscode,,251518,,2,1,"I've been experiencing an issue in VSCode where, after switching from English to Chinese input methods, the editor shows underlined prompts but doesn't display the Chinese candidate box, making it impossible to type in Chinese. This seems to be a problem with the current Electron version we are using, which might be lagging behind the latest Chromium updates. Has this been fixed in newer Chromium versions?"
730,microsoft_vscode,,251518,"When using vscode to edit markdown documents, you need to switch between Chinese and English input methods frequently, and the current version of vscode often appears underlined prompts after switching from English back to Chinese input methods, but there is no Chinese candidate box, and Chinese cannot be entered. I am wondering if this is a chromium bug that has since been fixed in chromium but for which we do not have the fix yet (since our Electron version is behind a bit).","While editing markdown documents in VSCode, I frequently switch between Chinese and English input methods. After switching from English to Chinese, the editor often shows underlined prompts but no Chinese candidate box appears, preventing me from entering Chinese text. I suspect this might be a Chromium bug that has been fixed in recent Chromium versions but hasn't been integrated into our current Electron version yet.",Known Unknown,microsoft_vscode,,251518,,2,1,"While editing markdown documents in VSCode, I frequently switch between Chinese and English input methods. After switching from English to Chinese, the editor often shows underlined prompts but no Chinese candidate box appears, preventing me from entering Chinese text. I suspect this might be a Chromium bug that has been fixed in recent Chromium versions but hasn't been integrated into our current Electron version yet."
731,microsoft_vscode,,251518,"When using vscode to edit markdown documents, you need to switch between Chinese and English input methods frequently, and the current version of vscode often appears underlined prompts after switching from English back to Chinese input methods, but there is no Chinese candidate box, and Chinese cannot be entered. I am wondering if this is a chromium bug that has since been fixed in chromium but for which we do not have the fix yet (since our Electron version is behind a bit).","I often need to switch between Chinese and English input methods when editing markdown files in VSCode. After switching from English to Chinese, the editor shows underlined prompts but doesn't display the Chinese candidate box, making it impossible to type in Chinese. Is this a Chromium bug that has been fixed in the latest Chromium versions but hasn't been updated in our Electron build yet?",Known Unknown,microsoft_vscode,,251518,,2,1,"I often need to switch between Chinese and English input methods when editing markdown files in VSCode. After switching from English to Chinese, the editor shows underlined prompts but doesn't display the Chinese candidate box, making it impossible to type in Chinese. Is this a Chromium bug that has been fixed in the latest Chromium versions but hasn't been updated in our Electron build yet?"
732,microsoft_vscode,,251518,"Hi everyone. It would seem this issue happens with the old version of the Microsoft Chinese Pinyin IME. To fix this issue please consider doing one of the following:

    Upgrade to the newer version of the Microsoft Chinese Pinyin IME
    Turn off the setting editor.experimentalEditContextEnabled, soon to be called editor.editContext

The first solution is preferred because the EditContext API solves other bugs related to the IME (such as the incorrect rendering of the IME input). This issue will be closed.","Hello everyone. This issue appears to be related to the older version of the Microsoft Chinese Pinyin IME. To resolve it, you can either upgrade to the latest version of the IME or disable the setting `editor.experimentalEditContextEnabled` (which will soon be renamed to `editor.editContext`). The recommended solution is to upgrade the IME, as the EditContext API also addresses other IME-related bugs, such as incorrect input rendering. This issue will be closed.",Knowledge,microsoft_vscode,,251518,Knowledge,0,0,"Hello everyone. This issue appears to be related to the older version of the Microsoft Chinese Pinyin IME. To resolve it, you can either upgrade to the latest version of the IME or disable the setting `editor.experimentalEditContextEnabled` (which will soon be renamed to `editor.editContext`). The recommended solution is to upgrade the IME, as the EditContext API also addresses other IME-related bugs, such as incorrect input rendering. This issue will be closed."
733,microsoft_vscode,,251518,"Hi everyone. It would seem this issue happens with the old version of the Microsoft Chinese Pinyin IME. To fix this issue please consider doing one of the following:

    Upgrade to the newer version of the Microsoft Chinese Pinyin IME
    Turn off the setting editor.experimentalEditContextEnabled, soon to be called editor.editContext

The first solution is preferred because the EditContext API solves other bugs related to the IME (such as the incorrect rendering of the IME input). This issue will be closed.","Hi all. It looks like this problem is caused by the outdated Microsoft Chinese Pinyin IME. To fix it, you have two options: update to the latest version of the IME or turn off the `editor.experimentalEditContextEnabled` setting (soon to be `editor.editContext`). Upgrading the IME is the better choice, as it resolves additional issues with the IME, including incorrect input display. This issue will be closed.",Knowledge,microsoft_vscode,,251518,Knowledge,0,0,"Hi all. It looks like this problem is caused by the outdated Microsoft Chinese Pinyin IME. To fix it, you have two options: update to the latest version of the IME or turn off the `editor.experimentalEditContextEnabled` setting (soon to be `editor.editContext`). Upgrading the IME is the better choice, as it resolves additional issues with the IME, including incorrect input display. This issue will be closed."
734,microsoft_vscode,,251518,"Hi everyone. It would seem this issue happens with the old version of the Microsoft Chinese Pinyin IME. To fix this issue please consider doing one of the following:

    Upgrade to the newer version of the Microsoft Chinese Pinyin IME
    Turn off the setting editor.experimentalEditContextEnabled, soon to be called editor.editContext

The first solution is preferred because the EditContext API solves other bugs related to the IME (such as the incorrect rendering of the IME input). This issue will be closed.","Greetings. This issue seems to stem from the older version of the Microsoft Chinese Pinyin IME. To address it, you can either update to the newer version of the IME or disable the `editor.experimentalEditContextEnabled` setting (which will be renamed to `editor.editContext`). The preferred solution is to upgrade the IME, as the EditContext API fixes other IME-related bugs, such as incorrect input rendering. This issue will be closed.",Knowledge,microsoft_vscode,,251518,Knowledge,0,0,"Greetings. This issue seems to stem from the older version of the Microsoft Chinese Pinyin IME. To address it, you can either update to the newer version of the IME or disable the `editor.experimentalEditContextEnabled` setting (which will be renamed to `editor.editContext`). The preferred solution is to upgrade the IME, as the EditContext API fixes other IME-related bugs, such as incorrect input rendering. This issue will be closed."
735,microsoft_vscode,,251518,"Hi everyone. It would seem this issue happens with the old version of the Microsoft Chinese Pinyin IME. To fix this issue please consider doing one of the following:

    Upgrade to the newer version of the Microsoft Chinese Pinyin IME
    Turn off the setting editor.experimentalEditContextEnabled, soon to be called editor.editContext

The first solution is preferred because the EditContext API solves other bugs related to the IME (such as the incorrect rendering of the IME input). This issue will be closed.","Hello. It appears this issue is linked to the older version of the Microsoft Chinese Pinyin IME. To resolve it, you can either upgrade to the latest version of the IME or disable the `editor.experimentalEditContextEnabled` setting (soon to be `editor.editContext`). The best course of action is to upgrade the IME, as the EditContext API also addresses other bugs related to the IME, like incorrect input rendering. This issue will be closed.",Knowledge,microsoft_vscode,,251518,Knowledge,0,0,"Hello. It appears this issue is linked to the older version of the Microsoft Chinese Pinyin IME. To resolve it, you can either upgrade to the latest version of the IME or disable the `editor.experimentalEditContextEnabled` setting (soon to be `editor.editContext`). The best course of action is to upgrade the IME, as the EditContext API also addresses other bugs related to the IME, like incorrect input rendering. This issue will be closed."
736,microsoft_vscode,,251518,"Hi everyone. It would seem this issue happens with the old version of the Microsoft Chinese Pinyin IME. To fix this issue please consider doing one of the following:

    Upgrade to the newer version of the Microsoft Chinese Pinyin IME
    Turn off the setting editor.experimentalEditContextEnabled, soon to be called editor.editContext

The first solution is preferred because the EditContext API solves other bugs related to the IME (such as the incorrect rendering of the IME input). This issue will be closed.","Hi there. This issue seems to be caused by the older version of the Microsoft Chinese Pinyin IME. To fix it, you can either update to the latest version of the IME or turn off the `editor.experimentalEditContextEnabled` setting (which will be renamed to `editor.editContext`). The recommended solution is to upgrade the IME, as the EditContext API also resolves other IME-related bugs, such as incorrect input rendering. This issue will be closed.",Knowledge,microsoft_vscode,,251518,Knowledge,0,0,"Hi there. This issue seems to be caused by the older version of the Microsoft Chinese Pinyin IME. To fix it, you can either update to the latest version of the IME or turn off the `editor.experimentalEditContextEnabled` setting (which will be renamed to `editor.editContext`). The recommended solution is to upgrade the IME, as the EditContext API also resolves other IME-related bugs, such as incorrect input rendering. This issue will be closed."
737,microsoft_vscode,,251518,"Hi everyone. It would seem this issue happens with the old version of the Microsoft Chinese Pinyin IME. To fix this issue please consider doing one of the following:

    Upgrade to the newer version of the Microsoft Chinese Pinyin IME
    Turn off the setting editor.experimentalEditContextEnabled, soon to be called editor.editContext

The first solution is preferred because the EditContext API solves other bugs related to the IME (such as the incorrect rendering of the IME input). This issue will be closed.","Hello everyone. It seems this issue is due to the older version of the Microsoft Chinese Pinyin IME. To resolve it, you can either upgrade to the newer version of the IME or disable the `editor.experimentalEditContextEnabled` setting (soon to be `editor.editContext`). The preferred solution is to upgrade the IME, as the EditContext API also fixes other IME-related bugs, such as incorrect input rendering. This issue will be closed.",Knowledge,microsoft_vscode,,251518,Knowledge,0,0,"Hello everyone. It seems this issue is due to the older version of the Microsoft Chinese Pinyin IME. To resolve it, you can either upgrade to the newer version of the IME or disable the `editor.experimentalEditContextEnabled` setting (soon to be `editor.editContext`). The preferred solution is to upgrade the IME, as the EditContext API also fixes other IME-related bugs, such as incorrect input rendering. This issue will be closed."
738,microsoft_vscode,,251518,"Hi everyone. It would seem this issue happens with the old version of the Microsoft Chinese Pinyin IME. To fix this issue please consider doing one of the following:

    Upgrade to the newer version of the Microsoft Chinese Pinyin IME
    Turn off the setting editor.experimentalEditContextEnabled, soon to be called editor.editContext

The first solution is preferred because the EditContext API solves other bugs related to the IME (such as the incorrect rendering of the IME input). This issue will be closed.","Hi all. This issue appears to be related to the older version of the Microsoft Chinese Pinyin IME. To fix it, you can either upgrade to the latest version of the IME or disable the `editor.experimentalEditContextEnabled` setting (which will be renamed to `editor.editContext`). The recommended solution is to upgrade the IME, as the EditContext API also addresses other IME-related bugs, such as incorrect input rendering. This issue will be closed.",Knowledge,microsoft_vscode,,251518,Knowledge,0,0,"Hi all. This issue appears to be related to the older version of the Microsoft Chinese Pinyin IME. To fix it, you can either upgrade to the latest version of the IME or disable the `editor.experimentalEditContextEnabled` setting (which will be renamed to `editor.editContext`). The recommended solution is to upgrade the IME, as the EditContext API also addresses other IME-related bugs, such as incorrect input rendering. This issue will be closed."
739,microsoft_vscode,,251518,"Hi everyone. It would seem this issue happens with the old version of the Microsoft Chinese Pinyin IME. To fix this issue please consider doing one of the following:

    Upgrade to the newer version of the Microsoft Chinese Pinyin IME
    Turn off the setting editor.experimentalEditContextEnabled, soon to be called editor.editContext

The first solution is preferred because the EditContext API solves other bugs related to the IME (such as the incorrect rendering of the IME input). This issue will be closed.","Greetings. This issue seems to be caused by the older version of the Microsoft Chinese Pinyin IME. To resolve it, you can either update to the latest version of the IME or disable the `editor.experimentalEditContextEnabled` setting (soon to be `editor.editContext`). The best solution is to upgrade the IME, as the EditContext API also fixes other IME-related bugs, such as incorrect input rendering. This issue will be closed.",Knowledge,microsoft_vscode,,251518,Knowledge,0,0,"Greetings. This issue seems to be caused by the older version of the Microsoft Chinese Pinyin IME. To resolve it, you can either update to the latest version of the IME or disable the `editor.experimentalEditContextEnabled` setting (soon to be `editor.editContext`). The best solution is to upgrade the IME, as the EditContext API also fixes other IME-related bugs, such as incorrect input rendering. This issue will be closed."
740,microsoft_vscode,,251518,"Hi everyone. It would seem this issue happens with the old version of the Microsoft Chinese Pinyin IME. To fix this issue please consider doing one of the following:

    Upgrade to the newer version of the Microsoft Chinese Pinyin IME
    Turn off the setting editor.experimentalEditContextEnabled, soon to be called editor.editContext

The first solution is preferred because the EditContext API solves other bugs related to the IME (such as the incorrect rendering of the IME input). This issue will be closed.","Hello. It appears this issue is linked to the older version of the Microsoft Chinese Pinyin IME. To address it, you can either upgrade to the latest version of the IME or disable the `editor.experimentalEditContextEnabled` setting (which will be renamed to `editor.editContext`). The recommended solution is to upgrade the IME, as the EditContext API also resolves other IME-related bugs, such as incorrect input rendering. This issue will be closed.",Knowledge,microsoft_vscode,,251518,Knowledge,0,0,"Hello. It appears this issue is linked to the older version of the Microsoft Chinese Pinyin IME. To address it, you can either upgrade to the latest version of the IME or disable the `editor.experimentalEditContextEnabled` setting (which will be renamed to `editor.editContext`). The recommended solution is to upgrade the IME, as the EditContext API also resolves other IME-related bugs, such as incorrect input rendering. This issue will be closed."
741,microsoft_vscode,,252129,"When using vscode to edit markdown documents, you need to switch between Chinese and English input methods frequently, and the current version of vscode often appears underlined prompts after switching from English back to Chinese input methods, but there is no Chinese candidate box, and Chinese cannot be entered. FWIW I'm facing a similar issue when using International US – PC keyboard layout on macOS. A particularity of this keyboard is that e.g. the ' key is a ""dead key"", meaning pressing it produces nothing, but it affects the next key I press (e.g. '+e produces é, '+<space> produces '). Anytime I use a ""dead key"", e.g. if I want to delete inside of a string (d+i+'+), it glitches and adds a 'char at the position of the cursor. Turning offexperimentalEditContextEnabled` does fix the behavior, the IME suggestion does not apply to me (AFAICT).","I've noticed that when editing markdown files in VSCode, switching between Chinese and English input methods often results in underlined prompts without a Chinese candidate box, making it impossible to enter Chinese characters. This issue is particularly noticeable when using the International US – PC keyboard layout on macOS, where dead keys like ' can cause glitches when used in strings. Disabling `experimentalEditContextEnabled` resolves the problem, but the IME suggestion doesn't seem to apply to my situation.",Known Unknown,microsoft_vscode,,252129,,2,1,"I've noticed that when editing markdown files in VSCode, switching between Chinese and English input methods often results in underlined prompts without a Chinese candidate box, making it impossible to enter Chinese characters. This issue is particularly noticeable when using the International US – PC keyboard layout on macOS, where dead keys like ' can cause glitches when used in strings. Disabling `experimentalEditContextEnabled` resolves the problem, but the IME suggestion doesn't seem to apply to my situation."
742,microsoft_vscode,,252129,"When using vscode to edit markdown documents, you need to switch between Chinese and English input methods frequently, and the current version of vscode often appears underlined prompts after switching from English back to Chinese input methods, but there is no Chinese candidate box, and Chinese cannot be entered. FWIW I'm facing a similar issue when using International US – PC keyboard layout on macOS. A particularity of this keyboard is that e.g. the ' key is a ""dead key"", meaning pressing it produces nothing, but it affects the next key I press (e.g. '+e produces é, '+<space> produces '). Anytime I use a ""dead key"", e.g. if I want to delete inside of a string (d+i+'+), it glitches and adds a 'char at the position of the cursor. Turning offexperimentalEditContextEnabled` does fix the behavior, the IME suggestion does not apply to me (AFAICT).","When using VSCode to edit markdown documents, I frequently switch between Chinese and English input methods. However, after switching back to Chinese, I often see underlined prompts without a Chinese candidate box, preventing me from entering Chinese text. This issue is exacerbated when using the International US – PC keyboard layout on macOS, where dead keys like ' can cause unexpected characters to appear in strings. Disabling `experimentalEditContextEnabled` fixes the behavior, but the IME suggestion doesn't help in my case.",Known Unknown,microsoft_vscode,,252129,,2,1,"When using VSCode to edit markdown documents, I frequently switch between Chinese and English input methods. However, after switching back to Chinese, I often see underlined prompts without a Chinese candidate box, preventing me from entering Chinese text. This issue is exacerbated when using the International US – PC keyboard layout on macOS, where dead keys like ' can cause unexpected characters to appear in strings. Disabling `experimentalEditContextEnabled` fixes the behavior, but the IME suggestion doesn't help in my case."
743,microsoft_vscode,,252129,"When using vscode to edit markdown documents, you need to switch between Chinese and English input methods frequently, and the current version of vscode often appears underlined prompts after switching from English back to Chinese input methods, but there is no Chinese candidate box, and Chinese cannot be entered. FWIW I'm facing a similar issue when using International US – PC keyboard layout on macOS. A particularity of this keyboard is that e.g. the ' key is a ""dead key"", meaning pressing it produces nothing, but it affects the next key I press (e.g. '+e produces é, '+<space> produces '). Anytime I use a ""dead key"", e.g. if I want to delete inside of a string (d+i+'+), it glitches and adds a 'char at the position of the cursor. Turning offexperimentalEditContextEnabled` does fix the behavior, the IME suggestion does not apply to me (AFAICT).","I'm experiencing issues with VSCode when editing markdown files and switching between Chinese and English input methods. After switching back to Chinese, the editor shows underlined prompts but no Chinese candidate box, making it impossible to type Chinese characters. This problem is particularly evident when using the International US – PC keyboard layout on macOS, where dead keys like ' can cause glitches when used in strings. Disabling `experimentalEditContextEnabled` resolves the issue, but the IME suggestion doesn't seem to apply.",Known Unknown,microsoft_vscode,,252129,,2,1,"I'm experiencing issues with VSCode when editing markdown files and switching between Chinese and English input methods. After switching back to Chinese, the editor shows underlined prompts but no Chinese candidate box, making it impossible to type Chinese characters. This problem is particularly evident when using the International US – PC keyboard layout on macOS, where dead keys like ' can cause glitches when used in strings. Disabling `experimentalEditContextEnabled` resolves the issue, but the IME suggestion doesn't seem to apply."
744,microsoft_vscode,,252129,"When using vscode to edit markdown documents, you need to switch between Chinese and English input methods frequently, and the current version of vscode often appears underlined prompts after switching from English back to Chinese input methods, but there is no Chinese candidate box, and Chinese cannot be entered. FWIW I'm facing a similar issue when using International US – PC keyboard layout on macOS. A particularity of this keyboard is that e.g. the ' key is a ""dead key"", meaning pressing it produces nothing, but it affects the next key I press (e.g. '+e produces é, '+<space> produces '). Anytime I use a ""dead key"", e.g. if I want to delete inside of a string (d+i+'+), it glitches and adds a 'char at the position of the cursor. Turning offexperimentalEditContextEnabled` does fix the behavior, the IME suggestion does not apply to me (AFAICT).","When editing markdown files in VSCode, I often need to switch between Chinese and English input methods. However, after switching back to Chinese, the editor displays underlined prompts without a Chinese candidate box, preventing me from entering Chinese text. This issue is more pronounced when using the International US – PC keyboard layout on macOS, where dead keys like ' can cause unexpected characters to appear in strings. Disabling `experimentalEditContextEnabled` fixes the problem, but the IME suggestion doesn't seem to apply to my situation.",Known Unknown,microsoft_vscode,,252129,,2,1,"When editing markdown files in VSCode, I often need to switch between Chinese and English input methods. However, after switching back to Chinese, the editor displays underlined prompts without a Chinese candidate box, preventing me from entering Chinese text. This issue is more pronounced when using the International US – PC keyboard layout on macOS, where dead keys like ' can cause unexpected characters to appear in strings. Disabling `experimentalEditContextEnabled` fixes the problem, but the IME suggestion doesn't seem to apply to my situation."
745,microsoft_vscode,,252129,"When using vscode to edit markdown documents, you need to switch between Chinese and English input methods frequently, and the current version of vscode often appears underlined prompts after switching from English back to Chinese input methods, but there is no Chinese candidate box, and Chinese cannot be entered. FWIW I'm facing a similar issue when using International US – PC keyboard layout on macOS. A particularity of this keyboard is that e.g. the ' key is a ""dead key"", meaning pressing it produces nothing, but it affects the next key I press (e.g. '+e produces é, '+<space> produces '). Anytime I use a ""dead key"", e.g. if I want to delete inside of a string (d+i+'+), it glitches and adds a 'char at the position of the cursor. Turning offexperimentalEditContextEnabled` does fix the behavior, the IME suggestion does not apply to me (AFAICT).","I frequently switch between Chinese and English input methods while editing markdown files in VSCode, but after switching back to Chinese, the editor shows underlined prompts without a Chinese candidate box, making it impossible to type Chinese characters. This issue is particularly noticeable when using the International US – PC keyboard layout on macOS, where dead keys like ' can cause glitches when used in strings. Disabling `experimentalEditContextEnabled` resolves the behavior, but the IME suggestion doesn't seem to apply to my case.",Known Unknown,microsoft_vscode,,252129,,2,1,"I frequently switch between Chinese and English input methods while editing markdown files in VSCode, but after switching back to Chinese, the editor shows underlined prompts without a Chinese candidate box, making it impossible to type Chinese characters. This issue is particularly noticeable when using the International US – PC keyboard layout on macOS, where dead keys like ' can cause glitches when used in strings. Disabling `experimentalEditContextEnabled` resolves the behavior, but the IME suggestion doesn't seem to apply to my case."
746,microsoft_vscode,,252129,"When using vscode to edit markdown documents, you need to switch between Chinese and English input methods frequently, and the current version of vscode often appears underlined prompts after switching from English back to Chinese input methods, but there is no Chinese candidate box, and Chinese cannot be entered. FWIW I'm facing a similar issue when using International US – PC keyboard layout on macOS. A particularity of this keyboard is that e.g. the ' key is a ""dead key"", meaning pressing it produces nothing, but it affects the next key I press (e.g. '+e produces é, '+<space> produces '). Anytime I use a ""dead key"", e.g. if I want to delete inside of a string (d+i+'+), it glitches and adds a 'char at the position of the cursor. Turning offexperimentalEditContextEnabled` does fix the behavior, the IME suggestion does not apply to me (AFAICT).","When using VSCode to edit markdown documents, I often switch between Chinese and English input methods. However, after switching back to Chinese, the editor displays underlined prompts without a Chinese candidate box, preventing me from entering Chinese text. This issue is more pronounced when using the International US – PC keyboard layout on macOS, where dead keys like ' can cause unexpected characters to appear in strings. Disabling `experimentalEditContextEnabled` fixes the problem, but the IME suggestion doesn't seem to apply to my situation.",Known Unknown,microsoft_vscode,,252129,,2,1,"When using VSCode to edit markdown documents, I often switch between Chinese and English input methods. However, after switching back to Chinese, the editor displays underlined prompts without a Chinese candidate box, preventing me from entering Chinese text. This issue is more pronounced when using the International US – PC keyboard layout on macOS, where dead keys like ' can cause unexpected characters to appear in strings. Disabling `experimentalEditContextEnabled` fixes the problem, but the IME suggestion doesn't seem to apply to my situation."
