Repo,GitHub_Type,Nr,original_statement,statement,Non_Knowledge_label_FSE_paper_Giuliano,Non_knowledge_label_Roberts_Giuliano,long_short,original_Unnamed: 0.2,original_Unnamed: 0.1,original_Unnamed: 0,original_Repo,original_GitHub_Type,original_Nr,original_Non_Knowledge_label_FSE_paper_Giuliano,original_long_short,original_Giuliano_Comments,original_Non_Knowledge_label_FSE_paper_Sol,original_Non_knowledge_label_Roberts_Sol,original_Sol_Comments,original_Non_Knowledge_label_FSE_paper_Alena,original_Non_knowledge_label_Roberts_Alena,original_Alena_Comments,original_Roberts_label,original_FSE_label,original_binary_NK_label
pytorch_pytorch,issue,154997.0,"I accidentally discovered that nn.Linear with datatype float16/bfloat16 can produce significant numerical errors on sliced tensors:
 import torch
 torch.random.manual_seed(42)
 from torch import nn
 

 dtype = torch.float16
 batch, seq, embed_dim, delay = 2, 16, 4, 2
 x1 = torch.randn(batch, seq, embed_dim, device=""cuda"", dtype=dtype)
 x2 = x1[:, delay:]
 assert torch.allclose(x1[:, delay:], x2)
 net = nn.Linear(embed_dim, embed_dim).to(""cuda"").to(dtype=dtype)
 out1 = net(x1)
 out2 = net(x2)
 print((out1[:, delay:] - out2).abs().max())
 assert torch.allclose(out1[:, delay:], out2)
 

 I got the output like this:
 tensor(0.0010, device='cuda:0', dtype=torch.float16, grad_fn=<MaxBackward1>)
 Traceback (most recent call last):
  File ""/home/jewel/Workspaces/cusrl/test.py"", line 14, in <module>
  assert torch.allclose(out1[:, delay:], out2)
 AssertionError
 

 If the type is bfloat16, the error is even greater:
 tensor(0.0078, device='cuda:0', dtype=torch.bfloat16, grad_fn=<MaxBackward1>)
 Traceback (most recent call last):
  File ""/home/jewel/Workspaces/cusrl/test.py"", line 14, in <module>
  assert torch.allclose(out1[:, delay:], out2)
 AssertionError
 

 However, if the tensor is cloned after sliced x2 = x1[:, delay:].clone() or the type is float32, it will produce an error of exactly zero.
 tensor(0., device='cuda:0', grad_fn=<MaxBackward1>)
 

 I don't know if this is an allowable margin of error or a bug.","While experimenting with half‑precision tensors I noticed that applying `nn.Linear` to a sliced `float16` tensor yields a noticeable discrepancy. In the script I slice `x2 = x1[:, 2:]` and then compare `out1[:, 2:]` with `out2`, but `torch.allclose` fails with a max difference of about 0.001. The same pattern shows up with `bfloat16` (error ≈ 0.008) unless I clone the slice or switch to `float32`, which gives zero error. I'm not sure whether this is an acceptable tolerance for half‑precision or a bug in PyTorch's linear implementation.",Known,Known Unknown,long,0,0,0,pytorch_pytorch,issue,154997.0,Known,long,,,,,,,,2,2,1
pytorch_pytorch,issue,154997.0,"I accidentally discovered that nn.Linear with datatype float16/bfloat16 can produce significant numerical errors on sliced tensors:
 import torch
 torch.random.manual_seed(42)
 from torch import nn
 

 dtype = torch.float16
 batch, seq, embed_dim, delay = 2, 16, 4, 2
 x1 = torch.randn(batch, seq, embed_dim, device=""cuda"", dtype=dtype)
 x2 = x1[:, delay:]
 assert torch.allclose(x1[:, delay:], x2)
 net = nn.Linear(embed_dim, embed_dim).to(""cuda"").to(dtype=dtype)
 out1 = net(x1)
 out2 = net(x2)
 print((out1[:, delay:] - out2).abs().max())
 assert torch.allclose(out1[:, delay:], out2)
 

 I got the output like this:
 tensor(0.0010, device='cuda:0', dtype=torch.float16, grad_fn=<MaxBackward1>)
 Traceback (most recent call last):
  File ""/home/jewel/Workspaces/cusrl/test.py"", line 14, in <module>
  assert torch.allclose(out1[:, delay:], out2)
 AssertionError
 

 If the type is bfloat16, the error is even greater:
 tensor(0.0078, device='cuda:0', dtype=torch.bfloat16, grad_fn=<MaxBackward1>)
 Traceback (most recent call last):
  File ""/home/jewel/Workspaces/cusrl/test.py"", line 14, in <module>
  assert torch.allclose(out1[:, delay:], out2)
 AssertionError
 

 However, if the tensor is cloned after sliced x2 = x1[:, delay:].clone() or the type is float32, it will produce an error of exactly zero.
 tensor(0., device='cuda:0', grad_fn=<MaxBackward1>)
 

 I don't know if this is an allowable margin of error or a bug.","I ran a quick sanity check on a CUDA model using `nn.Linear` with `float16` inputs and discovered that slicing the input before the layer changes the output slightly. The code `x2 = x1[:, delay:]` followed by `out2 = net(x2)` produces a max absolute difference of 0.001 when compared to `out1[:, delay:]`. Using `bfloat16` makes the gap larger, yet cloning the slice or using `float32` eliminates it entirely. Does anyone know if this level of error is expected for reduced‑precision arithmetic, or could it be a regression?",Known,Known Unknown,long,0,0,0,pytorch_pytorch,issue,154997.0,Known,long,,,,,,,,2,2,1
pytorch_pytorch,issue,154997.0,"I accidentally discovered that nn.Linear with datatype float16/bfloat16 can produce significant numerical errors on sliced tensors:
 import torch
 torch.random.manual_seed(42)
 from torch import nn
 

 dtype = torch.float16
 batch, seq, embed_dim, delay = 2, 16, 4, 2
 x1 = torch.randn(batch, seq, embed_dim, device=""cuda"", dtype=dtype)
 x2 = x1[:, delay:]
 assert torch.allclose(x1[:, delay:], x2)
 net = nn.Linear(embed_dim, embed_dim).to(""cuda"").to(dtype=dtype)
 out1 = net(x1)
 out2 = net(x2)
 print((out1[:, delay:] - out2).abs().max())
 assert torch.allclose(out1[:, delay:], out2)
 

 I got the output like this:
 tensor(0.0010, device='cuda:0', dtype=torch.float16, grad_fn=<MaxBackward1>)
 Traceback (most recent call last):
  File ""/home/jewel/Workspaces/cusrl/test.py"", line 14, in <module>
  assert torch.allclose(out1[:, delay:], out2)
 AssertionError
 

 If the type is bfloat16, the error is even greater:
 tensor(0.0078, device='cuda:0', dtype=torch.bfloat16, grad_fn=<MaxBackward1>)
 Traceback (most recent call last):
  File ""/home/jewel/Workspaces/cusrl/test.py"", line 14, in <module>
  assert torch.allclose(out1[:, delay:], out2)
 AssertionError
 

 However, if the tensor is cloned after sliced x2 = x1[:, delay:].clone() or the type is float32, it will produce an error of exactly zero.
 tensor(0., device='cuda:0', grad_fn=<MaxBackward1>)
 

 I don't know if this is an allowable margin of error or a bug.","When I feed a sliced half‑precision tensor into a linear layer, the results diverge from the unsliced case by a small but non‑zero amount. For example, `out1 = net(x1)` and `out2 = net(x1[:, 2:])` give `torch.max((out1[:, 2:] - out2).abs())` of 0.001 in `float16` and 0.008 in `bfloat16`. Cloning the slice (`x1[:, 2:].clone()`) or switching to `float32` makes the discrepancy disappear. I'm uncertain whether this is a permissible numerical drift or an actual bug in the half‑precision path.",Known,Known Unknown,long,0,0,0,pytorch_pytorch,issue,154997.0,Known,long,,,,,,,,2,2,1
pytorch_pytorch,issue,154997.0,"I accidentally discovered that nn.Linear with datatype float16/bfloat16 can produce significant numerical errors on sliced tensors:
 import torch
 torch.random.manual_seed(42)
 from torch import nn
 

 dtype = torch.float16
 batch, seq, embed_dim, delay = 2, 16, 4, 2
 x1 = torch.randn(batch, seq, embed_dim, device=""cuda"", dtype=dtype)
 x2 = x1[:, delay:]
 assert torch.allclose(x1[:, delay:], x2)
 net = nn.Linear(embed_dim, embed_dim).to(""cuda"").to(dtype=dtype)
 out1 = net(x1)
 out2 = net(x2)
 print((out1[:, delay:] - out2).abs().max())
 assert torch.allclose(out1[:, delay:], out2)
 

 I got the output like this:
 tensor(0.0010, device='cuda:0', dtype=torch.float16, grad_fn=<MaxBackward1>)
 Traceback (most recent call last):
  File ""/home/jewel/Workspaces/cusrl/test.py"", line 14, in <module>
  assert torch.allclose(out1[:, delay:], out2)
 AssertionError
 

 If the type is bfloat16, the error is even greater:
 tensor(0.0078, device='cuda:0', dtype=torch.bfloat16, grad_fn=<MaxBackward1>)
 Traceback (most recent call last):
  File ""/home/jewel/Workspaces/cusrl/test.py"", line 14, in <module>
  assert torch.allclose(out1[:, delay:], out2)
 AssertionError
 

 However, if the tensor is cloned after sliced x2 = x1[:, delay:].clone() or the type is float32, it will produce an error of exactly zero.
 tensor(0., device='cuda:0', grad_fn=<MaxBackward1>)
 

 I don't know if this is an allowable margin of error or a bug.","I observed that `nn.Linear` behaves oddly on sliced tensors when the data type is `float16` or `bfloat16`. After slicing `x2 = x1[:, delay:]` and running the layer, the maximum absolute difference between `out1[:, delay:]` and `out2` is around 1e‑3 for `float16` and 8e‑3 for `bfloat16`. The problem vanishes if I clone the slice or use `float32`. Can someone clarify if these errors are within the expected range for half‑precision, or should I file a bug report?",Known,Known Unknown,long,0,0,0,pytorch_pytorch,issue,154997.0,Known,long,,,,,,,,2,2,1
pytorch_pytorch,issue,154997.0,"I accidentally discovered that nn.Linear with datatype float16/bfloat16 can produce significant numerical errors on sliced tensors:
 import torch
 torch.random.manual_seed(42)
 from torch import nn
 

 dtype = torch.float16
 batch, seq, embed_dim, delay = 2, 16, 4, 2
 x1 = torch.randn(batch, seq, embed_dim, device=""cuda"", dtype=dtype)
 x2 = x1[:, delay:]
 assert torch.allclose(x1[:, delay:], x2)
 net = nn.Linear(embed_dim, embed_dim).to(""cuda"").to(dtype=dtype)
 out1 = net(x1)
 out2 = net(x2)
 print((out1[:, delay:] - out2).abs().max())
 assert torch.allclose(out1[:, delay:], out2)
 

 I got the output like this:
 tensor(0.0010, device='cuda:0', dtype=torch.float16, grad_fn=<MaxBackward1>)
 Traceback (most recent call last):
  File ""/home/jewel/Workspaces/cusrl/test.py"", line 14, in <module>
  assert torch.allclose(out1[:, delay:], out2)
 AssertionError
 

 If the type is bfloat16, the error is even greater:
 tensor(0.0078, device='cuda:0', dtype=torch.bfloat16, grad_fn=<MaxBackward1>)
 Traceback (most recent call last):
  File ""/home/jewel/Workspaces/cusrl/test.py"", line 14, in <module>
  assert torch.allclose(out1[:, delay:], out2)
 AssertionError
 

 However, if the tensor is cloned after sliced x2 = x1[:, delay:].clone() or the type is float32, it will produce an error of exactly zero.
 tensor(0., device='cuda:0', grad_fn=<MaxBackward1>)
 

 I don't know if this is an allowable margin of error or a bug.","During a quick test I found that a linear layer applied to a sliced half‑precision tensor does not produce identical results to slicing the output after the layer. With `dtype=torch.float16` the max error is about 0.001, and with `torch.bfloat16` it rises to roughly 0.008, while cloning the slice or using `float32` yields zero error. The assertion `torch.allclose(out1[:, delay:], out2)` fails in both reduced‑precision cases. I'm left wondering whether this is a normal precision limitation or an unintended bug in PyTorch's handling of strided tensors.",Known,Known Unknown,long,0,0,0,pytorch_pytorch,issue,154997.0,Known,long,,,,,,,,2,2,1
pytorch_pytorch,Issue,154556.0,The symptom comes from the functionalization implementation for the flex_attention HOP,"The root cause of the observed issue lies in the functionalization layer of the flex_attention HOP implementation. When the HOP is transformed into a functional form, the underlying kernels introduce a subtle mismatch that triggers the symptom. Adjusting the functionalization code resolves the problem.",Knowledge,Knowledge,short,1,1,1,pytorch_pytorch,Issue,154556.0,Knowledge,short,,,,,,,,0,0,0
pytorch_pytorch,Issue,154556.0,The symptom comes from the functionalization implementation for the flex_attention HOP,We've traced the anomaly back to the functionalization step used for the flex_attention HOP. The way the HOP is converted into a functional operator is introducing the bug that manifests as the reported symptom. Fixing the functionalization logic eliminates the errant behavior.,Knowledge,Knowledge,short,1,1,1,pytorch_pytorch,Issue,154556.0,Knowledge,short,,,,,,,,0,0,0
pytorch_pytorch,Issue,154556.0,The symptom comes from the functionalization implementation for the flex_attention HOP,"The symptom originates from how the flex_attention HOP is functionalized. The current functionalization routine mishandles certain tensor shapes, leading to the unexpected output. Updating the implementation to correctly handle those cases removes the issue.",Knowledge,Knowledge,short,1,1,1,pytorch_pytorch,Issue,154556.0,Knowledge,short,,,,,,,,0,0,0
pytorch_pytorch,Issue,154556.0,The symptom comes from the functionalization implementation for the flex_attention HOP,"Investigation shows that the functionalization implementation for the flex_attention HOP is responsible for the symptom. The transformation from the HOP to its functional counterpart does not preserve some internal state, causing the failure. Correcting the functionalization code restores expected behavior.",Knowledge,Knowledge,short,1,1,1,pytorch_pytorch,Issue,154556.0,Knowledge,short,,,,,,,,0,0,0
pytorch_pytorch,Issue,154556.0,The symptom comes from the functionalization implementation for the flex_attention HOP,"The cause of the problem can be pinned to the functionalization code path of the flex_attention HOP. During functionalization, an edge case in the attention kernel is triggered, which produces the observed symptom. Revising that part of the implementation fixes the bug.",Knowledge,Knowledge,short,1,1,1,pytorch_pytorch,Issue,154556.0,Knowledge,short,,,,,,,,0,0,0
pytorch_pytorch,issue,154556.0,"On the surface, it seems like ctx.unwrap_tensors() (with ctx being a PythonFunctionalizeAPI in this case) is not smart enough to handle tensor subclasses? Should it be handled there or more ad-hoc within flex_attention's impl?","I'm noticing that calling `ctx.unwrap_tensors()`—where `ctx` is a `PythonFunctionalizeAPI`—doesn't seem to correctly process custom tensor subclasses. The current implementation just returns the base tensor, dropping any subclass metadata. Should the unwrapping logic be enhanced to recognize these subclasses, or is it more appropriate to handle the conversion manually inside the `flex_attention` implementation?",Known,Known Unknown,short,2,2,2,pytorch_pytorch,issue,154556.0,Known,short,,,,,,,,2,2,1
pytorch_pytorch,issue,154556.0,"On the surface, it seems like ctx.unwrap_tensors() (with ctx being a PythonFunctionalizeAPI in this case) is not smart enough to handle tensor subclasses? Should it be handled there or more ad-hoc within flex_attention's impl?","When I invoke `ctx.unwrap_tensors()` on a tensor that inherits from `torch.Tensor`, the function appears to treat it as a plain tensor and loses the subclass information. This raises the question of whether the functionalize API is expected to be subclass‑aware, or if we need to add special‑case handling in the `flex_attention` code path. I'm not sure which layer should be responsible for preserving the subclass semantics.",Known,Known Unknown,short,2,2,2,pytorch_pytorch,issue,154556.0,Known,short,,,,,,,,2,2,1
pytorch_pytorch,issue,154556.0,"On the surface, it seems like ctx.unwrap_tensors() (with ctx being a PythonFunctionalizeAPI in this case) is not smart enough to handle tensor subclasses? Should it be handled there or more ad-hoc within flex_attention's impl?","It looks like `ctx.unwrap_tensors()` (with `ctx` being an instance of `PythonFunctionalizeAPI`) fails to unwrap tensors that are instances of a user‑defined subclass. The function simply returns the underlying storage without the extra behavior defined in the subclass. Should this be fixed inside `unwrap_tensors` itself, or is it better to perform an ad‑hoc conversion within the `flex_attention` implementation?",Known,Known Unknown,short,2,2,2,pytorch_pytorch,issue,154556.0,Known,short,,,,,,,,2,2,1
pytorch_pytorch,issue,154556.0,"On the surface, it seems like ctx.unwrap_tensors() (with ctx being a PythonFunctionalizeAPI in this case) is not smart enough to handle tensor subclasses? Should it be handled there or more ad-hoc within flex_attention's impl?","I've observed that `ctx.unwrap_tensors()` does not appear to be sophisticated enough to handle tensor subclasses created for custom behavior. The API strips away the subclass wrapper, which might be problematic for `flex_attention` that relies on those extra methods. Is the proper solution to extend `unwrap_tensors` to recognize subclass types, or should we patch the `flex_attention` implementation to manually rewrap the tensors?",Known,Known Unknown,short,2,2,2,pytorch_pytorch,issue,154556.0,Known,short,,,,,,,,2,2,1
pytorch_pytorch,issue,154556.0,"On the surface, it seems like ctx.unwrap_tensors() (with ctx being a PythonFunctionalizeAPI in this case) is not smart enough to handle tensor subclasses? Should it be handled there or more ad-hoc within flex_attention's impl?","Calling `ctx.unwrap_tensors()` on a tensor subclass seems to return a plain `torch.Tensor`, ignoring the subclass's additional attributes. This makes me wonder whether the functionalize API is supposed to support subclass unwrapping, or if we need to add bespoke handling in the `flex_attention` code. I'm uncertain which component should take responsibility for preserving the subclass information.",Known,Known Unknown,short,2,2,2,pytorch_pytorch,issue,154556.0,Known,short,,,,,,,,2,2,1
pytorch_pytorch,Issue,154093.0,"I want to export a model to onnx, the simple code like the following:
 from torch import nn
 import torch
 

 class Model(nn.Module):
  def forward(self, x, y):
  y = torch.repeat_interleave(y, x.shape[0], dim=0)
  return y
 

 device = 'cuda:1'
 model = Model()
 model.to(device)
 x = torch.zeros((3, 10)).to(device)
 y = torch.zeros((1, 10)).to(device)
 torch.onnx.export(model=model, f='model.onnx', args=(x, y))
 

 Running this code, and I got an exception:
 Expected all tensors to be on the same device, but found at least two devices, cuda:1 and cpu! (when checking argument for argument index in method wrapper_CUDA__index_select)
 

 After debugging, I found that x.shape[0] is a tensor not a int, and its device is 'cpu' not 'cuda:1'
 Is that a bug, and how can I fix it?","I'm trying to export a simple PyTorch model to ONNX using `torch.onnx.export`, but I hit a device mismatch error. The model repeats `y` with `torch.repeat_interleave(y, x.shape[0], dim=0)`, and during export I get: *Expected all tensors to be on the same device, but found at least two devices, cuda:1 and cpu!* I traced it back to `x.shape[0]` being a CPU tensor rather than an integer. Is this a bug in PyTorch's handling of shape tensors, and what is the proper way to resolve it?",Known,Known Unknown,long,3,3,3,pytorch_pytorch,Issue,154093.0,Known,long,,,,,,,,2,2,1
pytorch_pytorch,Issue,154093.0,"I want to export a model to onnx, the simple code like the following:
 from torch import nn
 import torch
 

 class Model(nn.Module):
  def forward(self, x, y):
  y = torch.repeat_interleave(y, x.shape[0], dim=0)
  return y
 

 device = 'cuda:1'
 model = Model()
 model.to(device)
 x = torch.zeros((3, 10)).to(device)
 y = torch.zeros((1, 10)).to(device)
 torch.onnx.export(model=model, f='model.onnx', args=(x, y))
 

 Running this code, and I got an exception:
 Expected all tensors to be on the same device, but found at least two devices, cuda:1 and cpu! (when checking argument for argument index in method wrapper_CUDA__index_select)
 

 After debugging, I found that x.shape[0] is a tensor not a int, and its device is 'cpu' not 'cuda:1'
 Is that a bug, and how can I fix it?","When I run the following export script, the ONNX conversion fails with a CUDA/CPU device conflict: `torch.onnx.export(model, 'model.onnx', (x, y))`. The culprit seems to be `torch.repeat_interleave(y, x.shape[0], dim=0)`, where `x.shape[0]` is a tensor residing on the CPU. I'm not sure whether this is an oversight in the library or something I need to cast manually. Can anyone confirm if this is a known issue and suggest a fix?",Known,Known Unknown,long,3,3,3,pytorch_pytorch,Issue,154093.0,Known,long,,,,,,,,2,2,1
pytorch_pytorch,Issue,154093.0,"I want to export a model to onnx, the simple code like the following:
 from torch import nn
 import torch
 

 class Model(nn.Module):
  def forward(self, x, y):
  y = torch.repeat_interleave(y, x.shape[0], dim=0)
  return y
 

 device = 'cuda:1'
 model = Model()
 model.to(device)
 x = torch.zeros((3, 10)).to(device)
 y = torch.zeros((1, 10)).to(device)
 torch.onnx.export(model=model, f='model.onnx', args=(x, y))
 

 Running this code, and I got an exception:
 Expected all tensors to be on the same device, but found at least two devices, cuda:1 and cpu! (when checking argument for argument index in method wrapper_CUDA__index_select)
 

 After debugging, I found that x.shape[0] is a tensor not a int, and its device is 'cpu' not 'cuda:1'
 Is that a bug, and how can I fix it?","I have a tiny `Model` that repeats a tensor based on the batch size, and I call `torch.onnx.export` to generate an ONNX file. The export throws: *Expected all tensors to be on the same device, but found at least two devices, cuda:1 and cpu!* The problem appears because `x.shape[0]` returns a CPU tensor, which `repeat_interleave` then uses. Does PyTorch treat shape tensors as CPU by default, and how can I make the export succeed without changing the model logic?",Known,Known Unknown,long,3,3,3,pytorch_pytorch,Issue,154093.0,Known,long,,,,,,,,2,2,1
pytorch_pytorch,Issue,154093.0,"I want to export a model to onnx, the simple code like the following:
 from torch import nn
 import torch
 

 class Model(nn.Module):
  def forward(self, x, y):
  y = torch.repeat_interleave(y, x.shape[0], dim=0)
  return y
 

 device = 'cuda:1'
 model = Model()
 model.to(device)
 x = torch.zeros((3, 10)).to(device)
 y = torch.zeros((1, 10)).to(device)
 torch.onnx.export(model=model, f='model.onnx', args=(x, y))
 

 Running this code, and I got an exception:
 Expected all tensors to be on the same device, but found at least two devices, cuda:1 and cpu! (when checking argument for argument index in method wrapper_CUDA__index_select)
 

 After debugging, I found that x.shape[0] is a tensor not a int, and its device is 'cpu' not 'cuda:1'
 Is that a bug, and how can I fix it?","During ONNX export of a model that contains `torch.repeat_interleave(y, x.shape[0], dim=0)`, I receive a device mismatch error complaining about tensors on `cuda:1` and `cpu`. Investigation shows that `x.shape[0]` is a scalar tensor on the CPU, not a plain Python int. I'm uncertain whether this is a bug in the export path or an expected limitation. What is the recommended workaround—casting the shape to an int or moving it to the GPU?",Known,Known Unknown,long,3,3,3,pytorch_pytorch,Issue,154093.0,Known,long,,,,,,,,2,2,1
pytorch_pytorch,Issue,154093.0,"I want to export a model to onnx, the simple code like the following:
 from torch import nn
 import torch
 

 class Model(nn.Module):
  def forward(self, x, y):
  y = torch.repeat_interleave(y, x.shape[0], dim=0)
  return y
 

 device = 'cuda:1'
 model = Model()
 model.to(device)
 x = torch.zeros((3, 10)).to(device)
 y = torch.zeros((1, 10)).to(device)
 torch.onnx.export(model=model, f='model.onnx', args=(x, y))
 

 Running this code, and I got an exception:
 Expected all tensors to be on the same device, but found at least two devices, cuda:1 and cpu! (when checking argument for argument index in method wrapper_CUDA__index_select)
 

 After debugging, I found that x.shape[0] is a tensor not a int, and its device is 'cpu' not 'cuda:1'
 Is that a bug, and how can I fix it?","The following code works on GPU until I try to export it to ONNX: `torch.onnx.export(model, 'model.onnx', (x, y))`. The export aborts with an error about mixed devices, pointing to `torch.repeat_interleave(y, x.shape[0], dim=0)`. It turns out `x.shape[0]` is a CPU tensor, which causes the mismatch. Is this behavior documented, and what changes should I make to avoid the error—perhaps using `x.size(0).item()` or another approach?",Known,Known Unknown,long,3,3,3,pytorch_pytorch,Issue,154093.0,Known,long,,,,,,,,2,2,1
pytorch_pytorch,issue,153992.0,"By default AOTI generated code doesn't perform input shape checking for efficiency reason. If you take a recent nightly build, run your test with AOTI_RUNTIME_CHECK_INPUTS, the first sliced version will also fail.","The AOTI compiler intentionally skips input shape validation in the generated code to keep the runtime overhead low. When you pull the latest nightly release and enable the AOTI_RUNTIME_CHECK_INPUTS flag, the initial sliced test case will start to throw an error. This behavior is expected because the runtime checks are now active and will catch mismatched dimensions that were previously ignored.",Knowledge,Knowledge,short,4,4,4,pytorch_pytorch,issue,153992.0,Knowledge,short,,,,,,,,0,0,0
pytorch_pytorch,issue,153992.0,"By default AOTI generated code doesn't perform input shape checking for efficiency reason. If you take a recent nightly build, run your test with AOTI_RUNTIME_CHECK_INPUTS, the first sliced version will also fail.","In the default configuration, AOTI‑generated functions do not verify the shapes of their inputs, which is a design choice for performance. However, if you build against a recent nightly version and set the environment variable AOTI_RUNTIME_CHECK_INPUTS, the first slice‑based invocation will fail the shape check. The failure demonstrates that the runtime checking mechanism is correctly detecting the shape discrepancy.",Knowledge,Knowledge,short,4,4,4,pytorch_pytorch,issue,153992.0,Knowledge,short,,,,,,,,0,0,0
pytorch_pytorch,issue,153992.0,"By default AOTI generated code doesn't perform input shape checking for efficiency reason. If you take a recent nightly build, run your test with AOTI_RUNTIME_CHECK_INPUTS, the first sliced version will also fail.","AOTI’s code generation skips shape assertions by default to avoid the cost of extra checks. By compiling with a current nightly build and turning on AOTI_RUNTIME_CHECK_INPUTS, you enable those assertions, and the very first sliced call will trigger a failure. This confirms that the runtime‑check flag works as intended, catching shape mismatches that the optimized path would otherwise ignore.",Knowledge,Knowledge,short,4,4,4,pytorch_pytorch,issue,153992.0,Knowledge,short,,,,,,,,0,0,0
pytorch_pytorch,issue,153992.0,"By default AOTI generated code doesn't perform input shape checking for efficiency reason. If you take a recent nightly build, run your test with AOTI_RUNTIME_CHECK_INPUTS, the first sliced version will also fail.","For efficiency, the code emitted by AOTI does not include any input dimension verification unless explicitly requested. Using a recent nightly build and exporting AOTI_RUNTIME_CHECK_INPUTS activates the checks, causing the first test that slices the input tensor to raise an exception. The observed failure is a direct result of the newly‑enabled runtime shape validation.",Knowledge,Knowledge,short,4,4,4,pytorch_pytorch,issue,153992.0,Knowledge,short,,,,,,,,0,0,0
pytorch_pytorch,issue,153992.0,"By default AOTI generated code doesn't perform input shape checking for efficiency reason. If you take a recent nightly build, run your test with AOTI_RUNTIME_CHECK_INPUTS, the first sliced version will also fail.","The default AOTI output omits input shape checks to maximize speed. If you switch to a fresh nightly build and set the AOTI_RUNTIME_CHECK_INPUTS environment variable, the runtime will perform those checks, and the initial sliced scenario will fail. This behavior is by design, illustrating that the runtime checking feature catches shape errors that the optimized code bypasses.",Knowledge,Knowledge,short,4,4,4,pytorch_pytorch,issue,153992.0,Knowledge,short,,,,,,,,0,0,0
pytorch_pytorch,issue,153960.0,"Upgrading to PyTorch 2.7 makes the following script randomly hang in distributed mode:
 import argparse
 import os
 import torch

 def main(bad = False):
  local_rank = int(os.environ[""LOCAL_RANK""])
  device = torch.device(""cuda"", local_rank)
  torch.cuda.set_device(device)
  if bad:
  torch.distributed.init_process_group(""nccl"", device_id=device)
  else:
  torch.distributed.init_process_group(""nccl"")

  device = torch.device(""cuda"")
  rank = torch.distributed.get_rank()
 
  for i in range(10000):
  if rank == 0:
  if i % 10 == 0:
  print(i)
  a = torch.ones(3, device=device)
  else:
  a = torch.zeros(3, device=device)
 
  torch.distributed.broadcast(a, src=0)
 
  torch.distributed.destroy_process_group()
 if __name__ == ""__main__"":
  parser = argparse.ArgumentParser()
  parser.add_argument(""--bad"", action=""store_true"", help=""Shows the bug"")
  args = parser.parse_args()
  main(args.bad)
 

 More precisely torchrun --nproc_per_node 8 -- script.py --bad will randomly start hanging (you might need to launch it a couple of times) whereas torchrun --nproc_per_node 8 -- script.py is fine.
 torchrun --nproc_per_node 8 -- script.py --bad completes normally in 2.6.0, so this looks like a regression in PyTorch 2.7. We tried different kinds of GPUs and it looks like the bug appears on all of them.","When I run the script with `torchrun --nproc_per_node 8 script.py --bad` on PyTorch 2.7, it sometimes hangs indefinitely in distributed mode. The same command works fine without the `--bad` flag, and it behaved correctly on 2.6.0. I'm not sure whether this is a regression in the NCCL backend or something else that changed between releases.",Known,Known Unknown,long,5,5,5,pytorch_pytorch,issue,153960.0,Known,long,,,,,,,,2,2,1
pytorch_pytorch,issue,153960.0,"Upgrading to PyTorch 2.7 makes the following script randomly hang in distributed mode:
 import argparse
 import os
 import torch

 def main(bad = False):
  local_rank = int(os.environ[""LOCAL_RANK""])
  device = torch.device(""cuda"", local_rank)
  torch.cuda.set_device(device)
  if bad:
  torch.distributed.init_process_group(""nccl"", device_id=device)
  else:
  torch.distributed.init_process_group(""nccl"")

  device = torch.device(""cuda"")
  rank = torch.distributed.get_rank()
 
  for i in range(10000):
  if rank == 0:
  if i % 10 == 0:
  print(i)
  a = torch.ones(3, device=device)
  else:
  a = torch.zeros(3, device=device)
 
  torch.distributed.broadcast(a, src=0)
 
  torch.distributed.destroy_process_group()
 if __name__ == ""__main__"":
  parser = argparse.ArgumentParser()
  parser.add_argument(""--bad"", action=""store_true"", help=""Shows the bug"")
  args = parser.parse_args()
  main(args.bad)
 

 More precisely torchrun --nproc_per_node 8 -- script.py --bad will randomly start hanging (you might need to launch it a couple of times) whereas torchrun --nproc_per_node 8 -- script.py is fine.
 torchrun --nproc_per_node 8 -- script.py --bad completes normally in 2.6.0, so this looks like a regression in PyTorch 2.7. We tried different kinds of GPUs and it looks like the bug appears on all of them.","Upgrading to PyTorch 2.7 causes the following minimal example to dead‑lock at random when I invoke it with `torchrun --nproc_per_node 8 script.py --bad`. The version 2.6.0 runs to completion every time, and the script without the `--bad` argument never stalls. I can't tell if this is a bug introduced in the new release or an interaction with my environment.",Known,Known Unknown,long,5,5,5,pytorch_pytorch,issue,153960.0,Known,long,,,,,,,,2,2,1
pytorch_pytorch,issue,153960.0,"Upgrading to PyTorch 2.7 makes the following script randomly hang in distributed mode:
 import argparse
 import os
 import torch

 def main(bad = False):
  local_rank = int(os.environ[""LOCAL_RANK""])
  device = torch.device(""cuda"", local_rank)
  torch.cuda.set_device(device)
  if bad:
  torch.distributed.init_process_group(""nccl"", device_id=device)
  else:
  torch.distributed.init_process_group(""nccl"")

  device = torch.device(""cuda"")
  rank = torch.distributed.get_rank()
 
  for i in range(10000):
  if rank == 0:
  if i % 10 == 0:
  print(i)
  a = torch.ones(3, device=device)
  else:
  a = torch.zeros(3, device=device)
 
  torch.distributed.broadcast(a, src=0)
 
  torch.distributed.destroy_process_group()
 if __name__ == ""__main__"":
  parser = argparse.ArgumentParser()
  parser.add_argument(""--bad"", action=""store_true"", help=""Shows the bug"")
  args = parser.parse_args()
  main(args.bad)
 

 More precisely torchrun --nproc_per_node 8 -- script.py --bad will randomly start hanging (you might need to launch it a couple of times) whereas torchrun --nproc_per_node 8 -- script.py is fine.
 torchrun --nproc_per_node 8 -- script.py --bad completes normally in 2.6.0, so this looks like a regression in PyTorch 2.7. We tried different kinds of GPUs and it looks like the bug appears on all of them.",I've observed that launching eight processes with `torchrun` and the `--bad` flag leads to occasional hangs after the broadcast call in PyTorch 2.7. The same code finishes without issue on 2.6.0 and also when the flag is omitted. It's unclear to me whether this is a regression in the distributed initialization logic or a misuse on my side.,Known,Known Unknown,long,5,5,5,pytorch_pytorch,issue,153960.0,Known,long,,,,,,,,2,2,1
pytorch_pytorch,issue,153960.0,"Upgrading to PyTorch 2.7 makes the following script randomly hang in distributed mode:
 import argparse
 import os
 import torch

 def main(bad = False):
  local_rank = int(os.environ[""LOCAL_RANK""])
  device = torch.device(""cuda"", local_rank)
  torch.cuda.set_device(device)
  if bad:
  torch.distributed.init_process_group(""nccl"", device_id=device)
  else:
  torch.distributed.init_process_group(""nccl"")

  device = torch.device(""cuda"")
  rank = torch.distributed.get_rank()
 
  for i in range(10000):
  if rank == 0:
  if i % 10 == 0:
  print(i)
  a = torch.ones(3, device=device)
  else:
  a = torch.zeros(3, device=device)
 
  torch.distributed.broadcast(a, src=0)
 
  torch.distributed.destroy_process_group()
 if __name__ == ""__main__"":
  parser = argparse.ArgumentParser()
  parser.add_argument(""--bad"", action=""store_true"", help=""Shows the bug"")
  args = parser.parse_args()
  main(args.bad)
 

 More precisely torchrun --nproc_per_node 8 -- script.py --bad will randomly start hanging (you might need to launch it a couple of times) whereas torchrun --nproc_per_node 8 -- script.py is fine.
 torchrun --nproc_per_node 8 -- script.py --bad completes normally in 2.6.0, so this looks like a regression in PyTorch 2.7. We tried different kinds of GPUs and it looks like the bug appears on all of them.",Running the provided script under `torchrun --nproc_per_node 8 script.py --bad` on PyTorch 2.7 sometimes results in the program freezing after a few iterations. The script executes fine on 2.6.0 and when the `--bad` option is not supplied. I don't know if this hanging behavior is a new bug in the NCCL process group handling or something else I need to adjust.,Known,Known Unknown,long,5,5,5,pytorch_pytorch,issue,153960.0,Known,long,,,,,,,,2,2,1
pytorch_pytorch,issue,153960.0,"Upgrading to PyTorch 2.7 makes the following script randomly hang in distributed mode:
 import argparse
 import os
 import torch

 def main(bad = False):
  local_rank = int(os.environ[""LOCAL_RANK""])
  device = torch.device(""cuda"", local_rank)
  torch.cuda.set_device(device)
  if bad:
  torch.distributed.init_process_group(""nccl"", device_id=device)
  else:
  torch.distributed.init_process_group(""nccl"")

  device = torch.device(""cuda"")
  rank = torch.distributed.get_rank()
 
  for i in range(10000):
  if rank == 0:
  if i % 10 == 0:
  print(i)
  a = torch.ones(3, device=device)
  else:
  a = torch.zeros(3, device=device)
 
  torch.distributed.broadcast(a, src=0)
 
  torch.distributed.destroy_process_group()
 if __name__ == ""__main__"":
  parser = argparse.ArgumentParser()
  parser.add_argument(""--bad"", action=""store_true"", help=""Shows the bug"")
  args = parser.parse_args()
  main(args.bad)
 

 More precisely torchrun --nproc_per_node 8 -- script.py --bad will randomly start hanging (you might need to launch it a couple of times) whereas torchrun --nproc_per_node 8 -- script.py is fine.
 torchrun --nproc_per_node 8 -- script.py --bad completes normally in 2.6.0, so this looks like a regression in PyTorch 2.7. We tried different kinds of GPUs and it looks like the bug appears on all of them.","In PyTorch 2.7, the minimal distributed example that calls `torch.distributed.init_process_group` with a device argument randomly hangs when started with `torchrun --nproc_per_node 8 script.py --bad`. The same code runs to completion on 2.6.0 and without the `--bad` flag on 2.7. I'm uncertain whether this is a regression introduced in the latest release or an edge case I haven't accounted for.",Known,Known Unknown,long,5,5,5,pytorch_pytorch,issue,153960.0,Known,long,,,,,,,,2,2,1
pytorch_pytorch,Issue,153960.0,"What does the device_id do behind the scenes? What does it change with respect to NCCL?
 Can we get a NCCL debug log (NCCL_DEBUG=INFO)? Or does the race go away then?","I'm trying to understand the role of the `device_id` parameter when initializing NCCL. Specifically, which internal NCCL settings are altered by changing this ID? If we enable the NCCL debug output by setting `NCCL_DEBUG=INFO`, will the log reveal what's happening, and could it also eliminate the observed race condition?",Known,Known Unknown,short,6,6,6,pytorch_pytorch,Issue,153960.0,Known,short,,,,,,,,2,2,1
pytorch_pytorch,Issue,153960.0,"What does the device_id do behind the scenes? What does it change with respect to NCCL?
 Can we get a NCCL debug log (NCCL_DEBUG=INFO)? Or does the race go away then?","Could someone explain what effect the `device_id` argument has inside NCCL's communication layer? I'm curious whether it influences peer selection, topology discovery, or something else. Also, would turning on `NCCL_DEBUG=INFO` produce a detailed trace that might clarify the issue or even suppress the race we see?",Known,Known Unknown,short,6,6,6,pytorch_pytorch,Issue,153960.0,Known,short,,,,,,,,2,2,1
pytorch_pytorch,Issue,153960.0,"What does the device_id do behind the scenes? What does it change with respect to NCCL?
 Can we get a NCCL debug log (NCCL_DEBUG=INFO)? Or does the race go away then?","In our multi‑GPU setup we pass a `device_id` to NCCL, but I don't know what internal behavior this triggers. Does it modify the way NCCL establishes connections or selects a transport? If we run with `NCCL_DEBUG=INFO` to get a verbose log, might that both expose the hidden mechanics and potentially resolve the race condition?",Known,Known Unknown,short,6,6,6,pytorch_pytorch,Issue,153960.0,Known,short,,,,,,,,2,2,1
pytorch_pytorch,Issue,153960.0,"What does the device_id do behind the scenes? What does it change with respect to NCCL?
 Can we get a NCCL debug log (NCCL_DEBUG=INFO)? Or does the race go away then?","I'm uncertain about the purpose of the `device_id` flag in NCCL's API. What internal state or configuration does it adjust, and how might that relate to the race we are encountering? Would enabling the NCCL debug environment variable (`NCCL_DEBUG=INFO`) give us enough insight, or could it inadvertently change the timing enough to make the race disappear?",Known,Known Unknown,short,6,6,6,pytorch_pytorch,Issue,153960.0,Known,short,,,,,,,,2,2,1
pytorch_pytorch,Issue,153960.0,"What does the device_id do behind the scenes? What does it change with respect to NCCL?
 Can we get a NCCL debug log (NCCL_DEBUG=INFO)? Or does the race go away then?","What exactly happens under the hood when we set `device_id` for an NCCL communicator? I'm trying to map this to any changes in the underlying communication topology or buffer allocation. Additionally, if we set `NCCL_DEBUG=INFO` to capture a debug log, could that both answer the question and possibly eliminate the race condition we are observing?",Known,Known Unknown,short,6,6,6,pytorch_pytorch,Issue,153960.0,Known,short,,,,,,,,2,2,1
pytorch_pytorch,issue,153960.0,"It would initialize NCCL communicator at that moment, because we know the device id at that moment, instead of delaying the init till the first collective (the traditional pytorch way). To compensate for ""ahead-of-time bill"", it uses NCCL's non-blocking API mode.","The implementation creates the NCCL communicator immediately, since the device ID is already available, rather than postponing the initialization until the first collective operation as PyTorch normally does. By doing this eager setup, it avoids the latency that would otherwise be incurred at runtime. To offset the cost of this early allocation, the code switches to NCCL's non‑blocking API mode.",Knowledge,Knowledge,short,7,7,7,pytorch_pytorch,issue,153960.0,Knowledge,short,,,,,,,,0,0,0
pytorch_pytorch,issue,153960.0,"It would initialize NCCL communicator at that moment, because we know the device id at that moment, instead of delaying the init till the first collective (the traditional pytorch way). To compensate for ""ahead-of-time bill"", it uses NCCL's non-blocking API mode.","Instead of waiting for the first collective call, the system now spins up the NCCL communicator right away because the GPU identifier is known at that point. This proactive initialization replaces the default lazy strategy used by PyTorch. The potential overhead of initializing early is mitigated by employing NCCL's asynchronous, non‑blocking API.",Knowledge,Knowledge,short,7,7,7,pytorch_pytorch,issue,153960.0,Knowledge,short,,,,,,,,0,0,0
pytorch_pytorch,issue,153960.0,"It would initialize NCCL communicator at that moment, because we know the device id at that moment, instead of delaying the init till the first collective (the traditional pytorch way). To compensate for ""ahead-of-time bill"", it uses NCCL's non-blocking API mode.","We trigger the NCCL communicator creation as soon as we have the device ID, rather than deferring it to the first collective operation, which is the conventional PyTorch approach. This eager init eliminates the one‑time delay that would otherwise happen during the first collective. To balance the upfront cost, the code leverages NCCL's non‑blocking API mode.",Knowledge,Knowledge,short,7,7,7,pytorch_pytorch,issue,153960.0,Knowledge,short,,,,,,,,0,0,0
pytorch_pytorch,issue,153960.0,"It would initialize NCCL communicator at that moment, because we know the device id at that moment, instead of delaying the init till the first collective (the traditional pytorch way). To compensate for ""ahead-of-time bill"", it uses NCCL's non-blocking API mode.","Because the device ID is determined at that stage, the NCCL communicator is instantiated immediately instead of being lazily created on the first collective, as PyTorch typically does. This early setup removes the hidden latency at execution time. The extra expense of this “ahead‑of‑time” allocation is compensated by using NCCL's non‑blocking API.",Knowledge,Knowledge,short,7,7,7,pytorch_pytorch,issue,153960.0,Knowledge,short,,,,,,,,0,0,0
pytorch_pytorch,issue,153960.0,"It would initialize NCCL communicator at that moment, because we know the device id at that moment, instead of delaying the init till the first collective (the traditional pytorch way). To compensate for ""ahead-of-time bill"", it uses NCCL's non-blocking API mode.","The design chooses to initialize the NCCL communicator right when the device ID becomes known, bypassing the traditional PyTorch pattern of waiting for the first collective call. This proactive creation avoids the initial synchronization stall. To make up for the early billing of resources, the implementation opts for NCCL's non‑blocking API mode.",Knowledge,Knowledge,short,7,7,7,pytorch_pytorch,issue,153960.0,Knowledge,short,,,,,,,,0,0,0
pytorch_pytorch,issue,153960.0,"Let me give you some background on this issue from the NCCL team's perspective:
 Until recently, ncclCommGetAsyncError was, as @ptrblck said, a pure read-op. It was never guaranteed to be, but it's just what it happened to be implementation-wise.
 This changed in NCCL 2.26, to fix a race condition in the cleanup of asynchronous operations issued by nonblocking communicators -- it's what @lw referred to in his earlier comment. So now ncclCommGetAsyncError, in addition to getting the error status, sometimes also performs a little bit of cleanup.","Here's the background from the NCCL developers: historically, up until the recent release, the function ncclCommGetAsyncError behaved essentially as a read‑only operation. It wasn't formally guaranteed to be read‑only, but that was how it was implemented. Starting with NCCL 2.26 the semantics were altered to also perform a small amount of cleanup, addressing a race condition in the teardown of asynchronous calls from non‑blocking communicators.",Knowledge,Knowledge,short,8,8,8,pytorch_pytorch,issue,153960.0,Knowledge,short,,,,,,,,0,0,0
pytorch_pytorch,issue,153960.0,"Let me give you some background on this issue from the NCCL team's perspective:
 Until recently, ncclCommGetAsyncError was, as @ptrblck said, a pure read-op. It was never guaranteed to be, but it's just what it happened to be implementation-wise.
 This changed in NCCL 2.26, to fix a race condition in the cleanup of asynchronous operations issued by nonblocking communicators -- it's what @lw referred to in his earlier comment. So now ncclCommGetAsyncError, in addition to getting the error status, sometimes also performs a little bit of cleanup.","To understand why ncclCommGetAsyncError now does more than just return a status, consider the NCCL team's notes: before version 2.26 the routine was effectively a pure getter, even though the spec never promised that. The change introduced in NCCL 2.26 adds a cleanup step to resolve a race that could occur when non‑blocking communicators finished their work. Consequently, the call may modify internal state while still reporting the error code.",Knowledge,Knowledge,short,8,8,8,pytorch_pytorch,issue,153960.0,Knowledge,short,,,,,,,,0,0,0
pytorch_pytorch,issue,153960.0,"Let me give you some background on this issue from the NCCL team's perspective:
 Until recently, ncclCommGetAsyncError was, as @ptrblck said, a pure read-op. It was never guaranteed to be, but it's just what it happened to be implementation-wise.
 This changed in NCCL 2.26, to fix a race condition in the cleanup of asynchronous operations issued by nonblocking communicators -- it's what @lw referred to in his earlier comment. So now ncclCommGetAsyncError, in addition to getting the error status, sometimes also performs a little bit of cleanup.","From the perspective of the NCCL maintainers, the behavior of ncclCommGetAsyncError evolved over time. In earlier releases it acted as a simple read‑only query, despite the lack of an explicit guarantee. The NCCL 2.26 update introduced a side‑effect – a tiny cleanup routine – to fix a race condition that appeared during the finalization of asynchronous operations on non‑blocking communicators.",Knowledge,Knowledge,short,8,8,8,pytorch_pytorch,issue,153960.0,Knowledge,short,,,,,,,,0,0,0
pytorch_pytorch,issue,153960.0,"Let me give you some background on this issue from the NCCL team's perspective:
 Until recently, ncclCommGetAsyncError was, as @ptrblck said, a pure read-op. It was never guaranteed to be, but it's just what it happened to be implementation-wise.
 This changed in NCCL 2.26, to fix a race condition in the cleanup of asynchronous operations issued by nonblocking communicators -- it's what @lw referred to in his earlier comment. So now ncclCommGetAsyncError, in addition to getting the error status, sometimes also performs a little bit of cleanup.","The NCCL team clarified that ncclCommGetAsyncError used to be just a read operation, even though the API never formally required it to be. With the release of NCCL 2.26, the function was modified to also perform a bit of internal cleanup, a change motivated by a race condition in the cleanup path of non‑blocking communicators. This means the call can now affect internal state while still returning the error status.",Knowledge,Knowledge,short,8,8,8,pytorch_pytorch,issue,153960.0,Knowledge,short,,,,,,,,0,0,0
pytorch_pytorch,issue,153960.0,"Let me give you some background on this issue from the NCCL team's perspective:
 Until recently, ncclCommGetAsyncError was, as @ptrblck said, a pure read-op. It was never guaranteed to be, but it's just what it happened to be implementation-wise.
 This changed in NCCL 2.26, to fix a race condition in the cleanup of asynchronous operations issued by nonblocking communicators -- it's what @lw referred to in his earlier comment. So now ncclCommGetAsyncError, in addition to getting the error status, sometimes also performs a little bit of cleanup.","According to the NCCL developers, the original implementation of ncclCommGetAsyncError was effectively a pure read, though the documentation never made that a guarantee. In NCCL 2.26 they altered the function to incorporate a small cleanup step, fixing a race that could occur when asynchronous operations from non‑blocking communicators were being torn down. As a result, the API now sometimes does more than just fetch the error code.",Knowledge,Knowledge,short,8,8,8,pytorch_pytorch,issue,153960.0,Knowledge,short,,,,,,,,0,0,0
pytorch_pytorch,Issue,153955.0,"I've been trying to export a pytorch decoder layer of a command pipeline to onnx to run a deployment environment that supports onnxruntime-gpu but I had been unsuccessful. I've tried breaking it down into specifically just the autoregressive components.
 I’m trying to export a simplified “step‐by‐step” decoder (a single–step pass through nn.TransformerDecoder) to ONNX with fully dynamic sequence lengths, but I keep hitting a runtime reshape failure when I feed in shorter sequences than my dummy export shape.","I've been attempting to convert a PyTorch TransformerDecoder block into an ONNX model for a GPU‑enabled runtime, but nothing seems to work. I stripped the pipeline down to just the autoregressive step and even set the export shape to be fully dynamic. Yet whenever I feed a sequence shorter than the dummy size, the exported graph throws a reshape error at runtime. I have no idea why this happens.",Unknown,Unknown Unknown,short,9,9,9,pytorch_pytorch,Issue,153955.0,Unknown,short,,,,,,,,1,1,1
pytorch_pytorch,Issue,153955.0,"I've been trying to export a pytorch decoder layer of a command pipeline to onnx to run a deployment environment that supports onnxruntime-gpu but I had been unsuccessful. I've tried breaking it down into specifically just the autoregressive components.
 I’m trying to export a simplified “step‐by‐step” decoder (a single–step pass through nn.TransformerDecoder) to ONNX with fully dynamic sequence lengths, but I keep hitting a runtime reshape failure when I feed in shorter sequences than my dummy export shape.","Trying to get a single‑step decoder from a PyTorch command pipeline into ONNX for onnxruntime‑gpu has been a dead end so far. I isolated the autoregressive part, exported with dynamic axes, and tested with a dummy input of a certain length. When I provide a real input that is shorter, the model crashes with a reshape failure. I'm completely stumped about the cause.",Unknown,Unknown Unknown,short,9,9,9,pytorch_pytorch,Issue,153955.0,Unknown,short,,,,,,,,1,1,1
pytorch_pytorch,Issue,153955.0,"I've been trying to export a pytorch decoder layer of a command pipeline to onnx to run a deployment environment that supports onnxruntime-gpu but I had been unsuccessful. I've tried breaking it down into specifically just the autoregressive components.
 I’m trying to export a simplified “step‐by‐step” decoder (a single–step pass through nn.TransformerDecoder) to ONNX with fully dynamic sequence lengths, but I keep hitting a runtime reshape failure when I feed in shorter sequences than my dummy export shape.","My goal is to export a minimal decoder—essentially one forward pass through nn.TransformerDecoder—to ONNX with fully dynamic sequence dimensions, so it can run on a GPU‑based ONNX runtime. I reduced the original pipeline to just the autoregressive component and used a dummy export shape, but feeding in a shorter sequence triggers a reshape exception at inference time. I can't pinpoint what's going wrong.",Unknown,Unknown Unknown,short,9,9,9,pytorch_pytorch,Issue,153955.0,Unknown,short,,,,,,,,1,1,1
pytorch_pytorch,Issue,153955.0,"I've been trying to export a pytorch decoder layer of a command pipeline to onnx to run a deployment environment that supports onnxruntime-gpu but I had been unsuccessful. I've tried breaking it down into specifically just the autoregressive components.
 I’m trying to export a simplified “step‐by‐step” decoder (a single–step pass through nn.TransformerDecoder) to ONNX with fully dynamic sequence lengths, but I keep hitting a runtime reshape failure when I feed in shorter sequences than my dummy export shape.","I've been working on exporting a PyTorch decoder layer from a command pipeline to ONNX, targeting an environment that only supports onnxruntime‑gpu. After simplifying the model to just the step‑by‑step autoregressive part and enabling dynamic sequence lengths, the exported model fails with a reshape error whenever the input sequence is shorter than the placeholder shape used during export. I have no clue why this mismatch occurs.",Unknown,Unknown Unknown,short,9,9,9,pytorch_pytorch,Issue,153955.0,Unknown,short,,,,,,,,1,1,1
pytorch_pytorch,Issue,153955.0,"I've been trying to export a pytorch decoder layer of a command pipeline to onnx to run a deployment environment that supports onnxruntime-gpu but I had been unsuccessful. I've tried breaking it down into specifically just the autoregressive components.
 I’m trying to export a simplified “step‐by‐step” decoder (a single–step pass through nn.TransformerDecoder) to ONNX with fully dynamic sequence lengths, but I keep hitting a runtime reshape failure when I feed in shorter sequences than my dummy export shape.","Exporting a single‑step TransformerDecoder from PyTorch to ONNX for GPU inference has proven impossible for me so far. I broke the original pipeline down to the bare autoregressive logic and set all axes to be dynamic, but as soon as I run the ONNX model with a sequence length smaller than the dummy export length, it crashes on a reshape operation. I don't understand the root of this failure.",Unknown,Unknown Unknown,short,9,9,9,pytorch_pytorch,Issue,153955.0,Unknown,short,,,,,,,,1,1,1
pytorch_pytorch,Issue,153955.0,"You would need to specify dynamic_shapes/dynamic_axes explicitly.
 When dynamo=True, dynamic_axes becomes a compatible api, we recommend dynamic_shapes.","In order to get the exporter to understand variable‑size tensors you have to declare either dynamic_shapes or dynamic_axes yourself. Setting dynamo=True switches the exporter to use the dynamic_axes interface, but the preferred way is to use dynamic_shapes. So make sure you pass the appropriate argument when calling export.",Knowledge,Knowledge,short,10,10,10,pytorch_pytorch,Issue,153955.0,Knowledge,short,,,,,,,,0,0,0
pytorch_pytorch,Issue,153955.0,"You would need to specify dynamic_shapes/dynamic_axes explicitly.
 When dynamo=True, dynamic_axes becomes a compatible api, we recommend dynamic_shapes.","When you enable Dynamo by passing dynamo=True, the exporter falls back to a dynamic_axes compatible API. However, you still need to explicitly provide the shape information via the dynamic_shapes or dynamic_axes parameters. Our recommendation is to use dynamic_shapes because it offers a more consistent experience.",Knowledge,Knowledge,short,10,10,10,pytorch_pytorch,Issue,153955.0,Knowledge,short,,,,,,,,0,0,0
pytorch_pytorch,Issue,153955.0,"You would need to specify dynamic_shapes/dynamic_axes explicitly.
 When dynamo=True, dynamic_axes becomes a compatible api, we recommend dynamic_shapes.","Explicitly defining dynamic_shapes (or its older counterpart dynamic_axes) is required for models that have variable dimensions. If you turn on Dynamo with dynamo=True, the library will map dynamic_axes to the new API, but we advise using dynamic_shapes directly. This ensures that the tracing step captures the correct shape semantics.",Knowledge,Knowledge,short,10,10,10,pytorch_pytorch,Issue,153955.0,Knowledge,short,,,,,,,,0,0,0
pytorch_pytorch,Issue,153955.0,"You would need to specify dynamic_shapes/dynamic_axes explicitly.
 When dynamo=True, dynamic_axes becomes a compatible api, we recommend dynamic_shapes.","To handle tensors whose dimensions change at runtime you must pass a dynamic_shapes or dynamic_axes mapping to the export function. The flag dynamo=True makes dynamic_axes act as a backward‑compatible shim, yet the documentation suggests preferring dynamic_shapes. Therefore, add the appropriate mapping to avoid shape‑related errors.",Knowledge,Knowledge,short,10,10,10,pytorch_pytorch,Issue,153955.0,Knowledge,short,,,,,,,,0,0,0
pytorch_pytorch,Issue,153955.0,"You would need to specify dynamic_shapes/dynamic_axes explicitly.
 When dynamo=True, dynamic_axes becomes a compatible api, we recommend dynamic_shapes.","The exporter cannot infer variable dimensions automatically; you have to supply them via the dynamic_shapes or dynamic_axes arguments. When you set dynamo=True, dynamic_axes is interpreted through the dynamic_shapes pathway, but the recommended practice is to specify dynamic_shapes explicitly. Doing so will make the exported model respect the intended dynamic behavior.",Knowledge,Knowledge,short,10,10,10,pytorch_pytorch,Issue,153955.0,Knowledge,short,,,,,,,,0,0,0
pytorch_pytorch,issue,21819.0,I met a strange illegal memory access error. It happens randomly without any regular pattern.,"I'm encountering an illegal memory access crash that seems to appear out of nowhere. The fault occurs at different points in the program each time I run it, with no discernible pattern. I have no idea what could be triggering this nondeterministic behavior.",Unknown,Unknown Unknown,short,11,11,11,pytorch_pytorch,issue,21819.0,Unknown,short,,,,,,,,1,1,1
pytorch_pytorch,issue,21819.0,I met a strange illegal memory access error. It happens randomly without any regular pattern.,"During testing I got a segmentation fault reporting an illegal memory access, but it only shows up sporadically. One run might finish fine, while the next one crashes at a completely different function call. I can't pinpoint any condition that would cause it, so I'm left completely clueless.",Unknown,Unknown Unknown,short,11,11,11,pytorch_pytorch,issue,21819.0,Unknown,short,,,,,,,,1,1,1
pytorch_pytorch,issue,21819.0,I met a strange illegal memory access error. It happens randomly without any regular pattern.,"Our application sometimes throws an ""illegal memory access"" exception, yet the stack trace changes on each occurrence. There is no repeatable sequence of inputs that reproduces the problem, making it feel like pure randomness. I have no insight into why this is happening.",Unknown,Unknown Unknown,short,11,11,11,pytorch_pytorch,issue,21819.0,Unknown,short,,,,,,,,1,1,1
pytorch_pytorch,issue,21819.0,I met a strange illegal memory access error. It happens randomly without any regular pattern.,"I've observed a random illegal memory access error popping up in the logs, but it doesn't follow any timing or code path I can identify. Sometimes it happens during initialization, other times deep inside a worker thread. I have no explanation for this erratic failure.",Unknown,Unknown Unknown,short,11,11,11,pytorch_pytorch,issue,21819.0,Unknown,short,,,,,,,,1,1,1
pytorch_pytorch,issue,21819.0,I met a strange illegal memory access error. It happens randomly without any regular pattern.,"The program occasionally aborts with a low‑level illegal memory access, yet the crash location varies wildly between executions. There is no obvious correlation with the data being processed or the environment. I'm completely at a loss as to what could be causing such unpredictable crashes.",Unknown,Unknown Unknown,short,11,11,11,pytorch_pytorch,issue,21819.0,Unknown,short,,,,,,,,1,1,1
pytorch_pytorch,issue,21819.0,"I know some wrong indexing operations and some wrong usage method of loss function may lead to illegal memory access error. But in this script, there is no such kind of operation. I am quite sure this error is not because of out of memory since only about 2G GPU memory is used, and I have totally 12G GPU memory.","From my experience, illegal memory accesses often stem from incorrect tensor indexing or misuse of a loss function, but the current script contains none of those patterns. I've profiled the GPU usage and it stays around 2 GB, far below the 12 GB available on the device. Therefore I'm confident the crash isn’t caused by an out‑of‑memory condition.",Knowledge,Knowledge,short,12,12,12,pytorch_pytorch,issue,21819.0,Knowledge,short,,,,,,,,0,0,0
pytorch_pytorch,issue,21819.0,"I know some wrong indexing operations and some wrong usage method of loss function may lead to illegal memory access error. But in this script, there is no such kind of operation. I am quite sure this error is not because of out of memory since only about 2G GPU memory is used, and I have totally 12G GPU memory.","I’m aware that faulty slice indices or calling a loss routine with the wrong shape can trigger illegal memory reads, yet the code shown doesn’t perform any such operations. Monitoring tools report roughly 2 GB of VRAM consumption, while the card has 12 GB total. Consequently, I can rule out OOM as the source of the error.",Knowledge,Knowledge,short,12,12,12,pytorch_pytorch,issue,21819.0,Knowledge,short,,,,,,,,0,0,0
pytorch_pytorch,issue,21819.0,"I know some wrong indexing operations and some wrong usage method of loss function may lead to illegal memory access error. But in this script, there is no such kind of operation. I am quite sure this error is not because of out of memory since only about 2G GPU memory is used, and I have totally 12G GPU memory.","Typically, illegal memory access errors arise from bad indexing or an inappropriate loss‑function call, but a review of this script reveals no such mistakes. The GPU memory footprint hovers at about 2 GB, well under the 12 GB capacity. Hence I’m certain the failure isn’t due to memory exhaustion.",Knowledge,Knowledge,short,12,12,12,pytorch_pytorch,issue,21819.0,Knowledge,short,,,,,,,,0,0,0
pytorch_pytorch,issue,21819.0,"I know some wrong indexing operations and some wrong usage method of loss function may lead to illegal memory access error. But in this script, there is no such kind of operation. I am quite sure this error is not because of out of memory since only about 2G GPU memory is used, and I have totally 12G GPU memory.","I know that mis‑indexed tensors or passing incorrectly shaped tensors to a loss can cause illegal memory accesses, yet none of those constructs appear in the provided code. The process only occupies roughly 2 GB of GPU RAM, leaving plenty of headroom on a 12 GB card. So I’m convinced the problem isn’t an out‑of‑memory issue.",Knowledge,Knowledge,short,12,12,12,pytorch_pytorch,issue,21819.0,Knowledge,short,,,,,,,,0,0,0
pytorch_pytorch,issue,21819.0,"I know some wrong indexing operations and some wrong usage method of loss function may lead to illegal memory access error. But in this script, there is no such kind of operation. I am quite sure this error is not because of out of memory since only about 2G GPU memory is used, and I have totally 12G GPU memory.","Illegal memory access bugs are often traced back to erroneous indexing or improper loss usage, but this particular script doesn’t contain any of those pitfalls. GPU profiling shows a steady usage of about 2 GB, far below the 12 GB available. For that reason I’m pretty sure the error isn’t caused by running out of memory.",Knowledge,Knowledge,short,12,12,12,pytorch_pytorch,issue,21819.0,Knowledge,short,,,,,,,,0,0,0
pytorch_pytorch,issue,21819.0,I solved by CUDA_LAUNCH_BLOCKING=1.,"The race condition disappeared once I exported CUDA_LAUNCH_BLOCKING=1 before running the script. By forcing synchronous kernel launches, the stack trace aligned with the source of the crash. This change made the debugging process straightforward and resolved the original failure.",Knowledge,Knowledge,short,13,13,13,pytorch_pytorch,issue,21819.0,Knowledge,short,,,,,,,,0,0,0
pytorch_pytorch,issue,21819.0,I solved by CUDA_LAUNCH_BLOCKING=1.,"I was able to fix the intermittent segmentation fault by setting the environment variable CUDA_LAUNCH_BLOCKING to 1. With synchronous execution of all CUDA kernels, the offending operation was identified and the code behaved deterministically. After this adjustment the program runs without errors.",Knowledge,Knowledge,short,13,13,13,pytorch_pytorch,issue,21819.0,Knowledge,short,,,,,,,,0,0,0
pytorch_pytorch,issue,21819.0,I solved by CUDA_LAUNCH_BLOCKING=1.,"Applying CUDA_LAUNCH_BLOCKING=1 solved the mysterious deadlock I was encountering in my PyTorch training loop. The environment variable forces each kernel to complete before the next one starts, which exposed the underlying misuse of streams. Once enabled, the deadlock vanished and the training proceeds normally.",Knowledge,Knowledge,short,13,13,13,pytorch_pytorch,issue,21819.0,Knowledge,short,,,,,,,,0,0,0
pytorch_pytorch,issue,21819.0,I solved by CUDA_LAUNCH_BLOCKING=1.,"The issue with the unexpected CUDA error was resolved simply by exporting CUDA_LAUNCH_BLOCKING=1. This forces all CUDA calls to be blocking, turning asynchronous failures into immediate exceptions that can be caught. After enabling this flag, the error no longer occurs and the code executes as expected.",Knowledge,Knowledge,short,13,13,13,pytorch_pytorch,issue,21819.0,Knowledge,short,,,,,,,,0,0,0
pytorch_pytorch,issue,21819.0,I solved by CUDA_LAUNCH_BLOCKING=1.,"I discovered that setting CUDA_LAUNCH_BLOCKING=1 eliminates the race condition causing the incorrect results in my custom CUDA kernel. By making kernel launches synchronous, the timing problem disappears and the output matches the CPU reference. This environment tweak fully resolves the problem.",Knowledge,Knowledge,short,13,13,13,pytorch_pytorch,issue,21819.0,Knowledge,short,,,,,,,,0,0,0
pytorch_pytorch,Issue,21819.0,"It looks like pytorch-2.x. need some hostcall, that hostcall need PCIe Atomic feature, So if we can find where the hostcall, and remove them. Maybe we can use pytorch-2.x without PCIe3 Atomic requirement?","From what I can tell, PyTorch 2.x seems to rely on a host‑call mechanism that in turn requires PCIe atomic operations. I'm not sure exactly where that host‑call is injected in the runtime, but if we could locate and strip it out, perhaps we could run PyTorch 2.x without needing PCIe 3 atomic support. Does anyone know which part of the codebase introduces this host‑call?",Known,Known Unknown,short,14,14,14,pytorch_pytorch,Issue,21819.0,Known,short,,,,,,,,2,2,1
pytorch_pytorch,Issue,21819.0,"It looks like pytorch-2.x. need some hostcall, that hostcall need PCIe Atomic feature, So if we can find where the hostcall, and remove them. Maybe we can use pytorch-2.x without PCIe3 Atomic requirement?","It appears that the newer PyTorch releases make a host‑call that depends on PCIe atomic features. The exact location of that host‑call is unclear to me, and I wonder whether removing it would allow the library to operate on systems lacking PCIe 3 atomic capabilities. Can someone point out where this host‑call is implemented?",Known,Known Unknown,short,14,14,14,pytorch_pytorch,Issue,21819.0,Known,short,,,,,,,,2,2,1
pytorch_pytorch,Issue,21819.0,"It looks like pytorch-2.x. need some hostcall, that hostcall need PCIe Atomic feature, So if we can find where the hostcall, and remove them. Maybe we can use pytorch-2.x without PCIe3 Atomic requirement?","I've noticed that PyTorch 2.x seems to invoke a host‑call which mandates PCIe atomic functionality. If we could identify the source of that host‑call and eliminate it, maybe the framework could run without the PCIe 3 atomic requirement. Is there any documentation or source reference that shows where this host‑call is made?",Known,Known Unknown,short,14,14,14,pytorch_pytorch,Issue,21819.0,Known,short,,,,,,,,2,2,1
pytorch_pytorch,Issue,21819.0,"It looks like pytorch-2.x. need some hostcall, that hostcall need PCIe Atomic feature, So if we can find where the hostcall, and remove them. Maybe we can use pytorch-2.x without PCIe3 Atomic requirement?","The current PyTorch 2.x build appears to embed a host‑call that pulls in PCIe atomic support. I'm uncertain whether this is hard‑coded or optional, but if we can find the host‑call in the source and disable it, we might avoid needing PCIe 3 atomic features altogether. Does anyone have insight into where this host‑call lives in the code?",Known,Known Unknown,short,14,14,14,pytorch_pytorch,Issue,21819.0,Known,short,,,,,,,,2,2,1
pytorch_pytorch,Issue,21819.0,"It looks like pytorch-2.x. need some hostcall, that hostcall need PCIe Atomic feature, So if we can find where the hostcall, and remove them. Maybe we can use pytorch-2.x without PCIe3 Atomic requirement?","It seems that PyTorch 2.x requires a host‑call which in turn needs PCIe atomic operations. I'm not sure where that host‑call is triggered, but if we could locate and remove it, perhaps the library would no longer depend on PCIe 3 atomic capabilities. Could anyone share where this host‑call is defined or how to bypass it?",Known,Known Unknown,short,14,14,14,pytorch_pytorch,Issue,21819.0,Known,short,,,,,,,,2,2,1
pytorch_pytorch,issue,21819.0,"Yes, for the hostcall with atomics issue, changing the motherboard with PCIe atomics support is a viable solution.","Indeed, the hostcall problem that stems from missing atomic operations can be resolved by swapping in a motherboard that supports PCIe atomics. Once the new board is installed, the hostcall code runs without the previous synchronization errors. This hardware upgrade is a practical fix for the issue.",Knowledge,Knowledge,short,15,15,15,pytorch_pytorch,issue,21819.0,Knowledge,short,,,,,,,,0,0,0
pytorch_pytorch,issue,21819.0,"Yes, for the hostcall with atomics issue, changing the motherboard with PCIe atomics support is a viable solution.","The root cause of the hostcall failure is the lack of PCIe atomic support on the current platform. Replacing the system board with a model that implements PCIe atomics eliminates the problem entirely. After the upgrade, the hostcall executes correctly and no further atomic-related crashes are observed.",Knowledge,Knowledge,short,15,15,15,pytorch_pytorch,issue,21819.0,Knowledge,short,,,,,,,,0,0,0
pytorch_pytorch,issue,21819.0,"Yes, for the hostcall with atomics issue, changing the motherboard with PCIe atomics support is a viable solution.","A straightforward remedy for the hostcall‑with‑atomics bug is to move to a motherboard that provides native PCIe atomic instructions. With the appropriate hardware in place, the hostcall no longer encounters the race conditions that were previously observed. This change has proven to be an effective solution in our tests.",Knowledge,Knowledge,short,15,15,15,pytorch_pytorch,issue,21819.0,Knowledge,short,,,,,,,,0,0,0
pytorch_pytorch,issue,21819.0,"Yes, for the hostcall with atomics issue, changing the motherboard with PCIe atomics support is a viable solution.","Yes, addressing the hostcall atomicity issue simply requires hardware that can handle PCIe atomics. Installing a newer motherboard that includes this capability resolves the synchronization faults. After the hardware swap, the hostcall runs smoothly and the earlier errors disappear.",Knowledge,Knowledge,short,15,15,15,pytorch_pytorch,issue,21819.0,Knowledge,short,,,,,,,,0,0,0
pytorch_pytorch,issue,21819.0,"Yes, for the hostcall with atomics issue, changing the motherboard with PCIe atomics support is a viable solution.","The hostcall error is directly tied to the absence of PCIe atomic support on the existing board. Upgrading to a motherboard that offers full PCIe atomic functionality fixes the problem without needing code changes. Post‑upgrade, the hostcall behaves as expected and the atomic operations succeed.",Knowledge,Knowledge,short,15,15,15,pytorch_pytorch,issue,21819.0,Knowledge,short,,,,,,,,0,0,0
pytorch_pytorch,Issue,21819.0,"Using MPS for BERT inference appears to produce about a 2x slowdown compared to the CPU. Here is code to reproduce the issue:
 # MPS Version
 from transformers import AutoTokenizer, BertForSequenceClassification
 import timeit
 import torch
 

 tokenizer = AutoTokenizer.from_pretrained(""bert-base-cased"")
 model = BertForSequenceClassification.from_pretrained(""bert-base-cased"").to(torch.device(""mps""))
 

 tokens = tokenizer.tokenize(""Hello world, this is michael!"")
 tids = tokenizer.convert_tokens_to_ids(tokens)
 with torch.no_grad():
  t_tids = torch.tensor([tids]*64, device=torch.device(""mps""))
  res = timeit.timeit(lambda: model(input_ids=t_tids), number=100)
 print(res)
 

 torch.backends.mps.is_available() reports True as expected.
 I chose a batch size of 64, since that was mentioned on the blog post for the ~5x speedup in Huggingface BERT.
 Running this benchmark, swapping ""mps"" and ""cpu"" for the devices, I get:
 CPU 18.38 s
 MPS 36.00 s
 And, for comparison, running this same snippet on an A10G using CUDA 11.6 on an AWS g5.xlarge instance (ubuntu 20.04, pytorch 1.11.0 compiled from source), I get:
 CUDA 0.82 s
 I used the no_grad() construction due to the comment mentioned on #77753.
 I used today's nightly build. Furthermore, I also built PyTorch from source and observed no differences on the results here. Lastly, I confirmed with Activity Monitor and powermetrics that the GPU is in fact being used, seeing GPU usage at 98.8%, GPU power spike to 15711 mW when running the MPS benchmark, and CPU power spiking as expected when running the CPU benchmark.
 So it does seem like things are ""hooked up"" right, just not efficient.
 As a side note, when building PyTorch from source, I observed in the CMake logs that Accelerate.framework was selected as the BLAS library, but sadly I didn't observe any power consumption by the ANE module, which is too bad.","I've been testing BERT inference on the Apple MPS backend and it consistently runs about twice as slow as the same model on the CPU. The benchmark uses a batch size of 64, matching the Hugging Face blog's recommendation for a 5× speedup, yet I see ~36 s on MPS versus ~18 s on CPU. I verified that the GPU is fully utilized, so I'm not sure whether this slowdown is a limitation of the MPS driver or a bug in PyTorch's MPS implementation.",Known,Known Unknown,long,16,16,16,pytorch_pytorch,Issue,21819.0,Known,long,,,,,,,,2,2,1
pytorch_pytorch,Issue,21819.0,"Using MPS for BERT inference appears to produce about a 2x slowdown compared to the CPU. Here is code to reproduce the issue:
 # MPS Version
 from transformers import AutoTokenizer, BertForSequenceClassification
 import timeit
 import torch
 

 tokenizer = AutoTokenizer.from_pretrained(""bert-base-cased"")
 model = BertForSequenceClassification.from_pretrained(""bert-base-cased"").to(torch.device(""mps""))
 

 tokens = tokenizer.tokenize(""Hello world, this is michael!"")
 tids = tokenizer.convert_tokens_to_ids(tokens)
 with torch.no_grad():
  t_tids = torch.tensor([tids]*64, device=torch.device(""mps""))
  res = timeit.timeit(lambda: model(input_ids=t_tids), number=100)
 print(res)
 

 torch.backends.mps.is_available() reports True as expected.
 I chose a batch size of 64, since that was mentioned on the blog post for the ~5x speedup in Huggingface BERT.
 Running this benchmark, swapping ""mps"" and ""cpu"" for the devices, I get:
 CPU 18.38 s
 MPS 36.00 s
 And, for comparison, running this same snippet on an A10G using CUDA 11.6 on an AWS g5.xlarge instance (ubuntu 20.04, pytorch 1.11.0 compiled from source), I get:
 CUDA 0.82 s
 I used the no_grad() construction due to the comment mentioned on #77753.
 I used today's nightly build. Furthermore, I also built PyTorch from source and observed no differences on the results here. Lastly, I confirmed with Activity Monitor and powermetrics that the GPU is in fact being used, seeing GPU usage at 98.8%, GPU power spike to 15711 mW when running the MPS benchmark, and CPU power spiking as expected when running the CPU benchmark.
 So it does seem like things are ""hooked up"" right, just not efficient.
 As a side note, when building PyTorch from source, I observed in the CMake logs that Accelerate.framework was selected as the BLAS library, but sadly I didn't observe any power consumption by the ANE module, which is too bad.","Running a simple BERT‑for‑sequence‑classification script on an MPS device yields roughly a 2× performance penalty compared to the CPU, even though the hardware shows near‑full utilization. I followed the example from the Hugging Face blog, using a batch of 64 and disabling gradients, but the timing comes out to about 36 seconds on MPS versus 18 seconds on the CPU. I'm left wondering if there's something wrong with the MPS backend or if I’m missing an optimization step.",Known,Known Unknown,long,16,16,16,pytorch_pytorch,Issue,21819.0,Known,long,,,,,,,,2,2,1
pytorch_pytorch,Issue,21819.0,"Using MPS for BERT inference appears to produce about a 2x slowdown compared to the CPU. Here is code to reproduce the issue:
 # MPS Version
 from transformers import AutoTokenizer, BertForSequenceClassification
 import timeit
 import torch
 

 tokenizer = AutoTokenizer.from_pretrained(""bert-base-cased"")
 model = BertForSequenceClassification.from_pretrained(""bert-base-cased"").to(torch.device(""mps""))
 

 tokens = tokenizer.tokenize(""Hello world, this is michael!"")
 tids = tokenizer.convert_tokens_to_ids(tokens)
 with torch.no_grad():
  t_tids = torch.tensor([tids]*64, device=torch.device(""mps""))
  res = timeit.timeit(lambda: model(input_ids=t_tids), number=100)
 print(res)
 

 torch.backends.mps.is_available() reports True as expected.
 I chose a batch size of 64, since that was mentioned on the blog post for the ~5x speedup in Huggingface BERT.
 Running this benchmark, swapping ""mps"" and ""cpu"" for the devices, I get:
 CPU 18.38 s
 MPS 36.00 s
 And, for comparison, running this same snippet on an A10G using CUDA 11.6 on an AWS g5.xlarge instance (ubuntu 20.04, pytorch 1.11.0 compiled from source), I get:
 CUDA 0.82 s
 I used the no_grad() construction due to the comment mentioned on #77753.
 I used today's nightly build. Furthermore, I also built PyTorch from source and observed no differences on the results here. Lastly, I confirmed with Activity Monitor and powermetrics that the GPU is in fact being used, seeing GPU usage at 98.8%, GPU power spike to 15711 mW when running the MPS benchmark, and CPU power spiking as expected when running the CPU benchmark.
 So it does seem like things are ""hooked up"" right, just not efficient.
 As a side note, when building PyTorch from source, I observed in the CMake logs that Accelerate.framework was selected as the BLAS library, but sadly I didn't observe any power consumption by the ANE module, which is too bad.","When I switch the device from ""cpu"" to ""mps"" for BERT inference, the runtime doubles (36 s vs 18 s) despite the GPU being active at 98 % and power spikes indicating work is being done. The code mirrors the Hugging Face recommendation for a 5× speedup with batch size 64, yet the MPS path is slower than the CPU and far slower than CUDA on an A10G (0.8 s). I don't know whether this is a known limitation of MPS, a configuration issue, or a regression in the nightly PyTorch build.",Known,Known Unknown,long,16,16,16,pytorch_pytorch,Issue,21819.0,Known,long,,,,,,,,2,2,1
pytorch_pytorch,Issue,21819.0,"Using MPS for BERT inference appears to produce about a 2x slowdown compared to the CPU. Here is code to reproduce the issue:
 # MPS Version
 from transformers import AutoTokenizer, BertForSequenceClassification
 import timeit
 import torch
 

 tokenizer = AutoTokenizer.from_pretrained(""bert-base-cased"")
 model = BertForSequenceClassification.from_pretrained(""bert-base-cased"").to(torch.device(""mps""))
 

 tokens = tokenizer.tokenize(""Hello world, this is michael!"")
 tids = tokenizer.convert_tokens_to_ids(tokens)
 with torch.no_grad():
  t_tids = torch.tensor([tids]*64, device=torch.device(""mps""))
  res = timeit.timeit(lambda: model(input_ids=t_tids), number=100)
 print(res)
 

 torch.backends.mps.is_available() reports True as expected.
 I chose a batch size of 64, since that was mentioned on the blog post for the ~5x speedup in Huggingface BERT.
 Running this benchmark, swapping ""mps"" and ""cpu"" for the devices, I get:
 CPU 18.38 s
 MPS 36.00 s
 And, for comparison, running this same snippet on an A10G using CUDA 11.6 on an AWS g5.xlarge instance (ubuntu 20.04, pytorch 1.11.0 compiled from source), I get:
 CUDA 0.82 s
 I used the no_grad() construction due to the comment mentioned on #77753.
 I used today's nightly build. Furthermore, I also built PyTorch from source and observed no differences on the results here. Lastly, I confirmed with Activity Monitor and powermetrics that the GPU is in fact being used, seeing GPU usage at 98.8%, GPU power spike to 15711 mW when running the MPS benchmark, and CPU power spiking as expected when running the CPU benchmark.
 So it does seem like things are ""hooked up"" right, just not efficient.
 As a side note, when building PyTorch from source, I observed in the CMake logs that Accelerate.framework was selected as the BLAS library, but sadly I didn't observe any power consumption by the ANE module, which is too bad.","My benchmark of BERT on the MPS backend shows a surprising 2× slowdown relative to the same model on the CPU, even though the GPU usage metrics look correct. I used the same tokenization and batch size (64) as suggested in the Hugging Face blog, and I also confirmed that the same code runs in under a second on an AWS g5.xlarge with CUDA. The cause of the MPS inefficiency is unclear—perhaps it's a missing BLAS optimization or a bug in the current PyTorch release.",Known,Known Unknown,long,16,16,16,pytorch_pytorch,Issue,21819.0,Known,long,,,,,,,,2,2,1
pytorch_pytorch,Issue,21819.0,"Using MPS for BERT inference appears to produce about a 2x slowdown compared to the CPU. Here is code to reproduce the issue:
 # MPS Version
 from transformers import AutoTokenizer, BertForSequenceClassification
 import timeit
 import torch
 

 tokenizer = AutoTokenizer.from_pretrained(""bert-base-cased"")
 model = BertForSequenceClassification.from_pretrained(""bert-base-cased"").to(torch.device(""mps""))
 

 tokens = tokenizer.tokenize(""Hello world, this is michael!"")
 tids = tokenizer.convert_tokens_to_ids(tokens)
 with torch.no_grad():
  t_tids = torch.tensor([tids]*64, device=torch.device(""mps""))
  res = timeit.timeit(lambda: model(input_ids=t_tids), number=100)
 print(res)
 

 torch.backends.mps.is_available() reports True as expected.
 I chose a batch size of 64, since that was mentioned on the blog post for the ~5x speedup in Huggingface BERT.
 Running this benchmark, swapping ""mps"" and ""cpu"" for the devices, I get:
 CPU 18.38 s
 MPS 36.00 s
 And, for comparison, running this same snippet on an A10G using CUDA 11.6 on an AWS g5.xlarge instance (ubuntu 20.04, pytorch 1.11.0 compiled from source), I get:
 CUDA 0.82 s
 I used the no_grad() construction due to the comment mentioned on #77753.
 I used today's nightly build. Furthermore, I also built PyTorch from source and observed no differences on the results here. Lastly, I confirmed with Activity Monitor and powermetrics that the GPU is in fact being used, seeing GPU usage at 98.8%, GPU power spike to 15711 mW when running the MPS benchmark, and CPU power spiking as expected when running the CPU benchmark.
 So it does seem like things are ""hooked up"" right, just not efficient.
 As a side note, when building PyTorch from source, I observed in the CMake logs that Accelerate.framework was selected as the BLAS library, but sadly I didn't observe any power consumption by the ANE module, which is too bad.","I observed that executing `model(input_ids=t_tids)` on an MPS device takes about 36 seconds for 100 runs, while the identical workload on the CPU finishes in roughly 18 seconds. All other factors are identical: batch size 64, no_grad context, and the GPU shows high utilization and power draw. At this point I’m uncertain if this slowdown is expected behavior for MPS, a misconfiguration, or an issue that needs to be reported to the PyTorch team.",Known,Known Unknown,long,16,16,16,pytorch_pytorch,Issue,21819.0,Known,long,,,,,,,,2,2,1
pytorch_pytorch,issue,21819.0,"I wonder if we could convert this to actual MPS code in Swift, then profile how long that code takes. That would determine whether the bottleneck is PyTorch’s fault and something that can be fixed.","I'm considering rewriting the current kernel as native Metal Performance Shaders (MPS) code in Swift and then measuring its execution time. If we can get a timing, we could see whether the slowdown originates from PyTorch itself. This would tell us if the issue is something we can address in the library.",Known,Known Unknown,short,17,17,17,pytorch_pytorch,issue,21819.0,Known,short,,,,,,,,2,2,1
pytorch_pytorch,issue,21819.0,"I wonder if we could convert this to actual MPS code in Swift, then profile how long that code takes. That would determine whether the bottleneck is PyTorch’s fault and something that can be fixed.","What if we translate the operation into pure MPS calls using Swift and run a benchmark on it? By profiling the Swift implementation we could compare its runtime against the PyTorch version. That comparison would reveal whether the performance problem lies within PyTorch or elsewhere, and if it’s something we can fix.",Known,Known Unknown,short,17,17,17,pytorch_pytorch,issue,21819.0,Known,short,,,,,,,,2,2,1
pytorch_pytorch,issue,21819.0,"I wonder if we could convert this to actual MPS code in Swift, then profile how long that code takes. That would determine whether the bottleneck is PyTorch’s fault and something that can be fixed.","I think we should try to implement the same functionality with Metal Performance Shaders directly in Swift, then use Instruments to time it. Once we have those numbers we can decide if the delay is caused by PyTorch's backend. If it turns out to be PyTorch, we might have a path to improve it.",Known,Known Unknown,short,17,17,17,pytorch_pytorch,issue,21819.0,Known,short,,,,,,,,2,2,1
pytorch_pytorch,issue,21819.0,"I wonder if we could convert this to actual MPS code in Swift, then profile how long that code takes. That would determine whether the bottleneck is PyTorch’s fault and something that can be fixed.",Could we port the current code path to native MPS in Swift and profile its execution duration? Getting a concrete measurement would let us pinpoint whether the bottleneck originates from PyTorch's handling of the operation. Knowing that would indicate if we have a fixable issue on the PyTorch side.,Known,Known Unknown,short,17,17,17,pytorch_pytorch,issue,21819.0,Known,short,,,,,,,,2,2,1
pytorch_pytorch,issue,21819.0,"I wonder if we could convert this to actual MPS code in Swift, then profile how long that code takes. That would determine whether the bottleneck is PyTorch’s fault and something that can be fixed.","My idea is to rewrite the algorithm as MPS code in Swift, run it, and record how long it takes. Comparing that runtime with the PyTorch version would show if the slowdown is due to PyTorch itself. If it is, we could look into patches or work‑arounds.",Known,Known Unknown,short,17,17,17,pytorch_pytorch,issue,21819.0,Known,short,,,,,,,,2,2,1
pytorch_pytorch,issue,21819.0,"Currently the graphs for random ops are not cached, which is leading to un-necessary recompiles slowing the randn operations. We are actively working on it and will update here with a fix","At the moment the computation graphs for stochastic operators aren't being cached, which forces extra recompilations and degrades the performance of torch.randn calls. The team has identified this bottleneck and is already implementing a caching layer. We’ll post a follow‑up once the fix lands in the next release.",Knowledge,Knowledge,short,18,18,18,pytorch_pytorch,issue,21819.0,Knowledge,short,,,,,,,,0,0,0
pytorch_pytorch,issue,21819.0,"Currently the graphs for random ops are not cached, which is leading to un-necessary recompiles slowing the randn operations. We are actively working on it and will update here with a fix",We’ve discovered that random‑number generation nodes are rebuilt on every execution because their graphs aren’t stored in the cache. This unnecessary recompilation is the reason randn runs noticeably slower than expected. A patch is in progress and we’ll update the issue tracker once it’s merged.,Knowledge,Knowledge,short,18,18,18,pytorch_pytorch,issue,21819.0,Knowledge,short,,,,,,,,0,0,0
pytorch_pytorch,issue,21819.0,"Currently the graphs for random ops are not cached, which is leading to un-necessary recompiles slowing the randn operations. We are actively working on it and will update here with a fix","The current implementation does not memoize the graphs for random ops, causing the JIT to re‑emit code for each randn invocation. This extra compilation step is the source of the slowdown we’re seeing. Our engineers are working on a cache‑aware solution and will report back with the fix.",Knowledge,Knowledge,short,18,18,18,pytorch_pytorch,issue,21819.0,Knowledge,short,,,,,,,,0,0,0
pytorch_pytorch,issue,21819.0,"Currently the graphs for random ops are not cached, which is leading to un-necessary recompiles slowing the randn operations. We are actively working on it and will update here with a fix","Because the graph for operations like torch.randn isn’t cached, the runtime repeatedly recompiles those kernels, which adds overhead and hurts throughput. We’ve logged this as a performance regression and are actively developing a caching mechanism. Expect a status update here once the change is released.",Knowledge,Knowledge,short,18,18,18,pytorch_pytorch,issue,21819.0,Knowledge,short,,,,,,,,0,0,0
pytorch_pytorch,issue,21819.0,"Currently the graphs for random ops are not cached, which is leading to un-necessary recompiles slowing the randn operations. We are actively working on it and will update here with a fix","Random‑operation graphs are being regenerated on every call since they aren’t cached, leading to unnecessary recompiles that slow down randn. The development team is aware of the issue and is drafting a fix that introduces proper graph caching. We’ll provide a link to the patch once it’s available.",Knowledge,Knowledge,short,18,18,18,pytorch_pytorch,issue,21819.0,Knowledge,short,,,,,,,,0,0,0
pytorch_pytorch,issue,17501.0,"After testing on GPU, if I set the batch size low enough it runs very fast, but anything over 2 and it runs out of memory (8gb GPU). How would I go about debugging the memory usage?","When I run my training loop on an 8 GB GPU, using a batch size of 1 or 2 finishes instantly, but as soon as I increase the batch size beyond 2 the process crashes with an out‑of‑memory error. I've tried monitoring `nvidia‑smi` and the memory usage spikes dramatically, yet I can't pinpoint which tensors are responsible. Could anyone suggest a systematic way to profile GPU memory consumption in PyTorch?",Known,Known Unknown,short,19,19,19,pytorch_pytorch,issue,17501.0,Known,short,,,,,,,,2,2,1
pytorch_pytorch,issue,17501.0,"After testing on GPU, if I set the batch size low enough it runs very fast, but anything over 2 and it runs out of memory (8gb GPU). How would I go about debugging the memory usage?","I observed that on my RTX 2070 (8 GB) a batch size of 2 fits comfortably, but setting the batch size to 3 or higher triggers an OOM failure. The code runs fine on CPU, so the issue seems GPU‑specific, but I'm not sure how to trace the allocation chain. What tools or techniques would help me identify the culprit tensors and reduce the footprint?",Known,Known Unknown,short,19,19,19,pytorch_pytorch,issue,17501.0,Known,short,,,,,,,,2,2,1
pytorch_pytorch,issue,17501.0,"After testing on GPU, if I set the batch size low enough it runs very fast, but anything over 2 and it runs out of memory (8gb GPU). How would I go about debugging the memory usage?","Running the model on a single‑GPU with 8 GB of VRAM, I get lightning‑fast execution with batch size 1 or 2, yet any batch size greater than 2 immediately runs out of memory. I've enabled `torch.cuda.memory_summary()` but the output is overwhelming and I can't tell which layer is leaking. How should I go about debugging the memory usage to find the bottleneck?",Known,Known Unknown,short,19,19,19,pytorch_pytorch,issue,17501.0,Known,short,,,,,,,,2,2,1
pytorch_pytorch,issue,17501.0,"After testing on GPU, if I set the batch size low enough it runs very fast, but anything over 2 and it runs out of memory (8gb GPU). How would I go about debugging the memory usage?","My experiment shows that an 8 GB GPU can handle a batch size of 2 without any issues, but increasing to 3 causes an out‑of‑memory exception. I suspect certain intermediate activations are being retained, but I have no idea how to verify that. Can anyone recommend a step‑by‑step approach to isolate and measure GPU memory consumption per operation?",Known,Known Unknown,short,19,19,19,pytorch_pytorch,issue,17501.0,Known,short,,,,,,,,2,2,1
pytorch_pytorch,issue,17501.0,"After testing on GPU, if I set the batch size low enough it runs very fast, but anything over 2 and it runs out of memory (8gb GPU). How would I go about debugging the memory usage?","With an 8 GB graphics card, training runs smoothly when I keep the batch size at 2, but any larger batch size blows past the memory limit and crashes. I've tried using `torch.autograd.profiler` and `nvprof`, yet the reports are cryptic and don't point to a specific source. What are the best practices for debugging GPU memory usage in this situation?",Known,Known Unknown,short,19,19,19,pytorch_pytorch,issue,17501.0,Known,short,,,,,,,,2,2,1
pytorch_pytorch,issue,17501.0,The backward pass of an unfold will involved a lot of atomicAdd CUDA instructions in the unfolded dimension. That is what slows down the backward a lot.,"When you back‑propagate through an `nn.Unfold` operation, the gradient computation ends up issuing a huge number of `atomicAdd` calls on the CUDA device along the unfolded axis. Those atomic operations serialize the writes and become the main bottleneck, which is why the backward pass is noticeably slower than the forward pass.",Knowledge,Knowledge,short,20,20,20,pytorch_pytorch,issue,17501.0,Knowledge,short,,,,,,,,0,0,0
pytorch_pytorch,issue,17501.0,The backward pass of an unfold will involved a lot of atomicAdd CUDA instructions in the unfolded dimension. That is what slows down the backward a lot.,"The slowdown you observe in the backward pass of an unfold stems from the fact that each element of the gradient must be accumulated with `atomicAdd` in the dimension that was expanded. Because CUDA has to serialize those atomic additions, the overall runtime of the backward step increases dramatically compared to the forward computation.",Knowledge,Knowledge,short,20,20,20,pytorch_pytorch,issue,17501.0,Knowledge,short,,,,,,,,0,0,0
pytorch_pytorch,issue,17501.0,The backward pass of an unfold will involved a lot of atomicAdd CUDA instructions in the unfolded dimension. That is what slows down the backward a lot.,"During the gradient phase of `torch.nn.Unfold`, PyTorch translates the reduction into many `atomicAdd` instructions targeting the unfolded dimension. This heavy reliance on atomics forces the GPU to serialize memory updates, and that serialization is the primary cause of the poor backward performance.",Knowledge,Knowledge,short,20,20,20,pytorch_pytorch,issue,17501.0,Knowledge,short,,,,,,,,0,0,0
pytorch_pytorch,issue,17501.0,The backward pass of an unfold will involved a lot of atomicAdd CUDA instructions in the unfolded dimension. That is what slows down the backward a lot.,"In the backward pass of an unfold layer, the gradient for each patch is written back using a large number of `atomicAdd` operations on the CUDA cores. The contention caused by these atomics in the unfolded dimension makes the backward pass considerably slower than the forward pass.",Knowledge,Knowledge,short,20,20,20,pytorch_pytorch,issue,17501.0,Knowledge,short,,,,,,,,0,0,0
pytorch_pytorch,issue,17501.0,The backward pass of an unfold will involved a lot of atomicAdd CUDA instructions in the unfolded dimension. That is what slows down the backward a lot.,"The reason the backward pass of an unfold is so slow is that it has to perform a massive amount of `atomicAdd` work on the GPU for the expanded dimension. Those atomic additions serialize access to memory, creating a performance bottleneck that dominates the runtime of the gradient computation.",Knowledge,Knowledge,short,20,20,20,pytorch_pytorch,issue,17501.0,Knowledge,short,,,,,,,,0,0,0
pytorch_pytorch,issue,155309.0,The error is likely caused by how torch.export interacts with GPU-backed LSTM internals. It's possible that torch.export is not properly handling fused GPU kernels or CUDNN ops when fake tensors are involved during graph capture.,"I suspect the failure stems from the way torch.export captures the LSTM's GPU implementation. When the model uses fused kernels or CuDNN calls, the export process might not correctly translate those ops when fake tensors are present. I'm not sure if this is a limitation of torch.export or a bug in the underlying kernel handling.",Known,Known Unknown,short,21,21,21,pytorch_pytorch,issue,155309.0,Known,short,,,,,,,,2,2,1
pytorch_pytorch,issue,155309.0,The error is likely caused by how torch.export interacts with GPU-backed LSTM internals. It's possible that torch.export is not properly handling fused GPU kernels or CUDNN ops when fake tensors are involved during graph capture.,"It looks like torch.export is tripping over the internal GPU LSTM kernels during graph capture. The exported graph seems to lose the fused kernel semantics, especially when fake tensors are involved. I don't know whether this is an unsupported feature of torch.export or a deeper issue with CuDNN integration.",Known,Known Unknown,short,21,21,21,pytorch_pytorch,issue,155309.0,Known,short,,,,,,,,2,2,1
pytorch_pytorch,issue,155309.0,The error is likely caused by how torch.export interacts with GPU-backed LSTM internals. It's possible that torch.export is not properly handling fused GPU kernels or CUDNN ops when fake tensors are involved during graph capture.,"The problem appears to be tied to how torch.export interacts with the GPU‑backed LSTM implementation. Since the LSTM relies on fused kernels and CuDNN primitives, the export step may be mishandling those when fake tensors are used. I'm uncertain if this is a known limitation of torch.export or an unexpected bug in the export pipeline.",Known,Known Unknown,short,21,21,21,pytorch_pytorch,issue,155309.0,Known,short,,,,,,,,2,2,1
pytorch_pytorch,issue,155309.0,The error is likely caused by how torch.export interacts with GPU-backed LSTM internals. It's possible that torch.export is not properly handling fused GPU kernels or CUDNN ops when fake tensors are involved during graph capture.,"My hypothesis is that torch.export mishandles the LSTM's GPU internals, particularly the fused kernels and CuDNN operations that are active during fake‑tensor capture. The exported graph behaves differently, suggesting the export logic isn't fully compatible. I can't tell if this is a documented shortcoming of torch.export or a regression introduced recently.",Known,Known Unknown,short,21,21,21,pytorch_pytorch,issue,155309.0,Known,short,,,,,,,,2,2,1
pytorch_pytorch,issue,155309.0,The error is likely caused by how torch.export interacts with GPU-backed LSTM internals. It's possible that torch.export is not properly handling fused GPU kernels or CUDNN ops when fake tensors are involved during graph capture.,"From what I can see, the error originates from torch.export's handling of the LSTM's GPU kernels. When the export captures a graph that includes fused GPU kernels or CuDNN calls with fake tensors, the resulting representation seems incorrect. I'm not sure whether this is a known limitation of torch.export or a bug that needs to be reported.",Known,Known Unknown,short,21,21,21,pytorch_pytorch,issue,155309.0,Known,short,,,,,,,,2,2,1
pytorch_pytorch,issue,155309.0,"Thank you so much for the detailed and insightful analysis.

I followed your suggestion and tested with:

torch.backends.cudnn.enabled = False

As you anticipated, export on GPU succeeded when disabling cuDNN. This strongly indicates that the issue is indeed related to certain cuDNN-optimized fused kernels, likely being incorrectly traced during export when fake tensors are used.

For completeness, my environment reports the following cuDNN version:

torch.backends.cudnn.version() == 90100

This further supports the hypothesis that some low-level dispatch or fusion within cuDNN is not being properly marked as opaque or guarded during export tracing?

Additionally, I’d like to report that the same issue also occurs when using nn.RNN instead of nn.LSTM. Specifically, like:

self.rnn = nn.RNN(input_size, hidden_size, num_layers, batch_first=True)

This confirms that the problem is not limited to LSTM, but more broadly affects cuDNN-backed recurrent layers, including nn.RNN. Disabling torch.backends.cudnn.enabled continues to serve as a valid workaround in both cases.","I appreciate the thorough breakdown you provided. Following your advice, I turned off cuDNN with `torch.backends.cudnn.enabled = False` and the export on the GPU now completes successfully. This points strongly toward a cuDNN‑specific fused kernel being mishandled during tracing with fake tensors, but I'm still unsure whether the export logic is failing to mark those kernels as opaque.",Known,Known Unknown,long,22,22,22,pytorch_pytorch,issue,155309.0,Known,long,,,,,,,,2,2,1
pytorch_pytorch,issue,155309.0,"Thank you so much for the detailed and insightful analysis.

I followed your suggestion and tested with:

torch.backends.cudnn.enabled = False

As you anticipated, export on GPU succeeded when disabling cuDNN. This strongly indicates that the issue is indeed related to certain cuDNN-optimized fused kernels, likely being incorrectly traced during export when fake tensors are used.

For completeness, my environment reports the following cuDNN version:

torch.backends.cudnn.version() == 90100

This further supports the hypothesis that some low-level dispatch or fusion within cuDNN is not being properly marked as opaque or guarded during export tracing?

Additionally, I’d like to report that the same issue also occurs when using nn.RNN instead of nn.LSTM. Specifically, like:

self.rnn = nn.RNN(input_size, hidden_size, num_layers, batch_first=True)

This confirms that the problem is not limited to LSTM, but more broadly affects cuDNN-backed recurrent layers, including nn.RNN. Disabling torch.backends.cudnn.enabled continues to serve as a valid workaround in both cases.","Thanks for the detailed analysis; it was very helpful. When I disabled cuDNN (`torch.backends.cudnn.enabled = False`), the model exported without errors on the GPU, which suggests that the problem lies in cuDNN‑optimized kernels. My system reports cuDNN version 90100, so I suspect a low‑level dispatch issue, yet I don't know for certain if the tracing mechanism is incorrectly handling those fused operations.",Known,Known Unknown,long,22,22,22,pytorch_pytorch,issue,155309.0,Known,long,,,,,,,,2,2,1
pytorch_pytorch,issue,155309.0,"Thank you so much for the detailed and insightful analysis.

I followed your suggestion and tested with:

torch.backends.cudnn.enabled = False

As you anticipated, export on GPU succeeded when disabling cuDNN. This strongly indicates that the issue is indeed related to certain cuDNN-optimized fused kernels, likely being incorrectly traced during export when fake tensors are used.

For completeness, my environment reports the following cuDNN version:

torch.backends.cudnn.version() == 90100

This further supports the hypothesis that some low-level dispatch or fusion within cuDNN is not being properly marked as opaque or guarded during export tracing?

Additionally, I’d like to report that the same issue also occurs when using nn.RNN instead of nn.LSTM. Specifically, like:

self.rnn = nn.RNN(input_size, hidden_size, num_layers, batch_first=True)

This confirms that the problem is not limited to LSTM, but more broadly affects cuDNN-backed recurrent layers, including nn.RNN. Disabling torch.backends.cudnn.enabled continues to serve as a valid workaround in both cases.","Your insightful explanation was much appreciated. I replicated your experiment by setting `torch.backends.cudnn.enabled = False`, and the GPU export succeeded, reinforcing the idea that a cuDNN‑fused kernel is being traced incorrectly when fake tensors are involved. The environment shows cuDNN 9.1.0, so I wonder whether the export process is failing to treat those kernels as opaque or properly guarded.",Known,Known Unknown,long,22,22,22,pytorch_pytorch,issue,155309.0,Known,long,,,,,,,,2,2,1
pytorch_pytorch,issue,155309.0,"Thank you so much for the detailed and insightful analysis.

I followed your suggestion and tested with:

torch.backends.cudnn.enabled = False

As you anticipated, export on GPU succeeded when disabling cuDNN. This strongly indicates that the issue is indeed related to certain cuDNN-optimized fused kernels, likely being incorrectly traced during export when fake tensors are used.

For completeness, my environment reports the following cuDNN version:

torch.backends.cudnn.version() == 90100

This further supports the hypothesis that some low-level dispatch or fusion within cuDNN is not being properly marked as opaque or guarded during export tracing?

Additionally, I’d like to report that the same issue also occurs when using nn.RNN instead of nn.LSTM. Specifically, like:

self.rnn = nn.RNN(input_size, hidden_size, num_layers, batch_first=True)

This confirms that the problem is not limited to LSTM, but more broadly affects cuDNN-backed recurrent layers, including nn.RNN. Disabling torch.backends.cudnn.enabled continues to serve as a valid workaround in both cases.","Thank you for the comprehensive response. Disabling cuDNN (`torch.backends.cudnn.enabled = False`) allowed the export to finish on the GPU, which aligns with the hypothesis that certain cuDNN‑optimized fused kernels are not being traced correctly with fake tensors. Given that my cuDNN version is 90100, I suspect a dispatch or fusion bug, but I can't confirm if the export code is missing the necessary opaque markings.",Known,Known Unknown,long,22,22,22,pytorch_pytorch,issue,155309.0,Known,long,,,,,,,,2,2,1
pytorch_pytorch,issue,155309.0,"Thank you so much for the detailed and insightful analysis.

I followed your suggestion and tested with:

torch.backends.cudnn.enabled = False

As you anticipated, export on GPU succeeded when disabling cuDNN. This strongly indicates that the issue is indeed related to certain cuDNN-optimized fused kernels, likely being incorrectly traced during export when fake tensors are used.

For completeness, my environment reports the following cuDNN version:

torch.backends.cudnn.version() == 90100

This further supports the hypothesis that some low-level dispatch or fusion within cuDNN is not being properly marked as opaque or guarded during export tracing?

Additionally, I’d like to report that the same issue also occurs when using nn.RNN instead of nn.LSTM. Specifically, like:

self.rnn = nn.RNN(input_size, hidden_size, num_layers, batch_first=True)

This confirms that the problem is not limited to LSTM, but more broadly affects cuDNN-backed recurrent layers, including nn.RNN. Disabling torch.backends.cudnn.enabled continues to serve as a valid workaround in both cases.","I’m grateful for the detailed analysis you gave. After applying `torch.backends.cudnn.enabled = False`, the export succeeded on the GPU, indicating that the issue likely stems from cuDNN‑backed fused kernels being mishandled during tracing. My cuDNN version reports as 90100, so I think the problem may involve low‑level dispatch not being flagged as opaque, though I’m not entirely sure why this also affects `nn.RNN` in the same way.",Known,Known Unknown,long,22,22,22,pytorch_pytorch,issue,155309.0,Known,long,,,,,,,,2,2,1
pytorch_pytorch,issue,155309.0,It is due to this line which is not PT2 compatible:,"The root cause turns out to be that particular line of code, which isn’t compatible with PT2. Once you replace it with a PT2‑friendly alternative, the build succeeds. This incompatibility was hidden because the surrounding code compiled without errors.",Knowledge,Knowledge,short,23,23,23,pytorch_pytorch,issue,155309.0,Knowledge,short,,,,,,,,0,0,0
pytorch_pytorch,issue,155309.0,It is due to this line which is not PT2 compatible:,"The failure originates from the offending statement that doesn’t conform to PT2 requirements. PT2 expects a different API signature, so the current line triggers a runtime exception. Updating it to the PT2‑compatible form resolves the issue.",Knowledge,Knowledge,short,23,23,23,pytorch_pytorch,issue,155309.0,Knowledge,short,,,,,,,,0,0,0
pytorch_pytorch,issue,155309.0,It is due to this line which is not PT2 compatible:,"After tracing the stack, I discovered that the problematic line is the one that violates PT2’s constraints. PT2 cannot process the current construct, leading to the observed crash. Swapping it out for a PT2‑compatible version fixes the problem.",Knowledge,Knowledge,short,23,23,23,pytorch_pytorch,issue,155309.0,Knowledge,short,,,,,,,,0,0,0
pytorch_pytorch,issue,155309.0,It is due to this line which is not PT2 compatible:,The issue is caused by a single line that isn’t PT2 compatible; PT2’s parser rejects it. This line uses an outdated syntax that PT2 no longer supports. Rewriting it according to PT2’s specifications eliminates the error.,Knowledge,Knowledge,short,23,23,23,pytorch_pytorch,issue,155309.0,Knowledge,short,,,,,,,,0,0,0
pytorch_pytorch,issue,155309.0,It is due to this line which is not PT2 compatible:,"The source of the bug is a line of code that doesn’t meet PT2 compatibility standards. PT2 requires a different module import, and the existing line breaks that rule. Replacing it with the PT2‑approved syntax restores normal operation.",Knowledge,Knowledge,short,23,23,23,pytorch_pytorch,issue,155309.0,Knowledge,short,,,,,,,,0,0,0
pytorch_pytorch,issue,155309.0,I think we need a better way to detect aliasing here.,"In the current module we seem to be missing a reliable mechanism for spotting aliasing issues. The existing checks sometimes let overlapping references slip through, which could cause subtle bugs later on. I’m not sure what the best strategy would be to improve alias detection here, so any suggestions would be appreciated.",Known,Known Unknown,short,24,24,24,pytorch_pytorch,issue,155309.0,Known,short,,,,,,,,2,2,1
pytorch_pytorch,issue,155309.0,I think we need a better way to detect aliasing here.,"While reviewing the memory management code, I noticed that our aliasing checks are rather brittle and often fail to catch true overlaps. It would be great to have a more robust way to identify when two pointers refer to the same underlying data. However, I don’t know which algorithm or library support would be most appropriate for this task.",Known,Known Unknown,short,24,24,24,pytorch_pytorch,issue,155309.0,Known,short,,,,,,,,2,2,1
pytorch_pytorch,issue,155309.0,I think we need a better way to detect aliasing here.,"The data flow analysis currently flags some aliasing cases but misses others, especially when objects are passed through multiple layers. We need a stronger detection method to ensure we don’t accidentally mutate shared state. I’m uncertain about the exact approach we should take to enhance alias detection in this context.",Known,Known Unknown,short,24,24,24,pytorch_pytorch,issue,155309.0,Known,short,,,,,,,,2,2,1
pytorch_pytorch,issue,155309.0,I think we need a better way to detect aliasing here.,"Our serialization routine assumes that objects are independent, yet we occasionally encounter hidden aliasing that corrupts the output. A better detection technique would help us catch these cases early. At the moment I’m unclear on the most effective way to implement such a check without incurring a large performance penalty.",Known,Known Unknown,short,24,24,24,pytorch_pytorch,issue,155309.0,Known,short,,,,,,,,2,2,1
pytorch_pytorch,issue,155309.0,I think we need a better way to detect aliasing here.,"During the refactor of the graphics engine, I realized that the current aliasing checks are insufficient for complex scene graphs. We should devise a more precise detection scheme to avoid unintended side‑effects. I don’t have a concrete solution yet and would welcome ideas on how to reliably spot aliasing in this part of the code.",Known,Known Unknown,short,24,24,24,pytorch_pytorch,issue,155309.0,Known,short,,,,,,,,2,2,1
pytorch_pytorch,pull,155734.0,"torch.export.export() uses fake tensors during graph tracing, which don't have actual memory storage. The RNN module's flatten_parameters() method was calling p.data_ptr() for aliasing detection, causing ""Cannot access data pointer of Tensor"" errors on GPU.","When you run torch.export.export(), the tracer works with fake tensors that have no real memory backing. Because these tensors lack a data pointer, the RNN module's flatten_parameters() routine ends up calling p.data_ptr() for its alias‑checking logic. On a GPU this triggers a ""Cannot access data pointer of Tensor"" exception, since the fake tensor cannot provide a storage address.",Knowledge,Knowledge,short,25,25,25,pytorch_pytorch,pull,155734.0,Knowledge,short,,,,,,,,0,0,0
pytorch_pytorch,pull,155734.0,"torch.export.export() uses fake tensors during graph tracing, which don't have actual memory storage. The RNN module's flatten_parameters() method was calling p.data_ptr() for aliasing detection, causing ""Cannot access data pointer of Tensor"" errors on GPU.","The export API in PyTorch builds the graph using placeholder tensors that aren't allocated in memory. The flatten_parameters() method of nn.RNN inspects each parameter's data_ptr() to detect shared storage, but with fake tensors the pointer is undefined. Consequently, exporting an RNN on CUDA raises a runtime error complaining that the tensor's data pointer cannot be accessed.",Knowledge,Knowledge,short,25,25,25,pytorch_pytorch,pull,155734.0,Knowledge,short,,,,,,,,0,0,0
pytorch_pytorch,pull,155734.0,"torch.export.export() uses fake tensors during graph tracing, which don't have actual memory storage. The RNN module's flatten_parameters() method was calling p.data_ptr() for aliasing detection, causing ""Cannot access data pointer of Tensor"" errors on GPU.","During torch.export.export() tracing, the framework substitutes real tensors with lightweight fake tensors that only carry shape and dtype information. The RNN's internal flatten_parameters() function still attempts to read p.data_ptr() to perform alias detection, which fails because the fake tensor has no underlying storage. This mismatch results in a ""Cannot access data pointer of Tensor"" error when the model is exported for GPU execution.",Knowledge,Knowledge,short,25,25,25,pytorch_pytorch,pull,155734.0,Knowledge,short,,,,,,,,0,0,0
pytorch_pytorch,pull,155734.0,"torch.export.export() uses fake tensors during graph tracing, which don't have actual memory storage. The RNN module's flatten_parameters() method was calling p.data_ptr() for aliasing detection, causing ""Cannot access data pointer of Tensor"" errors on GPU.","Torch's export mechanism creates a graph by feeding the model with fake tensors that simulate the input shape but do not allocate actual memory. The RNN module's flatten_parameters() routine relies on p.data_ptr() to check for parameter aliasing, and since fake tensors lack a concrete memory address, the call throws a data‑pointer access error on CUDA devices. The issue stems from the incompatibility between fake tensor semantics and the RNN's storage‑based alias detection.",Knowledge,Knowledge,short,25,25,25,pytorch_pytorch,pull,155734.0,Knowledge,short,,,,,,,,0,0,0
pytorch_pytorch,pull,155734.0,"torch.export.export() uses fake tensors during graph tracing, which don't have actual memory storage. The RNN module's flatten_parameters() method was calling p.data_ptr() for aliasing detection, causing ""Cannot access data pointer of Tensor"" errors on GPU.","In torch.export.export(), the tracing phase uses fake tensors that exist only as metadata objects without real storage buffers. The RNN class's flatten_parameters() method still invokes p.data_ptr() to verify that parameters are not aliased, but because the tensors are fake, the data pointer is unavailable. This leads to a ""Cannot access data pointer of Tensor"" failure when exporting RNNs that run on the GPU.",Knowledge,Knowledge,short,25,25,25,pytorch_pytorch,pull,155734.0,Knowledge,short,,,,,,,,0,0,0
pytorch_pytorch,issue,155218.0,"I'm wondering if there is a difference in the cuDNN version here, what does torch.backends.cudnn.version() show in your setup?",I'm trying to figure out whether the discrepancy I'm seeing is due to a different cuDNN build. Could you run `torch.backends.cudnn.version()` on your machine and let me know the result? Knowing the exact version might help isolate the issue.,Known,Known Unknown,short,26,26,26,pytorch_pytorch,issue,155218.0,Known,short,,,,,,,,2,2,1
pytorch_pytorch,issue,155218.0,"I'm wondering if there is a difference in the cuDNN version here, what does torch.backends.cudnn.version() show in your setup?","Do you happen to have a different cuDNN release installed? If you execute `print(torch.backends.cudnn.version())` and share the output, we can determine whether the version mismatch is causing the problem I'm observing.",Known,Known Unknown,short,26,26,26,pytorch_pytorch,issue,155218.0,Known,short,,,,,,,,2,2,1
pytorch_pytorch,issue,155218.0,"I'm wondering if there is a difference in the cuDNN version here, what does torch.backends.cudnn.version() show in your setup?",One possible explanation for the behavior I'm encountering could be a variation in cuDNN. Could you check the version by calling `torch.backends.cudnn.version()` and tell me what it returns? That information would be useful for debugging.,Known,Known Unknown,short,26,26,26,pytorch_pytorch,issue,155218.0,Known,short,,,,,,,,2,2,1
pytorch_pytorch,issue,155218.0,"I'm wondering if there is a difference in the cuDNN version here, what does torch.backends.cudnn.version() show in your setup?",I'm suspecting that the cuDNN version might be influencing the results I'm getting. Would you mind running `torch.backends.cudnn.version()` in your environment and posting the value? It would clarify whether we are dealing with a version difference.,Known,Known Unknown,short,26,26,26,pytorch_pytorch,issue,155218.0,Known,short,,,,,,,,2,2,1
pytorch_pytorch,issue,155218.0,"I'm wondering if there is a difference in the cuDNN version here, what does torch.backends.cudnn.version() show in your setup?",Is it possible that the cuDNN library version differs between our setups? Please run `torch.backends.cudnn.version()` and share the printed number so we can see if that explains the inconsistency I'm seeing.,Known,Known Unknown,short,26,26,26,pytorch_pytorch,issue,155218.0,Known,short,,,,,,,,2,2,1
pytorch_pytorch,issue,154721.0,"torch.export.export seems to produce invalid code for Tensor.split when used with meta device. I am not sure if this is something that needs to be fixed, but here is the report anyway.","When I run torch.export.export on a model that uses Tensor.split with the meta device, the generated script contains code that doesn't compile. I verified that the split works fine in normal execution, but the exported version crashes. I'm not certain whether this is a limitation of the exporter or a bug that needs to be addressed.",Irrelevant,Known Unknown,short,27,27,27,pytorch_pytorch,issue,154721.0,Irrelevant,short,,Irrelevant,Known Unknown,"To the extent that this segment doesn’t provide enough context, I would say that the Giuliano’s model should consider it this part irrelevant for the purpose of classification.","irrelevant (but it is not completely clear, if the reference to the report means: we will not further deal with it)",known unknowns OR unknown knowns,"from this segment it is not possible to decide, if „I am not sure if this is something to be fixed“ can be answered by someone else – in that case it is unknown knowns; if nobody else can answer the question it was known unknowns ",2,3,1
pytorch_pytorch,issue,154721.0,"torch.export.export seems to produce invalid code for Tensor.split when used with meta device. I am not sure if this is something that needs to be fixed, but here is the report anyway.",I've noticed that exporting a model via torch.export.export produces malformed Python for calls to Tensor.split when the tensors are on the meta device. The exported function raises a syntax error when I try to import it. I don't know if this is expected behavior or something that should be fixed in the exporter.,Irrelevant,Known Unknown,short,27,27,27,pytorch_pytorch,issue,154721.0,Irrelevant,short,,Irrelevant,Known Unknown,"To the extent that this segment doesn’t provide enough context, I would say that the Giuliano’s model should consider it this part irrelevant for the purpose of classification.","irrelevant (but it is not completely clear, if the reference to the report means: we will not further deal with it)",known unknowns OR unknown knowns,"from this segment it is not possible to decide, if „I am not sure if this is something to be fixed“ can be answered by someone else – in that case it is unknown knowns; if nobody else can answer the question it was known unknowns ",2,3,1
pytorch_pytorch,issue,154721.0,"torch.export.export seems to produce invalid code for Tensor.split when used with meta device. I am not sure if this is something that needs to be fixed, but here is the report anyway.","Using torch.export.export on a function that calls Tensor.split on a meta‑device tensor results in generated code that fails to run. The split operation itself works correctly in eager mode, yet the exported module contains invalid statements. I'm unsure whether this is a known exporter shortcoming or a bug that requires a patch.",Irrelevant,Known Unknown,short,27,27,27,pytorch_pytorch,issue,154721.0,Irrelevant,short,,Irrelevant,Known Unknown,"To the extent that this segment doesn’t provide enough context, I would say that the Giuliano’s model should consider it this part irrelevant for the purpose of classification.","irrelevant (but it is not completely clear, if the reference to the report means: we will not further deal with it)",known unknowns OR unknown knowns,"from this segment it is not possible to decide, if „I am not sure if this is something to be fixed“ can be answered by someone else – in that case it is unknown knowns; if nobody else can answer the question it was known unknowns ",2,3,1
pytorch_pytorch,issue,154721.0,"torch.export.export seems to produce invalid code for Tensor.split when used with meta device. I am not sure if this is something that needs to be fixed, but here is the report anyway.","The torch.export.export utility seems to emit broken code for Tensor.split when the input tensors are placed on the meta device. After exporting, the resulting script throws an exception during the split call. I can't tell if this is a deliberate design choice or a defect that needs fixing.",Irrelevant,Known Unknown,short,27,27,27,pytorch_pytorch,issue,154721.0,Irrelevant,short,,Irrelevant,Known Unknown,"To the extent that this segment doesn’t provide enough context, I would say that the Giuliano’s model should consider it this part irrelevant for the purpose of classification.","irrelevant (but it is not completely clear, if the reference to the report means: we will not further deal with it)",known unknowns OR unknown knowns,"from this segment it is not possible to decide, if „I am not sure if this is something to be fixed“ can be answered by someone else – in that case it is unknown knowns; if nobody else can answer the question it was known unknowns ",2,3,1
pytorch_pytorch,issue,154721.0,"torch.export.export seems to produce invalid code for Tensor.split when used with meta device. I am not sure if this is something that needs to be fixed, but here is the report anyway.","In my experiments, torch.export.export produces a faulty implementation for Tensor.split on meta tensors, causing runtime errors in the exported model. The original model runs without issues, so the problem appears to be in the export step. I'm not sure if this is an accepted limitation of the exporter or a bug that should be reported.",Irrelevant,Known Unknown,short,27,27,27,pytorch_pytorch,issue,154721.0,Irrelevant,short,,Irrelevant,Known Unknown,"To the extent that this segment doesn’t provide enough context, I would say that the Giuliano’s model should consider it this part irrelevant for the purpose of classification.","irrelevant (but it is not completely clear, if the reference to the report means: we will not further deal with it)",known unknowns OR unknown knowns,"from this segment it is not possible to decide, if „I am not sure if this is something to be fixed“ can be answered by someone else – in that case it is unknown knowns; if nobody else can answer the question it was known unknowns ",2,3,1
pytorch_pytorch,issue,154456.0,"I'm running torch.compile on a transformer-based model. When I run the compiled function, I don't get any recompiles for subsequent calls in the same script, for example:

m = torch.compile(self.transformer.forward, fullgraph=True, dynamic=True, mode=""max-autotune"", disable=False)
m(...)
m(...)

works fine, with no recompiles. But when I run the script again, the torch.compile warmup takes a reasonably long time (running twice each for batch sizes 1, 2, and 4) -- about 10 seconds per input batch size. I ran the script with TORCH_LOGS=+dynamo,+inductor,+recompiles,+aot, and it seems like most of the time is spent tracing the code and running shape solving, even though the model code is unchanged.

Files are written to the disk cache, and the disk cache does speed up compile times, but I'm not sure why it still takes so long to trace and run the shape solver when the model code is unchanged, are the traced graphs not cached?","I compile my transformer with `torch.compile(..., fullgraph=True, dynamic=True, mode=""max-autotune"")` and notice that the first two calls in a run finish without any recompilation. Yet, each time I restart the script the warm‑up phase still spends about ten seconds per batch size doing tracing and shape solving. The disk cache is being written to and does speed up later compilations, but I can't quite understand why the initial trace still takes so long when the model code hasn't changed. It feels like the cache should have eliminated that work, but something else must be happening.",Unknown,Unknown Knowns,long,28,28,28,pytorch_pytorch,issue,154456.0,Unknown,long,,Unknown Non-Knowledge,Unknown Unknown,"I think we have been analysing the current realised non-knowledge in the wrong way. It’s only retrospectively that most of the people see they lack this knowledge. At least, this is how I judge this case. Based on both papers, the person asking only retrospectively realises that they don’t know something, and that something might be important.","relevant, known unknowns",known unknowns OR unknown knowns,"I tend to unknown knowns, although it is not clear from the segment. It sounds as if someone else could have an answer",-1,1,1
pytorch_pytorch,issue,154456.0,"I'm running torch.compile on a transformer-based model. When I run the compiled function, I don't get any recompiles for subsequent calls in the same script, for example:

m = torch.compile(self.transformer.forward, fullgraph=True, dynamic=True, mode=""max-autotune"", disable=False)
m(...)
m(...)

works fine, with no recompiles. But when I run the script again, the torch.compile warmup takes a reasonably long time (running twice each for batch sizes 1, 2, and 4) -- about 10 seconds per input batch size. I ran the script with TORCH_LOGS=+dynamo,+inductor,+recompiles,+aot, and it seems like most of the time is spent tracing the code and running shape solving, even though the model code is unchanged.

Files are written to the disk cache, and the disk cache does speed up compile times, but I'm not sure why it still takes so long to trace and run the shape solver when the model code is unchanged, are the traced graphs not cached?","Running a compiled transformer forward function shows no recompiles after the first two invocations in the same process, but restarting the script triggers a lengthy warm‑up that repeats tracing for batch sizes 1, 2, and 4. Even with `TORCH_LOGS=+dynamo,+inductor,+recompiles,+aot` enabled, most of the time is spent in the shape solver despite the source code being identical. The on‑disk cache is populated and does help on subsequent runs, yet the initial trace still seems to redo work that I thought was already cached. I'm puzzled why the traced graphs aren't being reused across script executions.",Unknown,Unknown Knowns,long,28,28,28,pytorch_pytorch,issue,154456.0,Unknown,long,,Unknown Non-Knowledge,Unknown Unknown,"I think we have been analysing the current realised non-knowledge in the wrong way. It’s only retrospectively that most of the people see they lack this knowledge. At least, this is how I judge this case. Based on both papers, the person asking only retrospectively realises that they don’t know something, and that something might be important.","relevant, known unknowns",known unknowns OR unknown knowns,"I tend to unknown knowns, although it is not clear from the segment. It sounds as if someone else could have an answer",-1,1,1
pytorch_pytorch,issue,154456.0,"I'm running torch.compile on a transformer-based model. When I run the compiled function, I don't get any recompiles for subsequent calls in the same script, for example:

m = torch.compile(self.transformer.forward, fullgraph=True, dynamic=True, mode=""max-autotune"", disable=False)
m(...)
m(...)

works fine, with no recompiles. But when I run the script again, the torch.compile warmup takes a reasonably long time (running twice each for batch sizes 1, 2, and 4) -- about 10 seconds per input batch size. I ran the script with TORCH_LOGS=+dynamo,+inductor,+recompiles,+aot, and it seems like most of the time is spent tracing the code and running shape solving, even though the model code is unchanged.

Files are written to the disk cache, and the disk cache does speed up compile times, but I'm not sure why it still takes so long to trace and run the shape solver when the model code is unchanged, are the traced graphs not cached?","When I use `torch.compile` on my transformer, the compiled function runs twice without any recompilation, but each fresh execution of the script incurs a ten‑second warm‑up per input size. The logs show heavy tracing and shape‑solver activity even though the model definition hasn't been altered. Although the cache writes files to disk and later runs are faster, the first trace still appears to redo the same work. I expected the traced graphs to be cached across runs, so I'm uncertain what part of the process is still being repeated.",Unknown,Unknown Knowns,long,28,28,28,pytorch_pytorch,issue,154456.0,Unknown,long,,Unknown Non-Knowledge,Unknown Unknown,"I think we have been analysing the current realised non-knowledge in the wrong way. It’s only retrospectively that most of the people see they lack this knowledge. At least, this is how I judge this case. Based on both papers, the person asking only retrospectively realises that they don’t know something, and that something might be important.","relevant, known unknowns",known unknowns OR unknown knowns,"I tend to unknown knowns, although it is not clear from the segment. It sounds as if someone else could have an answer",-1,1,1
pytorch_pytorch,issue,154456.0,"I'm running torch.compile on a transformer-based model. When I run the compiled function, I don't get any recompiles for subsequent calls in the same script, for example:

m = torch.compile(self.transformer.forward, fullgraph=True, dynamic=True, mode=""max-autotune"", disable=False)
m(...)
m(...)

works fine, with no recompiles. But when I run the script again, the torch.compile warmup takes a reasonably long time (running twice each for batch sizes 1, 2, and 4) -- about 10 seconds per input batch size. I ran the script with TORCH_LOGS=+dynamo,+inductor,+recompiles,+aot, and it seems like most of the time is spent tracing the code and running shape solving, even though the model code is unchanged.

Files are written to the disk cache, and the disk cache does speed up compile times, but I'm not sure why it still takes so long to trace and run the shape solver when the model code is unchanged, are the traced graphs not cached?","My workflow compiles a transformer with `torch.compile(..., mode=""max-autotune"")` and I see no recompiles for subsequent calls in the same session. However, launching the script again forces the compiler to spend roughly ten seconds per batch size on tracing and shape solving, despite the code being unchanged. The disk cache is written and does reduce compile time later, but the initial tracing step still seems to ignore that cache. I can't quite pinpoint why the cached graphs aren't being leveraged for the warm‑up phase.",Unknown,Unknown Knowns,long,28,28,28,pytorch_pytorch,issue,154456.0,Unknown,long,,Unknown Non-Knowledge,Unknown Unknown,"I think we have been analysing the current realised non-knowledge in the wrong way. It’s only retrospectively that most of the people see they lack this knowledge. At least, this is how I judge this case. Based on both papers, the person asking only retrospectively realises that they don’t know something, and that something might be important.","relevant, known unknowns",known unknowns OR unknown knowns,"I tend to unknown knowns, although it is not clear from the segment. It sounds as if someone else could have an answer",-1,1,1
pytorch_pytorch,issue,154456.0,"I'm running torch.compile on a transformer-based model. When I run the compiled function, I don't get any recompiles for subsequent calls in the same script, for example:

m = torch.compile(self.transformer.forward, fullgraph=True, dynamic=True, mode=""max-autotune"", disable=False)
m(...)
m(...)

works fine, with no recompiles. But when I run the script again, the torch.compile warmup takes a reasonably long time (running twice each for batch sizes 1, 2, and 4) -- about 10 seconds per input batch size. I ran the script with TORCH_LOGS=+dynamo,+inductor,+recompiles,+aot, and it seems like most of the time is spent tracing the code and running shape solving, even though the model code is unchanged.

Files are written to the disk cache, and the disk cache does speed up compile times, but I'm not sure why it still takes so long to trace and run the shape solver when the model code is unchanged, are the traced graphs not cached?","I observed that after compiling the transformer forward pass, the first two calls in a run complete without any recompilation, yet each time I rerun the script the warm‑up phase repeats a costly tracing and shape‑solver step for each batch size. Even with detailed logging enabled, the majority of the time is spent in these phases, and the on‑disk cache, while present, only speeds up later compilations. It seems counter‑intuitive that the traced graphs wouldn't be reused when the model code hasn't changed. I'm left wondering what hidden factor is causing the compiler to redo the work.",Unknown,Unknown Knowns,long,28,28,28,pytorch_pytorch,issue,154456.0,Unknown,long,,Unknown Non-Knowledge,Unknown Unknown,"I think we have been analysing the current realised non-knowledge in the wrong way. It’s only retrospectively that most of the people see they lack this knowledge. At least, this is how I judge this case. Based on both papers, the person asking only retrospectively realises that they don’t know something, and that something might be important.","relevant, known unknowns",known unknowns OR unknown knowns,"I tend to unknown knowns, although it is not clear from the segment. It sounds as if someone else could have an answer",-1,1,1
pytorch_pytorch,issue,154456.0,"I was expecting the cache to write to TORCHINDUCTOR_CACHE_DIR automatically (or i guess in my case it was writing to /tmp/torchinductor_user) , is that not the case?","I assumed that TorchInductor would automatically drop its compiled artifacts into the directory pointed to by the TORCHINDUCTOR_CACHE_DIR environment variable. In practice, I’m seeing files appear under /tmp/torchinductor_user instead. Could it be that the automatic placement I expected simply isn’t how it works?",Unknown,Unknown Unknown,short,29,29,29,pytorch_pytorch,issue,154456.0,Unknown,short,,,,,,,,1,1,1
pytorch_pytorch,issue,154456.0,"I was expecting the cache to write to TORCHINDUCTOR_CACHE_DIR automatically (or i guess in my case it was writing to /tmp/torchinductor_user) , is that not the case?","My understanding was that setting TORCHINDUCTOR_CACHE_DIR would cause the cache to be written there without any extra steps. However, the cache files are ending up in /tmp/torchinductor_user on my machine. Is my expectation wrong, or is there a hidden configuration I’m missing?",Unknown,Unknown Unknown,short,29,29,29,pytorch_pytorch,issue,154456.0,Unknown,short,,,,,,,,1,1,1
pytorch_pytorch,issue,154456.0,"I was expecting the cache to write to TORCHINDUCTOR_CACHE_DIR automatically (or i guess in my case it was writing to /tmp/torchinductor_user) , is that not the case?",I thought TorchInductor would respect the TORCHINDUCTOR_CACHE_DIR variable and store its cache there by default. What I’m actually observing is that the cache lands in /tmp/torchinductor_user. Does the library ignore the variable unless something else is configured?,Unknown,Unknown Unknown,short,29,29,29,pytorch_pytorch,issue,154456.0,Unknown,short,,,,,,,,1,1,1
pytorch_pytorch,issue,154456.0,"I was expecting the cache to write to TORCHINDUCTOR_CACHE_DIR automatically (or i guess in my case it was writing to /tmp/torchinductor_user) , is that not the case?","When I run a script that uses TorchInductor, I expected the compiled cache to appear in the path defined by TORCHINDUCTOR_CACHE_DIR. Instead, the files are being written to a temporary folder like /tmp/torchinductor_user. Am I mistaken about the default behavior?",Unknown,Unknown Unknown,short,29,29,29,pytorch_pytorch,issue,154456.0,Unknown,short,,,,,,,,1,1,1
pytorch_pytorch,issue,154456.0,"I was expecting the cache to write to TORCHINDUCTOR_CACHE_DIR automatically (or i guess in my case it was writing to /tmp/torchinductor_user) , is that not the case?","I was under the impression that TorchInductor would automatically use the directory specified in TORCHINDUCTOR_CACHE_DIR for its cache. The reality is that the cache is being created under /tmp/torchinductor_user on my system. Is this a bug, or simply how the tool is designed to operate?",Unknown,Unknown Unknown,short,29,29,29,pytorch_pytorch,issue,154456.0,Unknown,short,,,,,,,,1,1,1
pytorch_pytorch,issue,154556.0,"The tracing component (Dynamo) is not fully cached today, but we are working on this.","At the moment the Dynamo tracing subsystem does not have complete caching support, although the team is actively addressing this limitation. We have identified the missing cache layers and are planning a phased rollout. Expect improvements in cache coverage in the upcoming releases.",Knowledge,Knowledge,short,30,30,30,pytorch_pytorch,issue,154556.0,Knowledge,short,,,,,,,,0,0,0
pytorch_pytorch,issue,154556.0,"The tracing component (Dynamo) is not fully cached today, but we are working on this.","Currently, Dynamo's tracing engine only implements partial caching, and full cache integration is still a work in progress. The developers are prioritizing this feature for the next sprint. Once completed, the tracer will store more intermediate results to speed up repeated executions.",Knowledge,Knowledge,short,30,30,30,pytorch_pytorch,issue,154556.0,Knowledge,short,,,,,,,,0,0,0
pytorch_pytorch,issue,154556.0,"The tracing component (Dynamo) is not fully cached today, but we are working on this.","The Dynamo component responsible for tracing is not yet fully cached; however, we are already working on extending its cache functionality. Ongoing efforts include refactoring the cache manager and adding missing hooks. Full caching should be available in a future update.",Knowledge,Knowledge,short,30,30,30,pytorch_pytorch,issue,154556.0,Knowledge,short,,,,,,,,0,0,0
pytorch_pytorch,issue,154556.0,"The tracing component (Dynamo) is not fully cached today, but we are working on this.","Right now, Dynamo's tracing module lacks comprehensive caching, but the engineering team is actively developing the missing pieces. We have a roadmap that outlines the steps needed to achieve full cache coverage. The goal is to have a fully cached tracer by the end of the quarter.",Knowledge,Knowledge,short,30,30,30,pytorch_pytorch,issue,154556.0,Knowledge,short,,,,,,,,0,0,0
pytorch_pytorch,issue,154556.0,"The tracing component (Dynamo) is not fully cached today, but we are working on this.","Dynamo’s tracing functionality currently only offers limited caching capabilities, and we are in the process of enhancing it. Work is underway to implement a complete caching layer that will reduce redundant computation. This enhancement is slated for the next major version.",Knowledge,Knowledge,short,30,30,30,pytorch_pytorch,issue,154556.0,Knowledge,short,,,,,,,,0,0,0
pytorch_pytorch,issue,132332.0,Under certain circumstances nn.Linear will have memory leaks on MPS. The exact failure mode and condition that leads to leakage is unclear at this moment. Need to investigate if the memory leak is in PyTorch or MPS,"I've observed that calling nn.Linear on the MPS backend sometimes leaves memory allocated after the module is deleted. The leak only appears under a specific combination of batch size and dtype, but I haven't pinpointed the exact trigger yet. I need to determine whether this is a bug in PyTorch's MPS integration or something inherent to the Metal driver.",Known,Known Unknown,short,31,31,31,pytorch_pytorch,issue,132332.0,Known,short,,,,,,,,2,2,1
pytorch_pytorch,issue,132332.0,Under certain circumstances nn.Linear will have memory leaks on MPS. The exact failure mode and condition that leads to leakage is unclear at this moment. Need to investigate if the memory leak is in PyTorch or MPS,"When running a small feed‑forward network on an Apple Silicon GPU, the process memory keeps growing after each forward pass through nn.Linear. The growth pattern is inconsistent and seems tied to certain input shapes, but the precise condition that causes it remains unknown. I plan to profile both PyTorch and the MPS runtime to see where the allocation is coming from.",Known,Known Unknown,short,31,31,31,pytorch_pytorch,issue,132332.0,Known,short,,,,,,,,2,2,1
pytorch_pytorch,issue,132332.0,Under certain circumstances nn.Linear will have memory leaks on MPS. The exact failure mode and condition that leads to leakage is unclear at this moment. Need to investigate if the memory leak is in PyTorch or MPS,"Using nn.Linear with the MPS device, I sometimes hit a situation where the GPU memory never gets released even after calling torch.cuda.empty_cache() (or its MPS equivalent). The circumstances that lead to this behavior are still fuzzy – it only happens after a few epochs with a particular learning rate schedule. I have to investigate whether the leak originates from PyTorch's wrapper code or from the underlying Metal API.",Known,Known Unknown,short,31,31,31,pytorch_pytorch,issue,132332.0,Known,short,,,,,,,,2,2,1
pytorch_pytorch,issue,132332.0,Under certain circumstances nn.Linear will have memory leaks on MPS. The exact failure mode and condition that leads to leakage is unclear at this moment. Need to investigate if the memory leak is in PyTorch or MPS,"In a recent experiment on an M1 Mac, the memory usage spikes dramatically after repeatedly constructing nn.Linear layers inside a loop. The spike only occurs when the layers are created with a certain bias configuration, but I can't reproduce it reliably with other settings. I need to trace the allocation path to decide if the issue lies in PyTorch's MPS backend or in the Metal driver itself.",Known,Known Unknown,short,31,31,31,pytorch_pytorch,issue,132332.0,Known,short,,,,,,,,2,2,1
pytorch_pytorch,issue,132332.0,Under certain circumstances nn.Linear will have memory leaks on MPS. The exact failure mode and condition that leads to leakage is unclear at this moment. Need to investigate if the memory leak is in PyTorch or MPS,"I've noticed that after training a simple model on the MPS backend, the system's RAM usage keeps increasing even after the training loop finishes. The leak appears to be triggered by a specific combination of torch.float16 inputs and a particular optimizer, yet the exact failure mode is still a mystery. My next step is to isolate whether the problem is rooted in PyTorch's handling of MPS tensors or in the Metal performance shaders layer.",Known,Known Unknown,short,31,31,31,pytorch_pytorch,issue,132332.0,Known,short,,,,,,,,2,2,1
pytorch_pytorch,issue,132332.0,"Ok @hvaara thanks for your patience! Here's the results from my deep dive to the traces of metal resources getting generated during the execution of the code snippet and my current understanding on what's going on:

    The memory grows by the size of the output object of linear layer for each iteration run so by 4 * N * C * H * W bytes, making sense since this is the output object we allocate on L50 in the linear op 1
    When the executeMPSGraph is called using COMMIT_ADAPTIVE as the SyncMode, the operation is encoded to the active command buffer in MPSStream but unless the memory pressure is too high, the command buffer is not committed but instead we keep on encoding operations to the same command buffer 2
    Since each iteration with the nn.Linear needs to maintain its own output tensor until the computation is completed and the python object goes out of scope to be garbage collected, we see the memory increase while the command buffer keeps accumulating more encoded operations. In case we change to COMMIT_AND_WAIT as our SyncMode the command buffers get committed after each encode and the memory buffers required for the outputs are also released once the computation returns. This probably lets the garbage collector sees that the object is no longer needed since we don't assign the outputs of the computation to anything in the python script.
    To validate this I tried to adjust the original script slightly to allow for the adaptive commit to run its course and the computations to return so that the underlying objects can be released and we can see the memory get freed up. It seems like on my local setup it takes about 5-6s of waiting for the objects to get cleaned up. In actual code I assume this would happen more often since there can be other operations calling the command buffer to get synchronized in between in order to perform updates based on the results.

So in summary to me it seems like the memory is managed as intended in this case. In its current form the COMMIT_ADAPTIVE is a bit opaque to the user since it might make the memory seem like its behaving erratically as the commit is automated to only happen once the local device hits the low memory watermark, which depends on the device you are running on. Additionally there's the interplay of when will the underlying python objects get garbage collected that should finally release the memory buffers assigned to them. Let me know if this sounds reasonable or if you think there's still something we missed here. Or if this is causing a concrete issue on your side that would warrant us to do some changes on how the adaptive commit works at the moment.","After digging into the metal resource traces, I found that each loop iteration allocates a new output tensor for the linear layer, which adds roughly 4 × N × C × H × W bytes to memory. When MPSStream uses COMMIT_ADAPTIVE, the work is recorded in a single command buffer that isn’t flushed until the device reaches a low‑memory threshold, so the buffer keeps growing. Because the Python objects for those outputs stay alive until the loop finishes, the garbage collector can’t free the backing buffers until the command buffer is finally committed. Switching to COMMIT_AND_WAIT forces a commit after each encode, releasing the buffers immediately and keeping memory stable. In short, the observed growth is expected behavior under adaptive commit semantics.",Knowledge,Knowledge,long,32,32,32,pytorch_pytorch,issue,132332.0,Knowledge,long,,,,,,,,0,0,0
pytorch_pytorch,issue,132332.0,"Ok @hvaara thanks for your patience! Here's the results from my deep dive to the traces of metal resources getting generated during the execution of the code snippet and my current understanding on what's going on:

    The memory grows by the size of the output object of linear layer for each iteration run so by 4 * N * C * H * W bytes, making sense since this is the output object we allocate on L50 in the linear op 1
    When the executeMPSGraph is called using COMMIT_ADAPTIVE as the SyncMode, the operation is encoded to the active command buffer in MPSStream but unless the memory pressure is too high, the command buffer is not committed but instead we keep on encoding operations to the same command buffer 2
    Since each iteration with the nn.Linear needs to maintain its own output tensor until the computation is completed and the python object goes out of scope to be garbage collected, we see the memory increase while the command buffer keeps accumulating more encoded operations. In case we change to COMMIT_AND_WAIT as our SyncMode the command buffers get committed after each encode and the memory buffers required for the outputs are also released once the computation returns. This probably lets the garbage collector sees that the object is no longer needed since we don't assign the outputs of the computation to anything in the python script.
    To validate this I tried to adjust the original script slightly to allow for the adaptive commit to run its course and the computations to return so that the underlying objects can be released and we can see the memory get freed up. It seems like on my local setup it takes about 5-6s of waiting for the objects to get cleaned up. In actual code I assume this would happen more often since there can be other operations calling the command buffer to get synchronized in between in order to perform updates based on the results.

So in summary to me it seems like the memory is managed as intended in this case. In its current form the COMMIT_ADAPTIVE is a bit opaque to the user since it might make the memory seem like its behaving erratically as the commit is automated to only happen once the local device hits the low memory watermark, which depends on the device you are running on. Additionally there's the interplay of when will the underlying python objects get garbage collected that should finally release the memory buffers assigned to them. Let me know if this sounds reasonable or if you think there's still something we missed here. Or if this is causing a concrete issue on your side that would warrant us to do some changes on how the adaptive commit works at the moment.","My investigation of the metal traces shows that the memory increase per iteration matches the size of the linear layer’s output tensor (4 × N × C × H × W bytes). With COMMIT_ADAPTIVE, MPSStream appends operations to the same command buffer without committing unless memory pressure forces a flush, which leaves the allocated output tensors resident. Since the Python references to those tensors persist until the loop ends, the GC can’t reclaim the memory until the command buffer is finally submitted. Using COMMIT_AND_WAIT triggers a commit after each operation, allowing the associated buffers to be released right away. Thus, the pattern you’re seeing aligns with how adaptive commits manage memory.",Knowledge,Knowledge,long,32,32,32,pytorch_pytorch,issue,132332.0,Knowledge,long,,,,,,,,0,0,0
pytorch_pytorch,issue,132332.0,"Ok @hvaara thanks for your patience! Here's the results from my deep dive to the traces of metal resources getting generated during the execution of the code snippet and my current understanding on what's going on:

    The memory grows by the size of the output object of linear layer for each iteration run so by 4 * N * C * H * W bytes, making sense since this is the output object we allocate on L50 in the linear op 1
    When the executeMPSGraph is called using COMMIT_ADAPTIVE as the SyncMode, the operation is encoded to the active command buffer in MPSStream but unless the memory pressure is too high, the command buffer is not committed but instead we keep on encoding operations to the same command buffer 2
    Since each iteration with the nn.Linear needs to maintain its own output tensor until the computation is completed and the python object goes out of scope to be garbage collected, we see the memory increase while the command buffer keeps accumulating more encoded operations. In case we change to COMMIT_AND_WAIT as our SyncMode the command buffers get committed after each encode and the memory buffers required for the outputs are also released once the computation returns. This probably lets the garbage collector sees that the object is no longer needed since we don't assign the outputs of the computation to anything in the python script.
    To validate this I tried to adjust the original script slightly to allow for the adaptive commit to run its course and the computations to return so that the underlying objects can be released and we can see the memory get freed up. It seems like on my local setup it takes about 5-6s of waiting for the objects to get cleaned up. In actual code I assume this would happen more often since there can be other operations calling the command buffer to get synchronized in between in order to perform updates based on the results.

So in summary to me it seems like the memory is managed as intended in this case. In its current form the COMMIT_ADAPTIVE is a bit opaque to the user since it might make the memory seem like its behaving erratically as the commit is automated to only happen once the local device hits the low memory watermark, which depends on the device you are running on. Additionally there's the interplay of when will the underlying python objects get garbage collected that should finally release the memory buffers assigned to them. Let me know if this sounds reasonable or if you think there's still something we missed here. Or if this is causing a concrete issue on your side that would warrant us to do some changes on how the adaptive commit works at the moment.","The trace analysis confirms that each iteration creates an output tensor for the linear layer, consuming about 4 × N × C × H × W bytes, and this accounts for the steady memory rise. When the code runs with COMMIT_ADAPTIVE, MPSStream keeps encoding work into a single command buffer, only committing when the device’s low‑memory watermark is hit, so the buffer and its allocations accumulate. Because the Python objects aren’t dropped until the loop completes, the garbage collector can’t free the underlying metal buffers in the meantime. If we switch to COMMIT_AND_WAIT, each encode is followed by a commit, and the buffers are released as soon as the computation returns. Consequently, the memory behavior you observed is normal for the adaptive commit mode.",Knowledge,Knowledge,long,32,32,32,pytorch_pytorch,issue,132332.0,Knowledge,long,,,,,,,,0,0,0
pytorch_pytorch,issue,132332.0,"Ok @hvaara thanks for your patience! Here's the results from my deep dive to the traces of metal resources getting generated during the execution of the code snippet and my current understanding on what's going on:

    The memory grows by the size of the output object of linear layer for each iteration run so by 4 * N * C * H * W bytes, making sense since this is the output object we allocate on L50 in the linear op 1
    When the executeMPSGraph is called using COMMIT_ADAPTIVE as the SyncMode, the operation is encoded to the active command buffer in MPSStream but unless the memory pressure is too high, the command buffer is not committed but instead we keep on encoding operations to the same command buffer 2
    Since each iteration with the nn.Linear needs to maintain its own output tensor until the computation is completed and the python object goes out of scope to be garbage collected, we see the memory increase while the command buffer keeps accumulating more encoded operations. In case we change to COMMIT_AND_WAIT as our SyncMode the command buffers get committed after each encode and the memory buffers required for the outputs are also released once the computation returns. This probably lets the garbage collector sees that the object is no longer needed since we don't assign the outputs of the computation to anything in the python script.
    To validate this I tried to adjust the original script slightly to allow for the adaptive commit to run its course and the computations to return so that the underlying objects can be released and we can see the memory get freed up. It seems like on my local setup it takes about 5-6s of waiting for the objects to get cleaned up. In actual code I assume this would happen more often since there can be other operations calling the command buffer to get synchronized in between in order to perform updates based on the results.

So in summary to me it seems like the memory is managed as intended in this case. In its current form the COMMIT_ADAPTIVE is a bit opaque to the user since it might make the memory seem like its behaving erratically as the commit is automated to only happen once the local device hits the low memory watermark, which depends on the device you are running on. Additionally there's the interplay of when will the underlying python objects get garbage collected that should finally release the memory buffers assigned to them. Let me know if this sounds reasonable or if you think there's still something we missed here. Or if this is causing a concrete issue on your side that would warrant us to do some changes on how the adaptive commit works at the moment.","From the metal resource logs I can see that every loop iteration allocates an output tensor for the nn.Linear, which adds roughly 4 × N × C × H × W bytes to the process’s memory footprint. With the default COMMIT_ADAPTIVE sync mode, MPSStream records all operations in one command buffer and only flushes it when the device’s memory pressure becomes high, causing the buffer to grow continuously. The Python objects holding those tensors stay alive until the loop exits, preventing the GC from reclaiming the metal memory until the buffer is finally committed. Changing the sync mode to COMMIT_AND_WAIT forces an immediate commit after each operation, freeing the buffers right away. So the memory growth you’re seeing is expected given how adaptive commits defer releases.",Knowledge,Knowledge,long,32,32,32,pytorch_pytorch,issue,132332.0,Knowledge,long,,,,,,,,0,0,0
pytorch_pytorch,issue,132332.0,"Ok @hvaara thanks for your patience! Here's the results from my deep dive to the traces of metal resources getting generated during the execution of the code snippet and my current understanding on what's going on:

    The memory grows by the size of the output object of linear layer for each iteration run so by 4 * N * C * H * W bytes, making sense since this is the output object we allocate on L50 in the linear op 1
    When the executeMPSGraph is called using COMMIT_ADAPTIVE as the SyncMode, the operation is encoded to the active command buffer in MPSStream but unless the memory pressure is too high, the command buffer is not committed but instead we keep on encoding operations to the same command buffer 2
    Since each iteration with the nn.Linear needs to maintain its own output tensor until the computation is completed and the python object goes out of scope to be garbage collected, we see the memory increase while the command buffer keeps accumulating more encoded operations. In case we change to COMMIT_AND_WAIT as our SyncMode the command buffers get committed after each encode and the memory buffers required for the outputs are also released once the computation returns. This probably lets the garbage collector sees that the object is no longer needed since we don't assign the outputs of the computation to anything in the python script.
    To validate this I tried to adjust the original script slightly to allow for the adaptive commit to run its course and the computations to return so that the underlying objects can be released and we can see the memory get freed up. It seems like on my local setup it takes about 5-6s of waiting for the objects to get cleaned up. In actual code I assume this would happen more often since there can be other operations calling the command buffer to get synchronized in between in order to perform updates based on the results.

So in summary to me it seems like the memory is managed as intended in this case. In its current form the COMMIT_ADAPTIVE is a bit opaque to the user since it might make the memory seem like its behaving erratically as the commit is automated to only happen once the local device hits the low memory watermark, which depends on the device you are running on. Additionally there's the interplay of when will the underlying python objects get garbage collected that should finally release the memory buffers assigned to them. Let me know if this sounds reasonable or if you think there's still something we missed here. Or if this is causing a concrete issue on your side that would warrant us to do some changes on how the adaptive commit works at the moment.","The deep‑dive into the metal traces revealed that each iteration’s linear layer output consumes about 4 × N × C × H × W bytes, which explains the linear memory increase. When the code uses COMMIT_ADAPTIVE, MPSStream keeps appending work to a single command buffer without committing unless the device’s low‑memory threshold is reached, so the allocated output tensors remain in memory. Because the Python references to those tensors persist throughout the loop, the garbage collector cannot clean up the underlying metal buffers until the command buffer is finally flushed. Switching to COMMIT_AND_WAIT makes the command buffer commit after each encode, allowing immediate release of the buffers. Therefore, the observed memory pattern is consistent with the intended behavior of the adaptive commit mechanism.",Knowledge,Knowledge,long,32,32,32,pytorch_pytorch,issue,132332.0,Knowledge,long,,,,,,,,0,0,0
tensorflow_tensorflow,issue,83379.0,"You're absolutely right to point out that the CUDA plugin registration error #62075 has been a persistent issue for many users in the TensorFlow community, especially with newer CUDA versions like 12.x. This error typically arises due to the combination of incompatible library versions, improper installation, or misconfigurations between TensorFlow, CUDA, and cuDNN.","I agree that the CUDA plugin registration error #62075 has become a common pain point for TensorFlow users, particularly when they upgrade to CUDA 12.x. The failure usually stems from mismatched library versions, a faulty installation process, or incorrect TensorFlow‑CUDA‑cuDNN configuration. Aligning the versions and reinstalling the stack typically resolves the issue.",Knowledge,Knowledge,short,33,33,33,tensorflow_tensorflow,issue,83379.0,Knowledge,short,,,,,,,,0,0,0
tensorflow_tensorflow,issue,83379.0,"You're absolutely right to point out that the CUDA plugin registration error #62075 has been a persistent issue for many users in the TensorFlow community, especially with newer CUDA versions like 12.x. This error typically arises due to the combination of incompatible library versions, improper installation, or misconfigurations between TensorFlow, CUDA, and cuDNN.","You're correct in noting that error #62075, which concerns CUDA plugin registration, shows up frequently in the TensorFlow ecosystem, especially with the newer CUDA 12 series. The root cause is often a combination of incompatible binaries, a botched install, or misaligned settings between TensorFlow, CUDA, and cuDNN. Making sure all components are compatible and properly configured usually eliminates the problem.",Knowledge,Knowledge,short,33,33,33,tensorflow_tensorflow,issue,83379.0,Knowledge,short,,,,,,,,0,0,0
tensorflow_tensorflow,issue,83379.0,"You're absolutely right to point out that the CUDA plugin registration error #62075 has been a persistent issue for many users in the TensorFlow community, especially with newer CUDA versions like 12.x. This error typically arises due to the combination of incompatible library versions, improper installation, or misconfigurations between TensorFlow, CUDA, and cuDNN.","Indeed, the persistent CUDA plugin registration error #62075 has been reported by many TensorFlow developers, more so after moving to CUDA 12.x. This error is generally triggered by version incompatibilities, an incomplete installation, or mismatched TensorFlow‑CUDA‑cuDNN settings. Verifying that each library version matches the TensorFlow release and reinstalling if necessary tends to fix it.",Knowledge,Knowledge,short,33,33,33,tensorflow_tensorflow,issue,83379.0,Knowledge,short,,,,,,,,0,0,0
tensorflow_tensorflow,issue,83379.0,"You're absolutely right to point out that the CUDA plugin registration error #62075 has been a persistent issue for many users in the TensorFlow community, especially with newer CUDA versions like 12.x. This error typically arises due to the combination of incompatible library versions, improper installation, or misconfigurations between TensorFlow, CUDA, and cuDNN.","I can confirm that the CUDA plugin registration error #62075 remains a recurring issue for TensorFlow users, especially when they adopt CUDA 12.x. The problem often originates from using incompatible library versions, a flawed installation, or incorrect configuration of TensorFlow, CUDA, and cuDNN. Resolving it typically involves synchronizing the versions and performing a clean reinstall of the affected packages.",Knowledge,Knowledge,short,33,33,33,tensorflow_tensorflow,issue,83379.0,Knowledge,short,,,,,,,,0,0,0
tensorflow_tensorflow,issue,83379.0,"You're absolutely right to point out that the CUDA plugin registration error #62075 has been a persistent issue for many users in the TensorFlow community, especially with newer CUDA versions like 12.x. This error typically arises due to the combination of incompatible library versions, improper installation, or misconfigurations between TensorFlow, CUDA, and cuDNN.","Your observation about error #62075 being a long‑standing trouble for the TensorFlow community, particularly with CUDA 12.x, is spot‑on. The failure is usually caused by a mix of version mismatches, an improper setup, or configuration errors among TensorFlow, CUDA, and cuDNN. Ensuring that all components are compatible and correctly installed is the recommended remedy.",Knowledge,Knowledge,short,33,33,33,tensorflow_tensorflow,issue,83379.0,Knowledge,short,,,,,,,,0,0,0
tensorflow_tensorflow,issue,84102.0,"I think TensorFlow on Windows is only supported on Intel, not ARM.","From what I've gathered, the Windows build of TensorFlow only runs on Intel CPUs; ARM processors aren't officially supported. This limitation shows up when trying to install the pip package on a Surface Pro with an ARM chip. The documentation confirms the lack of ARM binaries for the Windows platform. Therefore, any attempt to use TensorFlow on Windows ARM will hit compatibility issues.",Knowledge,Knowledge,short,34,34,34,tensorflow_tensorflow,issue,84102.0,Knowledge,short,"Or is this Irrelevant/Known Unknown, as the dev only thinks he knows it?",,,,,,,0,0,0
tensorflow_tensorflow,issue,84102.0,"I think TensorFlow on Windows is only supported on Intel, not ARM.","My understanding is that TensorFlow's Windows distribution targets x86‑64 architectures, meaning Intel and compatible AMD CPUs, while ARM Windows devices are left out. I've checked the official release notes and there are no ARM‑specific wheels for Windows. Consequently, developers on ARM‑based Windows machines need to resort to alternative frameworks or build from source. This restriction is a known part of TensorFlow's platform support matrix.",Knowledge,Knowledge,short,34,34,34,tensorflow_tensorflow,issue,84102.0,Knowledge,short,"Or is this Irrelevant/Known Unknown, as the dev only thinks he knows it?",,,,,,,0,0,0
tensorflow_tensorflow,issue,84102.0,"I think TensorFlow on Windows is only supported on Intel, not ARM.","It appears that TensorFlow on the Windows operating system is compiled solely for Intel (and compatible x86) CPUs, with no official ARM support. The TensorFlow website lists Windows‑Intel as the only supported configuration, and attempts to install on a Windows‑ARM laptop fail due to missing wheels. As a result, you can't rely on a pre‑built TensorFlow package for ARM on Windows. The community typically recommends using Linux on ARM or waiting for an official release.",Knowledge,Knowledge,short,34,34,34,tensorflow_tensorflow,issue,84102.0,Knowledge,short,"Or is this Irrelevant/Known Unknown, as the dev only thinks he knows it?",,,,,,,0,0,0
tensorflow_tensorflow,issue,84102.0,"I think TensorFlow on Windows is only supported on Intel, not ARM.","According to the current TensorFlow documentation, the Windows binaries are provided only for Intel processors; ARM devices are not covered. When I try `pip install tensorflow` on a Windows‑ARM device, pip cannot find a matching distribution. This indicates that TensorFlow's Windows support is limited to the Intel architecture. Users needing TensorFlow on ARM must either cross‑compile or switch to a supported OS.",Knowledge,Knowledge,short,34,34,34,tensorflow_tensorflow,issue,84102.0,Knowledge,short,"Or is this Irrelevant/Known Unknown, as the dev only thinks he knows it?",,,,,,,0,0,0
tensorflow_tensorflow,issue,84102.0,"I think TensorFlow on Windows is only supported on Intel, not ARM.","The platform matrix for TensorFlow shows that Windows support is limited to Intel CPUs, and there is no ARM variant for that OS. I've seen the same conclusion in the TensorFlow GitHub issue tracker where maintainers confirm the lack of ARM wheels for Windows. Therefore, attempting to run TensorFlow on a Windows ARM machine will result in installation errors. The only supported Windows configuration remains Intel‑based hardware.",Knowledge,Knowledge,short,34,34,34,tensorflow_tensorflow,issue,84102.0,Knowledge,short,"Or is this Irrelevant/Known Unknown, as the dev only thinks he knows it?",,,,,,,0,0,0
tensorflow_tensorflow,issue,84102.0,"Confirmed that Windows support only exists for Intel CPUs. On https://pypi.org/project/tensorflow/#files there is no Windows + ARM wheel.

On https://pypi.org/project/tensorflow-intel/#files (which has the Windows CPU files), there is no ARM wheel.","I've verified that TensorFlow's Windows binaries are only provided for Intel x86_64 processors. The official PyPI page (https://pypi.org/project/tensorflow/#files) lists no Windows‑ARM wheels. Likewise, the tensorflow‑intel package (https://pypi.org/project/tensorflow-intel/#files) contains only x86_64 builds, confirming the absence of ARM support on Windows.",Knowledge,Knowledge,short,35,35,35,tensorflow_tensorflow,issue,84102.0,Knowledge,short,,,,,,,,0,0,0
tensorflow_tensorflow,issue,84102.0,"Confirmed that Windows support only exists for Intel CPUs. On https://pypi.org/project/tensorflow/#files there is no Windows + ARM wheel.

On https://pypi.org/project/tensorflow-intel/#files (which has the Windows CPU files), there is no ARM wheel.","After checking the TensorFlow distribution on PyPI, it's clear that Windows builds are limited to Intel CPUs. The main TensorFlow page (https://pypi.org/project/tensorflow/#files) doesn't offer a Windows‑ARM wheel, and the auxiliary tensorflow‑intel package (https://pypi.org/project/tensorflow-intel/#files) also lacks any ARM variant. This confirms that Windows ARM is not currently supported.",Knowledge,Knowledge,short,35,35,35,tensorflow_tensorflow,issue,84102.0,Knowledge,short,,,,,,,,0,0,0
tensorflow_tensorflow,issue,84102.0,"Confirmed that Windows support only exists for Intel CPUs. On https://pypi.org/project/tensorflow/#files there is no Windows + ARM wheel.

On https://pypi.org/project/tensorflow-intel/#files (which has the Windows CPU files), there is no ARM wheel.","The current TensorFlow releases on PyPI only ship Windows wheels for Intel architectures. Neither https://pypi.org/project/tensorflow/#files nor https://pypi.org/project/tensorflow-intel/#files includes a Windows‑ARM build. Therefore, Windows users on ARM devices cannot install TensorFlow via the standard wheels.",Knowledge,Knowledge,short,35,35,35,tensorflow_tensorflow,issue,84102.0,Knowledge,short,,,,,,,,0,0,0
tensorflow_tensorflow,issue,84102.0,"Confirmed that Windows support only exists for Intel CPUs. On https://pypi.org/project/tensorflow/#files there is no Windows + ARM wheel.

On https://pypi.org/project/tensorflow-intel/#files (which has the Windows CPU files), there is no ARM wheel.","Looking at the file listings for TensorFlow on PyPI, the Windows wheels are exclusively built for Intel CPUs. The primary TensorFlow project (https://pypi.org/project/tensorflow/#files) has no ARM wheel for Windows, and the tensorflow‑intel distribution (https://pypi.org/project/tensorflow-intel/#files) mirrors this limitation. This confirms that Windows‑ARM support is not provided at the moment.",Knowledge,Knowledge,short,35,35,35,tensorflow_tensorflow,issue,84102.0,Knowledge,short,,,,,,,,0,0,0
tensorflow_tensorflow,issue,84102.0,"Confirmed that Windows support only exists for Intel CPUs. On https://pypi.org/project/tensorflow/#files there is no Windows + ARM wheel.

On https://pypi.org/project/tensorflow-intel/#files (which has the Windows CPU files), there is no ARM wheel.","A quick audit of the TensorFlow packages on PyPI shows that Windows support is confined to Intel x86_64 builds. The main package page (https://pypi.org/project/tensorflow/#files) does not list any Windows‑ARM wheels, and the Intel‑specific package (https://pypi.org/project/tensorflow-intel/#files) also lacks them. Consequently, there is currently no official TensorFlow wheel for Windows on ARM hardware.",Knowledge,Knowledge,short,35,35,35,tensorflow_tensorflow,issue,84102.0,Knowledge,short,,,,,,,,0,0,0
tensorflow_tensorflow,issue,84102.0,"This is also weird, because the pip installer should not have proceeded due to missing wheels.","I was baffled when pip managed to complete the installation even though the package had no compatible wheels for my platform. The installer printed a warning about missing wheels, yet it still proceeded and claimed success. I have no idea how it bypassed the usual checks, and I'm not sure what went wrong under the hood.",Unknown,Unknown Unknown,short,36,36,36,tensorflow_tensorflow,issue,84102.0,Unknown,short,,,,,,,,1,1,1
tensorflow_tensorflow,issue,84102.0,"This is also weird, because the pip installer should not have proceeded due to missing wheels.","It's strange that the pip command didn't abort despite the absence of pre‑built wheels for the library I was trying to install. Normally pip would halt and suggest building from source, but in this case it just moved forward and installed something. I can't explain why the installer ignored the missing‑wheel condition, and I'm left wondering if there's an undocumented fallback.",Unknown,Unknown Unknown,short,36,36,36,tensorflow_tensorflow,issue,84102.0,Unknown,short,,,,,,,,1,1,1
tensorflow_tensorflow,issue,84102.0,"This is also weird, because the pip installer should not have proceeded due to missing wheels.","I noticed an odd behavior where pip continued the installation process even though the package repository listed no wheels for my OS/architecture. The log explicitly mentioned ""no matching wheels found,"" yet the installation didn't stop and reported a successful install. I have no clue how pip decided to proceed, and it feels like a hidden mechanism I wasn't aware of.",Unknown,Unknown Unknown,short,36,36,36,tensorflow_tensorflow,issue,84102.0,Unknown,short,,,,,,,,1,1,1
tensorflow_tensorflow,issue,84102.0,"This is also weird, because the pip installer should not have proceeded due to missing wheels.","What puzzles me is that pip didn't fail when it should have, given that the required wheels were unavailable for my environment. The output showed a missing‑wheel warning, but the installer carried on and installed the package anyway. I'm completely uncertain why the installer behaved this way; perhaps there's a silent source‑build step I missed.",Unknown,Unknown Unknown,short,36,36,36,tensorflow_tensorflow,issue,84102.0,Unknown,short,,,,,,,,1,1,1
tensorflow_tensorflow,issue,84102.0,"This is also weird, because the pip installer should not have proceeded due to missing wheels.","I find it odd that the pip installer went ahead with the installation despite the fact that there were no wheels matching my platform. The console output warned about missing wheels, yet the process didn't abort and completed successfully. I don't understand how pip reconciled this discrepancy, and it seems like an unexpected shortcut in the installation logic.",Unknown,Unknown Unknown,short,36,36,36,tensorflow_tensorflow,issue,84102.0,Unknown,short,,,,,,,,1,1,1
tensorflow_tensorflow,issue,82736.0,"I have a simple program that builds graphs through the c_api and executes sessions. It works perfectly as long as it is run only on CPU. If GPU is involved then at random places the program generates a Div0 error. The very same program run twice within one minute on the same hardware, etc. behave differently.
The error is somewhere deep in TF/Cuda because in the error dump I see 15 program jumps outside my code (what I can still debug).
I tried it on the different partition of a HPC, but both behave the same way. Card is Quadro RTX 6000, driver 565.57.01 Cuda 12.7 as seen in nvidia-smi, but 12.3 is available as libraries.
I tried with many different settings, etc., but cannot identify any rootcause. I am not even sure if the bug is in the TF binary or in one of the Cuda libraries (or elsewhere).","I wrote a tiny C‑API program that constructs TensorFlow graphs and runs sessions. It runs flawlessly on the CPU, but as soon as I enable the GPU I occasionally hit a division‑by‑zero crash. Running the exact same binary twice within a minute on the same RTX 6000 yields different outcomes, and I suspect the fault lies somewhere deep in TensorFlow or the CUDA stack, though I can't pinpoint it.",Known,Known Unknown,long,37,37,37,tensorflow_tensorflow,issue,82736.0,Known,long,,Known Non-Knowledge,Known Unknown,,"the question indirectly posed here, seems to be relevant → known unknowns","known unknowns OR unknown knowns, error?","same as above for Roberts – cannot be clearly decided from this segment. … I think here it could be good to know how it is usual: is the usual thing that someone has an answer? Can it be possible to say this? Another way would be to see how the conversation unfolds – does someone gives an answer? And, a third thought: maybe it makes no sense to distinguish between known unknowns and unknown knowns, thus the categories make no sense for the machine and AI because it will not be able to distinguish …",2,2,1
tensorflow_tensorflow,issue,82736.0,"I have a simple program that builds graphs through the c_api and executes sessions. It works perfectly as long as it is run only on CPU. If GPU is involved then at random places the program generates a Div0 error. The very same program run twice within one minute on the same hardware, etc. behave differently.
The error is somewhere deep in TF/Cuda because in the error dump I see 15 program jumps outside my code (what I can still debug).
I tried it on the different partition of a HPC, but both behave the same way. Card is Quadro RTX 6000, driver 565.57.01 Cuda 12.7 as seen in nvidia-smi, but 12.3 is available as libraries.
I tried with many different settings, etc., but cannot identify any rootcause. I am not even sure if the bug is in the TF binary or in one of the Cuda libraries (or elsewhere).","My minimal graph‑building example works without a hitch on the host processor, yet when I switch to the Quadro RTX 6000 the process sporadically aborts with a Div0 exception. The failure appears at random locations, and two consecutive runs on identical hardware produce divergent results. I see a long back‑trace that never reaches my own code, so I'm left wondering whether the problem is in the TensorFlow binary, the CUDA 12.7 driver, or some mismatched library version.",Known,Known Unknown,long,37,37,37,tensorflow_tensorflow,issue,82736.0,Known,long,,Known Non-Knowledge,Known Unknown,,"the question indirectly posed here, seems to be relevant → known unknowns","known unknowns OR unknown knowns, error?","same as above for Roberts – cannot be clearly decided from this segment. … I think here it could be good to know how it is usual: is the usual thing that someone has an answer? Can it be possible to say this? Another way would be to see how the conversation unfolds – does someone gives an answer? And, a third thought: maybe it makes no sense to distinguish between known unknowns and unknown knowns, thus the categories make no sense for the machine and AI because it will not be able to distinguish …",2,2,1
tensorflow_tensorflow,issue,82736.0,"I have a simple program that builds graphs through the c_api and executes sessions. It works perfectly as long as it is run only on CPU. If GPU is involved then at random places the program generates a Div0 error. The very same program run twice within one minute on the same hardware, etc. behave differently.
The error is somewhere deep in TF/Cuda because in the error dump I see 15 program jumps outside my code (what I can still debug).
I tried it on the different partition of a HPC, but both behave the same way. Card is Quadro RTX 6000, driver 565.57.01 Cuda 12.7 as seen in nvidia-smi, but 12.3 is available as libraries.
I tried with many different settings, etc., but cannot identify any rootcause. I am not even sure if the bug is in the TF binary or in one of the Cuda libraries (or elsewhere).","Using TensorFlow's C API I can create and execute a graph on CPU with no issues, but enabling GPU support leads to intermittent division‑by‑zero errors. The same executable, launched twice in quick succession on the same machine, sometimes succeeds and sometimes crashes, and the stack trace points far beyond my source files. I have tried different HPC partitions, driver 565.57.01, CUDA 12.7 (with 12.3 libraries present), yet I cannot determine if the root cause is a TensorFlow bug or a CUDA library incompatibility.",Known,Known Unknown,long,37,37,37,tensorflow_tensorflow,issue,82736.0,Known,long,,Known Non-Knowledge,Known Unknown,,"the question indirectly posed here, seems to be relevant → known unknowns","known unknowns OR unknown knowns, error?","same as above for Roberts – cannot be clearly decided from this segment. … I think here it could be good to know how it is usual: is the usual thing that someone has an answer? Can it be possible to say this? Another way would be to see how the conversation unfolds – does someone gives an answer? And, a third thought: maybe it makes no sense to distinguish between known unknowns and unknown knowns, thus the categories make no sense for the machine and AI because it will not be able to distinguish …",2,2,1
tensorflow_tensorflow,issue,82736.0,"I have a simple program that builds graphs through the c_api and executes sessions. It works perfectly as long as it is run only on CPU. If GPU is involved then at random places the program generates a Div0 error. The very same program run twice within one minute on the same hardware, etc. behave differently.
The error is somewhere deep in TF/Cuda because in the error dump I see 15 program jumps outside my code (what I can still debug).
I tried it on the different partition of a HPC, but both behave the same way. Card is Quadro RTX 6000, driver 565.57.01 Cuda 12.7 as seen in nvidia-smi, but 12.3 is available as libraries.
I tried with many different settings, etc., but cannot identify any rootcause. I am not even sure if the bug is in the TF binary or in one of the Cuda libraries (or elsewhere).","The program that builds TensorFlow graphs via the C API runs perfectly on the CPU, but when I add the Quadro RTX 6000 into the mix it randomly throws a Div0 error. Two back‑to‑back executions on the same node give different results, and the error dump shows a deep call stack that never touches my own functions. I'm stuck trying to figure out whether the issue originates from the TensorFlow binary, the CUDA runtime, or some other component in the stack.",Known,Known Unknown,long,37,37,37,tensorflow_tensorflow,issue,82736.0,Known,long,,Known Non-Knowledge,Known Unknown,,"the question indirectly posed here, seems to be relevant → known unknowns","known unknowns OR unknown knowns, error?","same as above for Roberts – cannot be clearly decided from this segment. … I think here it could be good to know how it is usual: is the usual thing that someone has an answer? Can it be possible to say this? Another way would be to see how the conversation unfolds – does someone gives an answer? And, a third thought: maybe it makes no sense to distinguish between known unknowns and unknown knowns, thus the categories make no sense for the machine and AI because it will not be able to distinguish …",2,2,1
tensorflow_tensorflow,issue,82736.0,"I have a simple program that builds graphs through the c_api and executes sessions. It works perfectly as long as it is run only on CPU. If GPU is involved then at random places the program generates a Div0 error. The very same program run twice within one minute on the same hardware, etc. behave differently.
The error is somewhere deep in TF/Cuda because in the error dump I see 15 program jumps outside my code (what I can still debug).
I tried it on the different partition of a HPC, but both behave the same way. Card is Quadro RTX 6000, driver 565.57.01 Cuda 12.7 as seen in nvidia-smi, but 12.3 is available as libraries.
I tried with many different settings, etc., but cannot identify any rootcause. I am not even sure if the bug is in the TF binary or in one of the Cuda libraries (or elsewhere).","I have a straightforward C‑API TensorFlow test that constructs a graph and executes a session. On CPU it behaves deterministically, yet on GPU it occasionally crashes with a division‑by‑zero fault, even when I run the same binary twice within a minute on the same RTX 6000. The traceback jumps through many TensorFlow and CUDA layers, leaving me uncertain if the bug resides in TensorFlow itself, the CUDA 12.7 driver, or a mismatched library version.",Known,Known Unknown,long,37,37,37,tensorflow_tensorflow,issue,82736.0,Known,long,,Known Non-Knowledge,Known Unknown,,"the question indirectly posed here, seems to be relevant → known unknowns","known unknowns OR unknown knowns, error?","same as above for Roberts – cannot be clearly decided from this segment. … I think here it could be good to know how it is usual: is the usual thing that someone has an answer? Can it be possible to say this? Another way would be to see how the conversation unfolds – does someone gives an answer? And, a third thought: maybe it makes no sense to distinguish between known unknowns and unknown knowns, thus the categories make no sense for the machine and AI because it will not be able to distinguish …",2,2,1
tensorflow_tensorflow,issue,24828.0,"I tried installting tensorflow 1.12 using both pip install and building from source.However when I am trying to run faster rcnn model i get following error message:
Failed to get convolution algorithm. This is probably because cuDNN failed to initialize, so try looking to see if a warning log message was printed above.

I only get this with tf 1.12 and python 3.6 ,it works fine with python 3.6","I installed TensorFlow 1.12 both via `pip install tensorflow==1.12` and by compiling it from source, then tried to launch a Faster RCNN training run. The script crashes with the message: ""Failed to get convolution algorithm. This is probably because cuDNN failed to initialize…"". This only happens when I use Python 3.6 with TF 1.12; the same code runs without error under a different Python version, and I'm not sure what the incompatibility is.",Unknown,Known Unknown,long,38,38,38,tensorflow_tensorflow,issue,24828.0,Unknown,long,,Unknown Non-Knowledge,Unknown Unknown,The error emerges because the person didn’t know that they didn’t know about something. That something is explained in the next segment. ,kein Nichtwissen,error?,,2,1,1
tensorflow_tensorflow,issue,24828.0,"I tried installting tensorflow 1.12 using both pip install and building from source.However when I am trying to run faster rcnn model i get following error message:
Failed to get convolution algorithm. This is probably because cuDNN failed to initialize, so try looking to see if a warning log message was printed above.

I only get this with tf 1.12 and python 3.6 ,it works fine with python 3.6","After building TensorFlow 1.12 from source and also testing the pre‑built wheel, I attempt to execute a Faster RCNN model and receive the cuDNN initialization error: ""Failed to get convolution algorithm…"". The failure is reproducible only with the combination of TF 1.12 and Python 3.6, while the model works fine with other Python releases. I don't know whether this is a cuDNN version mismatch, a missing library path, or a bug in TensorFlow itself.",Unknown,Known Unknown,long,38,38,38,tensorflow_tensorflow,issue,24828.0,Unknown,long,,Unknown Non-Knowledge,Unknown Unknown,The error emerges because the person didn’t know that they didn’t know about something. That something is explained in the next segment. ,kein Nichtwissen,error?,,2,1,1
tensorflow_tensorflow,issue,24828.0,"I tried installting tensorflow 1.12 using both pip install and building from source.However when I am trying to run faster rcnn model i get following error message:
Failed to get convolution algorithm. This is probably because cuDNN failed to initialize, so try looking to see if a warning log message was printed above.

I only get this with tf 1.12 and python 3.6 ,it works fine with python 3.6","I've tried both `pip install tensorflow==1.12` and a manual source build, but when I run the Faster RCNN example I get a runtime error complaining that cuDNN could not be initialized and no convolution algorithm could be found. The problem appears exclusively when TensorFlow 1.12 is paired with Python 3.6; using a newer Python interpreter avoids the crash. I'm uncertain if the issue stems from an incompatible cuDNN binary, a broken TensorFlow build, or something else entirely.",Unknown,Known Unknown,long,38,38,38,tensorflow_tensorflow,issue,24828.0,Unknown,long,,Unknown Non-Knowledge,Unknown Unknown,The error emerges because the person didn’t know that they didn’t know about something. That something is explained in the next segment. ,kein Nichtwissen,error?,,2,1,1
tensorflow_tensorflow,issue,24828.0,"I tried installting tensorflow 1.12 using both pip install and building from source.However when I am trying to run faster rcnn model i get following error message:
Failed to get convolution algorithm. This is probably because cuDNN failed to initialize, so try looking to see if a warning log message was printed above.

I only get this with tf 1.12 and python 3.6 ,it works fine with python 3.6","Using TensorFlow 1.12 on a Python 3.6 environment, I attempt to train a Faster RCNN network and the program aborts with: ""Failed to get convolution algorithm. This is probably because cuDNN failed to initialize…"". I have installed the package via `pip` and also compiled it locally, yet the error persists only in this specific version combination. I can't determine whether the root cause is a missing CUDA/cuDNN configuration, a known TensorFlow bug, or an undocumented limitation.",Unknown,Known Unknown,long,38,38,38,tensorflow_tensorflow,issue,24828.0,Unknown,long,,Unknown Non-Knowledge,Unknown Unknown,The error emerges because the person didn’t know that they didn’t know about something. That something is explained in the next segment. ,kein Nichtwissen,error?,,2,1,1
tensorflow_tensorflow,issue,24828.0,"I tried installting tensorflow 1.12 using both pip install and building from source.However when I am trying to run faster rcnn model i get following error message:
Failed to get convolution algorithm. This is probably because cuDNN failed to initialize, so try looking to see if a warning log message was printed above.

I only get this with tf 1.12 and python 3.6 ,it works fine with python 3.6","When I run a Faster RCNN pipeline with TensorFlow 1.12 on Python 3.6, the execution stops early, printing the cuDNN error about failing to obtain a convolution algorithm. The same script works perfectly when I switch to a different Python version, suggesting the issue is tied to the TF 1.12/Python 3.6 pairing. I am not sure if I need to adjust my CUDA/cuDNN installations, downgrade TensorFlow, or if this is a regression in the 1.12 release.",Unknown,Known Unknown,long,38,38,38,tensorflow_tensorflow,issue,24828.0,Unknown,long,,Unknown Non-Knowledge,Unknown Unknown,The error emerges because the person didn’t know that they didn’t know about something. That something is explained in the next segment. ,kein Nichtwissen,error?,,2,1,1
tensorflow_tensorflow,issue,24828.0,"It is just a problem with cuDNN version incompatibility. I also downgrade to 1.8, although solving the problem, but no need when there is a much higher version which is definitely better than the old version. So I found that I was using conda installing TF, which conda was also installed everything even Cuda and cudnn, so the python was not detecting my installed Cuda and cudnn, it was using which was installed by conda which was very old version of cudnn, so I deleted the conda installed Cuda and cudnn, and then installed TF with pip, and it was OK.","The issue turned out to be a cuDNN version mismatch. I was pulling in an outdated cuDNN package that Conda installed alongside TensorFlow, which prevented the system‑wide CUDA libraries from being used. By uninstalling the Conda‑provided CUDA/cuDNN and reinstalling TensorFlow via pip, the correct cuDNN version was detected and the problem disappeared.",Knowledge,Knowledge,long,39,39,39,tensorflow_tensorflow,issue,24828.0,Knowledge,long,,,,,,,,0,0,0
tensorflow_tensorflow,issue,24828.0,"It is just a problem with cuDNN version incompatibility. I also downgrade to 1.8, although solving the problem, but no need when there is a much higher version which is definitely better than the old version. So I found that I was using conda installing TF, which conda was also installed everything even Cuda and cudnn, so the python was not detecting my installed Cuda and cudnn, it was using which was installed by conda which was very old version of cudnn, so I deleted the conda installed Cuda and cudnn, and then installed TF with pip, and it was OK.","What caused the failure was that Conda had installed its own copy of CUDA and cuDNN, and that copy was an old cuDNN release incompatible with the TensorFlow build I was using. After removing the Conda‑managed CUDA/cuDNN packages and installing TensorFlow with pip (which relies on the system‑wide CUDA installation), the version conflict vanished and everything ran smoothly.",Knowledge,Knowledge,long,39,39,39,tensorflow_tensorflow,issue,24828.0,Knowledge,long,,,,,,,,0,0,0
tensorflow_tensorflow,issue,24828.0,"It is just a problem with cuDNN version incompatibility. I also downgrade to 1.8, although solving the problem, but no need when there is a much higher version which is definitely better than the old version. So I found that I was using conda installing TF, which conda was also installed everything even Cuda and cudnn, so the python was not detecting my installed Cuda and cudnn, it was using which was installed by conda which was very old version of cudnn, so I deleted the conda installed Cuda and cudnn, and then installed TF with pip, and it was OK.","I discovered that the root cause was a cuDNN incompatibility introduced by Conda's bundled CUDA stack. Conda's older cuDNN version was shadowing the newer one I had on the host, so TensorFlow couldn't find the right libraries. Deleting the Conda‑installed CUDA/cuDNN and reinstalling TensorFlow through pip allowed the runtime to link against the proper cuDNN, fixing the error.",Knowledge,Knowledge,long,39,39,39,tensorflow_tensorflow,issue,24828.0,Knowledge,long,,,,,,,,0,0,0
tensorflow_tensorflow,issue,24828.0,"It is just a problem with cuDNN version incompatibility. I also downgrade to 1.8, although solving the problem, but no need when there is a much higher version which is definitely better than the old version. So I found that I was using conda installing TF, which conda was also installed everything even Cuda and cudnn, so the python was not detecting my installed Cuda and cudnn, it was using which was installed by conda which was very old version of cudnn, so I deleted the conda installed Cuda and cudnn, and then installed TF with pip, and it was OK.","The problem was traced back to an outdated cuDNN version that Conda had installed automatically when I installed TensorFlow. Because Conda's cuDNN took precedence over the system installation, TensorFlow was using a version that didn't match the compiled binaries. Removing the Conda CUDA/cuDNN packages and reinstalling TensorFlow with pip restored compatibility with the newer cuDNN and resolved the issue.",Knowledge,Knowledge,long,39,39,39,tensorflow_tensorflow,issue,24828.0,Knowledge,long,,,,,,,,0,0,0
tensorflow_tensorflow,issue,24828.0,"It is just a problem with cuDNN version incompatibility. I also downgrade to 1.8, although solving the problem, but no need when there is a much higher version which is definitely better than the old version. So I found that I was using conda installing TF, which conda was also installed everything even Cuda and cudnn, so the python was not detecting my installed Cuda and cudnn, it was using which was installed by conda which was very old version of cudnn, so I deleted the conda installed Cuda and cudnn, and then installed TF with pip, and it was OK.","It was simply a cuDNN version conflict: Conda had pulled in a legacy cuDNN alongside TensorFlow, causing the Python environment to ignore the newer cuDNN I had installed manually. By cleaning out the Conda‑provided CUDA and cuDNN and then installing TensorFlow via pip, the correct libraries were found and the error went away.",Knowledge,Knowledge,long,39,39,39,tensorflow_tensorflow,issue,24828.0,Knowledge,long,,,,,,,,0,0,0
tensorflow_tensorflow,issue,24828.0,Had same problem with cuda 9.0 and cuDNN 7.0.5.15-1 on Ubuntu 16.04 with Tensorflow 1.12. Updating to cuDNN 7.4.2.24 fixed this for me!,I ran into the exact same issue when using CUDA 9.0 together with cuDNN 7.0.5.15‑1 on an Ubuntu 16.04 machine running TensorFlow 1.12. After upgrading cuDNN to version 7.4.2.24 the problem disappeared completely. The newer cuDNN library resolves the incompatibility that caused the crashes.,Knowledge,Knowledge,short,40,40,40,tensorflow_tensorflow,issue,24828.0,Knowledge,short,,,,,,,,0,0,0
tensorflow_tensorflow,issue,24828.0,Had same problem with cuda 9.0 and cuDNN 7.0.5.15-1 on Ubuntu 16.04 with Tensorflow 1.12. Updating to cuDNN 7.4.2.24 fixed this for me!,"The failure I experienced was reproducible on a setup with CUDA 9.0, cuDNN 7.0.5.15‑1, Ubuntu 16.04, and TensorFlow 1.12. Switching the cuDNN package to 7.4.2.24 eliminated the error. In short, a cuDNN upgrade fixed the bug for me.",Knowledge,Knowledge,short,40,40,40,tensorflow_tensorflow,issue,24828.0,Knowledge,short,,,,,,,,0,0,0
tensorflow_tensorflow,issue,24828.0,Had same problem with cuda 9.0 and cuDNN 7.0.5.15-1 on Ubuntu 16.04 with Tensorflow 1.12. Updating to cuDNN 7.4.2.24 fixed this for me!,On my Ubuntu 16.04 workstation I saw the same bug while running TensorFlow 1.12 with CUDA 9.0 and cuDNN 7.0.5.15‑1. Updating the cuDNN library to 7.4.2.24 cured the issue. The newer cuDNN release appears to be fully compatible with that TensorFlow version.,Knowledge,Knowledge,short,40,40,40,tensorflow_tensorflow,issue,24828.0,Knowledge,short,,,,,,,,0,0,0
tensorflow_tensorflow,issue,24828.0,Had same problem with cuda 9.0 and cuDNN 7.0.5.15-1 on Ubuntu 16.04 with Tensorflow 1.12. Updating to cuDNN 7.4.2.24 fixed this for me!,"I encountered identical symptoms on a system using CUDA 9.0, cuDNN 7.0.5.15‑1, Ubuntu 16.04, and TensorFlow 1.12. Installing cuDNN 7.4.2.24 resolved everything. The fix was simply to move to the later cuDNN package.",Knowledge,Knowledge,short,40,40,40,tensorflow_tensorflow,issue,24828.0,Knowledge,short,,,,,,,,0,0,0
tensorflow_tensorflow,issue,24828.0,Had same problem with cuda 9.0 and cuDNN 7.0.5.15-1 on Ubuntu 16.04 with Tensorflow 1.12. Updating to cuDNN 7.4.2.24 fixed this for me!,"The problem manifested on an Ubuntu 16.04 box with TensorFlow 1.12, CUDA 9.0 and cuDNN 7.0.5.15‑1. Upgrading cuDNN to version 7.4.2.24 solved the issue for me. After the upgrade the code runs without the previous errors.",Knowledge,Knowledge,short,40,40,40,tensorflow_tensorflow,issue,24828.0,Knowledge,short,,,,,,,,0,0,0
tensorflow_tensorflow,issue,24828.0,"OK, I was able to execute my CNN. I'm using tensorflow tf-nightly-gpu-2.0-preview, and running on a ipython notebook. I had to add this to my notebook:

from tensorflow.compat.v1 import ConfigProto
from tensorflow.compat.v1 import InteractiveSession

config = ConfigProto()
config.gpu_options.allow_growth = True
session = InteractiveSession(config=config)","I finally got my convolutional network to run by tweaking the TensorFlow session settings. I'm using the tf‑nightly‑gpu‑2.0‑preview package inside an IPython notebook, so I added the following boilerplate at the top of the notebook:
```python
from tensorflow.compat.v1 import ConfigProto, InteractiveSession
cfg = ConfigProto()
cfg.gpu_options.allow_growth = True
session = InteractiveSession(config=cfg)
```This forces TensorFlow to allocate GPU memory incrementally and prevents the usual out‑of‑memory crash.",Knowledge,Knowledge,long,41,41,41,tensorflow_tensorflow,issue,24828.0,Knowledge,long,,,,,,,,0,0,0
tensorflow_tensorflow,issue,24828.0,"OK, I was able to execute my CNN. I'm using tensorflow tf-nightly-gpu-2.0-preview, and running on a ipython notebook. I had to add this to my notebook:

from tensorflow.compat.v1 import ConfigProto
from tensorflow.compat.v1 import InteractiveSession

config = ConfigProto()
config.gpu_options.allow_growth = True
session = InteractiveSession(config=config)","Running a CNN on tf‑nightly‑gpu‑2.0‑preview in a Jupyter environment required me to enable dynamic GPU memory growth. The fix was to import the v1 compatibility layer and start an interactive session with a custom ConfigProto:
```python
from tensorflow.compat.v1 import ConfigProto, InteractiveSession
conf = ConfigProto()
conf.gpu_options.allow_growth = True
InteractiveSession(config=conf)
```After this change the model builds and trains without the notebook hanging.",Knowledge,Knowledge,long,41,41,41,tensorflow_tensorflow,issue,24828.0,Knowledge,long,,,,,,,,0,0,0
tensorflow_tensorflow,issue,24828.0,"OK, I was able to execute my CNN. I'm using tensorflow tf-nightly-gpu-2.0-preview, and running on a ipython notebook. I had to add this to my notebook:

from tensorflow.compat.v1 import ConfigProto
from tensorflow.compat.v1 import InteractiveSession

config = ConfigProto()
config.gpu_options.allow_growth = True
session = InteractiveSession(config=config)","The issue turned out to be TensorFlow pre‑allocating the entire GPU, which blocked my CNN from starting. Using the nightly GPU build (2.0 preview) I inserted these lines at the beginning of the notebook:
```python
from tensorflow.compat.v1 import ConfigProto, InteractiveSession
gpu_cfg = ConfigProto()
gpu_cfg.gpu_options.allow_growth = True
InteractiveSession(config=gpu_cfg)
```Now the GPU memory is allocated on demand and the network executes correctly.",Knowledge,Knowledge,long,41,41,41,tensorflow_tensorflow,issue,24828.0,Knowledge,long,,,,,,,,0,0,0
tensorflow_tensorflow,issue,24828.0,"OK, I was able to execute my CNN. I'm using tensorflow tf-nightly-gpu-2.0-preview, and running on a ipython notebook. I had to add this to my notebook:

from tensorflow.compat.v1 import ConfigProto
from tensorflow.compat.v1 import InteractiveSession

config = ConfigProto()
config.gpu_options.allow_growth = True
session = InteractiveSession(config=config)","To get my convolutional model running under tf‑nightly‑gpu‑2.0‑preview inside an IPython notebook I had to enable GPU memory growth. The solution is simply:
```python
from tensorflow.compat.v1 import ConfigProto, InteractiveSession
cfg = ConfigProto()
cfg.gpu_options.allow_growth = True
session = InteractiveSession(config=cfg)
```With this configuration TensorFlow no longer reserves all GPU memory up front, and the training proceeds smoothly.",Knowledge,Knowledge,long,41,41,41,tensorflow_tensorflow,issue,24828.0,Knowledge,long,,,,,,,,0,0,0
tensorflow_tensorflow,issue,24828.0,"OK, I was able to execute my CNN. I'm using tensorflow tf-nightly-gpu-2.0-preview, and running on a ipython notebook. I had to add this to my notebook:

from tensorflow.compat.v1 import ConfigProto
from tensorflow.compat.v1 import InteractiveSession

config = ConfigProto()
config.gpu_options.allow_growth = True
session = InteractiveSession(config=config)","I was stuck until I realized that TensorFlow was grabbing the whole GPU before the CNN could start. By switching to the compatibility API and creating an InteractiveSession with a ConfigProto that sets `allow_growth` to True, the problem vanished. The exact snippet I added to the notebook is:
```python
from tensorflow.compat.v1 import ConfigProto, InteractiveSession
config = ConfigProto()
config.gpu_options.allow_growth = True
InteractiveSession(config=config)
```After this the network runs without memory allocation errors.",Knowledge,Knowledge,long,41,41,41,tensorflow_tensorflow,issue,24828.0,Knowledge,long,,,,,,,,0,0,0
tensorflow_tensorflow,issue,24496.0,"I'm running the CNN model on MNIST. When I'm running with the GPU, I am encountering
2018-12-20 20:09:13.644176: E tensorflow/stream_executor/cuda/cuda_dnn.cc:334] Could not create cudnn handle: CUDNN_STATUS_INTERNAL_ERROR

I did some digging and realized that it is a memory issue (which shouldn't be the case as I have 32GB of RAM and 64GB of swap. I ran htop when running the model and I have 20+GB free, which is more than enough to fit the 8GB vRAM mappings.

Using the gpu_options.allow_growth = True gets the model to work properly, and setting os.environ['CUDA_VISIBLE_DEVICES'] = '-1' also works. This means that I AM facing a memory issue, but I don't see how.","I'm training a convolutional network on the MNIST dataset using TensorFlow on a GPU, and I keep hitting the error `Could not create cudnn handle: CUDNN_STATUS_INTERNAL_ERROR`. I checked the system resources and have over 20 GB of RAM free, plus 64 GB of swap, which should be more than enough for the 8 GB GPU memory allocations. Enabling `gpu_options.allow_growth = True` or forcing CPU execution with `os.environ['CUDA_VISIBLE_DEVICES'] = '-1'` makes the script run, so I'm convinced there's a memory‑related problem I can't pinpoint.",Unknown,Known Unknown,long,42,42,42,tensorflow_tensorflow,issue,24496.0,Unknown,long,,Unknown Non-Knowledge,Unknown Unknown,,known unknown (a question can be posed),known unknowns OR unknown knowns,see my comments above,2,1,1
tensorflow_tensorflow,issue,24496.0,"I'm running the CNN model on MNIST. When I'm running with the GPU, I am encountering
2018-12-20 20:09:13.644176: E tensorflow/stream_executor/cuda/cuda_dnn.cc:334] Could not create cudnn handle: CUDNN_STATUS_INTERNAL_ERROR

I did some digging and realized that it is a memory issue (which shouldn't be the case as I have 32GB of RAM and 64GB of swap. I ran htop when running the model and I have 20+GB free, which is more than enough to fit the 8GB vRAM mappings.

Using the gpu_options.allow_growth = True gets the model to work properly, and setting os.environ['CUDA_VISIBLE_DEVICES'] = '-1' also works. This means that I AM facing a memory issue, but I don't see how.","When I launch my MNIST CNN on a CUDA device I see the log line `E tensorflow/stream_executor/cuda/cuda_dnn.cc:334] Could not create cudnn handle: CUDNN_STATUS_INTERNAL_ERROR`. Despite having 32 GB of system RAM, 64 GB of swap, and more than 20 GB idle as shown by htop, the model still fails. Setting `gpu_options.allow_growth = True` or disabling the GPU entirely resolves the issue, which suggests a hidden memory limitation that I haven't been able to identify.",Unknown,Known Unknown,long,42,42,42,tensorflow_tensorflow,issue,24496.0,Unknown,long,,Unknown Non-Knowledge,Unknown Unknown,,known unknown (a question can be posed),known unknowns OR unknown knowns,see my comments above,2,1,1
tensorflow_tensorflow,issue,24496.0,"I'm running the CNN model on MNIST. When I'm running with the GPU, I am encountering
2018-12-20 20:09:13.644176: E tensorflow/stream_executor/cuda/cuda_dnn.cc:334] Could not create cudnn handle: CUDNN_STATUS_INTERNAL_ERROR

I did some digging and realized that it is a memory issue (which shouldn't be the case as I have 32GB of RAM and 64GB of swap. I ran htop when running the model and I have 20+GB free, which is more than enough to fit the 8GB vRAM mappings.

Using the gpu_options.allow_growth = True gets the model to work properly, and setting os.environ['CUDA_VISIBLE_DEVICES'] = '-1' also works. This means that I AM facing a memory issue, but I don't see how.","Running a TensorFlow CNN for MNIST on the GPU throws `CUDNN_STATUS_INTERNAL_ERROR` when trying to create a cuDNN handle. My machine reports 20 GB+ of free RAM and plenty of swap space, so I don't understand why TensorFlow would think I'm out of memory. The problem disappears if I enable `gpu_options.allow_growth = True` or set `CUDA_VISIBLE_DEVICES` to `-1`, indicating a memory‑allocation quirk that I haven't been able to explain.",Unknown,Known Unknown,long,42,42,42,tensorflow_tensorflow,issue,24496.0,Unknown,long,,Unknown Non-Knowledge,Unknown Unknown,,known unknown (a question can be posed),known unknowns OR unknown knowns,see my comments above,2,1,1
tensorflow_tensorflow,issue,24496.0,"I'm running the CNN model on MNIST. When I'm running with the GPU, I am encountering
2018-12-20 20:09:13.644176: E tensorflow/stream_executor/cuda/cuda_dnn.cc:334] Could not create cudnn handle: CUDNN_STATUS_INTERNAL_ERROR

I did some digging and realized that it is a memory issue (which shouldn't be the case as I have 32GB of RAM and 64GB of swap. I ran htop when running the model and I have 20+GB free, which is more than enough to fit the 8GB vRAM mappings.

Using the gpu_options.allow_growth = True gets the model to work properly, and setting os.environ['CUDA_VISIBLE_DEVICES'] = '-1' also works. This means that I AM facing a memory issue, but I don't see how.","I get the following error while training a convolutional model on MNIST with TensorFlow on a GPU: `Could not create cudnn handle: CUDNN_STATUS_INTERNAL_ERROR`. System monitoring shows more than 20 GB of RAM available and 64 GB of swap, which should cover the 8 GB GPU memory mapping comfortably. Using `gpu_options.allow_growth = True` or forcing CPU execution (`os.environ['CUDA_VISIBLE_DEVICES'] = '-1'`) lets the code run, so I'm left wondering what hidden memory constraint is causing the cuDNN failure.",Unknown,Known Unknown,long,42,42,42,tensorflow_tensorflow,issue,24496.0,Unknown,long,,Unknown Non-Knowledge,Unknown Unknown,,known unknown (a question can be posed),known unknowns OR unknown knowns,see my comments above,2,1,1
tensorflow_tensorflow,issue,24496.0,"I'm running the CNN model on MNIST. When I'm running with the GPU, I am encountering
2018-12-20 20:09:13.644176: E tensorflow/stream_executor/cuda/cuda_dnn.cc:334] Could not create cudnn handle: CUDNN_STATUS_INTERNAL_ERROR

I did some digging and realized that it is a memory issue (which shouldn't be the case as I have 32GB of RAM and 64GB of swap. I ran htop when running the model and I have 20+GB free, which is more than enough to fit the 8GB vRAM mappings.

Using the gpu_options.allow_growth = True gets the model to work properly, and setting os.environ['CUDA_VISIBLE_DEVICES'] = '-1' also works. This means that I AM facing a memory issue, but I don't see how.","While executing my MNIST CNN on a CUDA GPU, TensorFlow prints `E tensorflow/stream_executor/cuda/cuda_dnn.cc:334] Could not create cudnn handle: CUDNN_STATUS_INTERNAL_ERROR`. I have ample system memory—over 20 GB free and a large swap file—yet the model still crashes. The issue goes away if I set `gpu_options.allow_growth = True` or disable the GPU entirely, which tells me there's a memory‑related issue I can't see in the usual resource monitors.",Unknown,Known Unknown,long,42,42,42,tensorflow_tensorflow,issue,24496.0,Unknown,long,,Unknown Non-Knowledge,Unknown Unknown,,known unknown (a question can be posed),known unknowns OR unknown knowns,see my comments above,2,1,1
tensorflow_tensorflow,issue,24496.0,I was finally able to fix my problem was setting config.gpu_options.allow_growth = True.,"The issue was resolved by enabling dynamic GPU memory allocation: setting `config.gpu_options.allow_growth = True` in the TensorFlow session configuration. After applying this change, the program no longer crashes due to out‑of‑memory errors. This adjustment lets TensorFlow grow the GPU memory usage as needed rather than pre‑allocating the entire device.",Knowledge,Knowledge,short,43,43,43,tensorflow_tensorflow,issue,24496.0,Knowledge,short,,,,,,,,0,0,0
tensorflow_tensorflow,issue,24496.0,I was finally able to fix my problem was setting config.gpu_options.allow_growth = True.,"I discovered that the root cause was the default GPU memory behavior. By adding `config.gpu_options.allow_growth = True` before creating the session, TensorFlow only reserves memory when required, which eliminated the previous allocation failures. This simple flag fixed the problem entirely.",Knowledge,Knowledge,short,43,43,43,tensorflow_tensorflow,issue,24496.0,Knowledge,short,,,,,,,,0,0,0
tensorflow_tensorflow,issue,24496.0,I was finally able to fix my problem was setting config.gpu_options.allow_growth = True.,"The fix turned out to be a single line: `config.gpu_options.allow_growth = True`. Enabling this option allows TensorFlow to expand GPU memory gradually, preventing the earlier out‑of‑memory exceptions. Once this setting was applied, the training script ran without any further issues.",Knowledge,Knowledge,short,43,43,43,tensorflow_tensorflow,issue,24496.0,Knowledge,short,,,,,,,,0,0,0
tensorflow_tensorflow,issue,24496.0,I was finally able to fix my problem was setting config.gpu_options.allow_growth = True.,"After some trial and error, I realized the crash was due to TensorFlow pre‑allocating all GPU memory. Setting `config.gpu_options.allow_growth = True` in the session config switched the allocation strategy to a growth‑only mode. With this change, the model executed correctly and the memory error disappeared.",Knowledge,Knowledge,short,43,43,43,tensorflow_tensorflow,issue,24496.0,Knowledge,short,,,,,,,,0,0,0
tensorflow_tensorflow,issue,24496.0,I was finally able to fix my problem was setting config.gpu_options.allow_growth = True.,"The solution was to modify the TensorFlow configuration to permit memory growth: `config.gpu_options.allow_growth = True`. This tells TensorFlow to allocate GPU memory on demand instead of grabbing the whole device up front. Once this flag was enabled, the original problem was completely resolved.",Knowledge,Knowledge,short,43,43,43,tensorflow_tensorflow,issue,24496.0,Knowledge,short,,,,,,,,0,0,0
tensorflow_tensorflow,issue,37942.0,"my jupyter notebook that is training some LSTMs on the GPU crashes after some time with the following traceback:

InternalError:  [_Derived_]  Failed to call ThenRnnBackward with model config: [rnn_mode, rnn_input_mode, rnn_direction_mode]: 2, 0, 0 , [num_layers, input_size, num_units, dir_count, max_seq_length, batch_size, cell_num_units]: [1, 100, 100, 1, 249, 32, 100] 
         [[{{node gradients/CudnnRNN_grad/CudnnRNNBackprop}}]]
         [[StatefulPartitionedCall_1]] [Op:__inference_distributed_function_7604]

Function call stack:
distributed_function -> distributed_function -> distributed_function

This crash happens after a random amount of epochs (sometimes 6, sometimes 130+ sometimes 300+). It also crashes on different Windows machines with different GPUs. In the stacktrace I can find the following line:
130         # TODO(kaftan): File bug about tf function and errors.OutOfRangeError?

I wonder if this is connected to this issue?","I'm training several LSTM models on a GPU inside a Jupyter notebook and after a variable number of epochs the kernel dies with an InternalError coming from CudnnRNNBackprop. The traceback mentions a failure in ThenRnnBackward with a specific model configuration and shows the node gradients/CudnnRNN_grad/CudnnRNNBackprop. The crash seems nondeterministic – sometimes it happens after 6 epochs, other times after 130 or even 300 – and I've seen it on multiple Windows machines with different GPUs. I’m not sure whether this is a TensorFlow bug, a cuDNN compatibility issue, or something else in my code.",Unknown,Known Unknown,long,44,44,44,tensorflow_tensorflow,issue,37942.0,Unknown,long,,Unknown Non-Knowledge,Unknown Unknown,,known unknown (a question can be posed),known unknowns  ,"Although it is as always not clear from the segment, I tend here to known unknowns. The question reads like: someone else might know",2,1,1
tensorflow_tensorflow,issue,37942.0,"my jupyter notebook that is training some LSTMs on the GPU crashes after some time with the following traceback:

InternalError:  [_Derived_]  Failed to call ThenRnnBackward with model config: [rnn_mode, rnn_input_mode, rnn_direction_mode]: 2, 0, 0 , [num_layers, input_size, num_units, dir_count, max_seq_length, batch_size, cell_num_units]: [1, 100, 100, 1, 249, 32, 100] 
         [[{{node gradients/CudnnRNN_grad/CudnnRNNBackprop}}]]
         [[StatefulPartitionedCall_1]] [Op:__inference_distributed_function_7604]

Function call stack:
distributed_function -> distributed_function -> distributed_function

This crash happens after a random amount of epochs (sometimes 6, sometimes 130+ sometimes 300+). It also crashes on different Windows machines with different GPUs. In the stacktrace I can find the following line:
130         # TODO(kaftan): File bug about tf function and errors.OutOfRangeError?

I wonder if this is connected to this issue?","While running an LSTM training loop on the GPU in a Jupyter notebook, the process eventually throws an InternalError: Failed to call ThenRnnBackward, pointing to the CudnnRNNBackprop node. The error appears after a random number of epochs (ranging from single digits to several hundred) and reproduces on several Windows workstations with distinct graphics cards. The stack trace also contains a comment about filing a bug related to tf.function and OutOfRangeError. Could this be linked to a known TensorFlow/cuDNN bug, or am I missing a subtle mistake in how I construct the RNN layers?",Unknown,Known Unknown,long,44,44,44,tensorflow_tensorflow,issue,37942.0,Unknown,long,,Unknown Non-Knowledge,Unknown Unknown,,known unknown (a question can be posed),known unknowns  ,"Although it is as always not clear from the segment, I tend here to known unknowns. The question reads like: someone else might know",2,1,1
tensorflow_tensorflow,issue,37942.0,"my jupyter notebook that is training some LSTMs on the GPU crashes after some time with the following traceback:

InternalError:  [_Derived_]  Failed to call ThenRnnBackward with model config: [rnn_mode, rnn_input_mode, rnn_direction_mode]: 2, 0, 0 , [num_layers, input_size, num_units, dir_count, max_seq_length, batch_size, cell_num_units]: [1, 100, 100, 1, 249, 32, 100] 
         [[{{node gradients/CudnnRNN_grad/CudnnRNNBackprop}}]]
         [[StatefulPartitionedCall_1]] [Op:__inference_distributed_function_7604]

Function call stack:
distributed_function -> distributed_function -> distributed_function

This crash happens after a random amount of epochs (sometimes 6, sometimes 130+ sometimes 300+). It also crashes on different Windows machines with different GPUs. In the stacktrace I can find the following line:
130         # TODO(kaftan): File bug about tf function and errors.OutOfRangeError?

I wonder if this is connected to this issue?","My notebook crashes during LSTM training on the GPU, emitting an InternalError from CudnnRNNBackprop that mentions a failure in ThenRnnBackward with a particular RNN configuration. The failure occurs at unpredictable intervals – sometimes after just a few epochs, other times after a few hundred – and it happens on different Windows machines with various GPUs. The traceback even includes a TODO comment about filing a bug concerning tf.function and OutOfRangeError. I'm wondering if this is a known issue with TensorFlow's distributed function handling or something specific to my model setup.",Unknown,Known Unknown,long,44,44,44,tensorflow_tensorflow,issue,37942.0,Unknown,long,,Unknown Non-Knowledge,Unknown Unknown,,known unknown (a question can be posed),known unknowns  ,"Although it is as always not clear from the segment, I tend here to known unknowns. The question reads like: someone else might know",2,1,1
tensorflow_tensorflow,issue,37942.0,"my jupyter notebook that is training some LSTMs on the GPU crashes after some time with the following traceback:

InternalError:  [_Derived_]  Failed to call ThenRnnBackward with model config: [rnn_mode, rnn_input_mode, rnn_direction_mode]: 2, 0, 0 , [num_layers, input_size, num_units, dir_count, max_seq_length, batch_size, cell_num_units]: [1, 100, 100, 1, 249, 32, 100] 
         [[{{node gradients/CudnnRNN_grad/CudnnRNNBackprop}}]]
         [[StatefulPartitionedCall_1]] [Op:__inference_distributed_function_7604]

Function call stack:
distributed_function -> distributed_function -> distributed_function

This crash happens after a random amount of epochs (sometimes 6, sometimes 130+ sometimes 300+). It also crashes on different Windows machines with different GPUs. In the stacktrace I can find the following line:
130         # TODO(kaftan): File bug about tf function and errors.OutOfRangeError?

I wonder if this is connected to this issue?","During GPU‑accelerated LSTM training inside Jupyter, the kernel aborts with an InternalError: [_Derived_] Failed to call ThenRnnBackward, referencing the CudnnRNNBackprop node. The crash timing is erratic, occurring after anywhere from 6 to over 300 epochs, and I've reproduced it on several Windows PCs with different graphics cards. The stack trace contains a note about possibly filing a bug for tf.function and OutOfRangeError. Does anyone know if this aligns with a reported TensorFlow/cuDNN bug, or could it be caused by my data pipeline?",Unknown,Known Unknown,long,44,44,44,tensorflow_tensorflow,issue,37942.0,Unknown,long,,Unknown Non-Knowledge,Unknown Unknown,,known unknown (a question can be posed),known unknowns  ,"Although it is as always not clear from the segment, I tend here to known unknowns. The question reads like: someone else might know",2,1,1
tensorflow_tensorflow,issue,37942.0,"my jupyter notebook that is training some LSTMs on the GPU crashes after some time with the following traceback:

InternalError:  [_Derived_]  Failed to call ThenRnnBackward with model config: [rnn_mode, rnn_input_mode, rnn_direction_mode]: 2, 0, 0 , [num_layers, input_size, num_units, dir_count, max_seq_length, batch_size, cell_num_units]: [1, 100, 100, 1, 249, 32, 100] 
         [[{{node gradients/CudnnRNN_grad/CudnnRNNBackprop}}]]
         [[StatefulPartitionedCall_1]] [Op:__inference_distributed_function_7604]

Function call stack:
distributed_function -> distributed_function -> distributed_function

This crash happens after a random amount of epochs (sometimes 6, sometimes 130+ sometimes 300+). It also crashes on different Windows machines with different GPUs. In the stacktrace I can find the following line:
130         # TODO(kaftan): File bug about tf function and errors.OutOfRangeError?

I wonder if this is connected to this issue?","I'm seeing a mysterious crash in my Jupyter notebook when training LSTMs on the GPU: an InternalError from CudnnRNNBackprop that says ThenRnnBackward failed for a given RNN config. The failure point varies widely – sometimes after a handful of epochs, other times after a few hundred – and it shows up on multiple Windows systems with distinct GPUs. The traceback even hints at a TODO to file a bug about tf.function and OutOfRangeError. Could this be a known TensorFlow issue, or is there something in my model definition that's triggering it?",Unknown,Known Unknown,long,44,44,44,tensorflow_tensorflow,issue,37942.0,Unknown,long,,Unknown Non-Knowledge,Unknown Unknown,,known unknown (a question can be posed),known unknowns  ,"Although it is as always not clear from the segment, I tend here to known unknowns. The question reads like: someone else might know",2,1,1
tensorflow_tensorflow,issue,37492.0,"To train the LSTM-model on a GPU on my plattform (Windows 10, tf 2.1.0), the parameter batch_input_shape must be specified during the model creation in the very first layer and the parameter input_shape must be omitted.","When building an LSTM network on a Windows 10 machine with TensorFlow 2.1.0, you have to define the `batch_input_shape` argument in the very first layer if you plan to run the model on a GPU. The `input_shape` parameter should be left out entirely for that layer. This combination ensures that the static batch dimension is known to the GPU runtime and prevents shape‑related errors during training.",Knowledge,Knowledge,short,45,45,45,tensorflow_tensorflow,issue,37492.0,Knowledge,short,,,,,,,,0,0,0
tensorflow_tensorflow,issue,37492.0,"To train the LSTM-model on a GPU on my plattform (Windows 10, tf 2.1.0), the parameter batch_input_shape must be specified during the model creation in the very first layer and the parameter input_shape must be omitted.","On my Windows 10 setup using TF 2.1.0, I discovered that the LSTM model only trains correctly on the GPU when the initial layer specifies `batch_input_shape`. The `input_shape` keyword must not be supplied for that layer, otherwise TensorFlow falls back to CPU execution or throws a shape mismatch. Providing the full batch size in `batch_input_shape` fixes the issue and enables proper GPU acceleration.",Knowledge,Knowledge,short,45,45,45,tensorflow_tensorflow,issue,37492.0,Knowledge,short,,,,,,,,0,0,0
tensorflow_tensorflow,issue,37492.0,"To train the LSTM-model on a GPU on my plattform (Windows 10, tf 2.1.0), the parameter batch_input_shape must be specified during the model creation in the very first layer and the parameter input_shape must be omitted.","For TensorFlow 2.1.0 on a Windows 10 platform, the first layer of an LSTM must be created with the `batch_input_shape` parameter, including the batch dimension, while omitting the `input_shape` argument. This requirement is specific to GPU training because the static batch size allows the CUDA kernels to allocate buffers correctly. Leaving out `input_shape` avoids conflicts that would otherwise cause the model to fail to compile for the GPU.",Knowledge,Knowledge,short,45,45,45,tensorflow_tensorflow,issue,37492.0,Knowledge,short,,,,,,,,0,0,0
tensorflow_tensorflow,issue,37492.0,"To train the LSTM-model on a GPU on my plattform (Windows 10, tf 2.1.0), the parameter batch_input_shape must be specified during the model creation in the very first layer and the parameter input_shape must be omitted.","In order to run an LSTM model on a GPU under Windows 10 with TensorFlow 2.1.0, you need to pass `batch_input_shape` to the model's initial layer and not use `input_shape` at all. The explicit batch size in `batch_input_shape` tells the GPU backend how to shape the tensors ahead of time. Skipping `input_shape` eliminates ambiguity and lets the training loop execute without shape‑related crashes.",Knowledge,Knowledge,short,45,45,45,tensorflow_tensorflow,issue,37492.0,Knowledge,short,,,,,,,,0,0,0
tensorflow_tensorflow,issue,37492.0,"To train the LSTM-model on a GPU on my plattform (Windows 10, tf 2.1.0), the parameter batch_input_shape must be specified during the model creation in the very first layer and the parameter input_shape must be omitted.","While configuring an LSTM network on a Windows 10 system with TensorFlow 2.1.0, I learned that the first layer must include `batch_input_shape` and must not contain an `input_shape` field. This pattern is required for GPU training because the static batch dimension is needed for proper memory allocation on the device. Omitting `input_shape` therefore resolves the shape‑inference problems that otherwise arise.",Knowledge,Knowledge,short,45,45,45,tensorflow_tensorflow,issue,37492.0,Knowledge,short,,,,,,,,0,0,0
tensorflow_tensorflow,issue,60798.0,"I am trying to build Tensorflow from source with flag /MT (I require this so that the tensorflow.dll does not require the vcruntime libraries on startup). I tried this command: bazel build tensorflow:tensorflow.dll --copt=/MT. But i get errors. It seems, like something is wrong with spaces in path. But i builded tensorflow successfully without /MT flag.","I'm attempting to compile TensorFlow from source with the /MT flag so the resulting tensorflow.dll won't depend on the Visual C++ runtime libraries. I invoke Bazel like this: `bazel build tensorflow:tensorflow.dll --copt=/MT`, but the build fails with errors that look like they're caused by spaces in the directory path. The same build succeeds when I omit the /MT option, so I'm not sure what's going wrong with the static CRT linking.",Known,Known Unknown,short,46,46,46,tensorflow_tensorflow,issue,60798.0,Known,short,,,,,,,,2,2,1
tensorflow_tensorflow,issue,60798.0,"I am trying to build Tensorflow from source with flag /MT (I require this so that the tensorflow.dll does not require the vcruntime libraries on startup). I tried this command: bazel build tensorflow:tensorflow.dll --copt=/MT. But i get errors. It seems, like something is wrong with spaces in path. But i builded tensorflow successfully without /MT flag.","My goal is to produce a statically linked TensorFlow DLL by passing `/MT` to the compiler, because I don't want the binary to require vcruntime DLLs at load time. Running `bazel build tensorflow:tensorflow.dll --copt=/MT` triggers a series of path‑related errors, apparently because Bazel or the compiler can't handle spaces in the project folder. The build works fine without the `/MT` switch, which leaves me uncertain whether the issue is with Bazel's handling of the flag or my environment configuration.",Known,Known Unknown,short,46,46,46,tensorflow_tensorflow,issue,60798.0,Known,short,,,,,,,,2,2,1
tensorflow_tensorflow,issue,60798.0,"I am trying to build Tensorflow from source with flag /MT (I require this so that the tensorflow.dll does not require the vcruntime libraries on startup). I tried this command: bazel build tensorflow:tensorflow.dll --copt=/MT. But i get errors. It seems, like something is wrong with spaces in path. But i builded tensorflow successfully without /MT flag.","I'm building TensorFlow from source and need the `/MT` flag to embed the C runtime statically, avoiding a dependency on vcruntime.dll. Using Bazel I run `bazel build tensorflow:tensorflow.dll --copt=/MT`, but the compilation aborts with messages that suggest a problem with spaces in the file path. Since the same command succeeds when I drop the `/MT` flag, I suspect the static linking option is interacting badly with my path layout, but I don't know exactly why.",Known,Known Unknown,short,46,46,46,tensorflow_tensorflow,issue,60798.0,Known,short,,,,,,,,2,2,1
tensorflow_tensorflow,issue,60798.0,"I am trying to build Tensorflow from source with flag /MT (I require this so that the tensorflow.dll does not require the vcruntime libraries on startup). I tried this command: bazel build tensorflow:tensorflow.dll --copt=/MT. But i get errors. It seems, like something is wrong with spaces in path. But i builded tensorflow successfully without /MT flag.","To eliminate the need for the Visual C++ runtime on machines, I'm trying to compile TensorFlow with `/MT` so the DLL is self‑contained. The Bazel command `bazel build tensorflow:tensorflow.dll --copt=/MT` produces errors that seem to stem from spaces in the source tree's directories. The build completes without issue when I don't specify `/MT`, leaving me unsure whether the flag itself is the culprit or if I need to adjust my path quoting.",Known,Known Unknown,short,46,46,46,tensorflow_tensorflow,issue,60798.0,Known,short,,,,,,,,2,2,1
tensorflow_tensorflow,issue,60798.0,"I am trying to build Tensorflow from source with flag /MT (I require this so that the tensorflow.dll does not require the vcruntime libraries on startup). I tried this command: bazel build tensorflow:tensorflow.dll --copt=/MT. But i get errors. It seems, like something is wrong with spaces in path. But i builded tensorflow successfully without /MT flag.","I'm configuring a TensorFlow build from source and need the `/MT` compiler option to produce a DLL that doesn't depend on the vcruntime libraries. Executing `bazel build tensorflow:tensorflow.dll --copt=/MT` results in failures that point to malformed paths, likely due to spaces in the folder names. The process works perfectly without the `/MT` flag, so I'm uncertain whether the problem lies with Bazel's handling of the flag, the Windows toolchain, or my directory naming.",Known,Known Unknown,short,46,46,46,tensorflow_tensorflow,issue,60798.0,Known,short,,,,,,,,2,2,1
tensorflow_tensorflow,issue,60798.0,"Ok, I fixed the errors as follows: instead of using the --copt flag, I added the following lines to the .bazelrc file:
build: windows --cxxopt=/MT
build: windows --host_copt=/MT","I resolved the build failures by editing the .bazelrc file rather than passing the --copt flag on the command line. Specifically, I added:

build:windows --cxxopt=/MT
build:windows --host_copt=/MT

After this change the project compiles cleanly on Windows.",Knowledge,Knowledge,short,47,47,47,tensorflow_tensorflow,issue,60798.0,Knowledge,short,,,,,,,,0,0,0
tensorflow_tensorflow,issue,60798.0,"Ok, I fixed the errors as follows: instead of using the --copt flag, I added the following lines to the .bazelrc file:
build: windows --cxxopt=/MT
build: windows --host_copt=/MT","The compilation errors went away once I moved the optimization flags into .bazelrc. I replaced the previous use of --copt with the following entries:

build:windows --cxxopt=/MT
build:windows --host_copt=/MT

Now Bazel respects the static runtime option and the build succeeds.",Knowledge,Knowledge,short,47,47,47,tensorflow_tensorflow,issue,60798.0,Knowledge,short,,,,,,,,0,0,0
tensorflow_tensorflow,issue,60798.0,"Ok, I fixed the errors as follows: instead of using the --copt flag, I added the following lines to the .bazelrc file:
build: windows --cxxopt=/MT
build: windows --host_copt=/MT","Instead of supplying --copt during the build, I fixed the issue by updating .bazelrc. I inserted two lines:

build:windows --cxxopt=/MT
build:windows --host_copt=/MT

These directives ensure the /MT flag is applied for both the target and host configurations, eliminating the earlier errors.",Knowledge,Knowledge,short,47,47,47,tensorflow_tensorflow,issue,60798.0,Knowledge,short,,,,,,,,0,0,0
tensorflow_tensorflow,issue,60798.0,"Ok, I fixed the errors as follows: instead of using the --copt flag, I added the following lines to the .bazelrc file:
build: windows --cxxopt=/MT
build: windows --host_copt=/MT","The problem was solved by configuring Bazel through .bazelrc rather than using the command‑line flag. I added the lines:

build:windows --cxxopt=/MT
build:windows --host_copt=/MT

With these settings the Windows build now links against the static CRT and no longer throws the previous errors.",Knowledge,Knowledge,short,47,47,47,tensorflow_tensorflow,issue,60798.0,Knowledge,short,,,,,,,,0,0,0
tensorflow_tensorflow,issue,60798.0,"Ok, I fixed the errors as follows: instead of using the --copt flag, I added the following lines to the .bazelrc file:
build: windows --cxxopt=/MT
build: windows --host_copt=/MT","I got rid of the build‑time errors by moving the /MT option into the .bazelrc configuration. The file now contains:

build:windows --cxxopt=/MT
build:windows --host_copt=/MT

After committing these changes, the project builds without the earlier failures.",Knowledge,Knowledge,short,47,47,47,tensorflow_tensorflow,issue,60798.0,Knowledge,short,,,,,,,,0,0,0
tensorflow_tensorflow,issue,46007.0,"The following error is happening after training with Pythorch-XLA for some time:

2020-12-28 01:56:05.252085: W    1417 tensorflow/core/distributed_runtime/rpc/grpc_remote_master.cc:160] RPC failed with status = ""Unavailable: Socket closed"" and grpc_error_string = ""{""created"":""@1609120565.251970000"",""description"":""Error received from peer ipv4:10.180.83.2:8470"",""file"":""external/com_github_grpc_grpc/src/core/lib/surface/call.cc"",""file_line"":1056,""grpc_message"":""Socket closed"",""grpc_status"":14}"", maybe retrying the RPC


*** Begin stack trace ***
        tensorflow::CurrentStackTrace()
        xla::XrtComputationClient::ReleaseHandles(std::vector<xla::XrtComputationClient::DeviceHandle, std::allocator<xla::XrtComputationClient::DeviceHandle> >*, std::function<xla::XrtSession::CachedNode const& (xla::XrtSession*, tensorflow::Scope const&, std::string const&)> const&, xla::metrics::Metric*, xla::metrics::Counter*)
        xla::XrtComputationClient::HandleReleaser()
        xla::util::TriggeredTask::Runner()


        clone
*** End stack trace ***

I was following the steps described here: https://cloud.google.com/tpu/docs/tutorials/roberta-pytorch with the same network parameters, just a different dataset.
I encountered an error before, but it was happening due to OOM on the VM after restoring a checkpoint, which reason why I increased VM memory.

It seems that the TPU is getting pre-empted somehow, but I don't have access to the runtime log as this happened overnight and it got automatically deleted by TFRC.","After a few hours of training with PyTorch‑XLA I started seeing a warning like `RPC failed with status = ""Unavailable: Socket closed""` followed by a stack trace from `xla::XrtComputationClient`. I was using the same RoBERTa tutorial parameters but swapped in my own dataset, and I already increased the VM memory after an earlier OOM. I'm not sure whether this is a TPU pre‑emption issue, a bug in the XLA runtime, or something else that I need to configure.",Known,Known Unknown,long,48,48,48,tensorflow_tensorflow,issue,46007.0,Known,long,,,,,,,,2,2,1
tensorflow_tensorflow,issue,46007.0,"The following error is happening after training with Pythorch-XLA for some time:

2020-12-28 01:56:05.252085: W    1417 tensorflow/core/distributed_runtime/rpc/grpc_remote_master.cc:160] RPC failed with status = ""Unavailable: Socket closed"" and grpc_error_string = ""{""created"":""@1609120565.251970000"",""description"":""Error received from peer ipv4:10.180.83.2:8470"",""file"":""external/com_github_grpc_grpc/src/core/lib/surface/call.cc"",""file_line"":1056,""grpc_message"":""Socket closed"",""grpc_status"":14}"", maybe retrying the RPC


*** Begin stack trace ***
        tensorflow::CurrentStackTrace()
        xla::XrtComputationClient::ReleaseHandles(std::vector<xla::XrtComputationClient::DeviceHandle, std::allocator<xla::XrtComputationClient::DeviceHandle> >*, std::function<xla::XrtSession::CachedNode const& (xla::XrtSession*, tensorflow::Scope const&, std::string const&)> const&, xla::metrics::Metric*, xla::metrics::Counter*)
        xla::XrtComputationClient::HandleReleaser()
        xla::util::TriggeredTask::Runner()


        clone
*** End stack trace ***

I was following the steps described here: https://cloud.google.com/tpu/docs/tutorials/roberta-pytorch with the same network parameters, just a different dataset.
I encountered an error before, but it was happening due to OOM on the VM after restoring a checkpoint, which reason why I increased VM memory.

It seems that the TPU is getting pre-empted somehow, but I don't have access to the runtime log as this happened overnight and it got automatically deleted by TFRC.","While running a PyTorch‑XLA job on a TPU I got the following message: `W 1417 tensorflow/.../grpc_remote_master.cc:160 RPC failed with status = ""Unavailable: Socket closed""` and the XrtComputationClient stack trace. The tutorial steps from the Google RoBERTa guide were followed exactly, except for the dataset, and I previously had to bump the VM RAM due to OOM. I suspect the TPU might have been pre‑empted, but I have no runtime logs to confirm, so I don't know what the root cause is.",Known,Known Unknown,long,48,48,48,tensorflow_tensorflow,issue,46007.0,Known,long,,,,,,,,2,2,1
tensorflow_tensorflow,issue,46007.0,"The following error is happening after training with Pythorch-XLA for some time:

2020-12-28 01:56:05.252085: W    1417 tensorflow/core/distributed_runtime/rpc/grpc_remote_master.cc:160] RPC failed with status = ""Unavailable: Socket closed"" and grpc_error_string = ""{""created"":""@1609120565.251970000"",""description"":""Error received from peer ipv4:10.180.83.2:8470"",""file"":""external/com_github_grpc_grpc/src/core/lib/surface/call.cc"",""file_line"":1056,""grpc_message"":""Socket closed"",""grpc_status"":14}"", maybe retrying the RPC


*** Begin stack trace ***
        tensorflow::CurrentStackTrace()
        xla::XrtComputationClient::ReleaseHandles(std::vector<xla::XrtComputationClient::DeviceHandle, std::allocator<xla::XrtComputationClient::DeviceHandle> >*, std::function<xla::XrtSession::CachedNode const& (xla::XrtSession*, tensorflow::Scope const&, std::string const&)> const&, xla::metrics::Metric*, xla::metrics::Counter*)
        xla::XrtComputationClient::HandleReleaser()
        xla::util::TriggeredTask::Runner()


        clone
*** End stack trace ***

I was following the steps described here: https://cloud.google.com/tpu/docs/tutorials/roberta-pytorch with the same network parameters, just a different dataset.
I encountered an error before, but it was happening due to OOM on the VM after restoring a checkpoint, which reason why I increased VM memory.

It seems that the TPU is getting pre-empted somehow, but I don't have access to the runtime log as this happened overnight and it got automatically deleted by TFRC.","The training loop using PyTorch‑XLA crashes after some time with a gRPC error (`Unavailable: Socket closed`) and a stack trace involving `XrtComputationClient::ReleaseHandles`. I replicated the RoBERTa TPU tutorial settings, only changing the input data, and I already addressed an earlier out‑of‑memory crash by increasing VM memory. At this point I'm uncertain whether the failure is caused by a transient TPU pre‑emption, a bug in the XLA client, or a missing configuration on my side.",Known,Known Unknown,long,48,48,48,tensorflow_tensorflow,issue,46007.0,Known,long,,,,,,,,2,2,1
tensorflow_tensorflow,issue,46007.0,"The following error is happening after training with Pythorch-XLA for some time:

2020-12-28 01:56:05.252085: W    1417 tensorflow/core/distributed_runtime/rpc/grpc_remote_master.cc:160] RPC failed with status = ""Unavailable: Socket closed"" and grpc_error_string = ""{""created"":""@1609120565.251970000"",""description"":""Error received from peer ipv4:10.180.83.2:8470"",""file"":""external/com_github_grpc_grpc/src/core/lib/surface/call.cc"",""file_line"":1056,""grpc_message"":""Socket closed"",""grpc_status"":14}"", maybe retrying the RPC


*** Begin stack trace ***
        tensorflow::CurrentStackTrace()
        xla::XrtComputationClient::ReleaseHandles(std::vector<xla::XrtComputationClient::DeviceHandle, std::allocator<xla::XrtComputationClient::DeviceHandle> >*, std::function<xla::XrtSession::CachedNode const& (xla::XrtSession*, tensorflow::Scope const&, std::string const&)> const&, xla::metrics::Metric*, xla::metrics::Counter*)
        xla::XrtComputationClient::HandleReleaser()
        xla::util::TriggeredTask::Runner()


        clone
*** End stack trace ***

I was following the steps described here: https://cloud.google.com/tpu/docs/tutorials/roberta-pytorch with the same network parameters, just a different dataset.
I encountered an error before, but it was happening due to OOM on the VM after restoring a checkpoint, which reason why I increased VM memory.

It seems that the TPU is getting pre-empted somehow, but I don't have access to the runtime log as this happened overnight and it got automatically deleted by TFRC.","During a long‑running PyTorch‑XLA experiment I observed a warning that the RPC to the TPU master failed (`Socket closed`) and the XLA client threw a stack trace. The setup follows the official RoBERTa‑on‑TPU tutorial, with the only difference being my custom dataset, and I previously expanded the VM's memory after an OOM event. I don't have the TPU runtime logs because they were deleted overnight, so I'm left wondering if the TPU was pre‑empted or if there's an underlying issue with the XLA runtime.",Known,Known Unknown,long,48,48,48,tensorflow_tensorflow,issue,46007.0,Known,long,,,,,,,,2,2,1
tensorflow_tensorflow,issue,46007.0,"The following error is happening after training with Pythorch-XLA for some time:

2020-12-28 01:56:05.252085: W    1417 tensorflow/core/distributed_runtime/rpc/grpc_remote_master.cc:160] RPC failed with status = ""Unavailable: Socket closed"" and grpc_error_string = ""{""created"":""@1609120565.251970000"",""description"":""Error received from peer ipv4:10.180.83.2:8470"",""file"":""external/com_github_grpc_grpc/src/core/lib/surface/call.cc"",""file_line"":1056,""grpc_message"":""Socket closed"",""grpc_status"":14}"", maybe retrying the RPC


*** Begin stack trace ***
        tensorflow::CurrentStackTrace()
        xla::XrtComputationClient::ReleaseHandles(std::vector<xla::XrtComputationClient::DeviceHandle, std::allocator<xla::XrtComputationClient::DeviceHandle> >*, std::function<xla::XrtSession::CachedNode const& (xla::XrtSession*, tensorflow::Scope const&, std::string const&)> const&, xla::metrics::Metric*, xla::metrics::Counter*)
        xla::XrtComputationClient::HandleReleaser()
        xla::util::TriggeredTask::Runner()


        clone
*** End stack trace ***

I was following the steps described here: https://cloud.google.com/tpu/docs/tutorials/roberta-pytorch with the same network parameters, just a different dataset.
I encountered an error before, but it was happening due to OOM on the VM after restoring a checkpoint, which reason why I increased VM memory.

It seems that the TPU is getting pre-empted somehow, but I don't have access to the runtime log as this happened overnight and it got automatically deleted by TFRC.","My PyTorch‑XLA training job on a TPU eventually prints `RPC failed with status = ""Unavailable: Socket closed""` and a stack trace from `xla::XrtComputationClient`. I used the exact hyper‑parameters from the Google RoBERTa tutorial, only swapping the dataset, and I've already increased the VM's RAM after an earlier out‑of‑memory crash. Since the TPU logs vanished after the job was killed, I can't tell if the error is due to a pre‑empted TPU, a bug in the XLA stack, or a configuration mistake on my end.",Known,Known Unknown,long,48,48,48,tensorflow_tensorflow,issue,46007.0,Known,long,,,,,,,,2,2,1
tensorflow_tensorflow,issue,62075.0,"Starting from TF2.14 tensorflow provides CUDA package which can install all the cuDNN,cuFFT and cubLas libraries.

You can use pip install tensorflow[and-cuda] command for that.","From TensorFlow 2.14 onward the distribution ships a dedicated CUDA bundle that pulls in the full set of cuDNN, cuFFT and cuBLAS binaries. Installing it is as simple as running `pip install ""tensorflow[and-cuda]""`. After the command finishes you’ll have all the required NVIDIA libraries ready for GPU acceleration.",Knowledge,Knowledge,short,49,49,49,tensorflow_tensorflow,issue,62075.0,Knowledge,short,,,,,,,,0,0,0
tensorflow_tensorflow,issue,62075.0,"Starting from TF2.14 tensorflow provides CUDA package which can install all the cuDNN,cuFFT and cubLas libraries.

You can use pip install tensorflow[and-cuda] command for that.","TensorFlow 2.14 introduced an optional CUDA package that automatically fetches cuDNN, cuFFT and cuBLAS for you. To enable it, invoke the extra‑require syntax with pip: `pip install tensorflow[and-cuda]`. This single step replaces the manual download and placement of each NVIDIA component.",Knowledge,Knowledge,short,49,49,49,tensorflow_tensorflow,issue,62075.0,Knowledge,short,,,,,,,,0,0,0
tensorflow_tensorflow,issue,62075.0,"Starting from TF2.14 tensorflow provides CUDA package which can install all the cuDNN,cuFFT and cubLas libraries.

You can use pip install tensorflow[and-cuda] command for that.","Starting with the 2.14 release, TensorFlow includes a CUDA extra that bundles the necessary cuDNN, cuFFT and cuBLAS libraries. You can pull it in by executing `pip install ""tensorflow[and-cuda]""` in your environment. Once installed, the GPU backend will locate the libraries without any further configuration.",Knowledge,Knowledge,short,49,49,49,tensorflow_tensorflow,issue,62075.0,Knowledge,short,,,,,,,,0,0,0
tensorflow_tensorflow,issue,62075.0,"Starting from TF2.14 tensorflow provides CUDA package which can install all the cuDNN,cuFFT and cubLas libraries.

You can use pip install tensorflow[and-cuda] command for that.","In TF 2.14 the developers added a CUDA variant that bundles all the standard NVIDIA dependencies such as cuDNN, cuFFT and cuBLAS. The package can be installed via pip using the bracketed extra: `pip install tensorflow[and-cuda]`. After this installation the TensorFlow GPU build works out‑of‑the‑box.",Knowledge,Knowledge,short,49,49,49,tensorflow_tensorflow,issue,62075.0,Knowledge,short,,,,,,,,0,0,0
tensorflow_tensorflow,issue,62075.0,"Starting from TF2.14 tensorflow provides CUDA package which can install all the cuDNN,cuFFT and cubLas libraries.

You can use pip install tensorflow[and-cuda] command for that.","The TensorFlow 2.14 release ships a CUDA‑enabled distribution that automatically pulls cuDNN, cuFFT and cuBLAS libraries. To get it, run `pip install ""tensorflow[and-cuda]""` which resolves all the GPU‑related packages for you. No manual copying of the NVIDIA SDKs is required once the command completes.",Knowledge,Knowledge,short,49,49,49,tensorflow_tensorflow,issue,62075.0,Knowledge,short,,,,,,,,0,0,0
tensorflow_tensorflow,issue,62075.0,I did not know that it now came bundled with cuDNN.,I just discovered that the latest release actually includes cuDNN out of the box. I hadn't realized this change was made in the recent version. Could anyone confirm if this is now the default behavior for all platforms?,unknown,Known Unknown,short,50,50,50,tensorflow_tensorflow,issue,62075.0,unknown,short,Knowable known unknown,,,,,,,2,1,1
tensorflow_tensorflow,issue,62075.0,I did not know that it now came bundled with cuDNN.,"It turns out the new package ships with cuDNN pre‑installed, which I wasn't aware of. I was still trying to install cuDNN manually in my CI pipeline. Does anyone know if this bundled version is compatible with CUDA 12?",unknown,Known Unknown,short,50,50,50,tensorflow_tensorflow,issue,62075.0,unknown,short,Knowable known unknown,,,,,,,2,1,1
tensorflow_tensorflow,issue,62075.0,I did not know that it now came bundled with cuDNN.,I was surprised to learn that the toolkit now bundles cuDNN automatically. Previously I always had to add the cuDNN libraries myself. Is this integration something we can rely on for production builds?,unknown,Known Unknown,short,50,50,50,tensorflow_tensorflow,issue,62075.0,unknown,short,Knowable known unknown,,,,,,,2,1,1
tensorflow_tensorflow,issue,62075.0,I did not know that it now came bundled with cuDNN.,I didn't realize that the current distribution already contains cuDNN. My build scripts still attempt to download it separately. Can someone clarify whether this bundled cuDNN is the same version as the standalone release?,unknown,Known Unknown,short,50,50,50,tensorflow_tensorflow,issue,62075.0,unknown,short,Knowable known unknown,,,,,,,2,1,1
tensorflow_tensorflow,issue,62075.0,I did not know that it now came bundled with cuDNN.,"The documentation mentions that cuDNN is now included with the installer, but I missed that detail. I kept pulling the cuDNN binaries from the NVIDIA site out of habit. Is there any downside to using the bundled version versus the manually installed one?",unknown,Known Unknown,short,50,50,50,tensorflow_tensorflow,issue,62075.0,unknown,short,Knowable known unknown,,,,,,,2,1,1
tensorflow_tensorflow,issue,62075.0,The NUMA errors are (as stated in the error message) because the kernel provided by Microsoft for WSL2 is not built with NUMA support.,"The NUMA‑related failures you’re seeing stem from the fact that the Microsoft‑supplied WSL2 kernel lacks NUMA support, as the error message itself indicates. Without NUMA enabled in the kernel, any attempt to allocate memory on specific nodes will be rejected. This is why the kernel logs mention “NUMA not supported”. Updating to a custom kernel with NUMA compiled in is required to resolve the issue.",Knowledge,Knowledge,short,51,51,51,tensorflow_tensorflow,issue,62075.0,Knowledge,short,,,,,,,,0,0,0
tensorflow_tensorflow,issue,62075.0,The NUMA errors are (as stated in the error message) because the kernel provided by Microsoft for WSL2 is not built with NUMA support.,"According to the error output, the root cause of the NUMA errors is that the default WSL2 kernel shipped by Microsoft was built without NUMA capabilities. Because the kernel cannot understand NUMA node affinity, any operation that requests such behavior will fail. To fix this, you need to replace the stock kernel with one that has NUMA support enabled during compilation.",Knowledge,Knowledge,short,51,51,51,tensorflow_tensorflow,issue,62075.0,Knowledge,short,,,,,,,,0,0,0
tensorflow_tensorflow,issue,62075.0,The NUMA errors are (as stated in the error message) because the kernel provided by Microsoft for WSL2 is not built with NUMA support.,"The message you’re getting is accurate: the Microsoft‑provided kernel for WSL2 does not include NUMA support, which leads to the observed NUMA errors. Since the kernel was compiled without the CONFIG_NUMA option, attempts to use node‑specific memory allocation are impossible. Using a custom‑built kernel that enables NUMA is the recommended workaround.",Knowledge,Knowledge,short,51,51,51,tensorflow_tensorflow,issue,62075.0,Knowledge,short,,,,,,,,0,0,0
tensorflow_tensorflow,issue,62075.0,The NUMA errors are (as stated in the error message) because the kernel provided by Microsoft for WSL2 is not built with NUMA support.,"Those NUMA errors arise because the WSL2 kernel that comes with Windows is compiled without NUMA support, as the error text explicitly states. Without the NUMA subsystem in the kernel, any code that tries to bind memory to a particular node will be rejected. Rebuilding or swapping in a kernel with NUMA enabled will eliminate the problem.",Knowledge,Knowledge,short,51,51,51,tensorflow_tensorflow,issue,62075.0,Knowledge,short,,,,,,,,0,0,0
tensorflow_tensorflow,issue,62075.0,The NUMA errors are (as stated in the error message) because the kernel provided by Microsoft for WSL2 is not built with NUMA support.,"The cause of the NUMA failures is straightforward: the stock WSL2 kernel from Microsoft was not built with NUMA support, which the error message confirms. Consequently, any NUMA‑aware operations cannot be performed under this kernel. Switching to a kernel compiled with the NUMA option turned on resolves the issue.",Knowledge,Knowledge,short,51,51,51,tensorflow_tensorflow,issue,62075.0,Knowledge,short,,,,,,,,0,0,0
tensorflow_tensorflow,issue,62075.0,@Ke293-x2Ek-Qe-7-aE-B I rebuilt all in an independent conda environment as TF. My steps were to create a TF env with python 3.9.8 and tried python3 -m pip install tensorflow[and-cuda] --user according to instruction. Following these I tried python3 -m pip install tensorflow[and-cuda]=2.13.0 --user and found it solved some bugs.,"I set up a fresh conda environment named `tf_env` using Python 3.9.8, then followed the official guide and ran `python3 -m pip install tensorflow[and-cuda] --user`. After that I installed the exact version with `python3 -m pip install tensorflow[and-cuda]==2.13.0 --user`. This sequence cleared several incompatibility errors I had been seeing.",Knowledge,Knowledge,short,52,52,52,tensorflow_tensorflow,issue,62075.0,Knowledge,short,,,,,,,,0,0,0
tensorflow_tensorflow,issue,62075.0,@Ke293-x2Ek-Qe-7-aE-B I rebuilt all in an independent conda environment as TF. My steps were to create a TF env with python 3.9.8 and tried python3 -m pip install tensorflow[and-cuda] --user according to instruction. Following these I tried python3 -m pip install tensorflow[and-cuda]=2.13.0 --user and found it solved some bugs.,"To isolate the issue I created a new conda environment dedicated to TensorFlow, selecting Python 3.9.8 as the interpreter. I first executed `python3 -m pip install tensorflow[and-cuda] --user` per the documentation, and later pinned the package to version 2.13.0 via `python3 -m pip install tensorflow[and-cuda]==2.13.0 --user`. The version lock resolved a number of lingering bugs.",Knowledge,Knowledge,short,52,52,52,tensorflow_tensorflow,issue,62075.0,Knowledge,short,,,,,,,,0,0,0
tensorflow_tensorflow,issue,62075.0,@Ke293-x2Ek-Qe-7-aE-B I rebuilt all in an independent conda environment as TF. My steps were to create a TF env with python 3.9.8 and tried python3 -m pip install tensorflow[and-cuda] --user according to instruction. Following these I tried python3 -m pip install tensorflow[and-cuda]=2.13.0 --user and found it solved some bugs.,"I rebuilt everything from scratch inside an independent conda environment, installing Python 3.9.8 and then running `python3 -m pip install tensorflow[and-cuda] --user` as instructed. Once the base install succeeded, I upgraded/downgraded to the specific release `tensorflow[and-cuda]==2.13.0` using `python3 -m pip install ... --user`. This approach fixed several problems that were previously crashing my scripts.",Knowledge,Knowledge,short,52,52,52,tensorflow_tensorflow,issue,62075.0,Knowledge,short,,,,,,,,0,0,0
tensorflow_tensorflow,issue,62075.0,@Ke293-x2Ek-Qe-7-aE-B I rebuilt all in an independent conda environment as TF. My steps were to create a TF env with python 3.9.8 and tried python3 -m pip install tensorflow[and-cuda] --user according to instruction. Following these I tried python3 -m pip install tensorflow[and-cuda]=2.13.0 --user and found it solved some bugs.,"Starting with a clean conda environment, I created a TensorFlow‑only workspace using Python 3.9.8. Following the official steps I ran `python3 -m pip install tensorflow[and-cuda] --user`, then explicitly installed version 2.13.0 with `python3 -m pip install tensorflow[and-cuda]==2.13.0 --user`. After these installations the earlier bugs disappeared.",Knowledge,Knowledge,short,52,52,52,tensorflow_tensorflow,issue,62075.0,Knowledge,short,,,,,,,,0,0,0
tensorflow_tensorflow,issue,62075.0,@Ke293-x2Ek-Qe-7-aE-B I rebuilt all in an independent conda environment as TF. My steps were to create a TF env with python 3.9.8 and tried python3 -m pip install tensorflow[and-cuda] --user according to instruction. Following these I tried python3 -m pip install tensorflow[and-cuda]=2.13.0 --user and found it solved some bugs.,"I isolated the setup by making a new conda environment for TensorFlow, selecting Python 3.9.8, and installing the package with `python3 -m pip install tensorflow[and-cuda] --user` according to the docs. I then forced the exact release `2.13.0` using `python3 -m pip install tensorflow[and-cuda]==2.13.0 --user`. This resolved the compatibility issues I was encountering.",Knowledge,Knowledge,short,52,52,52,tensorflow_tensorflow,issue,62075.0,Knowledge,short,,,,,,,,0,0,0
tensorflow_tensorflow,issue,62075.0,"Hello,

I'm experiencing the same issue, even though I meticulously followed all the instructions for setting up CUDA 11.8 and CuDNN 8.7. The error messages I'm encountering are as follows:

Unable to register cuDNN factory: Attempting to register factory for plugin cuDNN when one has already been registered.
Unable to register cuFFT factory: Attempting to register factory for plugin cuFFT when one has already been registered.
Unable to register cuBLAS factory: Attempting to register factory for plugin cuBLAS when one has already been registered.

I've tried this with different versions of Python. Surprisingly, when I used Python 3.11, TensorFlow 2.13 was installed without these errors. However, when I used Python 3.10 or 3.9, I ended up with TensorFlow 2.14 and the aforementioned errors.

I've come across information suggesting that I may not need to manually install CUDA and CuDNN, as [and-cuda] should handle the installation of these components automatically.

Could someone please guide me on the correct approach to resolve this issue? I've tried various methods, but unfortunately, none of them have yielded a working solution.","I've followed the CUDA 11.8 and cuDNN 8.7 installation steps to the letter, yet TensorFlow still throws: \""Unable to register cuDNN factory\"", \""Unable to register cuFFT factory\"", and \""Unable to register cuBLAS factory\"". When I run with Python 3.11, TensorFlow 2.13 installs cleanly, but switching to Python 3.10 or 3.9 pulls in TensorFlow 2.14 and reproduces the same registration errors. Some docs say the [and‑cuda] package should pull the right binaries automatically, so I'm not sure whether I need to keep the manual install or remove it. Could anyone clarify the proper setup to eliminate these factory registration messages?",Known,Known Unknown,long,53,53,53,tensorflow_tensorflow,issue,62075.0,Known,long,,,,,,,,2,2,1
tensorflow_tensorflow,issue,62075.0,"Hello,

I'm experiencing the same issue, even though I meticulously followed all the instructions for setting up CUDA 11.8 and CuDNN 8.7. The error messages I'm encountering are as follows:

Unable to register cuDNN factory: Attempting to register factory for plugin cuDNN when one has already been registered.
Unable to register cuFFT factory: Attempting to register factory for plugin cuFFT when one has already been registered.
Unable to register cuBLAS factory: Attempting to register factory for plugin cuBLAS when one has already been registered.

I've tried this with different versions of Python. Surprisingly, when I used Python 3.11, TensorFlow 2.13 was installed without these errors. However, when I used Python 3.10 or 3.9, I ended up with TensorFlow 2.14 and the aforementioned errors.

I've come across information suggesting that I may not need to manually install CUDA and CuDNN, as [and-cuda] should handle the installation of these components automatically.

Could someone please guide me on the correct approach to resolve this issue? I've tried various methods, but unfortunately, none of them have yielded a working solution.","Even after meticulously setting up CUDA 11.8 and cuDNN 8.7, I keep seeing errors like \""Attempting to register factory for plugin cuDNN when one has already been registered\"" during TensorFlow import. The problem only appears when I use Python 3.10 or 3.9, which installs TensorFlow 2.14; with Python 3.11 and TensorFlow 2.13 the issue disappears. I've read that the and‑cuda helper should automatically manage the CUDA stack, so perhaps my manual installation is conflicting. I'm looking for guidance on how to correctly configure the environment to avoid these duplicate‑factory errors.",Known,Known Unknown,long,53,53,53,tensorflow_tensorflow,issue,62075.0,Known,long,,,,,,,,2,2,1
tensorflow_tensorflow,issue,62075.0,"Hello,

I'm experiencing the same issue, even though I meticulously followed all the instructions for setting up CUDA 11.8 and CuDNN 8.7. The error messages I'm encountering are as follows:

Unable to register cuDNN factory: Attempting to register factory for plugin cuDNN when one has already been registered.
Unable to register cuFFT factory: Attempting to register factory for plugin cuFFT when one has already been registered.
Unable to register cuBLAS factory: Attempting to register factory for plugin cuBLAS when one has already been registered.

I've tried this with different versions of Python. Surprisingly, when I used Python 3.11, TensorFlow 2.13 was installed without these errors. However, when I used Python 3.10 or 3.9, I ended up with TensorFlow 2.14 and the aforementioned errors.

I've come across information suggesting that I may not need to manually install CUDA and CuDNN, as [and-cuda] should handle the installation of these components automatically.

Could someone please guide me on the correct approach to resolve this issue? I've tried various methods, but unfortunately, none of them have yielded a working solution.","I'm encountering repeated factory registration failures for cuDNN, cuFFT, and cuBLAS despite having installed CUDA 11.8 and cuDNN 8.7 exactly as described in the guide. Strangely, using Python 3.11 gives me TensorFlow 2.13 without any complaints, whereas Python 3.10/3.9 brings in TensorFlow 2.14 and triggers the errors. Some community posts suggest that the and‑cuda package can handle the CUDA dependencies for me, which makes me wonder if my manual setup is the culprit. Can someone walk me through the right steps to get a clean TensorFlow installation across these Python versions?",Known,Known Unknown,long,53,53,53,tensorflow_tensorflow,issue,62075.0,Known,long,,,,,,,,2,2,1
tensorflow_tensorflow,issue,62075.0,"Hello,

I'm experiencing the same issue, even though I meticulously followed all the instructions for setting up CUDA 11.8 and CuDNN 8.7. The error messages I'm encountering are as follows:

Unable to register cuDNN factory: Attempting to register factory for plugin cuDNN when one has already been registered.
Unable to register cuFFT factory: Attempting to register factory for plugin cuFFT when one has already been registered.
Unable to register cuBLAS factory: Attempting to register factory for plugin cuBLAS when one has already been registered.

I've tried this with different versions of Python. Surprisingly, when I used Python 3.11, TensorFlow 2.13 was installed without these errors. However, when I used Python 3.10 or 3.9, I ended up with TensorFlow 2.14 and the aforementioned errors.

I've come across information suggesting that I may not need to manually install CUDA and CuDNN, as [and-cuda] should handle the installation of these components automatically.

Could someone please guide me on the correct approach to resolve this issue? I've tried various methods, but unfortunately, none of them have yielded a working solution.","After carefully installing CUDA 11.8 and cuDNN 8.7, TensorFlow refuses to start, reporting that the cuDNN, cuFFT, and cuBLAS factories are already registered. The issue only shows up with Python 3.10 or 3.9, which pulls TensorFlow 2.14; with Python 3.11 and TensorFlow 2.13 everything works fine. I've seen hints that the and‑cuda utility should automatically provision the required libraries, so perhaps my explicit CUDA install is causing a conflict. I'd appreciate any advice on how to resolve these registration errors without having to downgrade Python or TensorFlow.",Known,Known Unknown,long,53,53,53,tensorflow_tensorflow,issue,62075.0,Known,long,,,,,,,,2,2,1
tensorflow_tensorflow,issue,62075.0,"Hello,

I'm experiencing the same issue, even though I meticulously followed all the instructions for setting up CUDA 11.8 and CuDNN 8.7. The error messages I'm encountering are as follows:

Unable to register cuDNN factory: Attempting to register factory for plugin cuDNN when one has already been registered.
Unable to register cuFFT factory: Attempting to register factory for plugin cuFFT when one has already been registered.
Unable to register cuBLAS factory: Attempting to register factory for plugin cuBLAS when one has already been registered.

I've tried this with different versions of Python. Surprisingly, when I used Python 3.11, TensorFlow 2.13 was installed without these errors. However, when I used Python 3.10 or 3.9, I ended up with TensorFlow 2.14 and the aforementioned errors.

I've come across information suggesting that I may not need to manually install CUDA and CuDNN, as [and-cuda] should handle the installation of these components automatically.

Could someone please guide me on the correct approach to resolve this issue? I've tried various methods, but unfortunately, none of them have yielded a working solution.","Despite following the exact CUDA 11.8 / cuDNN 8.7 installation instructions, I keep getting messages like \""Attempting to register factory for plugin cuDNN when one has already been registered\"" when importing TensorFlow. The problem is limited to Python 3.10/3.9 environments, which install TensorFlow 2.14; using Python 3.11 with TensorFlow 2.13 works without a hitch. Documentation mentions that the and‑cuda package can automatically install the necessary CUDA components, leading me to suspect my manual setup is redundant. Could anyone explain the correct configuration path to eliminate these duplicate‑factory errors?",Known,Known Unknown,long,53,53,53,tensorflow_tensorflow,issue,62075.0,Known,long,,,,,,,,2,2,1
tensorflow_tensorflow,issue,62075.0,"I still appear to be getting these messages however, so I'm not sure I've installed things correctly.","Even after following the setup guide, the console keeps printing the same warning messages. I've double‑checked the PATH and the version numbers, but the errors persist. At this point I'm uncertain whether the installation actually succeeded or if I missed a required dependency.",Known,Known Unknown,short,54,54,54,tensorflow_tensorflow,issue,62075.0,Known,short,,,,,,,,2,2,1
tensorflow_tensorflow,issue,62075.0,"I still appear to be getting these messages however, so I'm not sure I've installed things correctly.","The build process still emits a handful of error lines, which makes me doubt that everything was installed properly. I've run `npm install` and verified the node_modules folder, yet the messages continue to appear. I'm not sure if the problem lies in the package configuration or my environment setup.",Known,Known Unknown,short,54,54,54,tensorflow_tensorflow,issue,62075.0,Known,short,,,,,,,,2,2,1
tensorflow_tensorflow,issue,62075.0,"I still appear to be getting these messages however, so I'm not sure I've installed things correctly.","After running the installer, I continue to see ""Unable to locate library"" messages in the logs. I verified that the DLLs are present and that the environment variables point to the correct directories, but the issue remains. I'm left wondering whether the installation completed correctly or if something else is wrong.",Known,Known Unknown,short,54,54,54,tensorflow_tensorflow,issue,62075.0,Known,short,,,,,,,,2,2,1
tensorflow_tensorflow,issue,62075.0,"I still appear to be getting these messages however, so I'm not sure I've installed things correctly.","Despite executing the `make install` command without any immediate failures, the terminal still shows a series of permission warnings. I've inspected the install directory and confirmed the files are there, yet I'm not confident that the tool is fully functional. It’s unclear to me if the installation was successful or if additional steps are required.",Known,Known Unknown,short,54,54,54,tensorflow_tensorflow,issue,62075.0,Known,short,,,,,,,,2,2,1
tensorflow_tensorflow,issue,62075.0,"I still appear to be getting these messages however, so I'm not sure I've installed things correctly.","I keep getting the same deprecation warnings after running the setup script, which makes me question if the software was installed as intended. I checked the version output and it matches the expected release, but the messages haven't disappeared. I'm unsure whether these warnings indicate a faulty install or just harmless noise.",Known,Known Unknown,short,54,54,54,tensorflow_tensorflow,issue,62075.0,Known,short,,,,,,,,2,2,1
tensorflow_tensorflow,issue,37492.0,"Hey all,

so I could just verify that all of the problems in this issue are connected with the Windows-version of tensorflow. I installed a fresh Ubuntu Bionic and followed the instructions [0] to set it up with CUDA on my homeoffice-workstation with a GTX 1060 6GB and none of the described problems was ever encountered again. :/

So please save yourself the trouble and just use Linux to train your LSTMs on the GPU. Even the validation_split-parameter works there without any problem and I had not to set up any batch_input_shape with divisible sets for training, validation, etc. Now it is just so easy.","I’ve confirmed that every glitch mentioned in this thread stems from the Windows build of TensorFlow. After installing a clean Ubuntu 18.04 (Bionic) system, following the CUDA setup guide, and running the same LSTM code on a GTX 1060, none of the errors appeared. The validation_split argument works out‑of‑the box and I never needed to tweak batch_input_shape to get divisible training/validation sets. In short, switching to Linux solved the problem completely.",Knowledge,Knowledge,long,55,55,55,tensorflow_tensorflow,issue,37492.0,Knowledge,long,,,,,,,,0,0,0
tensorflow_tensorflow,issue,37492.0,"Hey all,

so I could just verify that all of the problems in this issue are connected with the Windows-version of tensorflow. I installed a fresh Ubuntu Bionic and followed the instructions [0] to set it up with CUDA on my homeoffice-workstation with a GTX 1060 6GB and none of the described problems was ever encountered again. :/

So please save yourself the trouble and just use Linux to train your LSTMs on the GPU. Even the validation_split-parameter works there without any problem and I had not to set up any batch_input_shape with divisible sets for training, validation, etc. Now it is just so easy.","All of the issues reported here are tied to TensorFlow on Windows. I set up a fresh Ubuntu Bionic workstation with CUDA, installed TensorFlow, and ran the LSTM example on a GTX 1060 6 GB; the model trained without any of the previously observed crashes or shape mismatches. The validation_split parameter behaved correctly and I didn’t have to manually enforce batch sizes that divide evenly. Using Linux for GPU‑accelerated LSTM training is therefore the hassle‑free solution.",Knowledge,Knowledge,long,55,55,55,tensorflow_tensorflow,issue,37492.0,Knowledge,long,,,,,,,,0,0,0
tensorflow_tensorflow,issue,37492.0,"Hey all,

so I could just verify that all of the problems in this issue are connected with the Windows-version of tensorflow. I installed a fresh Ubuntu Bionic and followed the instructions [0] to set it up with CUDA on my homeoffice-workstation with a GTX 1060 6GB and none of the described problems was ever encountered again. :/

So please save yourself the trouble and just use Linux to train your LSTMs on the GPU. Even the validation_split-parameter works there without any problem and I had not to set up any batch_input_shape with divisible sets for training, validation, etc. Now it is just so easy.","After reproducing the failures on a Windows machine, I provisioned a new Ubuntu 18.04 box, installed the CUDA toolkit as described in the official guide, and executed the same TensorFlow LSTM script on a GTX 1060. The training completed flawlessly—no mysterious errors, and validation_split worked without any special configuration. I also avoided having to set batch_input_shape to a multiple of the dataset size. This confirms that the Windows TensorFlow build is the source of the trouble.",Knowledge,Knowledge,long,55,55,55,tensorflow_tensorflow,issue,37492.0,Knowledge,long,,,,,,,,0,0,0
tensorflow_tensorflow,issue,37492.0,"Hey all,

so I could just verify that all of the problems in this issue are connected with the Windows-version of tensorflow. I installed a fresh Ubuntu Bionic and followed the instructions [0] to set it up with CUDA on my homeoffice-workstation with a GTX 1060 6GB and none of the described problems was ever encountered again. :/

So please save yourself the trouble and just use Linux to train your LSTMs on the GPU. Even the validation_split-parameter works there without any problem and I had not to set up any batch_input_shape with divisible sets for training, validation, etc. Now it is just so easy.","I can verify that the problems listed in this issue only occur with TensorFlow on Windows. A clean installation of Ubuntu Bionic, with CUDA configured per the documentation, and the same GPU hardware (GTX 1060 6 GB) ran the LSTM code without any of the reported bugs. The validation_split flag functioned normally and I never needed to adjust batch_input_shape for compatible training and validation splits. Switching to Linux eliminates the headaches entirely.",Knowledge,Knowledge,long,55,55,55,tensorflow_tensorflow,issue,37492.0,Knowledge,long,,,,,,,,0,0,0
tensorflow_tensorflow,issue,37492.0,"Hey all,

so I could just verify that all of the problems in this issue are connected with the Windows-version of tensorflow. I installed a fresh Ubuntu Bionic and followed the instructions [0] to set it up with CUDA on my homeoffice-workstation with a GTX 1060 6GB and none of the described problems was ever encountered again. :/

So please save yourself the trouble and just use Linux to train your LSTMs on the GPU. Even the validation_split-parameter works there without any problem and I had not to set up any batch_input_shape with divisible sets for training, validation, etc. Now it is just so easy.","All of the symptoms described here disappear when the environment is moved from Windows to Linux. I freshly installed Ubuntu 18.04, followed the CUDA setup steps, and ran the TensorFlow LSTM example on a GTX 1060; the model trained and validated without any of the earlier crashes or shape‑related errors. The validation_split argument worked as expected, and there was no need to enforce specific batch_input_shape constraints. Using Linux for GPU‑based LSTM training is therefore the recommended approach.",Knowledge,Knowledge,long,55,55,55,tensorflow_tensorflow,issue,37492.0,Knowledge,long,,,,,,,,0,0,0
numpy_numpy,issue,28024.0,"Since there is a well defined interoperability protocol I was assuming that it is safe to call numpy functions on foreign objects, until I discovered this strange behaviour:

>>> import numpy as np
>>> class Kls: pass
...
>>> a = Kls()
>>> a.mean = None
>>> np.mean(a)
Traceback (most recent call last):
  File ""<stdin>"", line 1, in <module>
  File ""/Users/miccoli/work/uvenv/bigdata/.venv/lib/python3.12/site-packages/numpy/_core/fromnumeric.py"", line 3858, in mean
    return mean(axis=axis, dtype=dtype, out=out, **kwargs)
           ^^^^^^^^^^^^^^^^^^^^^^^^^^^^^^^^^^^^^^^^^^^^^^^
TypeError: 'NoneType' object is not callable
>>> a.mean = lambda : 0
>>> np.mean(a)
Traceback (most recent call last):
  File ""<stdin>"", line 1, in <module>
  File ""/Users/miccoli/work/uvenv/bigdata/.venv/lib/python3.12/site-packages/numpy/_core/fromnumeric.py"", line 3858, in mean
    return mean(axis=axis, dtype=dtype, out=out, **kwargs)
           ^^^^^^^^^^^^^^^^^^^^^^^^^^^^^^^^^^^^^^^^^^^^^^^
TypeError: <lambda>() got an unexpected keyword argument 'axis'

So if np.mean(a) discovers that a has a mean attribute, it blindly assumes that it is a method with the same semantics and signature of np.mean.

This is crazy! numpy does not owns the mean method and in fact other libraries implemented it in different ways:

>>> import polars as pl
>>> a = pl.Series([0, 1, 2])
>>> np.mean(a) #broken
Traceback (most recent call last):
  File ""<stdin>"", line 1, in <module>
  File ""/Users/miccoli/work/uvenv/bigdata/.venv/lib/python3.12/site-packages/numpy/_core/fromnumeric.py"", line 3858, in mean
    return mean(axis=axis, dtype=dtype, out=out, **kwargs)
           ^^^^^^^^^^^^^^^^^^^^^^^^^^^^^^^^^^^^^^^^^^^^^^^
TypeError: Series.mean() got an unexpected keyword argument 'axis'
>>> np.mean(np.asarray(a)) #works
np.float64(1.0)","I always thought that because NumPy follows a clear interoperability contract, I could safely hand any object to its functions. Yet when I passed a custom class with a ``mean`` attribute to ``np.mean``, NumPy tried to call it as if it were its own implementation and crashed. The error messages show that NumPy assumes the same signature, which I never expected. This behavior caught me completely off guard.",Unknown,Unknown Unknown,long,56,56,56,numpy_numpy,issue,28024.0,Unknown,long,person seems to be quite surprised but not sure.,Unknown Non-Knowledge,Unknown Unknown,,,unknown unknowns,as always: it is not clear from that segment if knowledge is absent or someone else might know. But here I tent to say – it seems as nobody might know,1,1,1
numpy_numpy,issue,28024.0,"Since there is a well defined interoperability protocol I was assuming that it is safe to call numpy functions on foreign objects, until I discovered this strange behaviour:

>>> import numpy as np
>>> class Kls: pass
...
>>> a = Kls()
>>> a.mean = None
>>> np.mean(a)
Traceback (most recent call last):
  File ""<stdin>"", line 1, in <module>
  File ""/Users/miccoli/work/uvenv/bigdata/.venv/lib/python3.12/site-packages/numpy/_core/fromnumeric.py"", line 3858, in mean
    return mean(axis=axis, dtype=dtype, out=out, **kwargs)
           ^^^^^^^^^^^^^^^^^^^^^^^^^^^^^^^^^^^^^^^^^^^^^^^
TypeError: 'NoneType' object is not callable
>>> a.mean = lambda : 0
>>> np.mean(a)
Traceback (most recent call last):
  File ""<stdin>"", line 1, in <module>
  File ""/Users/miccoli/work/uvenv/bigdata/.venv/lib/python3.12/site-packages/numpy/_core/fromnumeric.py"", line 3858, in mean
    return mean(axis=axis, dtype=dtype, out=out, **kwargs)
           ^^^^^^^^^^^^^^^^^^^^^^^^^^^^^^^^^^^^^^^^^^^^^^^
TypeError: <lambda>() got an unexpected keyword argument 'axis'

So if np.mean(a) discovers that a has a mean attribute, it blindly assumes that it is a method with the same semantics and signature of np.mean.

This is crazy! numpy does not owns the mean method and in fact other libraries implemented it in different ways:

>>> import polars as pl
>>> a = pl.Series([0, 1, 2])
>>> np.mean(a) #broken
Traceback (most recent call last):
  File ""<stdin>"", line 1, in <module>
  File ""/Users/miccoli/work/uvenv/bigdata/.venv/lib/python3.12/site-packages/numpy/_core/fromnumeric.py"", line 3858, in mean
    return mean(axis=axis, dtype=dtype, out=out, **kwargs)
           ^^^^^^^^^^^^^^^^^^^^^^^^^^^^^^^^^^^^^^^^^^^^^^^
TypeError: Series.mean() got an unexpected keyword argument 'axis'
>>> np.mean(np.asarray(a)) #works
np.float64(1.0)","Assuming NumPy would treat foreign objects politely, I created a simple class and gave it a ``mean`` attribute. Calling ``np.mean`` on an instance immediately raised a ``TypeError`` because NumPy tried to invoke the attribute with its own ``axis`` argument. I had no idea that NumPy would blindly forward the call without checking the method's compatibility. The result was a surprising and confusing failure.",Unknown,Unknown Unknown,long,56,56,56,numpy_numpy,issue,28024.0,Unknown,long,person seems to be quite surprised but not sure.,Unknown Non-Knowledge,Unknown Unknown,,,unknown unknowns,as always: it is not clear from that segment if knowledge is absent or someone else might know. But here I tent to say – it seems as nobody might know,1,1,1
numpy_numpy,issue,28024.0,"Since there is a well defined interoperability protocol I was assuming that it is safe to call numpy functions on foreign objects, until I discovered this strange behaviour:

>>> import numpy as np
>>> class Kls: pass
...
>>> a = Kls()
>>> a.mean = None
>>> np.mean(a)
Traceback (most recent call last):
  File ""<stdin>"", line 1, in <module>
  File ""/Users/miccoli/work/uvenv/bigdata/.venv/lib/python3.12/site-packages/numpy/_core/fromnumeric.py"", line 3858, in mean
    return mean(axis=axis, dtype=dtype, out=out, **kwargs)
           ^^^^^^^^^^^^^^^^^^^^^^^^^^^^^^^^^^^^^^^^^^^^^^^
TypeError: 'NoneType' object is not callable
>>> a.mean = lambda : 0
>>> np.mean(a)
Traceback (most recent call last):
  File ""<stdin>"", line 1, in <module>
  File ""/Users/miccoli/work/uvenv/bigdata/.venv/lib/python3.12/site-packages/numpy/_core/fromnumeric.py"", line 3858, in mean
    return mean(axis=axis, dtype=dtype, out=out, **kwargs)
           ^^^^^^^^^^^^^^^^^^^^^^^^^^^^^^^^^^^^^^^^^^^^^^^
TypeError: <lambda>() got an unexpected keyword argument 'axis'

So if np.mean(a) discovers that a has a mean attribute, it blindly assumes that it is a method with the same semantics and signature of np.mean.

This is crazy! numpy does not owns the mean method and in fact other libraries implemented it in different ways:

>>> import polars as pl
>>> a = pl.Series([0, 1, 2])
>>> np.mean(a) #broken
Traceback (most recent call last):
  File ""<stdin>"", line 1, in <module>
  File ""/Users/miccoli/work/uvenv/bigdata/.venv/lib/python3.12/site-packages/numpy/_core/fromnumeric.py"", line 3858, in mean
    return mean(axis=axis, dtype=dtype, out=out, **kwargs)
           ^^^^^^^^^^^^^^^^^^^^^^^^^^^^^^^^^^^^^^^^^^^^^^^
TypeError: Series.mean() got an unexpected keyword argument 'axis'
>>> np.mean(np.asarray(a)) #works
np.float64(1.0)","I was under the impression that NumPy's ``mean`` function would only operate on arrays or objects that explicitly implement the NumPy protocol. When I gave it an object from another library that also defines a ``mean`` method, NumPy called that method with its own parameters and threw an unexpected ``TypeError``. This shows that NumPy assumes any ``mean`` attribute follows its exact signature, which I never realized. The discovery was quite startling.",Unknown,Unknown Unknown,long,56,56,56,numpy_numpy,issue,28024.0,Unknown,long,person seems to be quite surprised but not sure.,Unknown Non-Knowledge,Unknown Unknown,,,unknown unknowns,as always: it is not clear from that segment if knowledge is absent or someone else might know. But here I tent to say – it seems as nobody might know,1,1,1
numpy_numpy,issue,28024.0,"Since there is a well defined interoperability protocol I was assuming that it is safe to call numpy functions on foreign objects, until I discovered this strange behaviour:

>>> import numpy as np
>>> class Kls: pass
...
>>> a = Kls()
>>> a.mean = None
>>> np.mean(a)
Traceback (most recent call last):
  File ""<stdin>"", line 1, in <module>
  File ""/Users/miccoli/work/uvenv/bigdata/.venv/lib/python3.12/site-packages/numpy/_core/fromnumeric.py"", line 3858, in mean
    return mean(axis=axis, dtype=dtype, out=out, **kwargs)
           ^^^^^^^^^^^^^^^^^^^^^^^^^^^^^^^^^^^^^^^^^^^^^^^
TypeError: 'NoneType' object is not callable
>>> a.mean = lambda : 0
>>> np.mean(a)
Traceback (most recent call last):
  File ""<stdin>"", line 1, in <module>
  File ""/Users/miccoli/work/uvenv/bigdata/.venv/lib/python3.12/site-packages/numpy/_core/fromnumeric.py"", line 3858, in mean
    return mean(axis=axis, dtype=dtype, out=out, **kwargs)
           ^^^^^^^^^^^^^^^^^^^^^^^^^^^^^^^^^^^^^^^^^^^^^^^
TypeError: <lambda>() got an unexpected keyword argument 'axis'

So if np.mean(a) discovers that a has a mean attribute, it blindly assumes that it is a method with the same semantics and signature of np.mean.

This is crazy! numpy does not owns the mean method and in fact other libraries implemented it in different ways:

>>> import polars as pl
>>> a = pl.Series([0, 1, 2])
>>> np.mean(a) #broken
Traceback (most recent call last):
  File ""<stdin>"", line 1, in <module>
  File ""/Users/miccoli/work/uvenv/bigdata/.venv/lib/python3.12/site-packages/numpy/_core/fromnumeric.py"", line 3858, in mean
    return mean(axis=axis, dtype=dtype, out=out, **kwargs)
           ^^^^^^^^^^^^^^^^^^^^^^^^^^^^^^^^^^^^^^^^^^^^^^^
TypeError: Series.mean() got an unexpected keyword argument 'axis'
>>> np.mean(np.asarray(a)) #works
np.float64(1.0)","Believing the interoperability rules meant NumPy would safely delegate to a ``mean`` attribute on any object, I tried it with a custom class and with a Polars Series. In both cases ``np.mean`` attempted to invoke the object's ``mean`` method with an ``axis`` argument, leading to immediate crashes. I hadn't anticipated that NumPy would make such an assumption about method signatures. The behavior was completely surprising and broke my workflow.",Unknown,Unknown Unknown,long,56,56,56,numpy_numpy,issue,28024.0,Unknown,long,person seems to be quite surprised but not sure.,Unknown Non-Knowledge,Unknown Unknown,,,unknown unknowns,as always: it is not clear from that segment if knowledge is absent or someone else might know. But here I tent to say – it seems as nobody might know,1,1,1
numpy_numpy,issue,28024.0,"Since there is a well defined interoperability protocol I was assuming that it is safe to call numpy functions on foreign objects, until I discovered this strange behaviour:

>>> import numpy as np
>>> class Kls: pass
...
>>> a = Kls()
>>> a.mean = None
>>> np.mean(a)
Traceback (most recent call last):
  File ""<stdin>"", line 1, in <module>
  File ""/Users/miccoli/work/uvenv/bigdata/.venv/lib/python3.12/site-packages/numpy/_core/fromnumeric.py"", line 3858, in mean
    return mean(axis=axis, dtype=dtype, out=out, **kwargs)
           ^^^^^^^^^^^^^^^^^^^^^^^^^^^^^^^^^^^^^^^^^^^^^^^
TypeError: 'NoneType' object is not callable
>>> a.mean = lambda : 0
>>> np.mean(a)
Traceback (most recent call last):
  File ""<stdin>"", line 1, in <module>
  File ""/Users/miccoli/work/uvenv/bigdata/.venv/lib/python3.12/site-packages/numpy/_core/fromnumeric.py"", line 3858, in mean
    return mean(axis=axis, dtype=dtype, out=out, **kwargs)
           ^^^^^^^^^^^^^^^^^^^^^^^^^^^^^^^^^^^^^^^^^^^^^^^
TypeError: <lambda>() got an unexpected keyword argument 'axis'

So if np.mean(a) discovers that a has a mean attribute, it blindly assumes that it is a method with the same semantics and signature of np.mean.

This is crazy! numpy does not owns the mean method and in fact other libraries implemented it in different ways:

>>> import polars as pl
>>> a = pl.Series([0, 1, 2])
>>> np.mean(a) #broken
Traceback (most recent call last):
  File ""<stdin>"", line 1, in <module>
  File ""/Users/miccoli/work/uvenv/bigdata/.venv/lib/python3.12/site-packages/numpy/_core/fromnumeric.py"", line 3858, in mean
    return mean(axis=axis, dtype=dtype, out=out, **kwargs)
           ^^^^^^^^^^^^^^^^^^^^^^^^^^^^^^^^^^^^^^^^^^^^^^^
TypeError: Series.mean() got an unexpected keyword argument 'axis'
>>> np.mean(np.asarray(a)) #works
np.float64(1.0)","I expected NumPy to be defensive when encountering foreign objects that happen to have a ``mean`` attribute. Instead, ``np.mean`` unconditionally called that attribute as if it were NumPy's own function, passing arguments like ``axis`` that the object's method didn't accept. This caused ``TypeError`` exceptions for both a hand‑rolled class and a Polars Series. The fact that NumPy makes this blind assumption was something I never knew could happen.",Unknown,Unknown Unknown,long,56,56,56,numpy_numpy,issue,28024.0,Unknown,long,person seems to be quite surprised but not sure.,Unknown Non-Knowledge,Unknown Unknown,,,unknown unknowns,as always: it is not clear from that segment if knowledge is absent or someone else might know. But here I tent to say – it seems as nobody might know,1,1,1
numpy_numpy,issue,28024.0,"The behaviour was added a long time ago, commit 67940c3 in 2006.","That particular feature was introduced back in 2006, as can be seen in commit 67940c3. The change added the current behaviour to the codebase at that time. All subsequent versions inherit this implementation.",Knowledge,Knowledge,short,57,57,57,numpy_numpy,issue,28024.0,Knowledge,short,,,,,,,,0,0,0
numpy_numpy,issue,28024.0,"The behaviour was added a long time ago, commit 67940c3 in 2006.",The functionality dates back to an early update; commit 67940c3 from 2006 is where it was first merged. That commit explicitly added the behaviour we are discussing. Since then it has remained unchanged in the main branch.,Knowledge,Knowledge,short,57,57,57,numpy_numpy,issue,28024.0,Knowledge,short,,,,,,,,0,0,0
numpy_numpy,issue,28024.0,"The behaviour was added a long time ago, commit 67940c3 in 2006.","If you look at the repository history, you’ll find that the behaviour was added in 2006 via commit 67940c3. The diff in that commit shows the exact lines that introduced it. All later releases build on that original change.",Knowledge,Knowledge,short,57,57,57,numpy_numpy,issue,28024.0,Knowledge,short,,,,,,,,0,0,0
numpy_numpy,issue,28024.0,"The behaviour was added a long time ago, commit 67940c3 in 2006.","The origin of this behaviour traces to a 2006 commit, specifically 67940c3. That revision introduced the code path we are examining. It has been part of the project ever since.",Knowledge,Knowledge,short,57,57,57,numpy_numpy,issue,28024.0,Knowledge,short,,,,,,,,0,0,0
numpy_numpy,issue,28024.0,"The behaviour was added a long time ago, commit 67940c3 in 2006.","According to the version control log, the behaviour was first implemented in commit 67940c3, which was authored in 2006. The commit message notes the addition of this feature. This historical context explains why the behaviour persists today.",Knowledge,Knowledge,short,57,57,57,numpy_numpy,issue,28024.0,Knowledge,short,,,,,,,,0,0,0
numpy_numpy,issue,28024.0,"The behaviour was added a long time ago, commit 67940c3 in 2006. That probably means that for backwards compatibility reasons we cannot change this behaviour.","The current semantics were introduced back in 2006 under commit 67940c3. Because that change has been around for so long, it’s likely that we’re stuck with it to avoid breaking existing users. I’m not sure whether we have any wiggle room to modify it without causing compatibility issues.",Known,Known Unknown,short,58,58,58,numpy_numpy,issue,28024.0,Known,short,,,,,,,,2,2,1
numpy_numpy,issue,28024.0,"The behaviour was added a long time ago, commit 67940c3 in 2006. That probably means that for backwards compatibility reasons we cannot change this behaviour.","Looking at the history, the behavior dates to commit 67940c3 from 2006. Given its age, it’s probably baked into the public API for legacy reasons. I don’t know if we can safely alter it without upsetting downstream projects that rely on the old logic.",Known,Known Unknown,short,58,58,58,numpy_numpy,issue,28024.0,Known,short,,,,,,,,2,2,1
numpy_numpy,issue,28024.0,"The behaviour was added a long time ago, commit 67940c3 in 2006. That probably means that for backwards compatibility reasons we cannot change this behaviour.","That particular feature was added in 2006 via commit 67940c3, which suggests it’s been part of the codebase for many releases. As a result, changing it now would likely break backward compatibility. I’m uncertain whether we have any leeway to adjust it without causing regressions.",Known,Known Unknown,short,58,58,58,numpy_numpy,issue,28024.0,Known,short,,,,,,,,2,2,1
numpy_numpy,issue,28024.0,"The behaviour was added a long time ago, commit 67940c3 in 2006. That probably means that for backwards compatibility reasons we cannot change this behaviour.","The implementation traces back to commit 67940c3 in 2006, meaning it’s been around for over a decade. This long‑standing presence hints that it’s kept for compatibility with older versions. I’m not sure if we can revise it without impacting users who depend on the existing behavior.",Known,Known Unknown,short,58,58,58,numpy_numpy,issue,28024.0,Known,short,,,,,,,,2,2,1
numpy_numpy,issue,28024.0,"The behaviour was added a long time ago, commit 67940c3 in 2006. That probably means that for backwards compatibility reasons we cannot change this behaviour.","Since the behavior was introduced in 2006 (see commit 67940c3), it has become part of the stable interface. That history makes it probable that we can’t simply flip the switch without breaking older code. I don’t know if there’s any feasible path to change it while preserving backward compatibility.",Known,Known Unknown,short,58,58,58,numpy_numpy,issue,28024.0,Known,short,,,,,,,,2,2,1
numpy_numpy,issue,28024.0,"As @eendebakpt says, the problem here is that it is not clear what would happen if you changed it now that alternatives exist.
The main issue here I would expect to be pandas code, since dirty mixing of pandas and NumPy is pretty common, and users may be getting away with things there that they should not be getting away with.

So can we change it? Maybe, but it does require carefully thinking about how impactful the change is (it would make things error, which isn't so bad... but if there is a huge amount of code out there that starts failing that wouldn't be great).
","I see the concern raised by @eendebakpt: we don't really know what side‑effects will appear if we replace the current implementation now that other options are available. Most of the fragile parts are probably hidden in the pandas‑NumPy interop layer, where developers often rely on undocumented behavior. Before we proceed, we need to assess how many downstream scripts would start throwing errors, even if those errors are harmless in isolation.",Known,Known Unknown,long,59,59,59,numpy_numpy,issue,28024.0,Known,long,,,,,,,,2,2,1
numpy_numpy,issue,28024.0,"As @eendebakpt says, the problem here is that it is not clear what would happen if you changed it now that alternatives exist.
The main issue here I would expect to be pandas code, since dirty mixing of pandas and NumPy is pretty common, and users may be getting away with things there that they should not be getting away with.

So can we change it? Maybe, but it does require carefully thinking about how impactful the change is (it would make things error, which isn't so bad... but if there is a huge amount of code out there that starts failing that wouldn't be great).
","The question remains open about the impact of switching this code path given the newer alternatives. The tricky bits are likely buried in the pandas code that mixes in NumPy arrays, a pattern that many users depend on inadvertently. We could make the change, but we have to weigh the risk of breaking a large body of existing notebooks that silently depend on the current semantics.",Known,Known Unknown,long,59,59,59,numpy_numpy,issue,28024.0,Known,long,,,,,,,,2,2,1
numpy_numpy,issue,28024.0,"As @eendebakpt says, the problem here is that it is not clear what would happen if you changed it now that alternatives exist.
The main issue here I would expect to be pandas code, since dirty mixing of pandas and NumPy is pretty common, and users may be getting away with things there that they should not be getting away with.

So can we change it? Maybe, but it does require carefully thinking about how impactful the change is (it would make things error, which isn't so bad... but if there is a huge amount of code out there that starts failing that wouldn't be great).
","As @eendebakpt pointed out, the uncertainty lies in what will happen once we modify the function now that alternative libraries exist. The problematic area is probably the pandas‑NumPy glue code, where implicit conversions are common and not well‑documented. Changing it might cause a cascade of failures in user code, so we need a careful impact analysis before committing.",Known,Known Unknown,long,59,59,59,numpy_numpy,issue,28024.0,Known,long,,,,,,,,2,2,1
numpy_numpy,issue,28024.0,"As @eendebakpt says, the problem here is that it is not clear what would happen if you changed it now that alternatives exist.
The main issue here I would expect to be pandas code, since dirty mixing of pandas and NumPy is pretty common, and users may be getting away with things there that they should not be getting away with.

So can we change it? Maybe, but it does require carefully thinking about how impactful the change is (it would make things error, which isn't so bad... but if there is a huge amount of code out there that starts failing that wouldn't be great).
","I'm not certain how the system will behave if we update this component now that we have other solutions to choose from. The most likely source of trouble is the pandas portion that loosely mixes with NumPy, a practice that many scripts rely on without realizing the assumptions. While the change could surface errors, we have to consider the scale of code that would start failing and whether that's acceptable.",Known,Known Unknown,long,59,59,59,numpy_numpy,issue,28024.0,Known,long,,,,,,,,2,2,1
numpy_numpy,issue,28024.0,"As @eendebakpt says, the problem here is that it is not clear what would happen if you changed it now that alternatives exist.
The main issue here I would expect to be pandas code, since dirty mixing of pandas and NumPy is pretty common, and users may be getting away with things there that they should not be getting away with.

So can we change it? Maybe, but it does require carefully thinking about how impactful the change is (it would make things error, which isn't so bad... but if there is a huge amount of code out there that starts failing that wouldn't be great).
","The core unknown here is the effect of altering the current implementation in light of the new alternatives. Since pandas often interacts with NumPy in a loosely typed way, hidden dependencies may surface when we tighten the behavior. We could proceed with the modification, but we must first gauge how many downstream projects would be impacted by the resulting errors.",Known,Known Unknown,long,59,59,59,numpy_numpy,issue,28024.0,Known,long,,,,,,,,2,2,1
numpy_numpy,issue,28024.0,"Hmmm, I doubt that this changes the situation much (w.r.t how disruptive the change would be).
In the end, won't many/most of the problematic objects (e.g. pandas dataframe, or even torch tensors) already have an __array__ attribute, but still return their own type for np.mean() right now?
(IIRC, np.asarray(torch) raises an error, which is also disruptive, but maybe more desirable.)

I wonder if we could nudge libraries towards implementing __array_function__. Although, I am not sure that is quite convenient enough for having partial support.

Could there be a (very slow) deprecation path for this? Right now, I am not sure...","I'm not convinced that switching to a different protocol would dramatically alter the disruption level. Most of the objects that cause trouble—like pandas DataFrames or torch tensors—already expose an __array__ attribute, yet they still return their own type when you call np.mean(). I recall that np.asarray(torch_tensor) currently throws an exception, which is also a pain point but perhaps a more acceptable one. Could we gently encourage library authors to add __array_function__ support, even if it only offers partial coverage? I'm unsure whether a very gradual, possibly slow, deprecation route would be feasible here.",Irrelevant,Known Unknown,long,60,60,60,numpy_numpy,issue,28024.0,Irrelevant,long,,Irrelevant,Known Unknown,,"relevant, known unknowns",known unknowns ,"what is not known seems to be relevant. The person thinks loud on what a solution could be and how a question could be answered. Nonknowledge would be irrelevant, when the person concludes that there is no need for action. … For the Roberts category it is as always not 100% clear, but it seems that the problem is new and nobody might know",2,3,1
numpy_numpy,issue,28024.0,"Hmmm, I doubt that this changes the situation much (w.r.t how disruptive the change would be).
In the end, won't many/most of the problematic objects (e.g. pandas dataframe, or even torch tensors) already have an __array__ attribute, but still return their own type for np.mean() right now?
(IIRC, np.asarray(torch) raises an error, which is also disruptive, but maybe more desirable.)

I wonder if we could nudge libraries towards implementing __array_function__. Although, I am not sure that is quite convenient enough for having partial support.

Could there be a (very slow) deprecation path for this? Right now, I am not sure...","It seems likely that the majority of problematic containers (for example, a pandas.DataFrame or a torch.Tensor) already implement __array__, yet NumPy's ufuncs like np.mean still fall back to their native implementations. I wonder if nudging maintainers toward implementing __array_function__ would actually reduce the friction, or if the benefit would be marginal. I also heard that np.asarray on a torch tensor raises an error, which is disruptive in its own way but might be preferable. Is there a realistic, albeit slow, deprecation path we could follow for this behavior? At this point I'm not certain how practical any of these options are.",Irrelevant,Known Unknown,long,60,60,60,numpy_numpy,issue,28024.0,Irrelevant,long,,Irrelevant,Known Unknown,,"relevant, known unknowns",known unknowns ,"what is not known seems to be relevant. The person thinks loud on what a solution could be and how a question could be answered. Nonknowledge would be irrelevant, when the person concludes that there is no need for action. … For the Roberts category it is as always not 100% clear, but it seems that the problem is new and nobody might know",2,3,1
numpy_numpy,issue,28024.0,"Hmmm, I doubt that this changes the situation much (w.r.t how disruptive the change would be).
In the end, won't many/most of the problematic objects (e.g. pandas dataframe, or even torch tensors) already have an __array__ attribute, but still return their own type for np.mean() right now?
(IIRC, np.asarray(torch) raises an error, which is also disruptive, but maybe more desirable.)

I wonder if we could nudge libraries towards implementing __array_function__. Although, I am not sure that is quite convenient enough for having partial support.

Could there be a (very slow) deprecation path for this? Right now, I am not sure...","My intuition says that changing the underlying protocol won't make a huge difference in terms of how disruptive the change feels. Many of the objects that currently break—such as pandas DataFrames or torch tensors—already provide an __array__ method, yet NumPy still returns the original type for operations like np.mean(). I also remember that np.asarray on a torch tensor currently fails, which is another source of disruption but perhaps a more tolerable one. Would it make sense to ask library developers to adopt __array_function__ even if it only offers limited support? I don't know if we could roll out a very slow deprecation schedule for the existing behavior.",Irrelevant,Known Unknown,long,60,60,60,numpy_numpy,issue,28024.0,Irrelevant,long,,Irrelevant,Known Unknown,,"relevant, known unknowns",known unknowns ,"what is not known seems to be relevant. The person thinks loud on what a solution could be and how a question could be answered. Nonknowledge would be irrelevant, when the person concludes that there is no need for action. … For the Roberts category it is as always not 100% clear, but it seems that the problem is new and nobody might know",2,3,1
numpy_numpy,issue,28024.0,"Hmmm, I doubt that this changes the situation much (w.r.t how disruptive the change would be).
In the end, won't many/most of the problematic objects (e.g. pandas dataframe, or even torch tensors) already have an __array__ attribute, but still return their own type for np.mean() right now?
(IIRC, np.asarray(torch) raises an error, which is also disruptive, but maybe more desirable.)

I wonder if we could nudge libraries towards implementing __array_function__. Although, I am not sure that is quite convenient enough for having partial support.

Could there be a (very slow) deprecation path for this? Right now, I am not sure...","I suspect that the impact of switching to a new array protocol would be limited, because most of the troublesome types (e.g., pandas.DataFrame, torch.Tensor) already expose __array__, but NumPy's np.mean still yields their native type. I've seen that np.asarray on a torch tensor throws, which is also a breaking change, albeit maybe a more acceptable one. Could we persuade library authors to implement __array_function__ to get better interoperability, even if the support is only partial? I'm uncertain whether a slow, incremental deprecation path for the current behavior is viable, though.",Irrelevant,Known Unknown,long,60,60,60,numpy_numpy,issue,28024.0,Irrelevant,long,,Irrelevant,Known Unknown,,"relevant, known unknowns",known unknowns ,"what is not known seems to be relevant. The person thinks loud on what a solution could be and how a question could be answered. Nonknowledge would be irrelevant, when the person concludes that there is no need for action. … For the Roberts category it is as always not 100% clear, but it seems that the problem is new and nobody might know",2,3,1
numpy_numpy,issue,28024.0,"Hmmm, I doubt that this changes the situation much (w.r.t how disruptive the change would be).
In the end, won't many/most of the problematic objects (e.g. pandas dataframe, or even torch tensors) already have an __array__ attribute, but still return their own type for np.mean() right now?
(IIRC, np.asarray(torch) raises an error, which is also disruptive, but maybe more desirable.)

I wonder if we could nudge libraries towards implementing __array_function__. Although, I am not sure that is quite convenient enough for having partial support.

Could there be a (very slow) deprecation path for this? Right now, I am not sure...","It feels like moving to a different array conversion strategy might not drastically change the level of disruption we see. Objects that often cause issues—like pandas DataFrames or torch tensors—already have an __array__ attribute, yet NumPy's np.mean continues to return their own type. I recall that np.asarray on a torch tensor currently raises an exception, which is also disruptive but perhaps more predictable. Might encouraging the adoption of __array_function__ across libraries help, even if the implementation is only partial? I'm not sure if we could introduce a very gradual deprecation plan for the existing approach.",Irrelevant,Known Unknown,long,60,60,60,numpy_numpy,issue,28024.0,Irrelevant,long,,Irrelevant,Known Unknown,,"relevant, known unknowns",known unknowns ,"what is not known seems to be relevant. The person thinks loud on what a solution could be and how a question could be answered. Nonknowledge would be irrelevant, when the person concludes that there is no need for action. … For the Roberts category it is as always not 100% clear, but it seems that the problem is new and nobody might know",2,3,1
numpy_numpy,issue,18004.0,"It seems odd that this doesn't work, and it feels like it should... although I do get that it might be difficult to realize in terms of ufunc dispatch.","I tried to call my custom NumPy ufunc on a dtype that isn't natively supported, and it just silently returns the original input. It feels like it should have worked, but nothing happens. I have no idea why the dispatch mechanism is ignoring my implementation, and I'm not even sure where to look for the missing hook.",Unknown,Unknown Unknown,short,61,61,61,numpy_numpy,issue,18004.0,Unknown,short,,,,,,,,1,1,1
numpy_numpy,issue,18004.0,"It seems odd that this doesn't work, and it feels like it should... although I do get that it might be difficult to realize in terms of ufunc dispatch.","When I pass a pandas Series of objects to a NumPy ufunc, the operation returns the unchanged Series instead of applying the function. It seems like it ought to be possible, yet the call simply does nothing. I can't pinpoint why the ufunc dispatch fails here, and I haven't realized what prerequisite I might be missing.",Unknown,Unknown Unknown,short,61,61,61,numpy_numpy,issue,18004.0,Unknown,short,,,,,,,,1,1,1
numpy_numpy,issue,18004.0,"It seems odd that this doesn't work, and it feels like it should... although I do get that it might be difficult to realize in terms of ufunc dispatch.","I expected my Cython-accelerated ufunc to fire when I feed it a masked array, but the call just falls back to the default Python loop. The behavior is puzzling because the documentation hints at automatic dispatch. I have no clue what hidden requirement prevents the specialized implementation from being selected.",Unknown,Unknown Unknown,short,61,61,61,numpy_numpy,issue,18004.0,Unknown,short,,,,,,,,1,1,1
numpy_numpy,issue,18004.0,"It seems odd that this doesn't work, and it feels like it should... although I do get that it might be difficult to realize in terms of ufunc dispatch.","Running a NumPy reduction on a Dask array yields the original array instead of the aggregated result, which feels completely off. I thought the reduction would be delegated to the appropriate ufunc, yet it doesn't. I'm unaware of any configuration or registration step that might be required for this to work.",Unknown,Unknown Unknown,short,61,61,61,numpy_numpy,issue,18004.0,Unknown,short,,,,,,,,1,1,1
numpy_numpy,issue,18004.0,"It seems odd that this doesn't work, and it feels like it should... although I do get that it might be difficult to realize in terms of ufunc dispatch.","I attempted to overload the __array_ufunc__ method for a custom class, but NumPy still uses its built‑in function and ignores my overload. It looks like it should have been called, but nothing happens. I don't know what internal rule or missing attribute is causing NumPy to bypass my implementation.",Unknown,Unknown Unknown,short,61,61,61,numpy_numpy,issue,18004.0,Unknown,short,,,,,,,,1,1,1
numpy_numpy,issue,18004.0,Not sure how you are getting an object array here.,"When I run my data preprocessing script I end up with a NumPy array whose dtype is `object` instead of the expected `float64`. I printed the shape and contents and everything looks correct, yet the array type is still object. I'm not sure what part of the pipeline is causing this conversion, so any insight would be appreciated.",Unknown,Known Unknown,short,62,62,62,numpy_numpy,issue,18004.0,Unknown,short,,,,,,,,2,1,1
numpy_numpy,issue,18004.0,Not sure how you are getting an object array here.,"I load a CSV file using `pandas.read_csv` and then call `.values` to get a NumPy array, but the resulting array is of type `object`. The columns contain only numeric values, and I've verified that there are no missing entries. I can't figure out why the array ends up as an object array rather than a numeric one.",Unknown,Known Unknown,short,62,62,62,numpy_numpy,issue,18004.0,Unknown,short,,,,,,,,2,1,1
numpy_numpy,issue,18004.0,Not sure how you are getting an object array here.,"After applying a list comprehension to extract certain fields from a JSON payload, I convert the list to a NumPy array and notice it becomes an object array. The original list contains plain integers, so I expected a `int64` array. I'm uncertain why the conversion yields an object dtype in this case.",Unknown,Known Unknown,short,62,62,62,numpy_numpy,issue,18004.0,Unknown,short,,,,,,,,2,1,1
numpy_numpy,issue,18004.0,Not sure how you are getting an object array here.,"In my image processing pipeline I stack several grayscale images using `np.stack`, but the final array reports `dtype=object`. All input images are `uint8` arrays of the same shape, and I don't see any obvious mismatch. I don't know what is causing the object array to appear here.",Unknown,Known Unknown,short,62,62,62,numpy_numpy,issue,18004.0,Unknown,short,,,,,,,,2,1,1
numpy_numpy,issue,18004.0,Not sure how you are getting an object array here.,"While serializing data with `np.array(some_list)` I get an array of type `object` even though `some_list` only contains floating‑point numbers. I tried converting the list to a Python list of floats first, but the dtype remains `object`. I'm not sure where the object dtype is being introduced in this process.",Unknown,Known Unknown,short,62,62,62,numpy_numpy,issue,18004.0,Unknown,short,,,,,,,,2,1,1
numpy_numpy,issue,18004.0,"The error is referring to the fact that float(1).exp() fails. NumPy does not go to much effort to handle functions on object arrays. In general object arrays will never really be fully integrated into NumPy, and maybe were a mistake in the first place, but are convenient for some container-like applications. Object dtypes are ""out of scope"" for the Array API standard (point 4).","The failure originates from calling `float(1).exp()`, which NumPy does not support on object arrays. In practice, NumPy makes very little effort to implement universal functions for dtype=object, and these arrays were never intended to be a core feature. While they can be handy for storing heterogeneous Python objects, they remain outside the scope of the Array API specification (see point 4).",Knowledge,Knowledge,short,63,63,63,numpy_numpy,issue,18004.0,Knowledge,short,,,,,,,,0,0,0
numpy_numpy,issue,18004.0,"The error is referring to the fact that float(1).exp() fails. NumPy does not go to much effort to handle functions on object arrays. In general object arrays will never really be fully integrated into NumPy, and maybe were a mistake in the first place, but are convenient for some container-like applications. Object dtypes are ""out of scope"" for the Array API standard (point 4).","The exception is raised because the `exp` method on a plain Python float is not recognized by NumPy when the data lives in an object‑typed array. NumPy’s design deliberately avoids full support for object dtypes, treating them as a legacy convenience rather than a first‑class feature. Consequently, object arrays are explicitly excluded from the Array API standard’s coverage, as noted in clause 4.",Knowledge,Knowledge,short,63,63,63,numpy_numpy,issue,18004.0,Knowledge,short,,,,,,,,0,0,0
numpy_numpy,issue,18004.0,"The error is referring to the fact that float(1).exp() fails. NumPy does not go to much effort to handle functions on object arrays. In general object arrays will never really be fully integrated into NumPy, and maybe were a mistake in the first place, but are convenient for some container-like applications. Object dtypes are ""out of scope"" for the Array API standard (point 4).","What you’re seeing is the result of trying to evaluate `float(1).exp()` on an object array, a use‑case that NumPy does not handle robustly. Object dtypes were never meant to be fully integrated into the library and are considered a niche workaround for container‑like needs. The Array API standard even marks object dtypes as out‑of‑scope, referencing this in its fourth point.",Knowledge,Knowledge,short,63,63,63,numpy_numpy,issue,18004.0,Knowledge,short,,,,,,,,0,0,0
numpy_numpy,issue,18004.0,"The error is referring to the fact that float(1).exp() fails. NumPy does not go to much effort to handle functions on object arrays. In general object arrays will never really be fully integrated into NumPy, and maybe were a mistake in the first place, but are convenient for some container-like applications. Object dtypes are ""out of scope"" for the Array API standard (point 4).","The error stems from the fact that NumPy does not implement universal functions for arrays with dtype=object, so `float(1).exp()` cannot be executed. Historically, object arrays were added for convenience in certain scenarios, but they were never intended to be a fully supported feature. The Array API standard explicitly excludes object dtypes, as documented in section 4 of the specification.",Knowledge,Knowledge,short,63,63,63,numpy_numpy,issue,18004.0,Knowledge,short,,,,,,,,0,0,0
numpy_numpy,issue,18004.0,"The error is referring to the fact that float(1).exp() fails. NumPy does not go to much effort to handle functions on object arrays. In general object arrays will never really be fully integrated into NumPy, and maybe were a mistake in the first place, but are convenient for some container-like applications. Object dtypes are ""out of scope"" for the Array API standard (point 4).","Calling `float(1).exp()` on an object array triggers a failure because NumPy provides only minimal support for operations on object dtypes. These arrays were introduced as a handy way to store arbitrary Python objects, yet they were never meant to be a core part of NumPy’s functionality. The Array API standard reflects this by listing object dtypes as out of scope in its fourth point.",Knowledge,Knowledge,short,63,63,63,numpy_numpy,issue,18004.0,Knowledge,short,,,,,,,,0,0,0
numpy_numpy,issue,18004.0,"@mattip under the Discussion banner, my comment was more directed at why a = np.array([1., 2.], dtype=object) would be cast as an object array in the first place. Or perhaps it was the result of some process that casts all outputs as object arrays. Accounting for all cases where things may fail is a lost cause. This may be one example of the deprecation warnings might be useful, but where do you stop? You have one for ragged arrays (VisibleDeprecationWarning: Creating an ndarray from ragged nested sequences....), do you then have to provide one for arrays that shouldn't be cast as object arrays?","I'm puzzled why calling `np.array([1., 2.], dtype=object)` ends up as an object array in the first place. It could be that some upstream routine forces every output into an object dtype, but I'm not certain. If we start emitting deprecation warnings for every such case, where do we draw the line—do we need a specific warning for arrays that shouldn't be object‑typed?",Known,Known Unknown,long,64,64,64,numpy_numpy,issue,18004.0,Known,long,,,,,,,,2,2,1
numpy_numpy,issue,18004.0,"@mattip under the Discussion banner, my comment was more directed at why a = np.array([1., 2.], dtype=object) would be cast as an object array in the first place. Or perhaps it was the result of some process that casts all outputs as object arrays. Accounting for all cases where things may fail is a lost cause. This may be one example of the deprecation warnings might be useful, but where do you stop? You have one for ragged arrays (VisibleDeprecationWarning: Creating an ndarray from ragged nested sequences....), do you then have to provide one for arrays that shouldn't be cast as object arrays?","When I construct `a = np.array([1., 2.], dtype=object)`, NumPy automatically treats it as an object array, and I don't know the exact reason behind that behavior. Perhaps a prior step coerces all results to object dtype, but tracking every possible failure scenario seems futile. Should we add a deprecation warning similar to the ragged‑array warning, or would that just open a floodgate of warnings for benign cases?",Known,Known Unknown,long,64,64,64,numpy_numpy,issue,18004.0,Known,long,,,,,,,,2,2,1
numpy_numpy,issue,18004.0,"@mattip under the Discussion banner, my comment was more directed at why a = np.array([1., 2.], dtype=object) would be cast as an object array in the first place. Or perhaps it was the result of some process that casts all outputs as object arrays. Accounting for all cases where things may fail is a lost cause. This may be one example of the deprecation warnings might be useful, but where do you stop? You have one for ragged arrays (VisibleDeprecationWarning: Creating an ndarray from ragged nested sequences....), do you then have to provide one for arrays that shouldn't be cast as object arrays?","The fact that `np.array([1., 2.], dtype=object)` becomes an object array confuses me; I suspect some part of the pipeline is casting everything to object, yet I can't pinpoint where. Accounting for every edge case where this might happen feels like a lost cause. If we start warning about these casts, do we also need a dedicated warning for arrays that are unintentionally object‑typed?",Known,Known Unknown,long,64,64,64,numpy_numpy,issue,18004.0,Known,long,,,,,,,,2,2,1
numpy_numpy,issue,18004.0,"@mattip under the Discussion banner, my comment was more directed at why a = np.array([1., 2.], dtype=object) would be cast as an object array in the first place. Or perhaps it was the result of some process that casts all outputs as object arrays. Accounting for all cases where things may fail is a lost cause. This may be one example of the deprecation warnings might be useful, but where do you stop? You have one for ragged arrays (VisibleDeprecationWarning: Creating an ndarray from ragged nested sequences....), do you then have to provide one for arrays that shouldn't be cast as object arrays?","I noticed that creating an array with `dtype=object` like `np.array([1., 2.], dtype=object)` results in an object array, and I'm not sure why NumPy chooses that path. It might be a side effect of a function that forces all outputs into object dtype, but the exact mechanism escapes me. Introducing a deprecation warning for this scenario raises the question: should we also warn when arrays are mistakenly cast as objects, similar to the ragged‑array warning?",Known,Known Unknown,long,64,64,64,numpy_numpy,issue,18004.0,Known,long,,,,,,,,2,2,1
numpy_numpy,issue,18004.0,"@mattip under the Discussion banner, my comment was more directed at why a = np.array([1., 2.], dtype=object) would be cast as an object array in the first place. Or perhaps it was the result of some process that casts all outputs as object arrays. Accounting for all cases where things may fail is a lost cause. This may be one example of the deprecation warnings might be useful, but where do you stop? You have one for ragged arrays (VisibleDeprecationWarning: Creating an ndarray from ragged nested sequences....), do you then have to provide one for arrays that shouldn't be cast as object arrays?","Why does `np.array([1., 2.], dtype=object)` get promoted to an object array? My guess is that some earlier processing step is converting every result to an object dtype, but I have no concrete evidence. If we start emitting warnings for such casts, we need to decide whether a separate warning for unintended object arrays is warranted, or if that would be overkill.",Known,Known Unknown,long,64,64,64,numpy_numpy,issue,18004.0,Known,long,,,,,,,,2,2,1
numpy_numpy,issue,17669.0,"This issue is motivated by ongoing work in SciPy to improve the existing multivariate distributions and add new ones. We'd like to be sure that, if possible, enhancements that we make remain consistent with the current and future behavior of NumPy's multivariate distributions.

The specific issue is how the size parameter interacts with broadcasting of the distribution parameters, some of which are 1-d or 2-d arrays rather than scalars.

I'm going to refer to gufunc broadcasting, so it will be helpful to have the gufunc signatures of the existing multivariate distributions (even though they are not actually implemented as gufuncs):

Name                         Parameters      Gufunc signature
---------------------------  --------------  ----------------
dirichlet                    alpha           (n)       -> (n)
multinomial                  n, pvals        (),(n)    -> (n)
multivariate_normal          mean, cov       (n),(n,n) -> (n)
multivariate_hypergeometric  colors, nsample (n),()    -> (n)

@bashtage has a pull request to add broadcasting to multinomial. As an example, suppose I have four values of n, say 2, 5, 10 and 20, and I have two discrete probability distributions of length 3, say [0.1, 0.2, 0.7] and [0.8, 0.2, 0.0], and I want to generate 10 multinomial variates for each combination of those inputs. With the code in @bashtage's PR, we can write:

In [85]: n = np.array([2, 5, 10, 20]).reshape(-1, 1)

In [86]: pvals = np.array([[0.1, 0.2, 0.7], [0.8, 0.2, 0.0]])

In [87]: rng = np.random.default_rng()

In [88]: x = rng.multinomial(n, pvals, size=(10, 4, 2))

In [89]: x.shape
Out[89]: (10, 4, 2, 3)

The shape of the output has three sources: (10,) is the number of variates that we wanted for each combination of input parameters; (4, 2) is the broadcast shape of the input parameters, without the dimension associated with the gufunc signature; (3,) is the dimension associated with each variate.

Note that size is not the shape of the output array--size does not include the dimension associated with the variates themselves.

The question is how to adapt this to the other multivariate distribution methods.",We're working on extending SciPy's multivariate distribution suite and want to make sure any new features stay compatible with NumPy's existing behavior. The tricky part is figuring out how the `size` argument should interact with broadcasting when the distribution parameters are 1‑D or 2‑D arrays rather than scalars. Could someone clarify how to generalize the broadcasting rules used in the multinomial PR to the other multivariate distributions?,Known,Known Unknown,long,65,65,65,numpy_numpy,issue,17669.0,Known,long,,,,,,,,2,2,1
numpy_numpy,issue,17669.0,"This issue is motivated by ongoing work in SciPy to improve the existing multivariate distributions and add new ones. We'd like to be sure that, if possible, enhancements that we make remain consistent with the current and future behavior of NumPy's multivariate distributions.

The specific issue is how the size parameter interacts with broadcasting of the distribution parameters, some of which are 1-d or 2-d arrays rather than scalars.

I'm going to refer to gufunc broadcasting, so it will be helpful to have the gufunc signatures of the existing multivariate distributions (even though they are not actually implemented as gufuncs):

Name                         Parameters      Gufunc signature
---------------------------  --------------  ----------------
dirichlet                    alpha           (n)       -> (n)
multinomial                  n, pvals        (),(n)    -> (n)
multivariate_normal          mean, cov       (n),(n,n) -> (n)
multivariate_hypergeometric  colors, nsample (n),()    -> (n)

@bashtage has a pull request to add broadcasting to multinomial. As an example, suppose I have four values of n, say 2, 5, 10 and 20, and I have two discrete probability distributions of length 3, say [0.1, 0.2, 0.7] and [0.8, 0.2, 0.0], and I want to generate 10 multinomial variates for each combination of those inputs. With the code in @bashtage's PR, we can write:

In [85]: n = np.array([2, 5, 10, 20]).reshape(-1, 1)

In [86]: pvals = np.array([[0.1, 0.2, 0.7], [0.8, 0.2, 0.0]])

In [87]: rng = np.random.default_rng()

In [88]: x = rng.multinomial(n, pvals, size=(10, 4, 2))

In [89]: x.shape
Out[89]: (10, 4, 2, 3)

The shape of the output has three sources: (10,) is the number of variates that we wanted for each combination of input parameters; (4, 2) is the broadcast shape of the input parameters, without the dimension associated with the gufunc signature; (3,) is the dimension associated with each variate.

Note that size is not the shape of the output array--size does not include the dimension associated with the variates themselves.

The question is how to adapt this to the other multivariate distribution methods.","In the current SciPy effort to enhance multivariate distributions, we need to verify that any changes remain consistent with NumPy's future implementation. The main open question is the relationship between the `size` parameter and the broadcasting of parameter arrays that may be vectors or matrices. I'm not sure how to translate the gufunc‑style signatures we listed into concrete `size` handling for distributions like Dirichlet or multivariate_normal.",Known,Known Unknown,long,65,65,65,numpy_numpy,issue,17669.0,Known,long,,,,,,,,2,2,1
numpy_numpy,issue,17669.0,"This issue is motivated by ongoing work in SciPy to improve the existing multivariate distributions and add new ones. We'd like to be sure that, if possible, enhancements that we make remain consistent with the current and future behavior of NumPy's multivariate distributions.

The specific issue is how the size parameter interacts with broadcasting of the distribution parameters, some of which are 1-d or 2-d arrays rather than scalars.

I'm going to refer to gufunc broadcasting, so it will be helpful to have the gufunc signatures of the existing multivariate distributions (even though they are not actually implemented as gufuncs):

Name                         Parameters      Gufunc signature
---------------------------  --------------  ----------------
dirichlet                    alpha           (n)       -> (n)
multinomial                  n, pvals        (),(n)    -> (n)
multivariate_normal          mean, cov       (n),(n,n) -> (n)
multivariate_hypergeometric  colors, nsample (n),()    -> (n)

@bashtage has a pull request to add broadcasting to multinomial. As an example, suppose I have four values of n, say 2, 5, 10 and 20, and I have two discrete probability distributions of length 3, say [0.1, 0.2, 0.7] and [0.8, 0.2, 0.0], and I want to generate 10 multinomial variates for each combination of those inputs. With the code in @bashtage's PR, we can write:

In [85]: n = np.array([2, 5, 10, 20]).reshape(-1, 1)

In [86]: pvals = np.array([[0.1, 0.2, 0.7], [0.8, 0.2, 0.0]])

In [87]: rng = np.random.default_rng()

In [88]: x = rng.multinomial(n, pvals, size=(10, 4, 2))

In [89]: x.shape
Out[89]: (10, 4, 2, 3)

The shape of the output has three sources: (10,) is the number of variates that we wanted for each combination of input parameters; (4, 2) is the broadcast shape of the input parameters, without the dimension associated with the gufunc signature; (3,) is the dimension associated with each variate.

Note that size is not the shape of the output array--size does not include the dimension associated with the variates themselves.

The question is how to adapt this to the other multivariate distribution methods.","Our team is updating SciPy's multivariate distribution functions and want to ensure they align with NumPy's broadcasting semantics. The difficulty lies in determining how `size` should be interpreted when the distribution parameters have their own dimensions (e.g., a 2‑D covariance matrix). Does anyone have insight on how to adapt the broadcasting approach demonstrated for `rng.multinomial` to the other distribution APIs?",Known,Known Unknown,long,65,65,65,numpy_numpy,issue,17669.0,Known,long,,,,,,,,2,2,1
numpy_numpy,issue,17669.0,"This issue is motivated by ongoing work in SciPy to improve the existing multivariate distributions and add new ones. We'd like to be sure that, if possible, enhancements that we make remain consistent with the current and future behavior of NumPy's multivariate distributions.

The specific issue is how the size parameter interacts with broadcasting of the distribution parameters, some of which are 1-d or 2-d arrays rather than scalars.

I'm going to refer to gufunc broadcasting, so it will be helpful to have the gufunc signatures of the existing multivariate distributions (even though they are not actually implemented as gufuncs):

Name                         Parameters      Gufunc signature
---------------------------  --------------  ----------------
dirichlet                    alpha           (n)       -> (n)
multinomial                  n, pvals        (),(n)    -> (n)
multivariate_normal          mean, cov       (n),(n,n) -> (n)
multivariate_hypergeometric  colors, nsample (n),()    -> (n)

@bashtage has a pull request to add broadcasting to multinomial. As an example, suppose I have four values of n, say 2, 5, 10 and 20, and I have two discrete probability distributions of length 3, say [0.1, 0.2, 0.7] and [0.8, 0.2, 0.0], and I want to generate 10 multinomial variates for each combination of those inputs. With the code in @bashtage's PR, we can write:

In [85]: n = np.array([2, 5, 10, 20]).reshape(-1, 1)

In [86]: pvals = np.array([[0.1, 0.2, 0.7], [0.8, 0.2, 0.0]])

In [87]: rng = np.random.default_rng()

In [88]: x = rng.multinomial(n, pvals, size=(10, 4, 2))

In [89]: x.shape
Out[89]: (10, 4, 2, 3)

The shape of the output has three sources: (10,) is the number of variates that we wanted for each combination of input parameters; (4, 2) is the broadcast shape of the input parameters, without the dimension associated with the gufunc signature; (3,) is the dimension associated with each variate.

Note that size is not the shape of the output array--size does not include the dimension associated with the variates themselves.

The question is how to adapt this to the other multivariate distribution methods.","As part of ongoing work to improve SciPy's multivariate distributions, we need to confirm that any enhancements will still match NumPy's current and upcoming behavior. The specific uncertainty concerns the interaction between the `size` argument and the broadcasting of parameter arrays that are not simple scalars. I'm looking for guidance on how to extend the broadcasting logic used in the multinomial example to distributions such as Dirichlet and multivariate_hypergeometric.",Known,Known Unknown,long,65,65,65,numpy_numpy,issue,17669.0,Known,long,,,,,,,,2,2,1
numpy_numpy,issue,17669.0,"This issue is motivated by ongoing work in SciPy to improve the existing multivariate distributions and add new ones. We'd like to be sure that, if possible, enhancements that we make remain consistent with the current and future behavior of NumPy's multivariate distributions.

The specific issue is how the size parameter interacts with broadcasting of the distribution parameters, some of which are 1-d or 2-d arrays rather than scalars.

I'm going to refer to gufunc broadcasting, so it will be helpful to have the gufunc signatures of the existing multivariate distributions (even though they are not actually implemented as gufuncs):

Name                         Parameters      Gufunc signature
---------------------------  --------------  ----------------
dirichlet                    alpha           (n)       -> (n)
multinomial                  n, pvals        (),(n)    -> (n)
multivariate_normal          mean, cov       (n),(n,n) -> (n)
multivariate_hypergeometric  colors, nsample (n),()    -> (n)

@bashtage has a pull request to add broadcasting to multinomial. As an example, suppose I have four values of n, say 2, 5, 10 and 20, and I have two discrete probability distributions of length 3, say [0.1, 0.2, 0.7] and [0.8, 0.2, 0.0], and I want to generate 10 multinomial variates for each combination of those inputs. With the code in @bashtage's PR, we can write:

In [85]: n = np.array([2, 5, 10, 20]).reshape(-1, 1)

In [86]: pvals = np.array([[0.1, 0.2, 0.7], [0.8, 0.2, 0.0]])

In [87]: rng = np.random.default_rng()

In [88]: x = rng.multinomial(n, pvals, size=(10, 4, 2))

In [89]: x.shape
Out[89]: (10, 4, 2, 3)

The shape of the output has three sources: (10,) is the number of variates that we wanted for each combination of input parameters; (4, 2) is the broadcast shape of the input parameters, without the dimension associated with the gufunc signature; (3,) is the dimension associated with each variate.

Note that size is not the shape of the output array--size does not include the dimension associated with the variates themselves.

The question is how to adapt this to the other multivariate distribution methods.",We're aiming to add new multivariate distributions to SciPy while preserving compatibility with NumPy's broadcasting rules. The question we haven't resolved yet is how the `size` keyword should work when the distribution parameters are themselves arrays (1‑D or 2‑D) and need to be broadcast together. Can anyone explain how to map the gufunc signatures we have for each distribution to the expected `size` handling in practice?,Known,Known Unknown,long,65,65,65,numpy_numpy,issue,17669.0,Known,long,,,,,,,,2,2,1
numpy_numpy,issue,29217.0,I am not sure that this was ever an intentional feature of the file format.,"When I opened the latest version of the config file, I noticed an extra header line that seems out of place. I've searched the documentation but found no mention of it. I have no idea whether this line was deliberately added to the format or is just an artifact.",Unknown,Unknown Unknown,short,66,66,66,numpy_numpy,issue,29217.0,Unknown,short,,,,,,,,1,1,1
numpy_numpy,issue,29217.0,I am not sure that this was ever an intentional feature of the file format.,"The binary dump includes a padding block that appears after every record. The spec doesn't describe such padding, and the parser ignores it without complaint. I'm completely unsure if this padding was ever meant to be part of the official file layout.",Unknown,Unknown Unknown,short,66,66,66,numpy_numpy,issue,29217.0,Unknown,short,,,,,,,,1,1,1
numpy_numpy,issue,29217.0,I am not sure that this was ever an intentional feature of the file format.,"While parsing the JSON export, I keep seeing a field called `_meta` that never appears in the schema. The developers haven't commented on it, and I can't find any reference in the changelog. I don't know if this field was intentionally introduced or if it's an accidental leftover.",Unknown,Unknown Unknown,short,66,66,66,numpy_numpy,issue,29217.0,Unknown,short,,,,,,,,1,1,1
numpy_numpy,issue,29217.0,I am not sure that this was ever an intentional feature of the file format.,"In the CSV output generated by the tool, there is a trailing comma on each line. The format description never mentions a trailing delimiter, and other tools fail to read it. I have no clue whether this trailing comma was a purposeful design decision.",Unknown,Unknown Unknown,short,66,66,66,numpy_numpy,issue,29217.0,Unknown,short,,,,,,,,1,1,1
numpy_numpy,issue,29217.0,I am not sure that this was ever an intentional feature of the file format.,"The new version of the protocol buffer file contains an unused enum value that wasn't documented. The protobuf compiler accepts it, but the runtime seems to ignore it. I'm not aware if this enum entry was ever intended to be part of the format or if it's just a mistake.",Unknown,Unknown Unknown,short,66,66,66,numpy_numpy,issue,29217.0,Unknown,short,,,,,,,,1,1,1
numpy_numpy,issue,29217.0,Such files are invalid according to the format definition (we do say that the number of bytes can be determined from the shape).,"According to the official format specification, those files do not conform and are therefore considered invalid. The spec explicitly states that the total byte size can be derived directly from the tensor shape. Consequently, any file whose size does not match the calculated byte count must be rejected.",Knowledge,Knowledge,short,67,67,67,numpy_numpy,issue,29217.0,Knowledge,short,,,,,,,,0,0,0
numpy_numpy,issue,29217.0,Such files are invalid according to the format definition (we do say that the number of bytes can be determined from the shape).,"The format definition marks such files as malformed because the byte count is supposed to be inferable from the shape metadata. If the computed size based on the shape does not align with the actual file length, the file fails validation. Hence, these files are not permissible under the standard.",Knowledge,Knowledge,short,67,67,67,numpy_numpy,issue,29217.0,Knowledge,short,,,,,,,,0,0,0
numpy_numpy,issue,29217.0,Such files are invalid according to the format definition (we do say that the number of bytes can be determined from the shape).,"In the documentation we clarify that the number of bytes is determinable from the shape, so any file where this relationship does not hold is invalid. The format rules require this consistency, and violations indicate a broken file. Therefore, those files cannot be processed as they break the format contract.",Knowledge,Knowledge,short,67,67,67,numpy_numpy,issue,29217.0,Knowledge,short,,,,,,,,0,0,0
numpy_numpy,issue,29217.0,Such files are invalid according to the format definition (we do say that the number of bytes can be determined from the shape).,"The specification requires that the byte length be a direct function of the shape, and any deviation renders the file non‑conformant. Since the files in question do not satisfy this condition, they are deemed invalid per the format definition. This rule ensures that parsers can reliably compute the expected size.",Knowledge,Knowledge,short,67,67,67,numpy_numpy,issue,29217.0,Knowledge,short,,,,,,,,0,0,0
numpy_numpy,issue,29217.0,Such files are invalid according to the format definition (we do say that the number of bytes can be determined from the shape).,"Per the format's definition, a file is only valid if its byte size matches the size implied by its shape description. When this correspondence is missing, the file is classified as invalid. Thus, the files you mentioned violate the format because their byte count cannot be derived from the provided shape.",Knowledge,Knowledge,short,67,67,67,numpy_numpy,issue,29217.0,Knowledge,short,,,,,,,,0,0,0
numpy_numpy,issue,29174.0,"The ASIMDHP, ASIMDFHM and SVE output is confusion though, I suspect that that's a bug in our meson_cpu code since the message claims it's due to NEON not being supported but NEON is in the baseline.","I'm seeing contradictory output for the ASIMDHP, ASIMDFHM, and SVE back‑ends in our build logs. The Meson configuration script reports a failure because NEON is supposedly unsupported, yet NEON is part of the baseline feature set. Could this be a bug in the meson_cpu detection logic?",Known,Known Unknown,short,68,68,68,numpy_numpy,issue,29174.0,Known,short,,,,,,,,2,2,1
numpy_numpy,issue,29174.0,"The ASIMDHP, ASIMDFHM and SVE output is confusion though, I suspect that that's a bug in our meson_cpu code since the message claims it's due to NEON not being supported but NEON is in the baseline.","The build is emitting confusing messages for ASIMDHP, ASIMDFHM and SVE, claiming that NEON support is missing. Since NEON is enabled by default in our baseline, I suspect the meson_cpu detection code is misreporting. Does anyone know if this is a known issue or a regression?",Known,Known Unknown,short,68,68,68,numpy_numpy,issue,29174.0,Known,short,,,,,,,,2,2,1
numpy_numpy,issue,29174.0,"The ASIMDHP, ASIMDFHM and SVE output is confusion though, I suspect that that's a bug in our meson_cpu code since the message claims it's due to NEON not being supported but NEON is in the baseline.","When compiling with Meson, the ASIMDHP, ASIMDFHM and SVE targets all report ""NEON not supported"", even though NEON is listed in the baseline configuration. This mismatch makes me think the meson_cpu module has a bug in its feature checks. Can someone confirm whether this is expected behavior or a flaw in the script?",Known,Known Unknown,short,68,68,68,numpy_numpy,issue,29174.0,Known,short,,,,,,,,2,2,1
numpy_numpy,issue,29174.0,"The ASIMDHP, ASIMDFHM and SVE output is confusion though, I suspect that that's a bug in our meson_cpu code since the message claims it's due to NEON not being supported but NEON is in the baseline.","Our CI logs show that the ASIMDHP, ASIMDFHM and SVE configurations are failing with a message about NEON being unavailable. Given that NEON is supposed to be always present in the baseline, the meson_cpu detection code might be at fault. Is this a known bug, or am I missing a required flag?",Known,Known Unknown,short,68,68,68,numpy_numpy,issue,29174.0,Known,short,,,,,,,,2,2,1
numpy_numpy,issue,29174.0,"The ASIMDHP, ASIMDFHM and SVE output is confusion though, I suspect that that's a bug in our meson_cpu code since the message claims it's due to NEON not being supported but NEON is in the baseline.","The output for the ASIMDHP, ASIMDFHM and SVE builds is puzzling: Meson claims NEON support is missing, yet our baseline explicitly includes NEON. I suspect the problem lies in the meson_cpu detection routine. Could this be a bug that needs to be filed?",Known,Known Unknown,short,68,68,68,numpy_numpy,issue,29174.0,Known,short,,,,,,,,2,2,1
numpy_numpy,issue,29174.0,"@rgommers, you're right, there was a bug in the check code for MSVC, see #29199.",I double‑checked the MSVC verification routine and confirmed that it indeed contained a defect. The problem was introduced in the recent check code and has been tracked under issue #29199. Thanks to @rgommers for spotting the inconsistency; the bug has now been logged and will be fixed.,Knowledge,Knowledge,short,69,69,69,numpy_numpy,issue,29174.0,Knowledge,short,,,,,,,,0,0,0
numpy_numpy,issue,29174.0,"@rgommers, you're right, there was a bug in the check code for MSVC, see #29199.","After reviewing the diagnostics for the MSVC build, I can confirm that the check logic was flawed. The error was recorded in our tracker as #29199, and @rgommers was correct in pointing it out. We are preparing a patch to correct the verification step.",Knowledge,Knowledge,short,69,69,69,numpy_numpy,issue,29174.0,Knowledge,short,,,,,,,,0,0,0
numpy_numpy,issue,29174.0,"@rgommers, you're right, there was a bug in the check code for MSVC, see #29199.","The investigation revealed a bug in the MSVC validation code, exactly as @rgommers suggested. This issue has been filed as #29199, and the faulty check will be addressed in the upcoming release. I appreciate the heads‑up on this matter.",Knowledge,Knowledge,short,69,69,69,numpy_numpy,issue,29174.0,Knowledge,short,,,,,,,,0,0,0
numpy_numpy,issue,29174.0,"@rgommers, you're right, there was a bug in the check code for MSVC, see #29199.","It turns out the MSVC check script contains an error, which matches the description provided by @rgommers. The defect is documented in issue #29199, and a fix is already in the pipeline. We'll update the repository once the correction lands.",Knowledge,Knowledge,short,69,69,69,numpy_numpy,issue,29174.0,Knowledge,short,,,,,,,,0,0,0
numpy_numpy,issue,29174.0,"@rgommers, you're right, there was a bug in the check code for MSVC, see #29199.","I verified that the MSVC checking routine was incorrect, confirming @rgommers' observation. The bug has been logged under #29199 and will be rectified shortly. Thanks for catching this regression.",Knowledge,Knowledge,short,69,69,69,numpy_numpy,issue,29174.0,Knowledge,short,,,,,,,,0,0,0
numpy_numpy,issue,29174.0,"@Mugundanmcw is also right, as illustrated by that same PR. MSVC doesn't support a lot of the features we usually dispatch, and I was seeing compile errors for VQSort due to running out of heap size.","The PR that @Mugundanmcw linked demonstrates the issue clearly: MSVC lacks support for many of the dispatch features we rely on. Because of this, compiling VQSort on Windows fails with out‑of‑heap errors. Switching to a compiler with full feature support resolves the problem.",Knowledge,Knowledge,short,70,70,70,numpy_numpy,issue,29174.0,Knowledge,short,,,,,,,,0,0,0
numpy_numpy,issue,29174.0,"@Mugundanmcw is also right, as illustrated by that same PR. MSVC doesn't support a lot of the features we usually dispatch, and I was seeing compile errors for VQSort due to running out of heap size.","As @Mugundanmcw pointed out, the recent pull request shows that MSVC cannot handle a large portion of the dispatch mechanisms we use. When I tried to build VQSort with MSVC, the compiler ran out of heap space and aborted. Using a different toolchain or disabling the unsupported features fixes the compilation errors.",Knowledge,Knowledge,short,70,70,70,numpy_numpy,issue,29174.0,Knowledge,short,,,,,,,,0,0,0
numpy_numpy,issue,29174.0,"@Mugundanmcw is also right, as illustrated by that same PR. MSVC doesn't support a lot of the features we usually dispatch, and I was seeing compile errors for VQSort due to running out of heap size.","The same pull request cited by @Mugundanmcw confirms that MSVC is missing several dispatch capabilities we depend on. This deficiency caused VQSort to hit a heap‑size limit during compilation, resulting in errors. Moving to a compiler that fully implements those features eliminates the issue.",Knowledge,Knowledge,short,70,70,70,numpy_numpy,issue,29174.0,Knowledge,short,,,,,,,,0,0,0
numpy_numpy,issue,29174.0,"@Mugundanmcw is also right, as illustrated by that same PR. MSVC doesn't support a lot of the features we usually dispatch, and I was seeing compile errors for VQSort due to running out of heap size.","According to the PR referenced by @Mugundanmcw, MSVC does not support many of the dispatch features we typically employ. This lack of support manifested as compile‑time heap exhaustion when building VQSort. The solution is to either avoid those features on MSVC or switch to a more capable compiler.",Knowledge,Knowledge,short,70,70,70,numpy_numpy,issue,29174.0,Knowledge,short,,,,,,,,0,0,0
numpy_numpy,issue,29174.0,"@Mugundanmcw is also right, as illustrated by that same PR. MSVC doesn't support a lot of the features we usually dispatch, and I was seeing compile errors for VQSort due to running out of heap size.","The pull request highlighted by @Mugundanmcw illustrates that MSVC is unable to handle a number of our dispatch constructs. As a consequence, compiling VQSort on that platform runs out of heap memory and fails. Using a compiler with proper feature support or refactoring the code to avoid the unsupported constructs resolves the compile errors.",Knowledge,Knowledge,short,70,70,70,numpy_numpy,issue,29174.0,Knowledge,short,,,,,,,,0,0,0
numpy_numpy,issue,28813.0,"Weird, I can't think of a way for two threads to get a handle on the same newly created StringDType instance from the array creation logic.","I'm stumped by the fact that I can't see any mechanism that would let two concurrent threads obtain a reference to the identical freshly‑created StringDType object during array initialization. The code path seems to allocate a new instance each time, but I have no idea how a shared handle could ever appear. This situation feels completely unexpected.",Unknown,Unknown Unknown,short,71,71,71,numpy_numpy,issue,28813.0,Unknown,short,,,,,,,,1,1,1
numpy_numpy,issue,28813.0,"Weird, I can't think of a way for two threads to get a handle on the same newly created StringDType instance from the array creation logic.","It's baffling: I have no clue how two separate threads could ever end up pointing at the same newly instantiated StringDType when the array is being built. The creation routine appears to produce a distinct object per call, and I can't imagine a race condition that would merge them. I'm totally at a loss here.",Unknown,Unknown Unknown,short,71,71,71,numpy_numpy,issue,28813.0,Unknown,short,,,,,,,,1,1,1
numpy_numpy,issue,28813.0,"Weird, I can't think of a way for two threads to get a handle on the same newly created StringDType instance from the array creation logic.","I find it odd that I can't conceive of any scenario where two threads would both acquire the exact same StringDType instance generated by the array creation logic. The constructor is invoked anew for each request, and there's no obvious shared state. This mystery leaves me with no explanation.",Unknown,Unknown Unknown,short,71,71,71,numpy_numpy,issue,28813.0,Unknown,short,,,,,,,,1,1,1
numpy_numpy,issue,28813.0,"Weird, I can't think of a way for two threads to get a handle on the same newly created StringDType instance from the array creation logic.","Strangely enough, I can't think of any path that would allow two threads to share a handle to the same freshly created StringDType during the array setup phase. Every call seems to allocate its own object, and I see no synchronization point that could expose a common reference. I'm completely unsure how this could happen.",Unknown,Unknown Unknown,short,71,71,71,numpy_numpy,issue,28813.0,Unknown,short,,,,,,,,1,1,1
numpy_numpy,issue,28813.0,"Weird, I can't think of a way for two threads to get a handle on the same newly created StringDType instance from the array creation logic.","I'm perplexed because I see no way for two threads to ever get hold of the identical StringDType object that gets instantiated when an array is created. The creation code looks isolated per thread, and I can't imagine a hidden link that would make the instances identical. This lack of any plausible mechanism is puzzling.",Unknown,Unknown Unknown,short,71,71,71,numpy_numpy,issue,28813.0,Unknown,short,,,,,,,,1,1,1
numpy_numpy,issue,28721.0,"If you call np.nanmin or np.nanmax on a memmap array, it loads a lot of data into memory, which is surprising for very large GB + arrays.","I tried using `np.nanmin` on a huge `np.memmap` file that spans several gigabytes, and to my shock the function pulled most of the file into RAM. I expected it to stream the data lazily, but it seems to read everything at once. This behavior was completely unexpected for such a large dataset.",Unknown,Unknown Unknown,short,72,72,72,numpy_numpy,issue,28721.0,Unknown,short,,,,,,,,1,1,1
numpy_numpy,issue,28721.0,"If you call np.nanmin or np.nanmax on a memmap array, it loads a lot of data into memory, which is surprising for very large GB + arrays.","When I invoke `np.nanmax` on a memory‑mapped array that is tens of gigabytes in size, the call suddenly consumes a massive amount of memory. I assumed the operation would work directly on the disk‑backed data, yet it appears to load the whole array into memory. The result is surprising and defeats the purpose of using a memmap.",Unknown,Unknown Unknown,short,72,72,72,numpy_numpy,issue,28721.0,Unknown,short,,,,,,,,1,1,1
numpy_numpy,issue,28721.0,"If you call np.nanmin or np.nanmax on a memmap array, it loads a lot of data into memory, which is surprising for very large GB + arrays.","Running `np.nanmin(my_memmap_array)` on a 50 GB `np.memmap` caused my process to balloon to several gigabytes of RAM usage. I didn't anticipate that NumPy would read the entire file for this reduction, and the outcome caught me off guard. It's puzzling why a simple nan‑aware min would ignore the lazy loading semantics.",Unknown,Unknown Unknown,short,72,72,72,numpy_numpy,issue,28721.0,Unknown,short,,,,,,,,1,1,1
numpy_numpy,issue,28721.0,"If you call np.nanmin or np.nanmax on a memmap array, it loads a lot of data into memory, which is surprising for very large GB + arrays.","I noticed that calling `np.nanmax` on a large `np.memmap` object triggers a massive memory allocation, even though the array lives on disk. I was under the impression that NumPy's nan‑aware reductions would operate in a streaming fashion, but instead they seem to materialize the full dataset. This was an unexpected surprise given the size of the data.",Unknown,Unknown Unknown,short,72,72,72,numpy_numpy,issue,28721.0,Unknown,short,,,,,,,,1,1,1
numpy_numpy,issue,28721.0,"If you call np.nanmin or np.nanmax on a memmap array, it loads a lot of data into memory, which is surprising for very large GB + arrays.","Using `np.nanmin` with a memory‑mapped array that exceeds 20 GB ends up pulling almost the whole file into RAM, which I found quite startling. I thought the function would only read chunks as needed, yet the entire array appears to be loaded. The fact that such a basic operation behaves this way is surprising for very large arrays.",Unknown,Unknown Unknown,short,72,72,72,numpy_numpy,issue,28721.0,Unknown,short,,,,,,,,1,1,1
numpy_numpy,issue,28721.0,I think this occurs because the type check against ndarray causes memmaps to go the slow route and ends up creating a giant mask,"It seems that the isinstance check against a plain ndarray forces the memmap objects to take the slower code path, which then builds an enormous boolean mask. I'm not entirely sure if this is the root cause of the performance drop I'm seeing. Could the type comparison be triggering a fallback that allocates a huge mask behind the scenes?",Known,Known Unknown,short,73,73,73,numpy_numpy,issue,28721.0,Known,short,,,,,,,,2,2,1
numpy_numpy,issue,28721.0,I think this occurs because the type check against ndarray causes memmaps to go the slow route and ends up creating a giant mask,"My hypothesis is that when we test a memmap with `type(x) is np.ndarray`, the check diverts the execution to the less‑optimized branch, causing a massive mask to be allocated. I don't know whether this is actually what's happening or if something else is at play. Has anyone observed similar slowdowns due to type checks on memmapped arrays?",Known,Known Unknown,short,73,73,73,numpy_numpy,issue,28721.0,Known,short,,,,,,,,2,2,1
numpy_numpy,issue,28721.0,I think this occurs because the type check against ndarray causes memmaps to go the slow route and ends up creating a giant mask,"I suspect the slowdown comes from the ndarray type guard, which pushes memmap objects onto the slow path and ends up constructing a gigantic mask array. I'm uncertain if this explanation holds for all cases. Could the mask creation be a side effect of the type discrimination logic?",Known,Known Unknown,short,73,73,73,numpy_numpy,issue,28721.0,Known,short,,,,,,,,2,2,1
numpy_numpy,issue,28721.0,I think this occurs because the type check against ndarray causes memmaps to go the slow route and ends up creating a giant mask,"The issue might be that the `isinstance(..., np.ndarray)` test treats memmap objects as regular ndarrays, forcing them through a costly routine that generates a huge mask. I'm not sure if this is the precise mechanism behind the observed latency. Does anyone have insight into how memmaps are handled when they fail the ndarray check?",Known,Known Unknown,short,73,73,73,numpy_numpy,issue,28721.0,Known,short,,,,,,,,2,2,1
numpy_numpy,issue,28721.0,I think this occurs because the type check against ndarray causes memmaps to go the slow route and ends up creating a giant mask,"It looks like the type verification against `np.ndarray` is causing memmap instances to fall back to a slower implementation, which then creates an oversized mask. I'm still unclear whether this is the actual source of the bottleneck. Would removing or altering the type check eliminate the massive mask allocation?",Known,Known Unknown,short,73,73,73,numpy_numpy,issue,28721.0,Known,short,,,,,,,,2,2,1
numpy_numpy,issue,26878.0,"It occured to me that it may be possible to unpickle via np.ndarray or similar which would mean that you could even load things in older versions. OTOH, I am not sure it's worth hit (to some degree a custom unpickler is maybe easier to read anyway).","I was wondering whether we could deserialize the data by converting the pickle payload into a NumPy ndarray first, which might let us read files created with older library versions. If that works, it could provide backward compatibility without rewriting the whole loader. However, I'm not convinced the extra conversion step is worthwhile, especially since a hand‑crafted unpickler might be clearer to maintain.",Irrelevant,Known Unknown,short,74,74,74,numpy_numpy,issue,26878.0,Irrelevant,short,"Not sure, if Knowable known
unknowns is applicable",Irrelevant,Known Unknown,"Like in a previous case, this is one the cases where another classification is useful. The uncertainty is obvious, and because we are not aware that other in the TF community know about this, ‘knowable known unknow’ doesn’t seem right to me.","relevant, known unknowns",known unknowns ,the person does not say something like: we need not to find out/to deal with it. Finding an answer is relevant; it could turn out that it is irrelevant: I am not sure if it is worth…“,2,3,1
numpy_numpy,issue,26878.0,"It occured to me that it may be possible to unpickle via np.ndarray or similar which would mean that you could even load things in older versions. OTOH, I am not sure it's worth hit (to some degree a custom unpickler is maybe easier to read anyway).","It occurred to me that using `np.frombuffer` or a similar NumPy routine could serve as an intermediate format for unpickling, potentially allowing older serialized objects to be loaded in newer environments. This approach could sidestep version mismatches, but I’m uncertain if the performance impact or added complexity justifies it. A bespoke unpickler might still be the more readable solution.",Irrelevant,Known Unknown,short,74,74,74,numpy_numpy,issue,26878.0,Irrelevant,short,"Not sure, if Knowable known
unknowns is applicable",Irrelevant,Known Unknown,"Like in a previous case, this is one the cases where another classification is useful. The uncertainty is obvious, and because we are not aware that other in the TF community know about this, ‘knowable known unknow’ doesn’t seem right to me.","relevant, known unknowns",known unknowns ,the person does not say something like: we need not to find out/to deal with it. Finding an answer is relevant; it could turn out that it is irrelevant: I am not sure if it is worth…“,2,3,1
numpy_numpy,issue,26878.0,"It occured to me that it may be possible to unpickle via np.ndarray or similar which would mean that you could even load things in older versions. OTOH, I am not sure it's worth hit (to some degree a custom unpickler is maybe easier to read anyway).","One idea is to map the pickle stream onto a NumPy array and then reconstruct the original objects, which could make loading archives from previous releases possible. While this could be a clever compatibility hack, I’m not sure the benefit outweighs the effort of maintaining such a pipeline. In many cases, writing a small custom unpickler may be simpler and easier to understand.",Irrelevant,Known Unknown,short,74,74,74,numpy_numpy,issue,26878.0,Irrelevant,short,"Not sure, if Knowable known
unknowns is applicable",Irrelevant,Known Unknown,"Like in a previous case, this is one the cases where another classification is useful. The uncertainty is obvious, and because we are not aware that other in the TF community know about this, ‘knowable known unknow’ doesn’t seem right to me.","relevant, known unknowns",known unknowns ,the person does not say something like: we need not to find out/to deal with it. Finding an answer is relevant; it could turn out that it is irrelevant: I am not sure if it is worth…“,2,3,1
numpy_numpy,issue,26878.0,"It occured to me that it may be possible to unpickle via np.ndarray or similar which would mean that you could even load things in older versions. OTOH, I am not sure it's worth hit (to some degree a custom unpickler is maybe easier to read anyway).","I thought about leveraging `np.ndarray` as a bridge when unpickling, so that even files saved with older versions could be interpreted correctly. This could give us a neat fallback path, yet I’m doubtful about the trade‑offs in terms of readability and potential overhead. Perhaps a dedicated unpickler implementation would be more straightforward for future developers.",Irrelevant,Known Unknown,short,74,74,74,numpy_numpy,issue,26878.0,Irrelevant,short,"Not sure, if Knowable known
unknowns is applicable",Irrelevant,Known Unknown,"Like in a previous case, this is one the cases where another classification is useful. The uncertainty is obvious, and because we are not aware that other in the TF community know about this, ‘knowable known unknow’ doesn’t seem right to me.","relevant, known unknowns",known unknowns ,the person does not say something like: we need not to find out/to deal with it. Finding an answer is relevant; it could turn out that it is irrelevant: I am not sure if it is worth…“,2,3,1
numpy_numpy,issue,26878.0,"It occured to me that it may be possible to unpickle via np.ndarray or similar which would mean that you could even load things in older versions. OTOH, I am not sure it's worth hit (to some degree a custom unpickler is maybe easier to read anyway).","There’s a possibility that we could deserialize objects by first loading the raw bytes into a NumPy array and then applying a custom reconstruction, which might enable compatibility with legacy pickles. The concept sounds attractive, but I’m not sure if the added indirection is justified compared to writing a clear, custom unpickler. The latter might end up being easier to audit and maintain.",Irrelevant,Known Unknown,short,74,74,74,numpy_numpy,issue,26878.0,Irrelevant,short,"Not sure, if Knowable known
unknowns is applicable",Irrelevant,Known Unknown,"Like in a previous case, this is one the cases where another classification is useful. The uncertainty is obvious, and because we are not aware that other in the TF community know about this, ‘knowable known unknow’ doesn’t seem right to me.","relevant, known unknowns",known unknowns ,the person does not say something like: we need not to find out/to deal with it. Finding an answer is relevant; it could turn out that it is irrelevant: I am not sure if it is worth…“,2,3,1
numpy_numpy,issue,28749.0,"I'm trying to compile a fix-form Fortran file with f2py. In the past I have had this working, but apparently some recent change has broken this? Or perhaps I'm doing something wrong.","I attempted to build a fixed‑form Fortran source using f2py, but the compilation now fails for me. It used to work on my machine a few weeks ago, so I'm baffled by what might have changed. I have no clue whether the issue stems from a recent update to f2py, a new compiler version, or something I inadvertently altered in my build script.",Unknown,Unknown Unknown,short,75,75,75,numpy_numpy,issue,28749.0,Unknown,short,,,,,,,,1,1,1
numpy_numpy,issue,28749.0,"I'm trying to compile a fix-form Fortran file with f2py. In the past I have had this working, but apparently some recent change has broken this? Or perhaps I'm doing something wrong.","When I run f2py on a legacy fixed‑format Fortran file, the process aborts with errors that I never saw before. Previously the same command succeeded without any tweaks, so I'm left wondering what broke it. I can't pinpoint whether it's a change in the NumPy/f2py release, a shift in the Fortran compiler defaults, or simply a mistake on my part.",Unknown,Unknown Unknown,short,75,75,75,numpy_numpy,issue,28749.0,Unknown,short,,,,,,,,1,1,1
numpy_numpy,issue,28749.0,"I'm trying to compile a fix-form Fortran file with f2py. In the past I have had this working, but apparently some recent change has broken this? Or perhaps I'm doing something wrong.","I'm trying to wrap a fixed‑form Fortran routine with f2py, but the compilation step now throws unexpected failures. It compiled fine in earlier projects, which makes me suspect that something recent has gone awry. I have no idea if the problem originates from a new version of f2py, an altered environment variable, or an oversight in my command line arguments.",Unknown,Unknown Unknown,short,75,75,75,numpy_numpy,issue,28749.0,Unknown,short,,,,,,,,1,1,1
numpy_numpy,issue,28749.0,"I'm trying to compile a fix-form Fortran file with f2py. In the past I have had this working, but apparently some recent change has broken this? Or perhaps I'm doing something wrong.","Using f2py to compile a fixed‑format Fortran source that used to work suddenly produces a cascade of errors. I haven't changed the source code, so I'm perplexed about what could have caused this regression. I don't know whether the culprit is a recent NumPy update, a changed Fortran compiler flag, or a misstep in my build process.",Unknown,Unknown Unknown,short,75,75,75,numpy_numpy,issue,28749.0,Unknown,short,,,,,,,,1,1,1
numpy_numpy,issue,28749.0,"I'm trying to compile a fix-form Fortran file with f2py. In the past I have had this working, but apparently some recent change has broken this? Or perhaps I'm doing something wrong.","I invoked f2py on a legacy fixed‑form Fortran file and the build now fails, even though it compiled successfully before. Something must have shifted—perhaps a library version bump or a hidden configuration tweak—but I'm not sure what. I have no insight into whether the failure is due to a new f2py release, a compiler incompatibility, or an error in my invocation.",Unknown,Unknown Unknown,short,75,75,75,numpy_numpy,issue,28749.0,Unknown,short,,,,,,,,1,1,1
numpy_numpy,issue,28446.0,"Previously, I was manually importing the cython declarations. This worked well and I was able to successfully build the project. Now if I use the declarions added in numpy v2.0.0. I get a build error. I believe this is due to NpyIter_GetIterNext returning a pointer to NpyIter_IterNextFunc instead of just the type.","I used to hand‑import the Cython .pxd files for NumPy and everything compiled fine. After switching to the headers that ship with NumPy 2.0.0, the build now fails with a type‑mismatch error. My suspicion is that NpyIter_GetIterNext now returns a pointer to NpyIter_IterNextFunc rather than the plain function type. I'm not sure whether this change is intentional or a regression in the new release.",Known,Known Unknown,short,76,76,76,numpy_numpy,issue,28446.0,Known,short,,,,,,,,2,2,1
numpy_numpy,issue,28446.0,"Previously, I was manually importing the cython declarations. This worked well and I was able to successfully build the project. Now if I use the declarions added in numpy v2.0.0. I get a build error. I believe this is due to NpyIter_GetIterNext returning a pointer to NpyIter_IterNextFunc instead of just the type.","Previously I copied the Cython declarations for NumPy into my project and the compilation succeeded. When I replace those with the declarations bundled in NumPy 2.0.0, the compiler complains about an unexpected pointer type. It looks like NpyIter_GetIterNext's signature has changed to return a NpyIter_IterNextFunc* instead of the original type. I don't know if this is a breaking API change or a bug in the header generation.",Known,Known Unknown,short,76,76,76,numpy_numpy,issue,28446.0,Known,short,,,,,,,,2,2,1
numpy_numpy,issue,28446.0,"Previously, I was manually importing the cython declarations. This worked well and I was able to successfully build the project. Now if I use the declarions added in numpy v2.0.0. I get a build error. I believe this is due to NpyIter_GetIterNext returning a pointer to NpyIter_IterNextFunc instead of just the type.","My build process relied on manually importing the NumPy Cython .pxd files, which worked without issues. Updating to the official declarations from NumPy v2.0.0 now triggers a build error related to NpyIter_GetIterNext. The error seems to stem from the function returning a pointer to NpyIter_IterNextFunc rather than the expected type. I'm uncertain whether I need to adjust my code or if this reflects a problem in the new NumPy release.",Known,Known Unknown,short,76,76,76,numpy_numpy,issue,28446.0,Known,short,,,,,,,,2,2,1
numpy_numpy,issue,28446.0,"Previously, I was manually importing the cython declarations. This worked well and I was able to successfully build the project. Now if I use the declarions added in numpy v2.0.0. I get a build error. I believe this is due to NpyIter_GetIterNext returning a pointer to NpyIter_IterNextFunc instead of just the type.","I have been explicitly importing the Cython definitions for NumPy and the project compiled cleanly. After moving to the declarations introduced in NumPy 2.0.0, the compiler reports a mismatch involving NpyIter_GetIterNext. It appears that the function now yields a pointer to NpyIter_IterNextFunc instead of the original return type. I'm not sure if this is a documented change or an oversight in the new version.",Known,Known Unknown,short,76,76,76,numpy_numpy,issue,28446.0,Known,short,,,,,,,,2,2,1
numpy_numpy,issue,28446.0,"Previously, I was manually importing the cython declarations. This worked well and I was able to successfully build the project. Now if I use the declarions added in numpy v2.0.0. I get a build error. I believe this is due to NpyIter_GetIterNext returning a pointer to NpyIter_IterNextFunc instead of just the type.","The manual import of NumPy's Cython declarations used to let my extension module build correctly. Switching to the definitions that come with NumPy 2.0.0 now produces a build failure, and the error points to NpyIter_GetIterNext. The signature seems to have changed to return a NpyIter_IterNextFunc* rather than the plain type I was expecting. I can't tell if I need to adapt my code or if this is a bug introduced in the latest NumPy release.",Known,Known Unknown,short,76,76,76,numpy_numpy,issue,28446.0,Known,short,,,,,,,,2,2,1
numpy_numpy,issue,28446.0,"Hmm, from the PR, maybe it really just needs to not use IterNextFunc *? But, that seems like a difference to C maybe (i.e. the cython versioni includes the pointer, C doesn't). I am not sure if Cython might want that.","Looking at the pull request, it appears the fix might simply be to stop passing a `IterNextFunc *`. However, that would diverge from the pure C implementation, which doesn't use the pointer. I'm uncertain whether the Cython wrapper actually expects the pointer version, so I can't say for sure if removing it is safe.",Known,Known Unknown,short,77,77,77,numpy_numpy,issue,28446.0,Known,short,,,,,,,,2,2,1
numpy_numpy,issue,28446.0,"Hmm, from the PR, maybe it really just needs to not use IterNextFunc *? But, that seems like a difference to C maybe (i.e. the cython versioni includes the pointer, C doesn't). I am not sure if Cython might want that.","The PR suggests that we could drop the `IterNextFunc *` argument altogether, but that seems to be a discrepancy between the C code and the Cython bindings—C doesn't include the pointer, while the Cython side does. I don't know if Cython relies on that pointer for correct operation, so I'm not confident about removing it.",Known,Known Unknown,short,77,77,77,numpy_numpy,issue,28446.0,Known,short,,,,,,,,2,2,1
numpy_numpy,issue,28446.0,"Hmm, from the PR, maybe it really just needs to not use IterNextFunc *? But, that seems like a difference to C maybe (i.e. the cython versioni includes the pointer, C doesn't). I am not sure if Cython might want that.","From what I see in the PR, perhaps the only change needed is to avoid using `IterNextFunc *`. Yet, this introduces a difference from the original C code, which omits the pointer entirely. I'm not sure whether the Cython-generated code requires the pointer, so I can't confirm this approach.",Known,Known Unknown,short,77,77,77,numpy_numpy,issue,28446.0,Known,short,,,,,,,,2,2,1
numpy_numpy,issue,28446.0,"Hmm, from the PR, maybe it really just needs to not use IterNextFunc *? But, that seems like a difference to C maybe (i.e. the cython versioni includes the pointer, C doesn't). I am not sure if Cython might want that.","It looks like the patch might just need to eliminate the `IterNextFunc *` usage, but that would make the Cython version behave differently from the plain C version that lacks the pointer. I have no clear answer on whether Cython's compiled module depends on that pointer being present, leaving me uncertain about the correct fix.",Known,Known Unknown,short,77,77,77,numpy_numpy,issue,28446.0,Known,short,,,,,,,,2,2,1
numpy_numpy,issue,28446.0,"Hmm, from the PR, maybe it really just needs to not use IterNextFunc *? But, that seems like a difference to C maybe (i.e. the cython versioni includes the pointer, C doesn't). I am not sure if Cython might want that.","The pull request hints that we could simply stop passing a `IterNextFunc *`, but that creates a mismatch with the C implementation where the pointer isn't used. I'm not certain if the Cython layer expects the pointer argument, so I can't definitively say whether this change is appropriate.",Known,Known Unknown,short,77,77,77,numpy_numpy,issue,28446.0,Known,short,,,,,,,,2,2,1
numpy_numpy,pull,28453.0,This PR fixes a type mismatch in the Cython declarations for the NpyIter_GetIterNext function. The function was incorrectly declared to return NpyIter_IterNextFunc* (pointer to function type) when it should return NpyIter_IterNextFunc (function type directly). This mismatch causes compilation errors when users try to build Cython code that uses this function.,"This pull request resolves a type‑signature error in the Cython bindings for NpyIter_GetIterNext. The original declaration mistakenly used NpyIter_IterNextFunc* (a pointer to a function) instead of the correct NpyIter_IterNextFunc type. Because of that mismatch, any Cython module that imports the function fails to compile. The patch updates the signature to return the function type directly, eliminating the build‑time failures.",Knowledge,Knowledge,short,78,78,78,numpy_numpy,pull,28453.0,Knowledge,short,,,,,,,,0,0,0
numpy_numpy,pull,28453.0,This PR fixes a type mismatch in the Cython declarations for the NpyIter_GetIterNext function. The function was incorrectly declared to return NpyIter_IterNextFunc* (pointer to function type) when it should return NpyIter_IterNextFunc (function type directly). This mismatch causes compilation errors when users try to build Cython code that uses this function.,"The change introduced here corrects the Cython prototype of NpyIter_GetIterNext, which was previously declared as returning a NpyIter_IterNextFunc* (pointer) rather than a plain NpyIter_IterNextFunc. This subtle discrepancy caused compilation errors for users trying to generate Cython wrappers around the iterator API. By fixing the return type to the proper function type, the PR restores compatibility with the NumPy C API and allows the code to build cleanly.",Knowledge,Knowledge,short,78,78,78,numpy_numpy,pull,28453.0,Knowledge,short,,,,,,,,0,0,0
numpy_numpy,pull,28453.0,This PR fixes a type mismatch in the Cython declarations for the NpyIter_GetIterNext function. The function was incorrectly declared to return NpyIter_IterNextFunc* (pointer to function type) when it should return NpyIter_IterNextFunc (function type directly). This mismatch causes compilation errors when users try to build Cython code that uses this function.,"In this update we fix a mismatched return type in the Cython definition of NpyIter_GetIterNext. The function was incorrectly typed to return a pointer to NpyIter_IterNextFunc, while the NumPy C API expects the function type itself. The erroneous declaration broke Cython builds, producing type‑checking failures. The corrected signature now returns NpyIter_IterNextFunc, which resolves the compilation problems.",Knowledge,Knowledge,short,78,78,78,numpy_numpy,pull,28453.0,Knowledge,short,,,,,,,,0,0,0
numpy_numpy,pull,28453.0,This PR fixes a type mismatch in the Cython declarations for the NpyIter_GetIterNext function. The function was incorrectly declared to return NpyIter_IterNextFunc* (pointer to function type) when it should return NpyIter_IterNextFunc (function type directly). This mismatch causes compilation errors when users try to build Cython code that uses this function.,"The PR addresses a bug in the Cython header for NpyIter_GetIterNext where the return type was declared as NpyIter_IterNextFunc* instead of the intended NpyIter_IterNextFunc. This mismatch manifested as compilation errors whenever the iterator's next‑function was accessed from Cython code. By adjusting the declaration to use the proper function type, the patch ensures that the generated Cython code compiles without type‑related issues.",Knowledge,Knowledge,short,78,78,78,numpy_numpy,pull,28453.0,Knowledge,short,,,,,,,,0,0,0
numpy_numpy,pull,28453.0,This PR fixes a type mismatch in the Cython declarations for the NpyIter_GetIterNext function. The function was incorrectly declared to return NpyIter_IterNextFunc* (pointer to function type) when it should return NpyIter_IterNextFunc (function type directly). This mismatch causes compilation errors when users try to build Cython code that uses this function.,"This contribution amends the Cython declaration of NpyIter_GetIterNext to fix a type mismatch. The previous version returned a pointer type (NpyIter_IterNextFunc*) which does not match the NumPy C API's expectation of a direct NpyIter_IterNextFunc return. As a result, developers encountered build failures when compiling Cython extensions that called this function. The updated signature aligns with the official API and eliminates those compilation errors.",Knowledge,Knowledge,short,78,78,78,numpy_numpy,pull,28453.0,Knowledge,short,,,,,,,,0,0,0
numpy_numpy,pull,28453.0,"Maybe the test needs to do a copy, I don't know, but certainly not here or like this.","I suspect the unit test might require a deepcopy of the fixture, but I'm not certain. The current implementation mutates the original object, which could be causing flaky results. Could someone confirm whether a copy is needed, or if the test should stay as is?",Known,Known Unknown,short,79,79,79,numpy_numpy,pull,28453.0,Known,short,,,,,,,,2,2,1
numpy_numpy,pull,28453.0,"Maybe the test needs to do a copy, I don't know, but certainly not here or like this.","It seems like the test could benefit from copying the input before exercising the function, although I haven't verified that. Right now the test operates directly on the shared instance, and I'm unsure if that's intentional. Any clarification on whether a copy is required would be appreciated.",Known,Known Unknown,short,79,79,79,numpy_numpy,pull,28453.0,Known,short,,,,,,,,2,2,1
numpy_numpy,pull,28453.0,"Maybe the test needs to do a copy, I don't know, but certainly not here or like this.","Perhaps the failing test would pass if we made a clone of the data structure first, but I don't have enough evidence to say for sure. The test currently manipulates the original object in place, and I can't tell if that's the source of the issue. Can anyone shed light on whether a copy should be introduced here?",Known,Known Unknown,short,79,79,79,numpy_numpy,pull,28453.0,Known,short,,,,,,,,2,2,1
numpy_numpy,pull,28453.0,"Maybe the test needs to do a copy, I don't know, but certainly not here or like this.","My guess is that the test should perform a copy of the object under test, yet I have no concrete proof. As it stands, the test works on the same instance that other tests might also use, and I'm unclear if that's acceptable. I'd like to know if adding a copy is the right fix or if the test is fine as written.",Known,Known Unknown,short,79,79,79,numpy_numpy,pull,28453.0,Known,short,,,,,,,,2,2,1
numpy_numpy,pull,28453.0,"I suspec tthis is about a pypy test failure, just ignore it here if you have a good idea of how to fix it, better to split it out so that we can merge it quickly/separately as all other PRs are also affected.I suspec tthis is about a pypy test failure, just ignore it here if you have a good idea of how to fix it, better to split it out so that we can merge it quickly/separately as all other PRs are also affected.","I think the problem stems from a failing PyPy test, but I'm not certain. If you already have a solid fix, feel free to bypass this issue for now. It would be better to isolate the change into its own PR so we can land it quickly, since the other pull requests are also being blocked.",Known Unknown,Known Unknown,short,80,80,80,numpy_numpy,pull,28453.0,Known Unknown,short,,Known Non-Knowledge,Known Unknown,It doesn’t seem to be irrelevant because there’s an action suggesed about it. This looks like a case of “willful ignorance”,,,"Don’t see nonknowledge very clear. „If you have an idea“ could be interpreted as: I don’t know, maybe you know – known unknowns … The „ignore it here“ could mean: it is not too important to deal with the problem → irrelevant",2,-1,1
numpy_numpy,pull,28453.0,"I suspec tthis is about a pypy test failure, just ignore it here if you have a good idea of how to fix it, better to split it out so that we can merge it quickly/separately as all other PRs are also affected.I suspec tthis is about a pypy test failure, just ignore it here if you have a good idea of how to fix it, better to split it out so that we can merge it quickly/separately as all other PRs are also affected.","My guess is that a PyPy test is causing the breakage, although I don't have a concrete solution yet. You could ignore this particular failure if you know how to resolve it later. Splitting the change into a separate branch would let us merge the rest of the PRs without delay.",Known Unknown,Known Unknown,short,80,80,80,numpy_numpy,pull,28453.0,Known Unknown,short,,Known Non-Knowledge,Known Unknown,It doesn’t seem to be irrelevant because there’s an action suggesed about it. This looks like a case of “willful ignorance”,,,"Don’t see nonknowledge very clear. „If you have an idea“ could be interpreted as: I don’t know, maybe you know – known unknowns … The „ignore it here“ could mean: it is not too important to deal with the problem → irrelevant",2,-1,1
numpy_numpy,pull,28453.0,"I suspec tthis is about a pypy test failure, just ignore it here if you have a good idea of how to fix it, better to split it out so that we can merge it quickly/separately as all other PRs are also affected.I suspec tthis is about a pypy test failure, just ignore it here if you have a good idea of how to fix it, better to split it out so that we can merge it quickly/separately as all other PRs are also affected.","It looks like a PyPy test is tripping up the build, but I can't pinpoint the exact cause. If you happen to have a reliable fix, we might just skip this test for the moment. Creating a distinct PR for the fix would allow us to merge the remaining changes promptly.",Known Unknown,Known Unknown,short,80,80,80,numpy_numpy,pull,28453.0,Known Unknown,short,,Known Non-Knowledge,Known Unknown,It doesn’t seem to be irrelevant because there’s an action suggesed about it. This looks like a case of “willful ignorance”,,,"Don’t see nonknowledge very clear. „If you have an idea“ could be interpreted as: I don’t know, maybe you know – known unknowns … The „ignore it here“ could mean: it is not too important to deal with the problem → irrelevant",2,-1,1
numpy_numpy,pull,28453.0,"I suspec tthis is about a pypy test failure, just ignore it here if you have a good idea of how to fix it, better to split it out so that we can merge it quickly/separately as all other PRs are also affected.I suspec tthis is about a pypy test failure, just ignore it here if you have a good idea of how to fix it, better to split it out so that we can merge it quickly/separately as all other PRs are also affected.","I'm suspecting a PyPy test failure is at the root of the issue, though I don't know the precise fix. Should you already have an approach that works, we could temporarily ignore the failing test. Extracting this part into its own pull request would enable us to merge the other updates quickly.",Known Unknown,Known Unknown,short,80,80,80,numpy_numpy,pull,28453.0,Known Unknown,short,,Known Non-Knowledge,Known Unknown,It doesn’t seem to be irrelevant because there’s an action suggesed about it. This looks like a case of “willful ignorance”,,,"Don’t see nonknowledge very clear. „If you have an idea“ could be interpreted as: I don’t know, maybe you know – known unknowns … The „ignore it here“ could mean: it is not too important to deal with the problem → irrelevant",2,-1,1
numpy_numpy,pull,28453.0,"I suspec tthis is about a pypy test failure, just ignore it here if you have a good idea of how to fix it, better to split it out so that we can merge it quickly/separately as all other PRs are also affected.I suspec tthis is about a pypy test failure, just ignore it here if you have a good idea of how to fix it, better to split it out so that we can merge it quickly/separately as all other PRs are also affected.","The failure seems to be tied to a PyPy test, but I haven't figured out the exact remedy. If you have a proven fix, we could simply omit this test for now. It's probably best to separate this change into its own PR so the rest can be merged without waiting.",Known Unknown,Known Unknown,short,80,80,80,numpy_numpy,pull,28453.0,Known Unknown,short,,Known Non-Knowledge,Known Unknown,It doesn’t seem to be irrelevant because there’s an action suggesed about it. This looks like a case of “willful ignorance”,,,"Don’t see nonknowledge very clear. „If you have an idea“ could be interpreted as: I don’t know, maybe you know – known unknowns … The „ignore it here“ could mean: it is not too important to deal with the problem → irrelevant",2,-1,1
numpy_numpy,pull,28453.0,"This is probably happening because there's a cython compiler error that is getting captured by pytest, causing meson to fail. You're not seeing the output from cython because pytest captures stdout by default.","The failure is likely due to a Cython compilation error that pytest intercepts, which in turn makes the Meson build stop. By default pytest swallows stdout, so the Cython diagnostics never reach the console. Disabling capture or running pytest with -s will reveal the underlying error.",Knowledge,Knowledge,short,81,81,81,numpy_numpy,pull,28453.0,Knowledge,short,,,,,,,,0,0,0
numpy_numpy,pull,28453.0,"This is probably happening because there's a cython compiler error that is getting captured by pytest, causing meson to fail. You're not seeing the output from cython because pytest captures stdout by default.","What you're seeing is probably a Cython compile‑time exception that pytest catches, causing Meson to abort. Because pytest redirects standard output, the compiler's messages are hidden. Run the test suite with `pytest -s` or set `addopts = -s` in pytest.ini to expose the Cython output.",Knowledge,Knowledge,short,81,81,81,numpy_numpy,pull,28453.0,Knowledge,short,,,,,,,,0,0,0
numpy_numpy,pull,28453.0,"This is probably happening because there's a cython compiler error that is getting captured by pytest, causing meson to fail. You're not seeing the output from cython because pytest captures stdout by default.","A Cython compilation failure is being swallowed by pytest's output capture, which then propagates as a Meson build error. The stdout from the Cython step never appears in the log, so it looks like Meson just crashes. Turn off pytest's capture (`--capture=no`) to see the real compiler error.",Knowledge,Knowledge,short,81,81,81,numpy_numpy,pull,28453.0,Knowledge,short,,,,,,,,0,0,0
numpy_numpy,pull,28453.0,"This is probably happening because there's a cython compiler error that is getting captured by pytest, causing meson to fail. You're not seeing the output from cython because pytest captures stdout by default.","The root cause is likely a Cython compiler exception that pytest captures, leading Meson to report a generic failure. Since pytest captures stdout by default, the detailed Cython error message is not printed. You can get the full traceback by disabling capture with `pytest -s` or by adding `--capture=no`.",Knowledge,Knowledge,short,81,81,81,numpy_numpy,pull,28453.0,Knowledge,short,,,,,,,,0,0,0
numpy_numpy,pull,28453.0,"This is probably happening because there's a cython compiler error that is getting captured by pytest, causing meson to fail. You're not seeing the output from cython because pytest captures stdout by default.","When Meson reports a failure, it's often because a Cython build step raised an error that pytest intercepted. Pytest's default behavior hides any stdout, so the Cython diagnostics are invisible in the test output. To debug, rerun the tests with output capture disabled, which will let the Cython error surface.",Knowledge,Knowledge,short,81,81,81,numpy_numpy,pull,28453.0,Knowledge,short,,,,,,,,0,0,0
numpy_numpy,pull,26745.0,"I notice that for some reason the CircleCI build isn't able to load the examples, most likely because the files in source/contents/ weren't copied or that jupyterlite-pyodide-kernel was missing. I shall investigate.","During the latest CircleCI run I observed that the example notebooks fail to load. It seems the directory `source/contents/` may not have been copied into the build artifact, or perhaps the `jupyterlite-pyodide-kernel` package wasn't installed. I need to dig into the job logs to confirm which of these is the root cause.",Known,Known Unknown,,82,82,82,numpy_numpy,pull,26745.0,Known,,,,,,,,,2,2,1
numpy_numpy,pull,26745.0,"I notice that for some reason the CircleCI build isn't able to load the examples, most likely because the files in source/contents/ weren't copied or that jupyterlite-pyodide-kernel was missing. I shall investigate.","The CI pipeline on CircleCI is currently unable to render the example files. My guess is that either the `source/contents/` folder wasn't transferred during the build step, or the required `jupyterlite-pyodide-kernel` dependency is missing from the environment. I will investigate the build configuration to pinpoint the exact failure.",Known,Known Unknown,,82,82,82,numpy_numpy,pull,26745.0,Known,,,,,,,,,2,2,1
numpy_numpy,pull,26745.0,"I notice that for some reason the CircleCI build isn't able to load the examples, most likely because the files in source/contents/ weren't copied or that jupyterlite-pyodide-kernel was missing. I shall investigate.","I've noticed that the CircleCI build cannot load the example notebooks, which likely stems from missing files in `source/contents/` or an absent `jupyterlite-pyodide-kernel` module. At this point I'm not certain which of these is responsible. I'll be reviewing the build scripts and artifact contents to figure it out.",Known,Known Unknown,,82,82,82,numpy_numpy,pull,26745.0,Known,,,,,,,,,2,2,1
numpy_numpy,pull,26745.0,"I notice that for some reason the CircleCI build isn't able to load the examples, most likely because the files in source/contents/ weren't copied or that jupyterlite-pyodide-kernel was missing. I shall investigate.","In the recent CircleCI execution the examples are not being served, and I suspect the problem is either that the `source/contents/` directory wasn't copied into the Docker image or that the `jupyterlite-pyodide-kernel` wasn't installed. The exact reason is still unclear. I plan to examine the build logs and the Dockerfile to determine the cause.",Known,Known Unknown,,82,82,82,numpy_numpy,pull,26745.0,Known,,,,,,,,,2,2,1
numpy_numpy,pull,26745.0,"I notice that for some reason the CircleCI build isn't able to load the examples, most likely because the files in source/contents/ weren't copied or that jupyterlite-pyodide-kernel was missing. I shall investigate.","The CI job on CircleCI is currently failing to load the example resources. It appears the `source/contents/` folder may have been omitted from the build, or the `jupyterlite-pyodide-kernel` dependency could be missing. I will look into the build steps and dependency installation to identify the source of the issue.",Known,Known Unknown,,82,82,82,numpy_numpy,pull,26745.0,Known,,,,,,,,,2,2,1
microsoft_vscode,issue,251545.0,This issue seems to originate from an upstream component and is not something VSCode can fix by making a change to our code.,"After digging through the logs I realized the problem stems from a library that VSCode depends on, not from any of our extensions. The upstream component is emitting malformed diagnostics, which our editor simply displays. Since we can't modify that external code, the only workaround is to wait for the upstream maintainers to release a fix.",Knowledge,Knowledge,short,83,83,83,microsoft_vscode,issue,251545.0,Knowledge,short,,,,,,,,0,0,0
microsoft_vscode,issue,251545.0,This issue seems to originate from an upstream component and is not something VSCode can fix by making a change to our code.,"The root cause appears to be a bug in the language server that VSCode integrates with, rather than an issue in our configuration files. All of our settings are correct, but the server is returning incorrect token information. Unfortunately, VSCode can't patch that behavior from our side, so we need to track the upstream issue until it's resolved.",Knowledge,Knowledge,short,83,83,83,microsoft_vscode,issue,251545.0,Knowledge,short,,,,,,,,0,0,0
microsoft_vscode,issue,251545.0,This issue seems to originate from an upstream component and is not something VSCode can fix by making a change to our code.,"Our investigation shows that the errant behavior originates in the TypeScript compiler that VSCode invokes, not in any of our project files. The compiler is misinterpreting certain JSX patterns, leading to false error markers. Because this is an upstream defect, the only viable path is to file a report with the compiler team and await a patch.",Knowledge,Knowledge,short,83,83,83,microsoft_vscode,issue,251545.0,Knowledge,short,,,,,,,,0,0,0
microsoft_vscode,issue,251545.0,This issue seems to originate from an upstream component and is not something VSCode can fix by making a change to our code.,"The unexpected crash is caused by a flaw in the Git extension bundled with VSCode, not by any of our repository hooks. The extension mishandles large diff buffers, which triggers the failure we see. Since we have no control over that extension's code, we must rely on the VSCode team to address it upstream.",Knowledge,Knowledge,short,83,83,83,microsoft_vscode,issue,251545.0,Knowledge,short,,,,,,,,0,0,0
microsoft_vscode,issue,251545.0,This issue seems to originate from an upstream component and is not something VSCode can fix by making a change to our code.,"We've traced the source of the performance regression to the debugger adapter that VSCode ships, rather than to our launch configurations. The adapter is leaking memory under certain breakpoint conditions, which we cannot correct locally. As a result, the only solution is to wait for the VSCode maintainers to fix the adapter in a future release.",Knowledge,Knowledge,short,83,83,83,microsoft_vscode,issue,251545.0,Knowledge,short,,,,,,,,0,0,0
microsoft_vscode,issue,200949.0,"Since 1.86-insider I see that occasionally the hover stops working. Looking at the EH logs shows that no more requests are made, hover in another (to the side) editor is still working which makes me believe something is wrong with the hover editor contribution.","After upgrading to 1.86‑insider I’ve started noticing that the hover tooltip sometimes just disappears. When I inspect the extension host logs there are no further hover requests being sent, yet a second editor pane on the right still shows hover information correctly. This leads me to suspect that the hover contribution for the primary editor is somehow getting disabled, but I’m not sure why.",Known,Known Unknown,short,84,84,84,microsoft_vscode,issue,200949.0,Known,short,,,,,,,,2,2,1
microsoft_vscode,issue,200949.0,"Since 1.86-insider I see that occasionally the hover stops working. Looking at the EH logs shows that no more requests are made, hover in another (to the side) editor is still working which makes me believe something is wrong with the hover editor contribution.","Since I moved to version 1.86‑insider, the hover feature intermittently stops responding in the main editor. The EH logs reveal that the hover request pipeline halts, while a neighboring split‑view editor continues to display hover data without issue. I think the problem lies in the hover editor contribution, though the exact cause remains unknown.",Known,Known Unknown,short,84,84,84,microsoft_vscode,issue,200949.0,Known,short,,,,,,,,2,2,1
microsoft_vscode,issue,200949.0,"Since 1.86-insider I see that occasionally the hover stops working. Looking at the EH logs shows that no more requests are made, hover in another (to the side) editor is still working which makes me believe something is wrong with the hover editor contribution.","In the 1.86‑insider build, I’ve observed occasional failures where hovering over symbols yields no tooltip at all. The extension host logs stop showing any hover request activity, yet the hover still works in an adjacent editor window. This pattern suggests something is wrong with the hover contribution for that particular editor instance, but I haven’t pinpointed the source of the bug.",Known,Known Unknown,short,84,84,84,microsoft_vscode,issue,200949.0,Known,short,,,,,,,,2,2,1
microsoft_vscode,issue,200949.0,"Since 1.86-insider I see that occasionally the hover stops working. Looking at the EH logs shows that no more requests are made, hover in another (to the side) editor is still working which makes me believe something is wrong with the hover editor contribution.","With the 1.86‑insider release, the hover tooltip sometimes freezes and never appears again in the active editor. Checking the EH logs, I see that no hover requests are emitted after the failure, while a side‑by‑side editor continues to provide hover info normally. It appears the hover editor contribution may be failing silently, though I don’t know the underlying reason.",Known,Known Unknown,short,84,84,84,microsoft_vscode,issue,200949.0,Known,short,,,,,,,,2,2,1
microsoft_vscode,issue,200949.0,"Since 1.86-insider I see that occasionally the hover stops working. Looking at the EH logs shows that no more requests are made, hover in another (to the side) editor is still working which makes me believe something is wrong with the hover editor contribution.","Since installing 1.86‑insider, the hover functionality occasionally stops working in the main code window. The extension host logs show that the hover request chain stops entirely, but a second editor opened beside it still shows hover details correctly. This makes me think there’s a bug in the hover editor contribution, but I haven’t been able to determine what triggers it.",Known,Known Unknown,short,84,84,84,microsoft_vscode,issue,200949.0,Known,short,,,,,,,,2,2,1
microsoft_vscode,issue,197917.0,"Observed with a custom extension on a Clearcase SCM, but can be easily reproduced with SVN too, probably with any SCM that treats directories as versionable entities. This is most likely a recent regression (possibly starting today's Insiders build, but I'm not 100% sure). Is it possible this was caused by the recent sticky scroll addition (great feature, btw)?","I've noticed a weird behavior when using a custom Clearcase SCM extension, and the same thing shows up with SVN as well—likely any SCM that version directories. It seems to have started with the latest Insiders build, though I'm not completely certain about the exact version. Could this be a regression introduced by the recent sticky‑scroll feature?",Known,Known Unknown,short,85,85,85,microsoft_vscode,issue,197917.0,Known,short,,,,,,,,2,2,1
microsoft_vscode,issue,197917.0,"Observed with a custom extension on a Clearcase SCM, but can be easily reproduced with SVN too, probably with any SCM that treats directories as versionable entities. This is most likely a recent regression (possibly starting today's Insiders build, but I'm not 100% sure). Is it possible this was caused by the recent sticky scroll addition (great feature, btw)?","A custom extension for Clearcase SCM exhibits an odd issue that can be reproduced on SVN, suggesting it might affect any source control that treats folders as versioned items. The problem appears to have emerged in the newest Insider channel, but I can't pinpoint the exact build. Is there a chance the new sticky scroll addition is responsible for this regression?",Known,Known Unknown,short,85,85,85,microsoft_vscode,issue,197917.0,Known,short,,,,,,,,2,2,1
microsoft_vscode,issue,197917.0,"Observed with a custom extension on a Clearcase SCM, but can be easily reproduced with SVN too, probably with any SCM that treats directories as versionable entities. This is most likely a recent regression (possibly starting today's Insiders build, but I'm not 100% sure). Is it possible this was caused by the recent sticky scroll addition (great feature, btw)?","When I run my custom Clearcase SCM plugin, I see a defect that also surfaces with SVN, implying that any SCM handling directories as versionable could be affected. It looks like a recent regression, possibly introduced in today's Insider build, though I'm not 100 % sure. Might the sticky scroll feature that was just added be the cause?",Known,Known Unknown,short,85,85,85,microsoft_vscode,issue,197917.0,Known,short,,,,,,,,2,2,1
microsoft_vscode,issue,197917.0,"Observed with a custom extension on a Clearcase SCM, but can be easily reproduced with SVN too, probably with any SCM that treats directories as versionable entities. This is most likely a recent regression (possibly starting today's Insiders build, but I'm not 100% sure). Is it possible this was caused by the recent sticky scroll addition (great feature, btw)?","The anomaly shows up in a custom Clearcase SCM extension and can be duplicated with SVN, so it likely applies to any SCM that version directories. It seems to have started around the latest Insider release, but I haven't confirmed the exact point of introduction. Could the newly added sticky scroll functionality be triggering this regression?",Known,Known Unknown,short,85,85,85,microsoft_vscode,issue,197917.0,Known,short,,,,,,,,2,2,1
microsoft_vscode,issue,197917.0,"Observed with a custom extension on a Clearcase SCM, but can be easily reproduced with SVN too, probably with any SCM that treats directories as versionable entities. This is most likely a recent regression (possibly starting today's Insiders build, but I'm not 100% sure). Is it possible this was caused by the recent sticky scroll addition (great feature, btw)?","I've observed a problem with a custom Clearcase SCM extension that is easily reproducible on SVN and probably on any SCM that treats directories as versionable. It appears to be a recent regression, perhaps beginning with today's Insider build, though I can't be completely certain. Is it possible that the sticky scroll feature added recently is the root cause?",Known,Known Unknown,short,85,85,85,microsoft_vscode,issue,197917.0,Known,short,,,,,,,,2,2,1
microsoft_vscode,issue,190859.0,Happened to me yesterday too. Spend a lot of time rebooting my machine and killing processes until I tried regular vscode to find that port forwarding was working fine there. What is weird though is that the browser just hangs. Nothing happens if you try localhost:4000. There is no error it just hangs but if I try a port that isn't being used like localhost:5000 then the browser says that there is a connection error,"I ran into the same issue yesterday: after rebooting the machine and terminating a bunch of processes, I finally opened a plain VS Code window and saw that the port forwarding was actually active. The odd part is that when I navigate to http://localhost:4000 the browser just spins forever with no error message. If I point the browser at a port that isn’t forwarded, like http://localhost:5000, it immediately reports a connection failure. I’m not sure why the forwarded port appears to be reachable but never returns any data.",Unknown,Known Unknown,short,86,86,86,microsoft_vscode,issue,190859.0,Unknown,short,"person seems to be quite surprised about the error. Could also be Unknown unknown, I guess.",Unknown Non-Knowledge,Unknown Unknown,The person at that moment was not aware that they didn’t know about the problem.,known unknown (a question can be posed although it is not posed),known unknowns ,unknown unknowns for what has been yesterday. Today the person can already ask a question,2,1,1
microsoft_vscode,issue,190859.0,Happened to me yesterday too. Spend a lot of time rebooting my machine and killing processes until I tried regular vscode to find that port forwarding was working fine there. What is weird though is that the browser just hangs. Nothing happens if you try localhost:4000. There is no error it just hangs but if I try a port that isn't being used like localhost:5000 then the browser says that there is a connection error,"Yesterday I experienced the same symptom – I kept restarting my computer and killing stray services, then switched to a regular VS Code session and confirmed the tunnel on port 4000 was up. Yet opening http://localhost:4000 in Chrome results in an endless loading state, whereas trying an unused port such as http://localhost:5000 yields a clear connection‑refused error. There’s no console error or network trace indicating a problem. I don’t know what could be causing the forwarded port to hang without responding.",Unknown,Known Unknown,short,86,86,86,microsoft_vscode,issue,190859.0,Unknown,short,"person seems to be quite surprised about the error. Could also be Unknown unknown, I guess.",Unknown Non-Knowledge,Unknown Unknown,The person at that moment was not aware that they didn’t know about the problem.,known unknown (a question can be posed although it is not posed),known unknowns ,unknown unknowns for what has been yesterday. Today the person can already ask a question,2,1,1
microsoft_vscode,issue,190859.0,Happened to me yesterday too. Spend a lot of time rebooting my machine and killing processes until I tried regular vscode to find that port forwarding was working fine there. What is weird though is that the browser just hangs. Nothing happens if you try localhost:4000. There is no error it just hangs but if I try a port that isn't being used like localhost:5000 then the browser says that there is a connection error,"I had this happen to me as well: after a series of reboots and process kills, I checked the forwarding status in a vanilla VS Code window and saw that port 4000 was correctly forwarded. Strangely, the browser just sits there loading forever when I go to http://localhost:4000, but it instantly reports a connection error for a non‑forwarded port like http://localhost:5000. No error logs appear on either side. I’m uncertain whether this is a VS Code networking quirk or something else interfering with the traffic.",Unknown,Known Unknown,short,86,86,86,microsoft_vscode,issue,190859.0,Unknown,short,"person seems to be quite surprised about the error. Could also be Unknown unknown, I guess.",Unknown Non-Knowledge,Unknown Unknown,The person at that moment was not aware that they didn’t know about the problem.,known unknown (a question can be posed although it is not posed),known unknowns ,unknown unknowns for what has been yesterday. Today the person can already ask a question,2,1,1
microsoft_vscode,issue,190859.0,Happened to me yesterday too. Spend a lot of time rebooting my machine and killing processes until I tried regular vscode to find that port forwarding was working fine there. What is weird though is that the browser just hangs. Nothing happens if you try localhost:4000. There is no error it just hangs but if I try a port that isn't being used like localhost:5000 then the browser says that there is a connection error,"The same thing occurred on my side yesterday – I rebooted several times, terminated lingering processes, and finally opened a plain VS Code instance which showed that port 4000 forwarding was active. The puzzling behavior is that navigating to http://localhost:4000 leaves the browser hanging with no response, while accessing a free port such as http://localhost:5000 immediately shows a connection error. There’s no visible error output in the terminal or browser console. I can’t figure out why the forwarded port appears to be open but never delivers any data.",Unknown,Known Unknown,short,86,86,86,microsoft_vscode,issue,190859.0,Unknown,short,"person seems to be quite surprised about the error. Could also be Unknown unknown, I guess.",Unknown Non-Knowledge,Unknown Unknown,The person at that moment was not aware that they didn’t know about the problem.,known unknown (a question can be posed although it is not posed),known unknowns ,unknown unknowns for what has been yesterday. Today the person can already ask a question,2,1,1
microsoft_vscode,issue,190859.0,Happened to me yesterday too. Spend a lot of time rebooting my machine and killing processes until I tried regular vscode to find that port forwarding was working fine there. What is weird though is that the browser just hangs. Nothing happens if you try localhost:4000. There is no error it just hangs but if I try a port that isn't being used like localhost:5000 then the browser says that there is a connection error,"I ran into this problem as well: after multiple reboots and killing background services, I used a regular VS Code window to verify that the tunnel on port 4000 was established. The weird part is that the browser just stalls on http://localhost:4000 with no error, yet trying an unused port like http://localhost:5000 produces a standard connection‑refused message. No diagnostics show up in the logs. I’m not sure what could be causing the forwarded port to hang indefinitely.",Unknown,Known Unknown,short,86,86,86,microsoft_vscode,issue,190859.0,Unknown,short,"person seems to be quite surprised about the error. Could also be Unknown unknown, I guess.",Unknown Non-Knowledge,Unknown Unknown,The person at that moment was not aware that they didn’t know about the problem.,known unknown (a question can be posed although it is not posed),known unknowns ,unknown unknowns for what has been yesterday. Today the person can already ask a question,2,1,1
microsoft_vscode,pull,191501.0,I have discovered this to be an issue in the CLI or SDK's compression handling.,"After digging through the logs I confirmed that the root cause lies in the compression module of both the CLI and the SDK. The problem manifests when a zip archive is streamed through the `compress()` function, resulting in corrupted payloads. Switching to the updated `compress_v2` routine eliminates the issue entirely.",Knowledge,Knowledge,short,87,87,87,microsoft_vscode,pull,191501.0,Knowledge,short,,,,,,,,0,0,0
microsoft_vscode,pull,191501.0,I have discovered this to be an issue in the CLI or SDK's compression handling.,"My investigation revealed that the CLI's compression handler is misbehaving, and the same bug propagates to the SDK's equivalent code path. When invoking `mytool compress --input data.bin`, the output file contains malformed headers. Patching the `CompressionEngine` class to correctly flush the stream resolves the failure.",Knowledge,Knowledge,short,87,87,87,microsoft_vscode,pull,191501.0,Knowledge,short,,,,,,,,0,0,0
microsoft_vscode,pull,191501.0,I have discovered this to be an issue in the CLI or SDK's compression handling.,"I traced the failure back to the SDK's compression layer, which incorrectly calculates the checksum for large files. This discrepancy causes the CLI to reject the compressed archive with a ""checksum mismatch"" error. Updating the checksum algorithm to use `crc32c` instead of `crc32` fixes the problem across both interfaces.",Knowledge,Knowledge,short,87,87,87,microsoft_vscode,pull,191501.0,Knowledge,short,,,,,,,,0,0,0
microsoft_vscode,pull,191501.0,I have discovered this to be an issue in the CLI or SDK's compression handling.,"Through profiling I discovered that the CLI and SDK share a common compression utility that mishandles edge‑case buffer sizes. The bug appears when `bufferSize` is set to a value not divisible by 8, leading to truncated output. Adjusting the buffer allocation logic to enforce alignment removes the issue.",Knowledge,Knowledge,short,87,87,87,microsoft_vscode,pull,191501.0,Knowledge,short,,,,,,,,0,0,0
microsoft_vscode,pull,191501.0,I have discovered this to be an issue in the CLI or SDK's compression handling.,"The issue originates from the compression handling code in the SDK, which the CLI reuses under the hood. When processing a stream with `compressStream()`, the final chunk is dropped, corrupting the resulting archive. Implementing a proper final‑flush step in `CompressionWriter` solves the problem for both tools.",Knowledge,Knowledge,short,87,87,87,microsoft_vscode,pull,191501.0,Knowledge,short,,,,,,,,0,0,0
microsoft_vscode,pull,191501.0,It seems like something is not flushing or decompressing completely.,"I'm noticing that after writing a large JSON payload to a gzip stream, the resulting file sometimes fails to unzip correctly. It looks like the compressor might not be flushing all of its buffers, but I can't pinpoint where the loss occurs. Could this be a bug in the stream handling or just a misconfiguration on my side?",Known,Known Unknown,short,88,88,88,microsoft_vscode,pull,191501.0,Known,short,"The is some vaguness here, so maybe it's Unknown/Unknown unknown.",,,Uncertainty is more fitting; the categories available shouldn’t be force into the statements.,,,at this point very imprecise and difficult to put it under nonknowledge categories – communication before and after would be good to know for decision on categories,2,2,1
microsoft_vscode,pull,191501.0,It seems like something is not flushing or decompressing completely.,"When I run my CI pipeline, the artifact archives occasionally end up corrupted, and the logs suggest that the decompression step didn't finish cleanly. I suspect that the tar process isn't completing its flush phase, yet I'm not sure why it behaves inconsistently. Does anyone have insight into what might cause partial decompression in this context?",Known,Known Unknown,short,88,88,88,microsoft_vscode,pull,191501.0,Known,short,"The is some vaguness here, so maybe it's Unknown/Unknown unknown.",,,Uncertainty is more fitting; the categories available shouldn’t be force into the statements.,,,at this point very imprecise and difficult to put it under nonknowledge categories – communication before and after would be good to know for decision on categories,2,2,1
microsoft_vscode,pull,191501.0,It seems like something is not flushing or decompressing completely.,"I've observed that the HTTP response body sent with `Content-Encoding: deflate` sometimes arrives truncated on the client, leading to parsing errors. It seems like the server's output buffer isn't being fully flushed before the connection closes, but I don't know the exact cause. Is there a known issue with the Node.js `zlib` stream that could explain this?",Known,Known Unknown,short,88,88,88,microsoft_vscode,pull,191501.0,Known,short,"The is some vaguness here, so maybe it's Unknown/Unknown unknown.",,,Uncertainty is more fitting; the categories available shouldn’t be force into the statements.,,,at this point very imprecise and difficult to put it under nonknowledge categories – communication before and after would be good to know for decision on categories,2,2,1
microsoft_vscode,pull,191501.0,It seems like something is not flushing or decompressing completely.,"During my nightly backup job, the backup files are sometimes smaller than expected, and when I try to restore them, the decompression step reports missing data. It appears that the backup utility may not be completing its final flush of the compressed stream, yet I'm uncertain why this only happens intermittently. Could this be related to disk I/O buffering or something else?",Known,Known Unknown,short,88,88,88,microsoft_vscode,pull,191501.0,Known,short,"The is some vaguness here, so maybe it's Unknown/Unknown unknown.",,,Uncertainty is more fitting; the categories available shouldn’t be force into the statements.,,,at this point very imprecise and difficult to put it under nonknowledge categories – communication before and after would be good to know for decision on categories,2,2,1
microsoft_vscode,pull,191501.0,It seems like something is not flushing or decompressing completely.,"In my Java application, the `GZIPOutputStream` occasionally produces archives that cannot be fully inflated, and the error messages point to an incomplete decompression. I think the stream's `finish()` method might not be called properly, but I haven't been able to verify it. Does anyone know if there are edge cases where the flush operation can be silently ignored?",Known,Known Unknown,short,88,88,88,microsoft_vscode,pull,191501.0,Known,short,"The is some vaguness here, so maybe it's Unknown/Unknown unknown.",,,Uncertainty is more fitting; the categories available shouldn’t be force into the statements.,,,at this point very imprecise and difficult to put it under nonknowledge categories – communication before and after would be good to know for decision on categories,2,2,1
microsoft_vscode,pull,191501.0,"It turns out this was a difference in inflate/deflate implementations between the extension/SDK and the CLI. The SDK uses Node's zlib bindings, while by default Rust's flate2 library uses a rust port of miniz. miniz does not appear to flush decompressed data as nicely on SYNC'd boundaries as zlib does, which caused data to 'stall'. This could also be the cause of some connection flakiness!","We discovered that the discrepancy stemmed from the inflate/deflate logic used by the extension versus the CLI. The SDK relies on Node's native zlib bindings, whereas the CLI's default Rust flate2 crate wraps a miniz port. Because miniz doesn’t flush decompressed streams cleanly at SYNC boundaries, data can get stuck, which also explains occasional connection instability.",Knowledge,Knowledge,short,89,89,89,microsoft_vscode,pull,191501.0,Knowledge,short,,,,,,,,0,0,0
microsoft_vscode,pull,191501.0,"It turns out this was a difference in inflate/deflate implementations between the extension/SDK and the CLI. The SDK uses Node's zlib bindings, while by default Rust's flate2 library uses a rust port of miniz. miniz does not appear to flush decompressed data as nicely on SYNC'd boundaries as zlib does, which caused data to 'stall'. This could also be the cause of some connection flakiness!","The root cause turned out to be a mismatch in compression libraries: the SDK uses Node's zlib, while the CLI defaults to Rust's flate2, which is built on a miniz implementation. Miniz fails to properly flush data at synchronized points, leading to stalled payloads. This behavior likely contributes to the flaky network connections we observed.",Knowledge,Knowledge,short,89,89,89,microsoft_vscode,pull,191501.0,Knowledge,short,,,,,,,,0,0,0
microsoft_vscode,pull,191501.0,"It turns out this was a difference in inflate/deflate implementations between the extension/SDK and the CLI. The SDK uses Node's zlib bindings, while by default Rust's flate2 library uses a rust port of miniz. miniz does not appear to flush decompressed data as nicely on SYNC'd boundaries as zlib does, which caused data to 'stall'. This could also be the cause of some connection flakiness!","It was ultimately an implementation difference in the inflate/deflate path between the extension/SDK and the command‑line tool. The SDK delegates to Node's zlib, but the Rust‑based CLI pulls in flate2, a miniz port. Since miniz doesn’t handle SYNC‑boundary flushing as gracefully as zlib, some data remains buffered, causing stalls and occasional connection glitches.",Knowledge,Knowledge,short,89,89,89,microsoft_vscode,pull,191501.0,Knowledge,short,,,,,,,,0,0,0
microsoft_vscode,pull,191501.0,"It turns out this was a difference in inflate/deflate implementations between the extension/SDK and the CLI. The SDK uses Node's zlib bindings, while by default Rust's flate2 library uses a rust port of miniz. miniz does not appear to flush decompressed data as nicely on SYNC'd boundaries as zlib does, which caused data to 'stall'. This could also be the cause of some connection flakiness!","Our investigation revealed that the SDK and CLI were using two distinct compression back‑ends: Node's zlib for the SDK and Rust's flate2 (a miniz port) for the CLI. The miniz library does not flush decompressed chunks on SYNC boundaries as reliably as zlib, which resulted in data appearing to “stall.” This mismatch also appears to be the source of intermittent connection reliability issues.",Knowledge,Knowledge,short,89,89,89,microsoft_vscode,pull,191501.0,Knowledge,short,,,,,,,,0,0,0
microsoft_vscode,pull,191501.0,"It turns out this was a difference in inflate/deflate implementations between the extension/SDK and the CLI. The SDK uses Node's zlib bindings, while by default Rust's flate2 library uses a rust port of miniz. miniz does not appear to flush decompressed data as nicely on SYNC'd boundaries as zlib does, which caused data to 'stall'. This could also be the cause of some connection flakiness!","The problem boiled down to divergent inflate/deflate implementations across the two components. The SDK leverages Node's built‑in zlib, while the CLI’s default Rust flate2 crate wraps a miniz port. Because miniz doesn’t flush at SYNC‑aligned boundaries as cleanly as zlib, some data gets held up, potentially causing the flaky connections we’ve been seeing.",Knowledge,Knowledge,short,89,89,89,microsoft_vscode,pull,191501.0,Knowledge,short,,,,,,,,0,0,0
microsoft_vscode,,191374.0,"I think this is a regression from partitioning state per profile. Specifically:

vscode/src/vs/platform/storage/electron-main/storageMain.ts

Line 278 in ec041fc
 return join(this.profile.globalStorageHome.fsPath, BaseProfileAwareStorageMain.STORAGE_NAME); 

When using fsPath, UNC paths only work for file scheme but now I think we have vscode-userdata as scheme. I am not sure when we made that flip. I think this is spreading to a lot more places, the code is very old and was always assuming file scheme to be used, which will not work anymore if a UNC path is used:

vscode/src/vs/code/electron-main/main.ts

Lines 251 to 259 in ec041fc
 Promise.all<string | undefined>([ 
         environmentMainService.extensionsPath, 
         environmentMainService.codeCachePath, 
         environmentMainService.logsHome.fsPath, 
         userDataProfilesMainService.defaultProfile.globalStorageHome.fsPath, 
         environmentMainService.workspaceStorageHome.fsPath, 
         environmentMainService.localHistoryHome.fsPath, 
         environmentMainService.backupHome 
 ].map(path => path ? FSPromises.mkdir(path, { recursive: true }) : undefined)), 

I think we will have to make a pass over .fsPath usage and find those that potentially use a non-file scheme...","It looks like a regression was introduced when we started storing state per profile. The code in `storageMain.ts` now builds the storage path with `join(this.profile.globalStorageHome.fsPath, BaseProfileAwareStorageMain.STORAGE_NAME)`, but `fsPath` only works for the `file:` scheme, while we appear to have switched to a `vscode-userdata:` scheme. I'm not sure exactly when that change happened, but many older callers still assume a file scheme and will break on UNC paths, such as the directory creation loop in `main.ts` that calls `FSPromises.mkdir` on several `.fsPath` values. We probably need to audit every `.fsPath` usage to see which ones might be fed a non‑file URI.",Known,Known Unknown,long,90,90,90,microsoft_vscode,,191374.0,Known,long,,,,,,,,2,2,1
microsoft_vscode,,191374.0,"I think this is a regression from partitioning state per profile. Specifically:

vscode/src/vs/platform/storage/electron-main/storageMain.ts

Line 278 in ec041fc
 return join(this.profile.globalStorageHome.fsPath, BaseProfileAwareStorageMain.STORAGE_NAME); 

When using fsPath, UNC paths only work for file scheme but now I think we have vscode-userdata as scheme. I am not sure when we made that flip. I think this is spreading to a lot more places, the code is very old and was always assuming file scheme to be used, which will not work anymore if a UNC path is used:

vscode/src/vs/code/electron-main/main.ts

Lines 251 to 259 in ec041fc
 Promise.all<string | undefined>([ 
         environmentMainService.extensionsPath, 
         environmentMainService.codeCachePath, 
         environmentMainService.logsHome.fsPath, 
         userDataProfilesMainService.defaultProfile.globalStorageHome.fsPath, 
         environmentMainService.workspaceStorageHome.fsPath, 
         environmentMainService.localHistoryHome.fsPath, 
         environmentMainService.backupHome 
 ].map(path => path ? FSPromises.mkdir(path, { recursive: true }) : undefined)), 

I think we will have to make a pass over .fsPath usage and find those that potentially use a non-file scheme...","I suspect the recent regression stems from the new per‑profile state partitioning. In `storageMain.ts` we now return `join(this.profile.globalStorageHome.fsPath, STORAGE_NAME)`, but `fsPath` only resolves correctly for `file:` URIs, and the platform now uses a `vscode-userdata:` scheme for user data. I don't know when that scheme switch was introduced, yet the legacy code in `main.ts` still calls `FSPromises.mkdir` on a list of `.fsPath` values, which will fail for UNC paths. A systematic review of all `.fsPath` accesses is likely required to identify the problematic spots.",Known,Known Unknown,long,90,90,90,microsoft_vscode,,191374.0,Known,long,,,,,,,,2,2,1
microsoft_vscode,,191374.0,"I think this is a regression from partitioning state per profile. Specifically:

vscode/src/vs/platform/storage/electron-main/storageMain.ts

Line 278 in ec041fc
 return join(this.profile.globalStorageHome.fsPath, BaseProfileAwareStorageMain.STORAGE_NAME); 

When using fsPath, UNC paths only work for file scheme but now I think we have vscode-userdata as scheme. I am not sure when we made that flip. I think this is spreading to a lot more places, the code is very old and was always assuming file scheme to be used, which will not work anymore if a UNC path is used:

vscode/src/vs/code/electron-main/main.ts

Lines 251 to 259 in ec041fc
 Promise.all<string | undefined>([ 
         environmentMainService.extensionsPath, 
         environmentMainService.codeCachePath, 
         environmentMainService.logsHome.fsPath, 
         userDataProfilesMainService.defaultProfile.globalStorageHome.fsPath, 
         environmentMainService.workspaceStorageHome.fsPath, 
         environmentMainService.localHistoryHome.fsPath, 
         environmentMainService.backupHome 
 ].map(path => path ? FSPromises.mkdir(path, { recursive: true }) : undefined)), 

I think we will have to make a pass over .fsPath usage and find those that potentially use a non-file scheme...","The regression seems tied to how we partition storage per profile. The line `return join(this.profile.globalStorageHome.fsPath, BaseProfileAwareStorageMain.STORAGE_NAME);` in `storageMain.ts` assumes the underlying URI uses the `file:` scheme, but we now have a `vscode-userdata:` scheme for the profile folder. I'm unclear on the exact commit that introduced the scheme change, but the bulk folder creation in `main.ts` still relies on `.fsPath` for several paths, which won't work with UNC paths. We should probably scan the codebase for `.fsPath` usages that might be receiving a non‑file scheme and adjust them.",Known,Known Unknown,long,90,90,90,microsoft_vscode,,191374.0,Known,long,,,,,,,,2,2,1
microsoft_vscode,,191374.0,"I think this is a regression from partitioning state per profile. Specifically:

vscode/src/vs/platform/storage/electron-main/storageMain.ts

Line 278 in ec041fc
 return join(this.profile.globalStorageHome.fsPath, BaseProfileAwareStorageMain.STORAGE_NAME); 

When using fsPath, UNC paths only work for file scheme but now I think we have vscode-userdata as scheme. I am not sure when we made that flip. I think this is spreading to a lot more places, the code is very old and was always assuming file scheme to be used, which will not work anymore if a UNC path is used:

vscode/src/vs/code/electron-main/main.ts

Lines 251 to 259 in ec041fc
 Promise.all<string | undefined>([ 
         environmentMainService.extensionsPath, 
         environmentMainService.codeCachePath, 
         environmentMainService.logsHome.fsPath, 
         userDataProfilesMainService.defaultProfile.globalStorageHome.fsPath, 
         environmentMainService.workspaceStorageHome.fsPath, 
         environmentMainService.localHistoryHome.fsPath, 
         environmentMainService.backupHome 
 ].map(path => path ? FSPromises.mkdir(path, { recursive: true }) : undefined)), 

I think we will have to make a pass over .fsPath usage and find those that potentially use a non-file scheme...","I think the issue is a regression caused by moving to per‑profile storage. The storage path is constructed with `globalStorageHome.fsPath`, which only works when the URI scheme is `file:`; however, the current implementation appears to use a `vscode-userdata:` scheme. I don't know when that scheme transition occurred, but the initialization code in `main.ts` that creates directories via `FSPromises.mkdir` on a series of `.fsPath` values will break on UNC paths. It may be necessary to audit all `.fsPath` references and handle alternative schemes appropriately.",Known,Known Unknown,long,90,90,90,microsoft_vscode,,191374.0,Known,long,,,,,,,,2,2,1
microsoft_vscode,,191374.0,"I think this is a regression from partitioning state per profile. Specifically:

vscode/src/vs/platform/storage/electron-main/storageMain.ts

Line 278 in ec041fc
 return join(this.profile.globalStorageHome.fsPath, BaseProfileAwareStorageMain.STORAGE_NAME); 

When using fsPath, UNC paths only work for file scheme but now I think we have vscode-userdata as scheme. I am not sure when we made that flip. I think this is spreading to a lot more places, the code is very old and was always assuming file scheme to be used, which will not work anymore if a UNC path is used:

vscode/src/vs/code/electron-main/main.ts

Lines 251 to 259 in ec041fc
 Promise.all<string | undefined>([ 
         environmentMainService.extensionsPath, 
         environmentMainService.codeCachePath, 
         environmentMainService.logsHome.fsPath, 
         userDataProfilesMainService.defaultProfile.globalStorageHome.fsPath, 
         environmentMainService.workspaceStorageHome.fsPath, 
         environmentMainService.localHistoryHome.fsPath, 
         environmentMainService.backupHome 
 ].map(path => path ? FSPromises.mkdir(path, { recursive: true }) : undefined)), 

I think we will have to make a pass over .fsPath usage and find those that potentially use a non-file scheme...","It appears that partitioning state per profile introduced a regression. In `storageMain.ts` we now concatenate `globalStorageHome.fsPath` with the storage file name, but `fsPath` is only valid for `file:` URIs, while the profile location is now expressed with a `vscode-userdata:` scheme. I'm not sure at which point the scheme was switched, yet the bulk directory creation in `main.ts` still assumes every path can be turned into a filesystem path, which fails for UNC paths. A thorough pass over the code to locate every `.fsPath` usage that might receive a non‑file scheme seems warranted.",Known,Known Unknown,long,90,90,90,microsoft_vscode,,191374.0,Known,long,,,,,,,,2,2,1
microsoft_vscode,,191374.0,The change to vscode-userdata scheme started happening from this change - 1157e96 - I started using this scheme for all user data to adopt atomic write.,The transition to the vscode‑userdata storage format was introduced in commit 1157e96. Since that revision I have been storing every piece of user data using the new scheme. This allows us to perform atomic writes and avoid partial updates.,Knowledge,Knowledge,short,91,91,91,microsoft_vscode,,191374.0,Knowledge,short,,,,,,,,0,0,0
microsoft_vscode,,191374.0,The change to vscode-userdata scheme started happening from this change - 1157e96 - I started using this scheme for all user data to adopt atomic write.,"Starting with the 1157e96 commit, the VS Code project switched to the vscode‑userdata layout. I migrated all of my configuration files to this format so that writes become atomic. The atomic write guarantee eliminates the risk of corrupted settings after crashes.",Knowledge,Knowledge,short,91,91,91,microsoft_vscode,,191374.0,Knowledge,short,,,,,,,,0,0,0
microsoft_vscode,,191374.0,The change to vscode-userdata scheme started happening from this change - 1157e96 - I started using this scheme for all user data to adopt atomic write.,"The adoption of the vscode‑userdata scheme traces back to change 1157e96. After that change I began persisting all user‑specific information through the new scheme. The primary benefit is that each write operation is performed atomically, ensuring consistency.",Knowledge,Knowledge,short,91,91,91,microsoft_vscode,,191374.0,Knowledge,short,,,,,,,,0,0,0
microsoft_vscode,,191374.0,The change to vscode-userdata scheme started happening from this change - 1157e96 - I started using this scheme for all user data to adopt atomic write.,"Commit 1157e96 introduced the vscode‑userdata approach, and I have since applied it to every user data file. By using this scheme we get atomic write semantics, which prevents partially written files. This change has been in effect across the entire extension.",Knowledge,Knowledge,short,91,91,91,microsoft_vscode,,191374.0,Knowledge,short,,,,,,,,0,0,0
microsoft_vscode,,191374.0,The change to vscode-userdata scheme started happening from this change - 1157e96 - I started using this scheme for all user data to adopt atomic write.,"When the repository moved to the vscode‑userdata model in commit 1157e96, I updated my code to write all user data via that model. The atomic write capability of the scheme means that a write either fully succeeds or fails without leaving a broken file. This has improved reliability of user settings.",Knowledge,Knowledge,short,91,91,91,microsoft_vscode,,191374.0,Knowledge,short,,,,,,,,0,0,0
microsoft_vscode,,191374.0,"but there is a point where our file service is no longer in charge: when we hand of a path:string to SQLite3 module, we really have to give it a proper path that is a UNC path if the user picked a UNC location. So just using URI will not help here, we need to find a way that .fsPath is not breaking UNC paths in all places where we need it.","Our file service works fine until we need to pass a string path to the SQLite3 driver. If a user selects a UNC location, SQLite expects a genuine UNC path, not a URI. The problem is that .fsPath seems to corrupt UNC strings, and I'm not sure how to preserve them when handing the path to SQLite. We need a strategy that keeps the UNC format intact across all calls.",Known,Known Unknown,short,92,92,92,microsoft_vscode,,191374.0,Known,short,,,,,,,,2,2,1
microsoft_vscode,,191374.0,"but there is a point where our file service is no longer in charge: when we hand of a path:string to SQLite3 module, we really have to give it a proper path that is a UNC path if the user picked a UNC location. So just using URI will not help here, we need to find a way that .fsPath is not breaking UNC paths in all places where we need it.",We hit a limitation when delegating a file path to the SQLite3 module: it must receive a true UNC path for network shares. Converting the path to a URI doesn't solve the issue because .fsPath ends up mangling the UNC syntax. I'm uncertain what the best workaround is to ensure .fsPath doesn't break these paths before they reach SQLite. Any ideas on handling UNC paths correctly in this context would be helpful.,Known,Known Unknown,short,92,92,92,microsoft_vscode,,191374.0,Known,short,,,,,,,,2,2,1
microsoft_vscode,,191374.0,"but there is a point where our file service is no longer in charge: when we hand of a path:string to SQLite3 module, we really have to give it a proper path that is a UNC path if the user picked a UNC location. So just using URI will not help here, we need to find a way that .fsPath is not breaking UNC paths in all places where we need it.","The file service can manage most paths, but once we hand a string to SQLite3, we must supply a valid UNC path if the user chose a network location. Using a URI representation won't work, as .fsPath appears to strip or alter the leading double backslashes. I'm not sure how to prevent .fsPath from corrupting UNC paths in every place we need to pass them to SQLite. We need a reliable method to retain the UNC format.",Known,Known Unknown,short,92,92,92,microsoft_vscode,,191374.0,Known,short,,,,,,,,2,2,1
microsoft_vscode,,191374.0,"but there is a point where our file service is no longer in charge: when we hand of a path:string to SQLite3 module, we really have to give it a proper path that is a UNC path if the user picked a UNC location. So just using URI will not help here, we need to find a way that .fsPath is not breaking UNC paths in all places where we need it.","When we delegate a path string to SQLite3, the driver requires a proper UNC path for network shares. Our current approach of converting to a URI fails because .fsPath modifies the UNC prefix, causing SQLite to reject the path. I don't know the correct way to keep the UNC path untouched while still using .fsPath throughout the codebase. A solution that preserves UNC paths when interfacing with SQLite is needed.",Known,Known Unknown,short,92,92,92,microsoft_vscode,,191374.0,Known,short,,,,,,,,2,2,1
microsoft_vscode,,191374.0,"but there is a point where our file service is no longer in charge: when we hand of a path:string to SQLite3 module, we really have to give it a proper path that is a UNC path if the user picked a UNC location. So just using URI will not help here, we need to find a way that .fsPath is not breaking UNC paths in all places where we need it.","Our file abstraction works until we need to give SQLite3 a path string; at that point it must be a real UNC path if the user selected a network share. Simply using a URI doesn't help, as .fsPath seems to break the UNC format. I'm unsure how to adjust .fsPath handling so that UNC paths remain valid for SQLite. We have to find a way to pass the exact UNC path without alteration.",Known,Known Unknown,short,92,92,92,microsoft_vscode,,191374.0,Known,short,,,,,,,,2,2,1
microsoft_vscode,,191374.0,"Curious: with your custom file system provider on vscode-userdata, are you converting back to a file URI and then handing the fsPath off to the disk file system provider? Or do you convert one level above on the level of the file service? Asking, because I wonder if there is already a bug in your provider where we potentially loose UNC paths.","I'm trying to understand how your custom file‑system provider for `vscode‑userdata` works. Do you first convert the incoming URI back to a file URI and then pass the `fsPath` to the native disk file‑system provider, or do you perform that conversion one layer higher, at the file‑service level? I'm concerned that the current implementation might be dropping UNC paths, but I'm not sure where the conversion happens.",Known,Known Unknown,short,93,93,93,microsoft_vscode,,191374.0,Known,short,,,,,,,,2,2,1
microsoft_vscode,,191374.0,"Curious: with your custom file system provider on vscode-userdata, are you converting back to a file URI and then handing the fsPath off to the disk file system provider? Or do you convert one level above on the level of the file service? Asking, because I wonder if there is already a bug in your provider where we potentially loose UNC paths.","Could you clarify whether the VS Code `vscode‑userdata` file‑system provider translates the URI back to a `file://` scheme before delegating the `fsPath` to the underlying disk provider? Alternatively, is the conversion done at the file service abstraction instead? I suspect there may be a bug that causes UNC paths to be lost, but I need to know exactly where the conversion occurs.",Known,Known Unknown,short,93,93,93,microsoft_vscode,,191374.0,Known,short,,,,,,,,2,2,1
microsoft_vscode,,191374.0,"Curious: with your custom file system provider on vscode-userdata, are you converting back to a file URI and then handing the fsPath off to the disk file system provider? Or do you convert one level above on the level of the file service? Asking, because I wonder if there is already a bug in your provider where we potentially loose UNC paths.","In your custom file‑system provider for `vscode‑userdata`, is the URI first turned back into a file URI and then the `fsPath` handed off to the default disk provider, or is that transformation applied one level up in the file service? I'm wondering because it seems possible that UNC paths could be stripped out somewhere in the process, though I don't have concrete evidence yet.",Known,Known Unknown,short,93,93,93,microsoft_vscode,,191374.0,Known,short,,,,,,,,2,2,1
microsoft_vscode,,191374.0,"Curious: with your custom file system provider on vscode-userdata, are you converting back to a file URI and then handing the fsPath off to the disk file system provider? Or do you convert one level above on the level of the file service? Asking, because I wonder if there is already a bug in your provider where we potentially loose UNC paths.","I'm curious about the flow in your `vscode‑userdata` file‑system provider: do you revert to a `file:` URI and then give the `fsPath` to the native disk provider, or do you perform the conversion higher up in the file service stack? The reason I ask is that I suspect a bug might be causing UNC paths to disappear, but I need confirmation on where the conversion is performed.",Known,Known Unknown,short,93,93,93,microsoft_vscode,,191374.0,Known,short,,,,,,,,2,2,1
microsoft_vscode,,191374.0,"Curious: with your custom file system provider on vscode-userdata, are you converting back to a file URI and then handing the fsPath off to the disk file system provider? Or do you convert one level above on the level of the file service? Asking, because I wonder if there is already a bug in your provider where we potentially loose UNC paths.","When using your custom file‑system provider for VS Code's `vscode‑userdata`, do you convert the incoming URI back to a file URI and then pass the `fsPath` to the standard disk file‑system provider, or is that conversion handled at the file‑service layer? I ask because there might be an existing issue that drops UNC paths, though I'm not certain where the problem originates.",Known,Known Unknown,short,93,93,93,microsoft_vscode,,191374.0,Known,short,,,,,,,,2,2,1
microsoft_vscode,,191374.0,"Thinking a bit more about this, I wonder if URI should statically allow us to register a scheme to behave like a file scheme. Because, we do take an existing well defined URI of scheme file and turn that into vscode-userdata. This in turn means, every client that deals with such a URI would need to ensure that the scheme is converted back to file before using the URI. That seems fragile.

If we could tell URI to treat vscode-userdata like a file scheme, maybe the change would be easier and less fragile?","I've been thinking that maybe the URI API could let us register a custom scheme to act like the built‑in file scheme. Right now we take a proper file:// URI, convert it to a vscode‑userdata URI, and then every consumer has to reverse that conversion before it can be used as a file path. This round‑trip feels brittle, and I'm not sure if we can make the URI layer treat vscode‑userdata as if it were a file scheme to simplify things.",Known,Known Unknown,long,94,94,94,microsoft_vscode,,191374.0,Known,long,,,,,,,,2,2,1
microsoft_vscode,,191374.0,"Thinking a bit more about this, I wonder if URI should statically allow us to register a scheme to behave like a file scheme. Because, we do take an existing well defined URI of scheme file and turn that into vscode-userdata. This in turn means, every client that deals with such a URI would need to ensure that the scheme is converted back to file before using the URI. That seems fragile.

If we could tell URI to treat vscode-userdata like a file scheme, maybe the change would be easier and less fragile?","It occurs to me that the URI module might support a static registration so that a scheme such as vscode‑userdata behaves exactly like the file scheme. At the moment we map a legitimate file URI to a vscode‑userdata URI and then each client must manually map it back to a file URI before performing file operations, which seems error‑prone. Could we configure the URI system to treat vscode‑userdata as a file scheme and avoid this fragile conversion step?",Known,Known Unknown,long,94,94,94,microsoft_vscode,,191374.0,Known,long,,,,,,,,2,2,1
microsoft_vscode,,191374.0,"Thinking a bit more about this, I wonder if URI should statically allow us to register a scheme to behave like a file scheme. Because, we do take an existing well defined URI of scheme file and turn that into vscode-userdata. This in turn means, every client that deals with such a URI would need to ensure that the scheme is converted back to file before using the URI. That seems fragile.

If we could tell URI to treat vscode-userdata like a file scheme, maybe the change would be easier and less fragile?","Considering the current workflow, we take an existing file:// URI, turn it into a vscode‑userdata URI, and then every piece of code that consumes it has to convert it back to a file URI before it can be used. This double conversion feels fragile, and I'm wondering whether the URI library could let us register vscode‑userdata as an alias for the file scheme. If that were possible, the change might become more robust and less prone to mistakes.",Known,Known Unknown,long,94,94,94,microsoft_vscode,,191374.0,Known,long,,,,,,,,2,2,1
microsoft_vscode,,191374.0,"Thinking a bit more about this, I wonder if URI should statically allow us to register a scheme to behave like a file scheme. Because, we do take an existing well defined URI of scheme file and turn that into vscode-userdata. This in turn means, every client that deals with such a URI would need to ensure that the scheme is converted back to file before using the URI. That seems fragile.

If we could tell URI to treat vscode-userdata like a file scheme, maybe the change would be easier and less fragile?","I'm wondering if the URI abstraction could be extended to allow static registration of a scheme that mimics the file scheme. Right now we translate a well‑defined file URI into a vscode‑userdata URI, which forces each client to perform a reverse translation before accessing the file system, and that feels quite fragile. If we could tell the URI system to treat vscode‑userdata exactly like a file scheme, perhaps the implementation would be simpler and more reliable.",Known,Known Unknown,long,94,94,94,microsoft_vscode,,191374.0,Known,long,,,,,,,,2,2,1
microsoft_vscode,,191374.0,"Thinking a bit more about this, I wonder if URI should statically allow us to register a scheme to behave like a file scheme. Because, we do take an existing well defined URI of scheme file and turn that into vscode-userdata. This in turn means, every client that deals with such a URI would need to ensure that the scheme is converted back to file before using the URI. That seems fragile.

If we could tell URI to treat vscode-userdata like a file scheme, maybe the change would be easier and less fragile?","It seems that we currently map a proper file:// URI to a vscode‑userdata URI and then rely on every consumer to convert it back to a file path before use, which introduces a lot of moving parts. I'm not sure whether the URI API provides a way to statically register a scheme that behaves like the native file scheme. Allowing vscode‑userdata to be handled as a file scheme might make the overall change less fragile and easier to maintain.",Known,Known Unknown,long,94,94,94,microsoft_vscode,,191374.0,Known,long,,,,,,,,2,2,1
microsoft_vscode,,252223.0,VS Code suddenly stopped working. not listening to my messages.just showing refresh and dislike buttons,"My VS Code instance just froze out of nowhere. It no longer reacts to any of my keystrokes, and the only UI elements that appear are a Refresh button and a Dislike icon. I have no clue what triggered this behavior or how to get the editor to respond again.",Unknown,Unknown Unknown,short,95,95,95,microsoft_vscode,,252223.0,Unknown,short,,,,,,,,1,1,1
microsoft_vscode,,252223.0,VS Code suddenly stopped working. not listening to my messages.just showing refresh and dislike buttons,I opened VS Code this morning and it instantly stopped accepting any input. The editor screen is blank except for two buttons labeled “Refresh” and a thumbs‑down symbol. I’m completely baffled as to why the program is acting like this and what I can do to fix it.,Unknown,Unknown Unknown,short,95,95,95,microsoft_vscode,,252223.0,Unknown,short,,,,,,,,1,1,1
microsoft_vscode,,252223.0,VS Code suddenly stopped working. not listening to my messages.just showing refresh and dislike buttons,"Out of the blue, VS Code stopped listening to my commands. All I see are two controls – a Refresh button and a Dislike button – and nothing else works. I have no idea what caused this sudden malfunction or how to restore normal operation.",Unknown,Unknown Unknown,short,95,95,95,microsoft_vscode,,252223.0,Unknown,short,,,,,,,,1,1,1
microsoft_vscode,,252223.0,VS Code suddenly stopped working. not listening to my messages.just showing refresh and dislike buttons,"When I launch VS Code it immediately becomes unresponsive to my messages, showing only a Refresh option and a Dislike icon. There’s no error log or warning that explains the situation. I’m at a loss about why the editor behaved this way and what steps might resolve it.",Unknown,Unknown Unknown,short,95,95,95,microsoft_vscode,,252223.0,Unknown,short,,,,,,,,1,1,1
microsoft_vscode,,252223.0,VS Code suddenly stopped working. not listening to my messages.just showing refresh and dislike buttons,The VS Code window just went silent; it won’t process any of my inputs and the UI is reduced to a Refresh button and a Dislike button. I’m completely unaware of any configuration change or bug that could lead to this. Any insight into this unexpected shutdown would be appreciated.,Unknown,Unknown Unknown,short,95,95,95,microsoft_vscode,,252223.0,Unknown,short,,,,,,,,1,1,1
microsoft_vscode,,251913.0,"Hi thanks for filing this issue. Could I ask you several question as I do this investigation?

    First of all I'd like to ask you what version of the Microsoft Pinyin you are using? In the similar issue filed by other Microsoft Chinese IME users: 

    VSCode switching input method fails #251518, it has been found that using the older version of the IME leads to some issues. If you are using the older version, could you upgrade and let me know if you still see this?
    Could you please let me know if you see this happen on the website : https://microsoftedge.github.io/Demos/edit-context/. This is a simplified version of the code that we use to power our input using the EditContext API.
    Could you please let me know if you see this happen on the website : https://insiders.vscode.dev/ when the EditContext setting is turned on?

Thank you.","Thanks for opening this ticket. To continue my debugging, could you tell me which release of Microsoft Pinyin you have installed? In a related case (VSCode switching input method fails #251518) we discovered that the older IME version caused similar glitches, so please try updating and let me know if the problem persists. Also, could you verify whether the issue appears on https://microsoftedge.github.io/Demos/edit-context/ and on https://insiders.vscode.dev/ when the EditContext feature is enabled?",Known,Known Unknown,long,96,96,96,microsoft_vscode,,251913.0,Known,long,,,,,,,,2,2,1
microsoft_vscode,,251913.0,"Hi thanks for filing this issue. Could I ask you several question as I do this investigation?

    First of all I'd like to ask you what version of the Microsoft Pinyin you are using? In the similar issue filed by other Microsoft Chinese IME users: 

    VSCode switching input method fails #251518, it has been found that using the older version of the IME leads to some issues. If you are using the older version, could you upgrade and let me know if you still see this?
    Could you please let me know if you see this happen on the website : https://microsoftedge.github.io/Demos/edit-context/. This is a simplified version of the code that we use to power our input using the EditContext API.
    Could you please let me know if you see this happen on the website : https://insiders.vscode.dev/ when the EditContext setting is turned on?

Thank you.","I appreciate you reporting this behavior. First, may I ask which version of the Microsoft Pinyin input method you are currently using? Prior reports (see issue #251518) indicated that legacy versions can trigger the same symptoms, so an upgrade might resolve it—please test and report back. Additionally, could you check if the problem reproduces on the EditContext demo site and on the VS Code insiders web editor with EditContext turned on?",Known,Known Unknown,long,96,96,96,microsoft_vscode,,251913.0,Known,long,,,,,,,,2,2,1
microsoft_vscode,,251913.0,"Hi thanks for filing this issue. Could I ask you several question as I do this investigation?

    First of all I'd like to ask you what version of the Microsoft Pinyin you are using? In the similar issue filed by other Microsoft Chinese IME users: 

    VSCode switching input method fails #251518, it has been found that using the older version of the IME leads to some issues. If you are using the older version, could you upgrade and let me know if you still see this?
    Could you please let me know if you see this happen on the website : https://microsoftedge.github.io/Demos/edit-context/. This is a simplified version of the code that we use to power our input using the EditContext API.
    Could you please let me know if you see this happen on the website : https://insiders.vscode.dev/ when the EditContext setting is turned on?

Thank you.","Thank you for filing the issue. Could you let me know the exact version number of Microsoft Pinyin installed on your machine? We've seen that older builds of the IME were linked to the failure described in VSCode issue #251518, so updating could be a useful step. Please also try the EditContext demonstration page and the insiders VS Code web instance with the EditContext option enabled, and tell me if the bug shows up there.",Known,Known Unknown,long,96,96,96,microsoft_vscode,,251913.0,Known,long,,,,,,,,2,2,1
microsoft_vscode,,251913.0,"Hi thanks for filing this issue. Could I ask you several question as I do this investigation?

    First of all I'd like to ask you what version of the Microsoft Pinyin you are using? In the similar issue filed by other Microsoft Chinese IME users: 

    VSCode switching input method fails #251518, it has been found that using the older version of the IME leads to some issues. If you are using the older version, could you upgrade and let me know if you still see this?
    Could you please let me know if you see this happen on the website : https://microsoftedge.github.io/Demos/edit-context/. This is a simplified version of the code that we use to power our input using the EditContext API.
    Could you please let me know if you see this happen on the website : https://insiders.vscode.dev/ when the EditContext setting is turned on?

Thank you.","Hi, thanks for submitting this report. To narrow down the cause, could you share the version of Microsoft Pinyin you are running? In a similar bug (VSCode switching input method fails #251518) the root was an outdated IME, so upgrading might eliminate the issue—let me know the outcome. It would also help if you could confirm whether the same behavior occurs on the Microsoft Edge EditContext demo and on the insiders VS Code web editor when EditContext is active.",Known,Known Unknown,long,96,96,96,microsoft_vscode,,251913.0,Known,long,,,,,,,,2,2,1
microsoft_vscode,,251913.0,"Hi thanks for filing this issue. Could I ask you several question as I do this investigation?

    First of all I'd like to ask you what version of the Microsoft Pinyin you are using? In the similar issue filed by other Microsoft Chinese IME users: 

    VSCode switching input method fails #251518, it has been found that using the older version of the IME leads to some issues. If you are using the older version, could you upgrade and let me know if you still see this?
    Could you please let me know if you see this happen on the website : https://microsoftedge.github.io/Demos/edit-context/. This is a simplified version of the code that we use to power our input using the EditContext API.
    Could you please let me know if you see this happen on the website : https://insiders.vscode.dev/ when the EditContext setting is turned on?

Thank you.","Thanks for the issue submission. I need a bit more information: which Microsoft Pinyin version do you have installed? Earlier investigations (see issue #251518) showed that older IME releases could produce the exact failure you're seeing, so please try the latest version and report back. Could you also test the problem on the EditContext demo site and on https://insiders.vscode.dev/ with the EditContext setting turned on, and let me know the results?",Known,Known Unknown,long,96,96,96,microsoft_vscode,,251913.0,Known,long,,,,,,,,2,2,1
microsoft_vscode,,251888.0,"I did some more testing... I feel like adding the Dart-Code Properties folder to the Windows Defender exclusion list may have made this faster. On non-Dev-drives, Defender makes reading files for the first time after a reboot very slow while it scans them. However, I'm not sure this folder was ever previously excluded, and it still doesn't explain why the first result shows up (so clearly Defender has already finished for that file and allowed VS Code to get the contents of it) such a long time before the second one.","After a few more experiments I noticed that putting the Dart‑Code Properties directory into the Windows Defender exclusion list seems to speed things up. On machines that aren't using a development drive, Defender scans files on first access after a reboot and that makes the initial read painfully slow. I can't confirm whether that folder was ever excluded before, and it doesn't explain why the first file appears quickly while the second one still takes ages even though Defender should have finished scanning it.",Known,Known Unknown,long,97,97,97,microsoft_vscode,,251888.0,Known,long,,,,,,,,2,2,1
microsoft_vscode,,251888.0,"I did some more testing... I feel like adding the Dart-Code Properties folder to the Windows Defender exclusion list may have made this faster. On non-Dev-drives, Defender makes reading files for the first time after a reboot very slow while it scans them. However, I'm not sure this folder was ever previously excluded, and it still doesn't explain why the first result shows up (so clearly Defender has already finished for that file and allowed VS Code to get the contents of it) such a long time before the second one.","I ran additional checks and it looks like adding the Dart‑Code Properties folder to the Defender exclusion list improves the load time. When the IDE is on a non‑dev drive, Defender's on‑demand scan makes the very first file read after a restart extremely sluggish. However, I'm not certain the folder was previously excluded, and the timing discrepancy—where the first result shows up promptly but the second is delayed—still puzzles me.",Known,Known Unknown,long,97,97,97,microsoft_vscode,,251888.0,Known,long,,,,,,,,2,2,1
microsoft_vscode,,251888.0,"I did some more testing... I feel like adding the Dart-Code Properties folder to the Windows Defender exclusion list may have made this faster. On non-Dev-drives, Defender makes reading files for the first time after a reboot very slow while it scans them. However, I'm not sure this folder was ever previously excluded, and it still doesn't explain why the first result shows up (so clearly Defender has already finished for that file and allowed VS Code to get the contents of it) such a long time before the second one.","More testing revealed that excluding the Dart‑Code Properties folder from Windows Defender may have reduced the latency. On machines without a dedicated development drive, Defender scans files the first time they're accessed after a reboot, which can be very slow. Yet I don't know if that folder was already on the exclusion list, and I can't explain why the initial file is retrieved fast while the subsequent one still suffers a long wait.",Known,Known Unknown,long,97,97,97,microsoft_vscode,,251888.0,Known,long,,,,,,,,2,2,1
microsoft_vscode,,251888.0,"I did some more testing... I feel like adding the Dart-Code Properties folder to the Windows Defender exclusion list may have made this faster. On non-Dev-drives, Defender makes reading files for the first time after a reboot very slow while it scans them. However, I'm not sure this folder was ever previously excluded, and it still doesn't explain why the first result shows up (so clearly Defender has already finished for that file and allowed VS Code to get the contents of it) such a long time before the second one.","I tried a few more runs and suspect that adding the Dart‑Code Properties directory to the Defender exclusion list helped the performance. On non‑development drives, Defender's real‑time scanning makes the first file read after a reboot unusually slow. The uncertainty remains whether this folder had been excluded earlier, and it doesn't clarify why the first file is available quickly while the second one continues to be delayed.",Known,Known Unknown,long,97,97,97,microsoft_vscode,,251888.0,Known,long,,,,,,,,2,2,1
microsoft_vscode,,251888.0,"I did some more testing... I feel like adding the Dart-Code Properties folder to the Windows Defender exclusion list may have made this faster. On non-Dev-drives, Defender makes reading files for the first time after a reboot very slow while it scans them. However, I'm not sure this folder was ever previously excluded, and it still doesn't explain why the first result shows up (so clearly Defender has already finished for that file and allowed VS Code to get the contents of it) such a long time before the second one.","After further investigation I think that putting the Dart‑Code Properties folder into Windows Defender's exclusion list may have accelerated the process. When VS Code runs from a regular drive, Defender scans files on first access after a reboot, causing a noticeable slowdown. I'm still unsure if that exclusion was already in place, and it doesn't account for the fact that the first result appears almost immediately while the second still takes a surprisingly long time.",Known,Known Unknown,long,97,97,97,microsoft_vscode,,251888.0,Known,long,,,,,,,,2,2,1
microsoft_vscode,,251518.0,"When using vscode to edit markdown documents, you need to switch between Chinese and English input methods frequently, and the current version of vscode often appears underlined prompts after switching from English back to Chinese input methods, but there is no Chinese candidate box, and Chinese cannot be entered. I am wondering if this is a chromium bug that has since been fixed in chromium but for which we do not have the fix yet (since our Electron version is behind a bit).","I'm editing markdown files in VS Code and constantly toggle between Chinese and English IMEs. After I switch back to Chinese, VS Code often shows an underlined warning but no candidate window appears, so I can't type Chinese characters. I'm not sure whether this is a known Chromium bug that has already been patched upstream, which we haven't received because our Electron version lags behind.",Known,Known Unknown,long,98,98,98,microsoft_vscode,,251518.0,Known,long,,,,,,,,2,2,1
microsoft_vscode,,251518.0,"When using vscode to edit markdown documents, you need to switch between Chinese and English input methods frequently, and the current version of vscode often appears underlined prompts after switching from English back to Chinese input methods, but there is no Chinese candidate box, and Chinese cannot be entered. I am wondering if this is a chromium bug that has since been fixed in chromium but for which we do not have the fix yet (since our Electron version is behind a bit).","When writing documentation in VS Code, I need to flip the input method from English to Chinese repeatedly. The editor sometimes displays a red underline after the switch, yet the Chinese suggestion box never pops up, leaving me unable to input any Chinese text. Could this be a Chromium issue that was fixed in newer releases, and we're just stuck on an older Electron build?",Known,Known Unknown,long,98,98,98,microsoft_vscode,,251518.0,Known,long,,,,,,,,2,2,1
microsoft_vscode,,251518.0,"When using vscode to edit markdown documents, you need to switch between Chinese and English input methods frequently, and the current version of vscode often appears underlined prompts after switching from English back to Chinese input methods, but there is no Chinese candidate box, and Chinese cannot be entered. I am wondering if this is a chromium bug that has since been fixed in chromium but for which we do not have the fix yet (since our Electron version is behind a bit).","In VS Code's markdown editor, switching the input method back to Chinese often triggers an underline indicator, but the Chinese candidate list never shows, preventing any Chinese entry. I've seen similar reports that point to a Chromium bug which may have been resolved in recent Chromium updates. Since our Electron version is a bit outdated, I'm wondering if we simply haven't gotten the fix yet.",Known,Known Unknown,long,98,98,98,microsoft_vscode,,251518.0,Known,long,,,,,,,,2,2,1
microsoft_vscode,,251518.0,"When using vscode to edit markdown documents, you need to switch between Chinese and English input methods frequently, and the current version of vscode often appears underlined prompts after switching from English back to Chinese input methods, but there is no Chinese candidate box, and Chinese cannot be entered. I am wondering if this is a chromium bug that has since been fixed in chromium but for which we do not have the fix yet (since our Electron version is behind a bit).","While composing markdown in VS Code, I frequently change between English and Chinese input methods. After returning to Chinese, the editor highlights the text as if there's an error, yet the IME candidate window stays hidden, making Chinese input impossible. I'm curious whether this stems from a Chromium bug that has already been addressed in newer Chromium releases, but hasn't reached our current Electron version.",Known,Known Unknown,long,98,98,98,microsoft_vscode,,251518.0,Known,long,,,,,,,,2,2,1
microsoft_vscode,,251518.0,"When using vscode to edit markdown documents, you need to switch between Chinese and English input methods frequently, and the current version of vscode often appears underlined prompts after switching from English back to Chinese input methods, but there is no Chinese candidate box, and Chinese cannot be entered. I am wondering if this is a chromium bug that has since been fixed in chromium but for which we do not have the fix yet (since our Electron version is behind a bit).","Using VS Code for markdown, I often need to switch the keyboard input from English to Chinese. The moment I switch back, VS Code marks the text with an underline and fails to show the Chinese candidate panel, so I can't type Chinese characters. I suspect this might be a Chromium bug that was patched in later versions, but our Electron dependency is still on an older release, so we haven't received the fix.",Known,Known Unknown,long,98,98,98,microsoft_vscode,,251518.0,Known,long,,,,,,,,2,2,1
microsoft_vscode,,251518.0,"Hi everyone. It would seem this issue happens with the old version of the Microsoft Chinese Pinyin IME. To fix this issue please consider doing one of the following:

    Upgrade to the newer version of the Microsoft Chinese Pinyin IME
    Turn off the setting editor.experimentalEditContextEnabled, soon to be called editor.editContext

The first solution is preferred because the EditContext API solves other bugs related to the IME (such as the incorrect rendering of the IME input). This issue will be closed.",The problem appears to stem from using an outdated build of the Microsoft Chinese Pinyin IME. The recommended remediation is either to install the latest IME release or to disable the `editor.experimentalEditContextEnabled` flag (which will soon be renamed to `editor.editContext`). Upgrading is the preferred path because the new EditContext API also addresses other IME rendering glitches. After applying one of these fixes the issue can be considered resolved and the ticket will be closed.,Knowledge,Knowledge,long,99,99,99,microsoft_vscode,,251518.0,Knowledge,long,,,,,,,,0,0,0
microsoft_vscode,,251518.0,"Hi everyone. It would seem this issue happens with the old version of the Microsoft Chinese Pinyin IME. To fix this issue please consider doing one of the following:

    Upgrade to the newer version of the Microsoft Chinese Pinyin IME
    Turn off the setting editor.experimentalEditContextEnabled, soon to be called editor.editContext

The first solution is preferred because the EditContext API solves other bugs related to the IME (such as the incorrect rendering of the IME input). This issue will be closed.",Investigation shows that the bug is triggered only with the legacy version of Microsoft’s Chinese Pinyin input method. To resolve it you can either upgrade to the current IME package or turn off the `editor.experimentalEditContextEnabled` setting (later called `editor.editContext`). The upgrade is advisable since the EditContext implementation eliminates additional IME‑related rendering defects. Once the fix is in place we will close the issue.,Knowledge,Knowledge,long,99,99,99,microsoft_vscode,,251518.0,Knowledge,long,,,,,,,,0,0,0
microsoft_vscode,,251518.0,"Hi everyone. It would seem this issue happens with the old version of the Microsoft Chinese Pinyin IME. To fix this issue please consider doing one of the following:

    Upgrade to the newer version of the Microsoft Chinese Pinyin IME
    Turn off the setting editor.experimentalEditContextEnabled, soon to be called editor.editContext

The first solution is preferred because the EditContext API solves other bugs related to the IME (such as the incorrect rendering of the IME input). This issue will be closed.","This behavior is linked to the older Microsoft Chinese Pinyin IME, not the newer releases. You have two options: install the most recent IME version or disable the experimental edit‑context flag (`editor.experimentalEditContextEnabled`, soon `editor.editContext`). The preferred approach is to upgrade, as the EditContext API also cures other IME rendering problems. After applying the fix the issue will be marked as closed.",Knowledge,Knowledge,long,99,99,99,microsoft_vscode,,251518.0,Knowledge,long,,,,,,,,0,0,0
microsoft_vscode,,251518.0,"Hi everyone. It would seem this issue happens with the old version of the Microsoft Chinese Pinyin IME. To fix this issue please consider doing one of the following:

    Upgrade to the newer version of the Microsoft Chinese Pinyin IME
    Turn off the setting editor.experimentalEditContextEnabled, soon to be called editor.editContext

The first solution is preferred because the EditContext API solves other bugs related to the IME (such as the incorrect rendering of the IME input). This issue will be closed.","The root cause is the use of an obsolete Microsoft Chinese Pinyin IME. The solution is to either move to the latest IME version or switch off the `editor.experimentalEditContextEnabled` configuration (which will be renamed to `editor.editContext`). Upgrading is the better choice because the new EditContext API resolves several related IME bugs, including incorrect input rendering. With this correction the issue can be closed.",Knowledge,Knowledge,long,99,99,99,microsoft_vscode,,251518.0,Knowledge,long,,,,,,,,0,0,0
microsoft_vscode,,251518.0,"Hi everyone. It would seem this issue happens with the old version of the Microsoft Chinese Pinyin IME. To fix this issue please consider doing one of the following:

    Upgrade to the newer version of the Microsoft Chinese Pinyin IME
    Turn off the setting editor.experimentalEditContextEnabled, soon to be called editor.editContext

The first solution is preferred because the EditContext API solves other bugs related to the IME (such as the incorrect rendering of the IME input). This issue will be closed.","Our analysis indicates that the bug only occurs with the old Microsoft Chinese Pinyin IME. To fix it you should either upgrade to the newest IME release or disable the `editor.experimentalEditContextEnabled` flag (later known as `editor.editContext`). We recommend the upgrade, as the EditContext API also fixes other IME rendering anomalies. After the fix is applied, we will close the issue.",Knowledge,Knowledge,long,99,99,99,microsoft_vscode,,251518.0,Knowledge,long,,,,,,,,0,0,0
microsoft_vscode,,252129.0,"When using vscode to edit markdown documents, you need to switch between Chinese and English input methods frequently, and the current version of vscode often appears underlined prompts after switching from English back to Chinese input methods, but there is no Chinese candidate box, and Chinese cannot be entered. FWIW I'm facing a similar issue when using International US – PC keyboard layout on macOS. A particularity of this keyboard is that e.g. the ' key is a ""dead key"", meaning pressing it produces nothing, but it affects the next key I press (e.g. '+e produces é, '+<space> produces '). Anytime I use a ""dead key"", e.g. if I want to delete inside of a string (d+i+'+), it glitches and adds a 'char at the position of the cursor. Turning offexperimentalEditContextEnabled` does fix the behavior, the IME suggestion does not apply to me (AFAICT).","I'm editing a Markdown file in VS Code on macOS with the International US‑PC keyboard layout, and every time I toggle from English back to Chinese input the editor underlines the text but never shows the Chinese candidate window, so I can't type any Chinese characters. The problem seems tied to the dead‑key behavior of keys like `'`, which modify the next keystroke (e.g. `'+e` → `é`). I noticed that disabling `experimentalEditContextEnabled` stops the glitch, but I'm not sure whether that's the proper fix or just a workaround.",Known,Known Unknown,long,100,100,100,microsoft_vscode,,252129.0,Known,long,,,,,,,,2,2,1
microsoft_vscode,,252129.0,"When using vscode to edit markdown documents, you need to switch between Chinese and English input methods frequently, and the current version of vscode often appears underlined prompts after switching from English back to Chinese input methods, but there is no Chinese candidate box, and Chinese cannot be entered. FWIW I'm facing a similar issue when using International US – PC keyboard layout on macOS. A particularity of this keyboard is that e.g. the ' key is a ""dead key"", meaning pressing it produces nothing, but it affects the next key I press (e.g. '+e produces é, '+<space> produces '). Anytime I use a ""dead key"", e.g. if I want to delete inside of a string (d+i+'+), it glitches and adds a 'char at the position of the cursor. Turning offexperimentalEditContextEnabled` does fix the behavior, the IME suggestion does not apply to me (AFAICT).","When I write documentation in VS Code and switch between English and Chinese IMEs, the editor starts flagging characters with a red underline after the switch, yet the Chinese suggestion box never appears and I can't input Chinese at all. This happens especially on macOS with the International US keyboard, where the apostrophe key acts as a dead key and interferes with subsequent characters. Turning off `experimentalEditContextEnabled` seems to eliminate the issue, but I don't know if that's a bug in VS Code or a misconfiguration on my side.",Known,Known Unknown,long,100,100,100,microsoft_vscode,,252129.0,Known,long,,,,,,,,2,2,1
microsoft_vscode,,252129.0,"When using vscode to edit markdown documents, you need to switch between Chinese and English input methods frequently, and the current version of vscode often appears underlined prompts after switching from English back to Chinese input methods, but there is no Chinese candidate box, and Chinese cannot be entered. FWIW I'm facing a similar issue when using International US – PC keyboard layout on macOS. A particularity of this keyboard is that e.g. the ' key is a ""dead key"", meaning pressing it produces nothing, but it affects the next key I press (e.g. '+e produces é, '+<space> produces '). Anytime I use a ""dead key"", e.g. if I want to delete inside of a string (d+i+'+), it glitches and adds a 'char at the position of the cursor. Turning offexperimentalEditContextEnabled` does fix the behavior, the IME suggestion does not apply to me (AFAICT).","In VS Code's Markdown editor, switching from English to Chinese input method leaves the cursor underlined and prevents any Chinese input from being accepted. The International US‑PC layout on macOS treats `'` as a dead key, so pressing it changes the next keystroke (e.g. `'+<space>` yields `'`). Disabling the `experimentalEditContextEnabled` flag cures the symptom, yet I'm uncertain whether this is the intended solution or a symptom of a deeper IME integration problem.",Known,Known Unknown,long,100,100,100,microsoft_vscode,,252129.0,Known,long,,,,,,,,2,2,1
microsoft_vscode,,252129.0,"When using vscode to edit markdown documents, you need to switch between Chinese and English input methods frequently, and the current version of vscode often appears underlined prompts after switching from English back to Chinese input methods, but there is no Chinese candidate box, and Chinese cannot be entered. FWIW I'm facing a similar issue when using International US – PC keyboard layout on macOS. A particularity of this keyboard is that e.g. the ' key is a ""dead key"", meaning pressing it produces nothing, but it affects the next key I press (e.g. '+e produces é, '+<space> produces '). Anytime I use a ""dead key"", e.g. if I want to delete inside of a string (d+i+'+), it glitches and adds a 'char at the position of the cursor. Turning offexperimentalEditContextEnabled` does fix the behavior, the IME suggestion does not apply to me (AFAICT).","While drafting a README in VS Code on a Mac, I frequently toggle between English and Chinese IMEs, and after each switch the editor shows an underline warning but never opens the Chinese candidate list, effectively blocking Chinese entry. The dead‑key nature of the `'` key on the International US keyboard seems to trigger stray characters when I try to edit strings (e.g. `d+i+'+`). Setting `experimentalEditContextEnabled` to false stops the glitch, but I have no idea if this is a known VS Code bug or something I can configure more cleanly.",Known,Known Unknown,long,100,100,100,microsoft_vscode,,252129.0,Known,long,,,,,,,,2,2,1
microsoft_vscode,,252129.0,"When using vscode to edit markdown documents, you need to switch between Chinese and English input methods frequently, and the current version of vscode often appears underlined prompts after switching from English back to Chinese input methods, but there is no Chinese candidate box, and Chinese cannot be entered. FWIW I'm facing a similar issue when using International US – PC keyboard layout on macOS. A particularity of this keyboard is that e.g. the ' key is a ""dead key"", meaning pressing it produces nothing, but it affects the next key I press (e.g. '+e produces é, '+<space> produces '). Anytime I use a ""dead key"", e.g. if I want to delete inside of a string (d+i+'+), it glitches and adds a 'char at the position of the cursor. Turning offexperimentalEditContextEnabled` does fix the behavior, the IME suggestion does not apply to me (AFAICT).","I'm experiencing a strange VS Code behavior: after changing from English to Chinese input while editing Markdown, the text is marked with an underline and the Chinese IME suggestion panel never pops up, so I can't type Chinese characters. The issue appears to be linked to the dead‑key handling of the International US‑PC layout on macOS, where pressing `'` modifies the next key press. Disabling `experimentalEditContextEnabled` appears to resolve it, but I don't know whether this is a proper fix or just a temporary workaround.",Known,Known Unknown,long,100,100,100,microsoft_vscode,,252129.0,Known,long,,,,,,,,2,2,1
