,statement,toxic,is_toxic
805," Dann werft mal   raus
#querdenken missbraucht Kinder
#quedenken ist asozial
#coronazis
#Covidioten 
#Eckert",1,1
1997,"Ist denn schon wieder der 1. April? Kesselflicker u Scherenschleifer als #Fachkräfte? Warum nicht? Wir haben zurzeit ja nur 2.771.000 arbeitslose Facharbeiter, ebenfalls darunter viele Akademiker, wie Ärzte, Ingenieure, Architekten etc., die #Merkel erst 2015 ins Land geholt hat. https://t.co/ajCuwgVT2s",1,1
1229," da werden die von der AfD aber traurig sein 

Laschet hat das Zeug, die größte - allergrößte - Niete in der Geschichte der CDU zu werden. So etwas wie die Genossen Schulz &amp; Schulz zusammen 😂",1,1
3937,"   Die Hamas hat einen Waffenstillstand vorgeschlagen, die Kriegsverbrecher auf israelischer Seite haben aber kein Interesse daran:

https://t.co/LG9ZQHNGxT",1,1
2374,"    Besonders perfide ist, dass die grünen anstreben naturwissenschaftliche Bildung  einzudämmen, damit ihre Panikmache nicht durch Bevölkerung, die den Sachverhalt wirklich versteht, in Frage gestellt werden kann. Z.B. in Niedersachsen: https://t.co/7fqeeseAsu",1,1
4178, Kritische Stimmen sind in Deutschland unter Merkel unerwünscht. Statt politische Mündigkeit ist  Untertanengehorsam angesagt. Hat in Deutschland leider Tradition. YouTube ist linksgedreht und dient dem linken Establishment als Erfüllungsmedium.,1,1
2645,"     Sämtliche Experten weltweit haben den Verlauf plus minus korrekt vorhergesagt.

Nur weil die Vollpfosten von der Farce Force ihre politische Agenda von NoCovid verfolgen bedeutet das nicht, dass seriöse wissenschaftliche Arbeit nicht möglich ist.",1,1
49, Willkommen im Club. Deutschlands Untergang ist nicht mehr ferne. Dank an die Dummheit der Wählerschaft. Von Demokratie zum Kommunismus. Die Dämonisch Dunkelheit Merkel und ihr Regime sind die größten Verbrecher und Lügner Deutschlands. Berlin muss Fallen.,1,1
277,"  Daher setze ich mich auch immer wieder fürs ""gendern"" und die Töchter in der Bundeshymne ein. Ich verabscheue weibl. Wesen die devot und dumm sind,  patriarch. Strukturen unterstützen indem sie gegen diese wichtige Sichtbarmachung durch Sprache u. den Respekt vor Frauen hetzen! https://t.co/mZCi7euvfS",1,1
401,   Männerherrschaft hat zu Kriegen in allen Jahrhunderten geführt..unendliches Leid war und ist die Folge. Vielleicht machens die Frauen besser? Die Chance haben sie verdient!,1,1
1872,"     Sind nur zum Teil Corona Tote, und ein Teil von über 1 Mill. Toten.
Seit wann werden jetzt die Toten über die Jahre weiter gezählt?
Typisch, merkt Ihr nicht wann es reicht mit Eurer dummen Hetze.

#allesdichtmachen  #HeinerUltras 💚",1,1
1039,"    Mein Respekt das sie sich so Mühe mit schreiben machen und erklären für ungebildete die nur einseitig sich informieren und nur unseren zensurierten westlichen Medien glauben. Solche die sich nur einseitig ""bilden"" und meinen sie wissen Bescheid, ignoriere ich oder Klo runter",1,1
1612,"   Der #Merz steht unter dem Einfluß von #Kretschmann:

  ""Überleg' Dir mal: es fahren 5 Millionen
   Elektroautos rum. Wo tanken die?? [...] 
   Wie soll das funktionieren?""

Dumm &amp; dumm gesellt sich gern...

https://t.co/qR2dJOSeQH",1,1
2086," Wenn die antidemokratische, diskriminierende und diktatorische Ausgrenzung der AFD durch alle anderen Parteien nicht mehr allgemein geduldet und toleriert würde, würden noch einige Prozente mehr drin liegen. Solche Diffamierungspolitik ist einer Demokratie unwürdig!",1,1
4642,"  Alter Schwede, du brauchst weder Nazis noch linksversiffte Spinner um deine Wertigkeit aufzupeppeln! Be real, sei einfach eine Türkin, sei echt! Diese Minderwertigkeitskomplexe sind nicht gut! Das rächt sich! Wie wäre es wenn du auf diese ganzen Almans scheißen tust?",1,1
3008,"  Wieso missbrauchen Sie dieses wunderschöne einzigartige deutsche Wort ""Querdenker""? Ein wahrer Querdenker ist ein Nonkonformist, ein Kreativer, während Sie mit den braun-blau versifften Wölfen heulen. Schämen Sie sich! Schämen Sie sich, dass Sie mit Nazis gemeinsame Sache machen!",1,1
1911,"    braune Scheisse!

wundert mich nicht bei der Nazi-Enkelin Storch und der #LügenWeidel die in den braunen Arsch des Schweizer Millionärs gekrochen ist um illegal Spenden zu schorren

sind in meinen Augen beide #Nazi-Weibsbilder",1,1
2827,   Deren Job ist es Merkel den Arsch zu lecken,1,1
3515,"Das wir dieses scheiß Virus nicht bekämpft bekommen, liegt doch an genau solchen #allesdichtmachen Idioten.
Keine Rücksicht auf andere.
Motto: Ich fühl mich gut. Selbst wenn ich es in mir habe gebe ich es eben an all die Unbekannten im Supermarkt weiter.
Sollen die doch verrecken",1,1
2868,"#allesdichtmachen 
#niewiederaufmachen 

Eurer blöde Schauspielkarriere sollen WIR euer Publikum doch zum Opfer fallen, wegen scheiß Eintrittsgeldern....mehr nicht

so viel zu eurer ""Meinung"" und wie Regierungskonform eure ""Kritiker"" ja alle so sind:

https://t.co/K3JCHc74Tj",1,1
2069," Kompletter Käse . #HaltDieFresseSpringerPresse ihr seid wirklich der Gipfel der Verblödung . Über euren übergriffigen,  schmierigen JR braucht man garnicht zu reden oder das Opfer Rotzheimer",1,1
3201,"Was für eine geistige Entgleisung! 🤦🏼‍♀️ #Baerbock kann noch nicht einmal Kobalt von Kobold unterscheiden, und die soll studiert haben? Aber das macht nichts, Deutschlands🇩🇪 Regierung ist schon jetzt ein lächerlicher Haufen. Da kommt’s auf einen mehr oder weniger nicht an. https://t.co/hayBN2K0fG",1,1
3682," Ich finde Deine Berichterstattung sehr viel verstörender..Aber anscheinend bekommst du das Geld von der Afd immer in der Dumm Skala! Von 10,  könnte auch aus der Bild sein( wenig Geld) bis 1,ist so dämlich das es auch Afd Wähler verstehen ( viel Geld). Ist ja alles dabei. https://t.co/341E8n4Cta",1,1
3684, ihr solttet euch wenigstens ein bisschen in Sachen Geschichte schlaumachen! bevor ihr totalen Schwachsinn verbreitet!  1.Mai Kampftag der Arbeiter – 1933 wird er zum Nazi-Feiertag. also demonstriert ihr Linken ausgerechnet an einem Nazi Feiertag! 😆,1,1
2263,   Vielleicht die tausenden Toten die dieser Drecksverein auf dem Gewissen hat?,1,1
698,     Tja das ist ein Problem aber so ist es halt wenn man mit Feiglingen in einem Land lebt und sich demokratischen Regeln fügt. Diese Pandemie hat gezeigt wie zerbrochen unser Land ist. Bin froh wenn ich hier weg bin.,1,1
889,"   Stimme ich vollumfänglich zu. Im Bundesministerium für Bildung und Forschung ist Antisemitismus täglich Praxis. Das ist meine Erfahrung, wegen jüdischer Wurzeln wird man geächtet,v.Höhergruppierungen ausgeschlossen,vergewaltigt,sex. belästigt,erpresst,diffamiert,isoliert uvm.",1,1
2366," Wir der Opa so die Enkelkinder. Der Faschsmus ist Feminin, Linksgedreht und Politisch Korrekt. Der ist in  der Deutschen DNA einprogrsmmiert. Früher die Juden , jetzt die "" Ungeimpften"" . Alle 5O Jahren plat bombardieren. Man braucht keinen Grund. Die Deutschen kennen den schon",1,1
4697," Solidarität mit Arbeitnehmern heißt bei #Merkel, dass wir die höchsten Steuern zahlen, länger arbeiten und dann noch eine niedrige Rente bekommen, damit Merkel unser Steuergeld mit vollen Händen an andere Länder und Sozialschmarotzer verschenken kann. #1Mai #Dexit #MerkelMussWeg",1,1
3989,  Der geistige Müll von Frau Baerbock wird immer unerträglicher. Was ist denn mit den Frauen die ihre Kinder großgezogen haben und nicht selbst verdienen konnten oder in den vielen Berufen tätig waren mit geringem Gehalt.  Wie Weltfremd sind die Grünen.??,1,1
747,  Ich lasse mich nicht zum impfen zwingen. Da hilft die ganze Angst und Panikmache der Altparteien nicht. Wählt diese Versager und Heuchler endlich ab. #bundestagswahl2021 👍💙🇩🇪 https://t.co/SS7zMdSMDN,1,1
2478,"   Wer diesen Philodoofus mit seinen allen wissenschaftliche Standards unterbietende Idiotien (z.B_ Bekämpfung des Islamismus == Antisemitismus)  ernst nimmt, der ist nur noch dümmer als er selber. Offenbar gibt's davon mehr als man erwarten würde.",1,1
3480,"   dikka die grünen wollen kein minarett verbot in Deutschland erteilen check es junge afd ist müll und da kommt keine der müll parteien ran. Und wenn du die AfD wählst, nehme ich deine Mutter so krank durch dass sie keine Pussy mehr haben will du hruensogn nazi",1,1
35,"Öffnungspläne ab 17. Mai

es hilft nichts - der Rotzlöffel MUSS WEG ‼️

wir ERLAUBEN IHNEN NICHT, dass sie wie schon das ganze Jahr über verfassungswidrig weiter agieren 

W I E N  1. Mai ‼️

https://t.co/b3yOnnbJtN https://t.co/XtjmQhDBxX",1,1
2703,   Wirklich der allerletzte Abschaum der Brinkhaus! 🤮🤢💙,1,1
1339," Die AfD ist eine faschistische Terrororganisation

Halt die Fresse Nazi",1,1
4324,"Ich kleiner Winz-Account kann ja zum Glück noch etwas sagen über Querdenker, Schwurbler und andere Pandemieleugner, ohne dass sie mir die TL vollrotzen. Ich kann sagen dass das Lack-Saufende Vollidioten sind denen man mal so richtig ins Gehirn gemulcht hat. Passiert nix. Geil",1,1
4258,"Jeder der den grünen widerspricht paßt nicht in ihr System und muss beseitigt werden
Ja und in eure Eigenheime kommen dann Merkel Goldstücke 
Also past auf was ihr  wählt!
Grüne und CDU CSU sowie SPD sind im Moment die größte Gefahr für Deutschland
Noch weit vor den Islam",1,1
660,"In unserem Kampf gegen raffgierige asoziale Vermieter die von der BRD-Verfassung geschützt werden  sehen wir uns gezwungen Barrikaden zu errichten und Brände zu legen.

Raus zum revolutionären 1. Mai!

 #b0105 #Antifa",1,1
3965, Ja. Laschet hat was am Kopf. Der gehört wie der gesamte groko Misthaufen in eine idioten Anstalt eingewiesen. Rothäute Schwarze Grüne sowie gelbe sind für mich unwählbar.,1,1
1248,"  Soviel Geld hat die AFD nicht um JEDEN zu BEZAHLEN der nicht über eine Wahrnehmung verfügt die Regime Treu ist. 
 CDU, GRÜNE verfügen durch Korruption,Vetternwirtschaft, Lügen und vergessen von Geldern MILLIONEN EURO.

Also vergessen Sie das TOTSCHLAGARUMENT AFD,zieht nicht mehr",1,1
3164,   Eine absolut berechtigte Frage. Nachdem die cdu meinte laschet ist eine geile Idee ist das Thema eh gelaufen. Kobold Anna bekommt den Job ohne Wahlkampf geschenkt.,1,1
4088,    Lol bei euch irren und saudummen linken Spinner ist wohl alles Nazi hm? Von dir Abschaum lass ich mir sicher nicht den Mund verbieten! Geh in die Gosse zurück wo du hergekommen bist! Ekelhaft!,1,1
1460,   Genau das ist die Wahrheit Kooperation mit Ditib # Inportation des Antisemitismus #,1,1
661,"#b0105 Der #Linksterrorismus zeigt seine hässliche Fratze. 
Und die ganzen #Wohlstandslinken wie #FFF, #BLM ""Aktivisten u.a. sind auf dem Weg es ihnen gleich zu tun!
Diesen Abschaum gilt es zu bekämpfen.",1,1
2419,"  Rassismus ist keine Erkrankung! 
Dieser Dumme Hund ist einfach gestrickt, aggressiv und gewaltbereit. Dafür muss man keine psychische Erkrankung vorliegen haben.",1,1
4266,"Man lasse sich von zwischen AfD und Grünen herumirrenden Korruptionsschwindsüchtlern der #CDU nichts weißmachen.

Diese sind den Grünen doch 100% näher als den Gegnern der Grünen.

Einziger echter Gegner der Grünen und ihrer Wahnsinnspläne: die  #AfD.

Like it or not.",1,1
4628,"    Zum Young leader wird nicht jede*r gewählt. Nur mal so eine Sache, wo mehr als nur die Links- grün  versifften hippie- Feministinnen finden dass ACAB was kann",1,1
3238,"  Dieser Typ war auch davor ein ekelhafter und gefährlicher Mensch vlt versteckt hinter einer Fassade. Weder Stress wegen Arbeit und corona, noch die sonst übliche Ausrede alk sind ursächlich. Und #HaltDieFresseBild belästigt Angehörige und packt es hinter paywall",1,1
2062,"    Es ist die EU die die Armut in der sog. 3.Welt fördert und damit die Fluchtlingsströme befeuert. Und das ganz wissentlich im Interesse der internat. Food Industry. Es gibt zig Dokus darüber.
Genmanilpukierte Lebensmittel machen Bauern von der Industrie abhängig.",1,1
3020,      Geht nach China ! ! ! ( und bleibt da ) https://t.co/Q1ulcf77xz,1,1
4814," Das habe ich zum Glück schon in meiner Jugend erkannt
das #HaltDieFresseBild ein hetzerisches und reißerisches
Medium ist.
Deshalb habe ich #HaltDieFresseBild nie gelesen und auch sonst keine #HaltDieFresseSpringerPresse gelesen,
geschweige jemals Geld für diesen Müll ausgegeben",1,1
3068,"   Sagte der dumme Querdenker-Hildmann-Anhänger-Nazi-Trottel, der als Kind immer auf seinem Kopf gefallen ist und tragende Schäden davon getragen hat🤦🏻‍♂ Geh woanders spielen, hier mag dich keiner!",1,1
3780,   Ich fühle mich als Hetero nicht diskriminiert du homophobes Stück scheiße.,1,1
4274,"Feinde der Menschen, Feinde der Demokratie, dreckige Hetzer, jämmerliche Lügner, arrogante Flegel und im Grunde zu nichts zu gebrauchen. Das ist für mich die AfD. Eine Schande für jeden anständigen Menschen.",1,1
2438,"  Ich gehe davon aus, dass nach der Regierungsübernahme durch die AfD die grünen Spinner im Rahmen einer ""Arbeitsbeschaffungsmassnahme für gescheiterte Despoten"" zum Rückbau dieses Irrsinns eingesetzt werden.",1,1
140,"   Das ist genau die Sprache, die von den Rechten Rattenfängern verstanden und selbst benutzt wird, oder wie finden Sie ""Schwuchtel"" ""Messermänner"", ""Kopftuchmädchen"" und andere ""Taugenichtse""?",1,1
2633,"  „Mutti“ hat einen ziemlichen Knall! Wenn ihr nicht so vollkommen gehirngewaschen wäret, wüsstet ihr, dass das nicht Querdenker verbreiten. Cool wäre es, wenn ihr angstbesessenen, obrigkeitshörigen Coronajünger euch einschließen und normale Menschen in Ruhe lassen würdet. https://t.co/S58E1Re8XU",1,1
4402, Ich möchte nicht wissen wieviele von diesen Vollidioten sich Masken umsonst erschlichen haben und sogar schon geimpft sind... Heuchler und Lügner.. Die S21 Gegner erkennt man heute noch an den Buttons.. Diese Feiglinge trauen sich das nur in der Masse... Wie die Nazis halt...,1,1
597," Beide Seiten sind bestehend aus dummen, alt-idiologischen Maden die nichts anderes als Macht im Kopf haben. Keine der Seiten ist bemüht etwas zu ändern (auf führungsebene). Israel hofft darauf das die ""Palis"" verrotten bevor sie zur Gefahr werden und umgekehrt Bürgerkieg.",1,1
4735,Der Afd gefällt das. Meine Fresse ist das mal wieder alles behindert https://t.co/EqGXCmW0VP,1,1
3549," Wir müssen auch  bezahlen, das ist das eigentliche Problem. Das ist so eine Verschwendung, diese rechtspopulistische Pfeife gehört eigentlich zu Mario Barth deckt auf... 

#nzsraus #fcknzs #NieMehrCDUCSU",1,1
4167,"  Ich kanns nicht mehr hören, auf jede Kritik wird mit das Wort Schwurbler oder Querdenker draufgeknallt und sofort ist das Problem erledigt. Differenzierte Auseinandersetzung erfolgt nicht mehr sondern man versucht nur noch andere Mundtot zu machen. Aber was erwartet man vom ÖRR.",1,1
4180,"Wie war das mit #Corona ,lebensgefährlichen #Virus und Kontakte vermeiden etc!? Leute ernsthaft. Wer soll diese ganze corona scheiße in Kombi mit Massendemos noch glauben und ernstnehmen!?  #b0105 #Berlin #Infektionsschutzgesetz https://t.co/VNSDBPEDUi",1,1
4763,"  Quatsch! 

Die welche den Brief geschrieben haben sind nur ein undemokratischer erbärmlicher Haufen von Systemlingen und Abnickern.

Bei Herrn #Reitschuster muss man die Masse der Bevölkerung hinter ihm sehen, welche sich einen kritischen Journalismus wünscht, wie er ihn vertritt",1,1
3372,"   Private Entscheidungen dürfen keine Öffentlichkeit haben? Und wer entscheidet das? Ihr, dar afd dreckspack?😂😂😂🧡🇩🇪",1,1
675," Die AfD hat fertig. Der Putsch ist schon lange gescheitert, aber das peilt ihr Braunies ja nicht. Wie Hitler, der hat auch nicht gewusst wann der Kampf verloren ist.",1,1
1341,"   Na klar, wieder durch solche Behauptungen vom eigentlichen Problem ablenken: Der größte Teil des #Antisemitismus ist importiert. Falls ein genaues Datum gewünscht wird: seit September 2015. Aber solange das nicht offen gesagt werden kann, wird sich nie etwas ändern.",1,1
292,"Die  hat 32 Jahre lang #Deutschland 🇩🇪 durch #Lobbyismus verhökert!

#NiemehrCDU!!! … https://t.co/6czON37fmL",1,1
3707," Die sind halt ausser sich vor Freude, dass sie die Juden endlich los sind; jetzt kann man sich getrost und lautstark dem ""naechsten Problem"" zuwenden. #keinfussbreit",1,1
278,"  Ja, aber zu groß müsste eine schwarze Opposition meiner Meinung nach auch nicht sein. Vielleicht so 15%. Zusammen mit AfD und FDP wären das dann faire 22%. Mehr Vollpfosten braucht kein Parlament. 😉",1,1
4006,"   Die bekommt man schon nicht in den Griff, dann holt man sich das Unheil noch dazu. Und das noch in allen Bereichen. Sexual Delikte, Antisemitismus, Terror, Raub und Ehrenmord, Clan Strukturen und die ganze Batterie",1,1
2897," Klar diese Denkweise der täter.
Der staat allen vorran mit seehofer die hartz4 und Corona zuschüsse mit einmal 150€ befürworten sorgen damit für hass und gewalt.
Viele sehen darin eine legitimitaton ihrer gewalt zu mehr Gerechtigkeit. 

Hartz4  ist nazi denke arbeit macht Frei.",1,1
2521,"Ich werde das Gefühl nicht los, dass die linksgrünen Faschisten der #Merkel Regierung, Terroristen der #Antifa über Stiftungen finanzieren. 

Ich kann es leider nicht belegen.

Die #Gruenen totalitären Faschisten dürfen auf keinen Fall an die Macht!

#hartaberfair Merkel  #Impfen",1,1
2319,"    Du bist einfach fucking AfD Dreckspack. Meine Meinung, musst Du wertfrei akzeptieren 😂😂😂🧡🇩🇪",1,1
3664," Nachdem ihr auf die Panikmache der DIVI reingefallen seid, gibt deren Lobbyist ganz überholten zu, das er sich geirrt hat. Bravo CDU... ausser Korruption scheint bei euch irgendwie Nichts zu klappen und auch das nur unzureichend.",1,1
4834,"Egal, wie du dazu stehst, aber diese Regierung drangsaliert die Schwächsten. Sie stochern jedem Grundschulkind in der Nase herum, zucken aber vor einer Testpflicht in Unternehmen zurück. Damit ist bewiesen, wie menschenverachtend sie sind. #Altmaier #AnneWill #bundeslockdown",1,1
4914,     Ist die AfDeppin dumm oder dumm?,1,1
880,"Demokratie und Sicherheit ??? Beides hat Merkel eindrucksvoll geradezu ausgeschaltet ...  Euch ist doch das Volk egal nur weil Wahlen anstehen wird wieder ordentlich der sprichwörtliche Honig ums Maul geschmiert, Ihr seid keine Volkspartei dafür aber die AfD umso mehr https://t.co/QkIEEzsYub",1,1
1458," Wenn man als Querdenker schon zu blöd war, sich bewusst zu infizieren ...

Kennt wer die Szene aus ""Der Schuh des Manitu"", wo Abahachi erfolglos versucht, einem Toten die Augen zu schließen und Ranger sagt: ""Was kannst du eigentlich?""

Das würde ich sie dazu gerne fragen.",1,1
1361,"Das sind KEINE Flüchtlinge, sondern Wirtschafts-Migranten und zwar FAST alle !!      :  Die Flüchtlings-Frau mit der 3000-Euro-Designer-Jacke oder:  Die Flüchtlings-Verarschung, Zwangs-Islamisierung und Umvolkung Deutschlands gehen immer weiter !!: https://t.co/nhPM4ei3QL",1,1
4433, btw wenn ein rechtsextremer Fraktionsvorsitzender ist... Digga wie kann man dann allen ernstes sagen die AfD sei keine rechtsextreme Partei?! Jeder der die wählt ist nicht nur eher rechts und konservativ sondern n richtiger Hurensohn frfr,1,1
3513,"Die israelische Polizei sieht zu, wie Juden in Jaffa Steine ​​auf Palästinenser werfen.
#GazaUnderAttack #SavePalestine #SaveSheikhJarrah #IsraeliTerrorism #IsraeliCrimes #IsraelTerrorist https://t.co/6FIDM1C17e",1,1
4968," In Germany we don't say "" Wir brauchen FFF Germany damit sie unser Klima retten!"" We say: ""Dieses arbeitslose faule Gesindel soll erstmal arbeiten gehen, dann dürfens a mitreden!"" And I think that's great!",1,1
4086,"   Und deine Meinung hat mit Ahnung so viel zu tun, wie der HSV mit der 1. Bundesliga.",1,1
2375,"""Querdenker""-Experte: ""Keine Impfungen gegen Verschwörungsideologien""  https://t.co/XuJNGXZeiv via  Diese Dummen die hoffendlich alle sich anstecken und und nicht behandelt werden dürften solch kranke Hohlköpfe",1,1
749,              Wer finanziert diesen Haufen von Rechtsradikalen und Nazis in der AfD ? Bestimmt nicht der kleine doofe Rechtsextreme von der Straße!,1,1
1061,"   auch drecksvereine. greenpeace, und die fifa sowieso,die sind dazu noch ein korrupter drecksverein.",1,1
330,"So etwas ist der Politik scheissegal. Die #NoCovid  Sekte hat das Land übernommen und wird nicht stoppen, bis es irreparabel ist. 

""Was den Kindern bleibt, sind der Bildschirm und das Essen"" https://t.co/MpCAqibqFO via ",1,1
2523,"Istg Coronaleugner, Impfgegner und Querdenker sind die größten Snowflakes dieser Welt. - Liebe Grüße, eine Vertretung der Gen Z 🖕🏻🖕🏻🖕🏻#Bundesnotluege",1,1
3306," Es genügt!
Für den dummdeutschen Untertan genügt das vollkommen.
Intellekt und Intelligenz sind in DE mittlerweile nicht mehr gefragt und wandert zunehmend aus.
Was zurück bleibt, ist mehrheitlich offenbar für dieses dämliche Merkel-Geschwurbel in höchstem Maße empfänglich!",1,1
1674,"bequatschen
was sollen die abgeranzten (quoten)hackler_innen schon dazu wissen, die haben ja nichtmal powi oder gender studies studiert 😯",1,1
2049,   Die kann man nur dummerweise nicht abschieben,1,1
2347," Erstmal müssen wir die Verbrecher von der #CDU aus den Parlamenten schmeißen Herr Merz!

#Infektionsschutzgesetz 

🇩🇪😷🇩🇪",1,1
4273," Ich kann, aber keine der Meinungen als sinnfrei usw abstempeln. Da ist eine logische Meinung hinter und die AfD vertritt die halt am Besten. Auch wenn die Politiker Schmutz sind. Und alles was der Union schadet find ich erstmal gut.",1,1
677," Dem ist nichts hinzuzufügen. 
Gedächnisverlust? Da gibts doch was von Rohtiopharm “Kinkobil”, könnte das nicht auch in der Blau Braunen Güllegrube eingesetzt werden? Eine Dauermedikation gegen Degeneration und fortgeschrittenem Schwachsinn. #FCKAFD #FCKNAZIS #afdistnichtnormal",1,1
2237,"  Naja, das die #AfD eine #Nazi Partei ist, darf er ja nicht sagen. Sonst kommen ja, wie in Belarus Klagen. Das meinen diese Faschisten unter #Meinungsfreiheit: Nur Ihre Meinung gilt, andere werden 'gejagt', 'entsorgt', oder direkter, gleich 'an die Wand gestellt' und 'erschossen'",1,1
247,"  Von Schuld steht da nichts.
Meiner Meinung nach ist das kulturell bedingt,  was ja auch okay wäre,  würden sie ihre Kultur in ihren Land ausleben, wo wir sie nicht finanziell unterstützen müssten. 
Ich weiß, ich bin ein Nazi.",1,1
439," Super  .Dann kostet Benzin bald 5 Euro Liter.   / Autos sollen  sowieso weg /  co2 Steuer... da graust einem vor so eine hoffe nicht Kanzlerin 
Da könnt i jetzt schon kotzen   schlimmer als merkel !!!!",1,1
4845,"  Kontinuierlicher Rassismus gegen Deutsche die schon immer hier sind. Irgendwann schnellt meine Faust nach vorne,  auf die dummen Mäuler.",1,1
2284,"  Traurig daran ist, dass die heutige #Antifa als gewalttätiger SPD- und Linken-Sturmtrupp viele wirkliche Antifaschisten abstößt  und sogar diskreditiert.
Darum:
Jeder anständige Mensch ist #Antifaschist. Aber kein anständiger Mensch ist #Antifa.",1,1
3024," Das muss rechtsextreme Realitätsverweigererbewegung heißen.
#Demokratiebewegung  ist etwas anderes als der Wanderzirkus von #querdenken
#Coronazis
#Covidioten",1,1
3548,"  Wird sie tun. Also die Hilfe der Linkspartei beanspruchen. Dann ""Gute Nacht"" D. R2G ist der Untergang der volkswirtschaftlichen Vernunft. Somit im Herbst CDU/CSU + FDP wählen.",1,1
3479,    Alles der gleiche Typ Mensch. Wer jetzt noch fragt wie die Lager möglich waren braucht sich nur die Leute mit den roten Punkten anzuschauen oder die ZeroCovid deppen.,1,1
2505,"  Die Kommentare hier, drüben bei FB und auf allen anderen Kanälen, zeigen deutlich, dass das eben ganz genau die AfD ist. Ihre Wähler sind der intellektuelle Bodensatz unserer Gesellschaft.
Das kann ich anhand jedes einzelnen Profils, Eurer Wähler, millionenfach beweisen.",1,1
3530," Ein weiterer geistiger Tiefflug der #afdistnichtnormal 

Immer wieder erstaunlich, dass man mit sowenig Hirn lebensfähig ist.

#AfDrausausdenParlamenten #fckafd",1,1
3424," .....das lichtscheue Gesindel aus einer Melange von Antifa, Verdi, SPD und Migranten zeigt mal wieder seine hässliche, linksgrüne Fratze!",1,1
1756, DIGGA WAS FÜR IN JEUENSOHN DUGGA DER FÜHLT WICH AUCH IN SEINER ALMAN ROLLE GLAUBE DER HAT ZU WENIG AUFMERKSAMKEIT VON MANA UND PAPA BEKOMMEN DUGGA WTF Digga was das für ein Mensch junge der größte Alman den ich kenne junge Digga wtf Hilfe der braucht drohend Hilfe,1,1
1389,  Ach zu dumm zum scheißen Trinchen. Die braune Kacke staut sich bei dir schon im Gehirn #fckafd #FCKNZS,1,1
4913,"Im Frauenbild der #noAfD spiegelt sich die völkische Ideologie der Partei wieder

Einer im März 2020 erschienenen &amp; vom Spiegel besprochenen Studie zufolge geht es Frauen in den Ländern am Schlechtesten, wo „rechtsnationale Parteien &amp; Fundamentalisten“ regieren.

#Sexismus #BTW21 https://t.co/Mkq227BlLH",1,1
2687,   Scheint so ein Problem der Linken zu sein immer die dümmsten in den Vordergrund zu stellen.,1,1
1222,"Ich sag wies ist.

cDU, richtiger Scheißverein.

Keine Haltung, viel Versagen, massig Filz und ein Haufen Maaßen. Sich aber für den scheiß King halten.

#niewiedercdu #niewiedercsu",1,1
4945," Ich befürchte auch eine kleine Gehirnwäsche unserer Kinder durch den ein oder anderen NoCovid-Lehrer.

""Es ist wichtig, dass Ihr Euch impfen lasst."" oder sowas in der Art ist vermutlich nicht verboten. Oder doch?",1,1
3054,"     DIe meisten #stayathome Verfechter, die alles getan haben um sich nicht zu #infizieren, brav neg. #PCR Tests vorweisen, haben nicht begriffen.  

Ihr bleibt UNFREI.

Ihr werdet verarscht von #Merkel und Kumpane.

Kommt heraus und reiht euch ein. 

Gemeinsam,  für die Freiheit .",1,1
1826,    Deine aussagen sind vollkommen daneben;) zahlen leute keine steuern hab sie nich das recht Häusern zu wohnen so einfach ist das so funktioniert rechtsstaat...davon verstehen moslems nix da macht man ehrenmorde und so nen scheiß,1,1
2301,"   Auch Hitler wurde demokratisch gewählt! Wie armselig, we so geistigem Dünnschiss abläßt! Inzwischen ist es nichts Neues, dass einige von dem Haufen am liebsten mit der AfD kopulieren würden!",1,1
1729,"Brrrrrr ist das kalt draußen, ich geh dann mal wieder rein, ins eingesperrt sein. Ach muss ja noch beim Bäcker rein, Brot ist alle. Hoffentlich ist der nicht auch schon  eingesperrt! Diktaturen haben ja so ne Art die Leute wahllos zu verhaften 😱
#HaltDieFresseBild",1,1
2124," Na, weil die Industrie den Politikern mit Schmiergeldkürzungen und sonstigen Privilegienstreichungen droht. Und weil's nach dem Aus wegen Korruption nach mangelnder Mitwirkung dann auch keinen hochdotierten Fluffyjob in der Wirtschaft gibt. Da zittern denen dann doch mal die Knie",1,1
1408,"Diese Querdenker haben nicht mal Respekt vor dem Tod eines lieben Menschen.
Pfui!
Haben die zu oft irgendwelche Drogen konsumiert?
Ich las davon, dass das massiven Verfolgungswahn auslösen kann.
Warum stoppt diese Gruppierung niemand?
https://t.co/l8Wullddvr?",1,1
4263,  Es giebt dazu keine wirklich Gute Statistik denn außer Nazis interessiert es niemanden wo her ein Täter kommt oder welche Sprache ein Täter spricht oder gar welchen Glauben ein Täter hat. Das sind wirklich nur Dinge die Rechte Idioten wissen wollen,1,1
335,"  Wie gesagt, ich arbeite seit über 25 Jahren in der Medizin, hab schon unzählige Menschen geimpft. Ich informiere mich nicht nur über die Inhaltsstoffe, aus seriösen Quellen, ich weiß sogar was die machen. Du liest ja offensichtlich nur das, was dir Querdenker vorlügen.",1,1
859,"  Oh, ein kleiner Meldling. Melde, wie Du willst, denn rausgehen tut der Text nicht. Warum sollte es auch. Ihr merkt es nicht einmal, wie sehr ihr euch wieder einmal in eine Richtung entwickelt, die einfach nur krank ist. Und hinterher will es dann wieder keiner gewußt haben",1,1
4550,"  Wie kann man so ein Hetzer, Verleumder und Idiot sein? Unfassbar.
Hätte die Deutsche Regierung mehr Mut gehabt, hätte man das schon im Oktober durchgezogen und wir wären jetzt - mindestens - so gut aufgestellt wir die Briten. 
#HaltDieFresseBild",1,1
4578,"Almans sind rassistisch, sexistisch, homophob, haben Angst vor ""Gendergaga"",  finde es okay sas woanders Menschen ausgebeutet und strukturell abgewertet werden, aber wehe einer wird mal laut mit der Stimme und sagt ein Schimpfwort.

..",1,1
4598,".. und die Menschen dann skrupellos mit dem Dreck und Lärm des Militärs alleine lassen. Die Pfälzer waren bei der #LTWRLP dumm genug, diesen Verein schon wieder in die Regierung zu wählen (nicht, dass die  besser wäre). Mal sehen, ob sie bei der #BTW21 genau so ticken ...",1,1
3683,"Mein Hass auf die CDU wird von Tag zu Tag größer. Das nimmt schon AfD-Hass-Vibes an. Wie kann man so ein Haufen von korrupten, egoistischen, narzisstischen und absolut inkompetenten Leuten sein?",1,1
3776,JEDE Impfung ist WICHTIG. Ich glaube nur in Deutschland wird über #Impfneid gesprochen. Am liebsten würde ich jeden der sich getriggert fühlt meinen Impfpass unter die Nase reiben. #Chorweiler wird geimpft. JA UND IHR FI**ER? Meine Fresse amana jambatzen. https://t.co/ENimM46yrJ,1,1
3498,"  Was für ein Schwachsinn. Straßen haben nichts im geringsten damit zu tun heutzutage. Und auch Länder müßen dafür nicht erobert werden. Meine Güte, schafft euch endlich einen Verstand an, anstatt in voller Naivität auf eure Unheilsbringer zu warten",1,1
4022,"  A propo ""Antifa"": Der Hauptsponsor Bedford-Strohm wünscht sich ja, dass die Antifa-Flagge wieder entfernt wird. 
Haben die Idioten der linksradikalen Szene den Lappen jetzt entsorgt? Man hört dazu gar nix mehr von denen 😎
https://t.co/JeKPZkqIcP",1,1
3941," Die #noafd macht keine Politik, sondern Polemik und ist grundsätzlich gegen alles was nicht braun ist. Die verstehen und akzeptieren Logik und Tatsachen genauso gut wie volltrunkene Alkoholiker mit einer fixen Idee.",1,1
2685,"  Meinen Sie verantwortungslose Eltern, die den Stuss von Reitschuster, Schiffmann und Co. glauben und ihren Kindern erzählen, dass in Deutschland die Demokratie, Presse- und Meinungsfreiheit abgeschafft wird, Impfungen total gefährlich sind und Kinder an Masken sterben würden? 🤔",1,1
3869,"         Sie schreiben doch „brauner Dreck“. Das schließt daraus dass Sie Nazis meinen.
Jedoch erkenne ich gerade dass du ein Kind bist und von Sachen redest die dir dein grüner schwuler Lehrer irgendwie erklärt hat.
Geh spielen und lass die Erwachsenen über Erwachsenenthemen sprechen.",1,1
534,    Du gehörst verboten. Deine Rassistische Scheiße gehört verboten. Deine dumme Homophobie gehört verboten. Du bist nicht Deutschland. Du bist nicht genug.,1,1
2691,"   Korrektur: nichtjüdische Semiten protestieren gegen d rassistische #Nakba =&gt; #NonjewsUnderAttack 

ASem heute: ein Schimpfwort um Nichtjuden zu beleidigen.

boycott goyimhatred #IsraelRacists!
https://t.co/xRdYyGgyTe",1,1
1535,Ihr seid ekelhafte Hetzer und mitverantwortlich für Tote! #HaltDieFresseBild https://t.co/pXcmwGHYFm,1,1
2793, Ja. Laschet hat was am Kopf. Der gehört wie der gesamte groko Misthaufen in eine idioten Anstalt eingewiesen. Rothäute Schwarze Grüne sowie gelbe sind für mich unwählbar.,1,1
797,"   Nee falsch, der ""Faxenmann"" will nur keine Merkel 2.0 oder eine linksgrüne Ökofaschistin als Kanzlerin. 😂🤣 Kann es auch banal sagen: Ein Kanzler ist ein Kanzler, ist ein Kanzler.",1,1
928," Ich finde es gut, dass so hochbezahlte Volksverräter ää Volksvertreter ihre teure Zeit damit verbringen, Kulturgut umzudichten, damit man die ärgert. Er verschwendet Redezeit, weitere verschwenden Arbeitszeit, Zuhörer verschwenden Lebenszeit. Dank Steuergeldern ... ganz toll #SPD",1,1
1913,Deutsche Inzucht unter sich 😂😂  😂 komisch das die sie solo lästern 😂😂 wohl mehr mit nazis gemeinsam als gedacht das kleine lästermaul dieser #Fritsch... Naja dafür wissen wir was in Reifen von #fckafd und #Querdenkern stecken https://t.co/lCvya1kQKq https://t.co/B1VRaPXHoU,1,1
4813,  Bist du behindert alter wo hat er gesagt dass er seine Frau als Therapeutin benutzen will? Wenn ihr nicht alle so Hirn verbrannt werd würdet ihr checken dass er damit meint dass seine Frau ihm gut tut,1,1
4293,"Schon in den 70ern wussten wir, dass die Bild ein übles Lügenblatt ist. „Bild sprach zuerst mit dem Toten“ war damals noch ohne # so beliebt, wie heute  #HaltDieFresseBild ...
Die Bild will nicht, dass man #HaltDieFresseBild tweetet? Kommt wieder, wenn ihr seriös geworden seid!",1,1
4612,"""Querdenker""-Experte: ""Keine Impfungen gegen Verschwörungsideologien""  https://t.co/XuJNGXZeiv via  Diese Dummen die hoffendlich alle sich anstecken und und nicht behandelt werden dürften solch kranke Hohlköpfe",1,1
2759,  Herr Lauterbach hat so recht..und wir schauen einfach nur zu..Die Querdenker die sind zum kotzen,1,1
3813, Der nazi #ElijahTee  spricht von fehl Bildung... meint er sich und die querdenker damit?  Er sollte sich mal bilden...,1,1
609," Nicht die Querdenker haben das Grundgesetz ausgehebelt sondern 342 ""Demokraten"" im Bundestag! https://t.co/hegIdOhDl2",1,1
1684, Richtig diese schamlose Gewalt der linksterroristen gegen die Polizei ist eine Schande wann wird endlich geschossen auf dieses pack,1,1
521,"  Ich lasse mir die CDU von einem Spinner wie HJ MaaSSen nicht madig machen!

Wenn Laschet Merz in sein Team holt, sollte er auch zusehen, dass er als Teamplayer agiert.",1,1
829,"Ich hab mal von so Rotpunkten Zeug gelesen. Glauben die den Mist eigentlich selbst, wo sie schreiben? Wie kann man so dumm sein? Die Welt wird immer blöder!
#Bundesnotlüge #allesdichtmachen #lockdown #AllesOeffnen #Merkelmussweg #Klabauterbach #Corona",1,1
4894,"  Das sagt ja wohl der richtige afd Anhänger. Wer gibt euch das Recht eure Gegner zu diffamieren, zu beleidigen und zu Drohen. Ihr wollt den deutschen Staat zerstören.",1,1
1571," Thrombosen, Hirnblutungen, Herzinfarkte, Gesichtslähmungen und mehr: Das Paul-Ehrlich-Institut meldet fast 5.000 Verdachtsfälle auf schwere Nebenwirkungen und 524 Tote nach COVID-19-Impfungen. Brisante Gefahren mit unbekannten Langzeitfolgen verschweigt es weiterhin‼️",1,1
4476,"Querdenker versuchen, die grösste medizinische Katastrophe nach 2. Weltkrieg zu nutzen, um Demokratie zu destabilisieren. Nichts könnte schäbiger sein. Ihre Beobachtung ist richtig. Demokratien überleben nicht von allein. Querdenker besiegen sie aber nicht https://t.co/40ZOp9YC2L",1,1
2563," Diese Drecksäcke von der AfD müssen einfach weg. Ich lese nur Lügen, Hetze und rechtes Gedankengut. Wir leben 2021 und sind modern und weltoffen. 1933 bis 1945 haben gereicht. Sowas braucht ein normal denkender Mensch einfach nicht. Das ist auch nicht mein Deutschland.",1,1
3797," Habe gestern anfänglich die Debatte live verfolgt. Wie die AfD sich da wieder präsentiert hat war typisch: destruktiv, asozial und bewusst gesundheitsgefährdend für alle Anwesenden. 
Wird Zeit, dass dieser Mob, der nichts als boshafte Propaganda verbreitet, entsorgt wird.",1,1
1255,"  Das Argument #Regierungserfahrung MÜSSEN wir zu einem #Bumerang machen. #AnnalenaBaerbock
ALLE aktuellen Kandidaten mit Regierungserfahrung haben Dreck am Stecken, sind korrupt oder Betrüger.
 #laschet #söder #scholz",1,1
2817," Es ist noch gar nicht so lange her, dass ich großen Respekt vor der Polizei hatte. ""Freund und Helfer"", ""Bürger in Uniform"" und so... Heute empfinde ich für diese uniformierte StaatsGEWALT nur noch Ekel und Verachtung. 🤮",1,1
325," Hahaha Das war dem FFF Spacken zu viel sachlicher Content den man nicht einfach nur wild beklatschen kann, um sich als besseren Menschen zu fühlen.",1,1
515," Heuchelt nur weiter so. Niemand kauft es euch noch ab. Ihr seid nur gierige Parasiten der Gesellschaft.

#NieMehrCDUCSU",1,1
499,  Wo bleibt bei den Grünen der Verfassungsschutz?? Noch offensichtlicher kann man es doch nicht  raus posaunen das sie Deutschland zersetzt und abschaffen wollen. Sie zerstören Deutschland mit ihrer Abstrakten Ideologie und die Sicherheitspolitisorgane unternehmen nichts .,1,1
771,"  Es leben überragende Menschen in Deutschland die Großes leisten, international anerkannt und überall zu Hause sind, aus: Wissenschaft, Wirtschaft, Kunst, Musik, Kultur, Politik, etc. Nur aus den Reihen der AFD/JA kommt Nichts und Niemand, gelegentlich ein Fliegenschiss.",1,1
3048,"     Naja, der feinste Journalismus ist ja gerüchtehalber eher eine Mischung aus Populismus, Propaganda und Fakenews.",1,1
4057," Wir der Opa so die Enkelkinder. Der Faschsmus ist Feminin, Linksgedreht und Politisch Korrekt. Der ist in  der Deutschen DNA einprogrsmmiert. Früher die Juden , jetzt die "" Ungeimpften"" . Alle 5O Jahren plat bombardieren. Man braucht keinen Grund. Die Deutschen kennen den schon",1,1
1673,"   Was denn nicht verstanden? Dass Karl lügt, und zwar immer? Doch, doch. https://t.co/pqoEV90J2I",1,1
2992,"#Merz #maybritillner  #illner also wenn dieses Land grade etwas teilt, dann ist es der Frust auf alte weisse Männer, #maskenaffaere Und das Missmanagment der #cdu #csu",1,1
1274,"  Herr Grosse-Broemer, merkeln Sie eigentlich was Sie hier ablassen? Merkel und ihre unsägliche Union haben gemeinsam mit der SPD Millionen von Wirtschafts- Migranten  ins Land gelassen. Die baldige Zerstörung des Sozialstaats hat die CDU zu verantworten, die Grünen geben den Rest!",1,1
1054,"     Biergarten ist gesellschaftlich notwendiger, geht man nach den politischen Entscheidungen. Hier in Frankreich waren die Schulen fast durchgängig offen. Wir hatten zwar etwas mehr Inzidenz, aber die Kinder sind nicht verblödet. Halt typisch deutsch.",1,1
816," Ich will jetzt nicht der böse sein dave aber auf die stimme eines einzelnen hören die Querdenker nicht. Die politiker schaffen es zusammen ja nicht das die mal zuhören und anfangen zu denken. Ist wie mit zombies reden, Hirntote können nicht verstehen was man ihnen sagt.",1,1
4372,"  Meinungsfreiheit und AFD, noch nie so gelacht, wenn man der Cotar seine Meinung sagt, freundlich und nett, wird man blockiert, ihr seid der allerletzte Abschaum #AfDrausausdenParlamenten",1,1
2017,   Ihr Querpfosten seid einfach nur lächerlich 🤡,1,1
2106,"  Ja, wie großartig kann das werden. 
Ich kann und will diese alten bräsigen, selbstgefälligen ArschkrampenKerle nicht mehr sehen.
Und wenn Mutti böse guckt, stecken sie bis zu den Schultern ihr wisst schon wo. 
#Baerbock  ist der gamechanger!",1,1
3221," Tja, das habt ihr jetzt davon beim linksgrün versifften Gender-Gaga Mist mitzuspielen 
 
Da ist alles sexistisch und böse😉",1,1
2891," Der #ÖRR lädt seit Jahren überwiegend Grüne in Talkshows ein.
Dann lässt man diese Leute ihren unwissenden Mist erzählen ohne jede Form von Kritik.
Sommerinterview von Genossin Baerbock sie redet über Kobold in Batterien.
Keiner stoppt sie oder berichtigt sie.",1,1
1741,"  Es wird seine Gründe haben, warum der Stammtischheini Dr. #Homburg noch nie von einem Wissenschaftler retweetet wurde?!

Er ist ein Blödheitsmultiplikator.  ""#RKIGate"" https://t.co/u1C7YHPh8d",1,1
2269," Sie glauben doch wohl nicht im Ernst, irgendjemand außer Ihrem verstrahlten Fanclub wählt diesen vogelschissigen, braunen Haufen rückwärtsgewandter Übelkrähen? Niemals AfD - nie wieder Faschismus in Deutschland!",1,1
1877,#allesdichtmachen. Die sind nicht mehr ganz dicht. Da fehlen einem wirklich die Worte. Dass diese irren Querdenker irre sind - okay. Aber die. Und das!!!,1,1
3297,"   #greenpeace macht wie #FFF garnichts für die Umwelt. Konzerne wie Vattenfall, RWE, EON, VW, MB oder die DB entwickeln letztlich die umweltfreundlichen Systeme und stellen die Forschungsmittel bereit.#greenpeace ist nur eine kriminelle, terroristische Vereinigung.",1,1
4127," Gehts noch schlimmer Antifa auch noch, ist der Haufen von dem wir drangsaliert werden nicht kriminell genug?",1,1
526,"Ich Flüchtling kanacke:ich finde nicht das   ein nazi ist und ich finde nicht das die Partei #AFD rassistisch ist.. paar Spinner hat jede Partei und ich finde eher das Söder ein Nazi ist vor paar Jahren war er noch offen rechts.
Deutsche blonde frau: #Deutschland https://t.co/1tlZYz8L6o",1,1
3146," Nicht nur das, jetzt haben die Beppos noch ne dicke Fresse weil sie in keinem Landesparlament sitzen, will die aber mal sehen wenn wirklich Politik gemacht wird und die AfD dann mehr Geld für Kitas und Schulen oder ähnliches fordern.
Richtiger Kindergarten.",1,1
2693,   Sie fühlen sich DISKRIMINIERT? Wie ekelhAfD sind Sie denn?,1,1
97," Terror und Besatzer Volk  sind mehr Blutrünstig geworden.
Es wurden über 2000 Kinder getötet von Terrorist Zionisten Staat.
Die Gottlosen Jesusmörder werden verlieren, das Gerrechtigkeit wird Siegen und Mörder Volk werden wie immer verlieren. https://t.co/ZAzdshbMDb",1,1
4120,"Mir fehlen echt mal wieder die Worte😡Von was für wahnsinnigen #Politiker  Deutschland regiert wird? #Merkel #Spahn #Soeder #Laschet #VonderLeyen ach herje, so viel Platz ist hier garnicht!",1,1
3992,    Warum muss man jetzt ausländische Antisemiten importieren?,1,1
900,   Wird das nicht von der White Supremacy verwendet?,1,1
209,"   Ad homenim-Dummschwatz. 
Die JU ist ein dämlicher Haufen Werte Union-Verschnitt.",1,1
2447,"Was kommt raus, wenn man einen Igel mit einem Querdenker kreuzt? Ein sehr, sehr dummer Igel.",1,1
4414,"Bei dieser Drachenlord Haider Affäre hab ich mich fein rausgehalten. Verstehe nicht wieso die Leute schockiert sind, dass einer wieder ZDK der aussieht, als wären seine Chromosomen im Kern behindert und additional auftretend, ein dummer Hurensohn ist.",1,1
776," Ein Gremium aus ""führenden Gesundheitsexperten"", was für ne Lachnummer. Dass die Ereignisse in erwartbarer Anzahl auftraten und es unterschiedliche Ursachen gibt, verschweigen sie. Es gibt wirklich seriösere Berichte. Aber von einem Querdenker kann man nicht mehr erwarten.",1,1
2136,   Sie haben die Querdenker vermutlich mit der Antifa durcheinander gebracht. Querdenker - Gewalt - nie; Antifa - Gewalt - immer!,1,1
4453,Es ist so zu kotzen was sich mittlerweile alles für ein Schmutz unter dem Deckmantel 1. Mai so alles auf der Straße rumtreibt #brandner #noafd #FCKNZS #fckafd https://t.co/1jJdaUcCqa,1,1
1675," Wenn Anne- Fresse Bärbock 🐻 bald an die Macht kommt wird gar nichts mehr bezahlbar sein❗Und das Bundesverfassungsgericht ist von dem grünfaschistischen Müll so unterwandert worden, dass die BRD Personen keine Chance mehr haben menschenwürdig zu Leben❗ https://t.co/0OX1OdPhtS",1,1
2575," Virus Mutationen sind völlig normal!!!

Nicht NORMAL sind die Korruption Unfähigkeit Unglaubwürdigkeit in der Regierung!!

Die Käuflichkeit der österr. Medien scheint NORMAL geworden zu sein!

Kurz muss weg!
Neuwahlen Neuwahlen NEUWAHLEN",1,1
235," Wusste gar nicht, dass die #CDU #machtpolitisch so dämlich sein kann - ihr #Problem❗️OK, dann wird halt #Laschet #Oppositionsführer - auch gut.  Egal der Korrupti-Verein bekommt so oder so sein Fett weg. #CDUrausausderRegierung #LINKE #Bundestagswahl #Korruption #Mietendeckel",1,1
2322," Die deutschen sind einfach das dümmste Volk auf dem Globus! Wir ackern,zahlen und der Rest der Welt hält die Hand auf! Und denkt daran, wenn ihr dagegen sprecht, seid ihr Rechte, Nazis, usw.!  Jeder hat nur Angst davor, so hingestellt zu werden! Lieber zahlen!",1,1
2879,"  Geflüchtete DDR Bürger konnten nicht ihre auseinandergerissen Familien besuchen, DAS waren wirklich Flüchtlinge.",1,1
4760,#Schmalkalden Querdenken gehört endlich  eingestuft. Ihr braunen Querdenker Nazis könnt froh sein das ihr das nicht in der USA abgezogen habt. Da währt ihr in Säcken abtransportiert worden. Und teilt endlich genug Polizisten ein. Wie unfähig kann man sein. https://t.co/p8PITvzAOp,1,1
617,Die #AFD ist wirklich der letzte Dreck geführt von verdammt arroganten Wahrheitsverleugnerischen Primaten die auch noch immer mehr ungebildete Anhänger finden. Ups ich glaube jetzt ist mir die #Mausgerutscht .,1,1
316,"  Du meinst über ""Spenden "" von der Afd..Und sorry. Wer die Afd wählt ist per se ein Depp. Wer Nazis und Rechtsradikale wählt ist ein Depp. Wer Menschenverachtung wählt ist ein Depp. Wer 1933 zurück will ist ein Depp. Punkt",1,1
3292,"  Die SPD ist überhaupt NICHTS Wert. Sie  sind das beste Beispiel, dass die ehemalige Arbeiterpartei überhaupt keine Daseins Berechtigung mehr hat. Hass, Hetze und vor allem die Zerstörung und Spaltung Deutschlands ist Alt-Parteien Werk. Die Strafe wird kommen.",1,1
4774,"  Die Ausrede zeigt deutlich, dass diese Partei ein Haufen von dilettanten ist.
Dadurch wird sie allerdings nicht weniger gefährlich. Es ist bereits ein Politiker ermordet worden, auf Grund der Spaltung, die von afd gefördert wird.",1,1
3946,"   Genau, ab ins Lager mit denen!

Das ist immer noch keine Lösung, außer herumplärren kommt nicht so recht was an, oder?",1,1
898, BRD Diktatur im Netz und nun auch aggressiv und brutal gegen freie Bürger❗Die sind aktuell genauso wahnsinnig wie die Nazis 1933❗Eine Schande für jeden in der BRD der in Geschichte aufgepasst hat❗😢🤮,1,1
1029,"  Die Überzeugung,ein übernatürliches Wesen lenke die Geschicke der Welt,würde im ICD als Wahn verschlüsselt werden.Dazu kommt oft der Narzissmus:ich bin auserwählt/erleuchtet,deshalb was Besonderes.Das birgt die Gefahr,dass man durch diese Störung anderen Menschen schadet.",1,1
1702,"   Da lachen die Hühner. Ich zitiere: „""Juden u. Zionisten erwarten, daß sich die Welt entschuldigt"" ... DAS ist das Problem. Aber viell. lösen genau SIE seit Jahrtausenden immer wieder diese Probleme aus? „",1,1
4859,"Redet Fr. Weidel(🤢🤮) gerade von #Polizeigewalt gegenüber Querdenkern?🙈🤣 Ich lache mich schlapp #Lanz
Linke Demos sind gewalttätig..Demos der Querdenker nicht..Fr. Weidel ist ja noch dümmer als gedacht! #fckafd",1,1
4561," Die gierige Pharma Mafia will impfen/gen therapieren, weil mit der Söderwindel und der Angstindustrie jetzt Milliarden geraubt werden können. Easy. Man sollte, nur vorbelastete Schützen, am besten mit einer Antikörper Therapie. Bei weitem besser.  Aber halt weniger Milliarden 😂 https://t.co/RkKO1YzJKl",1,1
3677,"    Ägypten ist ein von ein autoritäres Regime, das seine eigene Bevölkerung wie Dreck behandelt.
Da hab ich etwas höhere Ansprüche an Israel, das für mich immer noch eine offene liberale Demokratie ist.",1,1
1521,"werden Corona-Lockerungen für ""arme, kleine Kinder gefordert"". Anders ausgedrückt: ""I brauch Fuaaaaßbaaalllll!"" Das typische halt. Monika-Gruber-AFD-Zeug. Sonst nix. Fertig. Wenn wir für Euch immer alles ""volldeutschenden"" und vollends ihr Hirn irgendwo liegen lassen habenden...",1,1
4503,"   guck nach Indien du dreckiger Bastard. Wie kann man so wenig Respekt vor dem Leben einzelner haben.

Aber hier auf Hippie und Freiheitliebend tun. Ich spuck auf euch ekelhafte Hurensöhne",1,1
523,"Wieso kann dieser Nazis so etwas verbreiten, ohne deswegen belangt zu werden? Sind wir nun ein Rechtsstaat oder nicht?  Oder hat der braune Abschaum einen Freibrief für alles, weil die Justiz sich zum großen Teil ebenfalls im braunen Sumpf tummelt?",1,1
1717, Ach da gibt es ganz übles Zeug; jedes Kind kann schlafen lernen z.b. brrr Nazi scheisse,1,1
2715,"#allesdichtmachen ist Teil einer größeren Kampagne, die eine antidemokratische, sozialdarwinistische Agenda verfolgt. #1bis19 Auch #MoritzBleibtreu ist verwickelt. #DankeJanJosefLiefers fuck you #Brueggemann  https://t.co/bcMbOxReHv",1,1
2690," es reicht schon , eine afd zu ertragen! da braucht es keine türkische, rechtsradikale “ graue wölfe”  gruppe in deutschland! beide gruppen gehören verboten! 
no afd!",1,1
571," In der AfDer-Partei sind all jene Leute versammelt, bei denen man als Kind schon früher gesagt hat: ""Das wird mal ein richtiges Rektum."" Sach mal, Gefreiter Kartoffel, möchten Sie die Kinder damals auch schon nicht?",1,1
2410," Endlich ist das Konto dieses Querdenker – Papstes gelöscht! Wurde höchste Zeit. Ob man damit aber seinen Dummerchen das Brett vor dem Kopf weggenommen hat, bezweifle ich. Schon in der Bibel ist von den „Armen im Geiste“ die Rede!",1,1
1805," Wer hat euch eigentlich ins Hirn geschissen... ""Merkels Einsperr Gesetz""? Habt ihr sie noch alle? Ihr wart ja schon immer scheiße aber das setzt dem ganzen echt die Dampfende Krone auf.

Dreckiges, verachtenswürdiges Hassblatt. #HaltDieFresseBild",1,1
2552,     Tja das ist ein Problem aber so ist es halt wenn man mit Feiglingen in einem Land lebt und sich demokratischen Regeln fügt. Diese Pandemie hat gezeigt wie zerbrochen unser Land ist. Bin froh wenn ich hier weg bin.,1,1
424," Diese Leerdenker-Wohlstandverwahrlosten-Promis hätten auch ne Kampagne für 

- sichere Bildungseinrichtungen
- effiziente Pandemiebekämpfung
- Solidarität mit Indien 
machen können...

Was machen Sie?
Suchen sich Groupies bei Leerdenkern &amp; Rechten.
Super, klasse gemacht. Nicht.",1,1
1718," Querdenker sind rechtsradikal, gegen alles, was gut ist, interessieren sich nicht für Fakten und sorgen sich nicht um das Wohl anderer bzw sind unsolidarisch. 
Querdenker = Merkel, Spahn, Laschet, Drosten, usw",1,1
1144,"  Och wie niedlich. Da kommt jemand mit “Bildung“, die er selbst nicht besitzt, an. Und mit ÖRR daherkommen, welche das Hirn eher aufweicht, zeigt wunderbar den geistigen Zustand der Menschen auf.",1,1
4438,"      Was sollen wir denn mit den widerlichen Nazis zu tun haben? #PropagandaOpfer Die explodierende Islamisierung in Deutschland ist doch wohl unübersehbar. 

Ein Großteil der Gewalt gegen Juden in Deutschland, erfolgt übrigens von Moslems, falls auch dies Ihnen unbekannt sein sollte.",1,1
2405,"     Nein, aber in Deutschland leben Deutsche. Das ist ihr Land, und die problematischen Deutsche sind unser Problem. Aber problematische Nichtdeutsche sollten nicht das Problem Deutschlands sein. Erklär mir bitte, warum ein Vergewaltiger aus z.b. Syrien hier leben soll?",1,1
3613,"    Das ist sicher bei einigen Fanatikern so…
Das gleiche gibt es mit Sicherheit umgekehrt auch bei christlichen Familien…",1,1
3737,"getan. S 1. Es ist ihr Körper.
Zumal ich hätte lieber eine Politikerin, die mal Nacktfotos gemacht hat, als Politiker die dem Lobbyismus in den Arsch kriechen und ihr Volk verraten.

Und bitte kommt jetzt nicht mit der Vorbildfunktion: an dieser wird KEIN Politiker gemessen. ~",1,1
1101,"Wenn es ein „Merkel-Einsperr-Gesetz“ gäbe, würde man vermutlich zuerst widerlich polarisierende Journalisten einsperren. 

Hört endlich auf diesen Rotz zu kaufen und zu klicken. https://t.co/P8wuAPjl7B",1,1
1706,"    Nee, man ist einfach scheiße wenn man sich den Leerdenkern anschließt ;)  Anstelle von diesem #allesdichtmachen BS, hätte man tatsächlich eine riesige Spendenaktion starten können, wenn es denen tatsächlich um diese Gruppen gegangen wäre. Ging's aber nicht. Denk mal drüber nach",1,1
2364,"#Erfurt 
#Twitter oder #Facebook , der braune Sumpf ist wieder kräftig am blubbern.
Der giftige Modder der #Rassisten + #Faschisten ergießt sich in die Kommentarspalten.

#fckafd #FCKNZS 

🤮🤮🤮🤮",1,1
2590,"   Das alte Querdenker Problem: Ein Bild, ein Fake, ein YouTube Video reicht schon und man denkt man hätte etwas erkannt. Sie brauchen aber kein Bild von mir. Gehen Sie einfach raus: 98,5% der Menschen draußen halten Sie und Ihre Denkweise für die verblendeten Irren.",1,1
2452," Sehr gut! Dann hätten die geilen Fettarsch Bepimmler bei jedem Tor: ""OLÉ OLÉ OLE OLE, ZEIG DEINE VORFOTZE ANNALENA"" rufen können, während die geile ihre aufgestrapse Vorvotze den vollblut fickhengsten präsentiert
 nach dem ausgiebigen Bepimmeln tringt Baerbock den Spermabock.",1,1
3417,"   #Gewimmerbrandner ist völlig überflüssig und NUTZLOS  wie die gesamte, dauerzerstrittene AfD-Chaotentruppe.

🇩🇪 entlarvt die einzige ALTPARTEI AfD

#EkelhAFD https://t.co/hdoYFKHDm9",1,1
2442," Ein Verräter und Nazi, er sollte Deutschland schützen und unterwanderte den Verfassungschutz.

Wenn die CDU, dsn Verbrecher aufstellt, wähle ich die Grünen!",1,1
3514, ZDF heute  = Antifa  linksextremen  faschisten,1,1
3216,Bzgl. Antisemitismus sollte man als Grünin am besten ganz still sein. Oder wie es Anhänger der Grüninen und Linken sagen würden: „die Fresse halten“. https://t.co/PG6vBTlUSg,1,1
530,"Merken die Idioten, die sich über ""alles dichtmachen"" freuen und Scheiße in die Kamera labern, nicht, wie heftig sie mit den bekloppten strohmännern (""lockdown für immer"", ""nie wieder aufmachen""🤦‍♀️) all jenen in die Fresse treten, die ihnen im Fall des Falles den Arsch retten?",1,1
927,   Was magst du am Regenbogen nicht? Zu wenig braun?,1,1
1641,"    - er ist ekelhafter  Lügner 🤢🤮
Alte Bilder als neue zu verkaufen - so dumm dreist machen nur nazis!🤯🤪",1,1
3126,"Finde diese aktuelle Kampagne von gewissen Schauspielern gerade einfach nur unglaublich pietätlos. Schön die Querdenker befeuern, wenn man sowas auch hätte nutzen können, um richtig Kritik an der Umsetzung der Coronapolitik zu üben.",1,1
1812,"  Die Äußerung von Palmer war sarkastisch gemeint. Um Sarkasmus oder Humor zu begreifen, muss man ein Minimum an Verstand oder Intelligen besitzen. Das ist leider nicht jeder Person gegeben, die sich dazu äußert....",1,1
1037,"  Die AFD könnte ja geschlossen, incl. ihrer Wähler auswandern.",1,1
3662,"   Wer so aussieht darf keine Mütter beleidigen , mein kleine cousi würde dich halt weg fetzen , geh mal zum Friseur und mach dir einen richtigen Übergang du 5€ Möchtegern kanake Internet muschi https://t.co/UnLGAVLXer",1,1
4460, Nur Bullshit im Hirn dieser Partei!!! Da kommt null sinnvolles bei rum. Hier wollen die klagen und in Berlin werden die Mietendeckel abgeschafft! Einfach nur unfassbar!!! Diese Partei sollte man mit der AFD in die Tonne kloppen!!!,1,1
1227,"  Kleiner Bub... 😉 1% für dich Mädl... Ich bin keine menschliche Puppe so wie ihr Irren es seid.. Und ich glaube ich bin weitaus älter... Mit euch Faschos kann man nicht anders reden, ihr seid kein deut besser und bezeichnet uns als Nazis  ist das besser?",1,1
3904,"   Jaja, so haben alle Parteien ihre schwarzen Schafe: CDU/CSU Ehefrauenvergewaltiger, Korruption - AfD alles rund um Rassismus, Korruption - Linke Autoanfackler - SPD Landesverräter - FDP Korruption.",1,1
2327,  Kann es sein dass du dumm bist es gibt ein Unterschied zwischen Israel und  Judentum !!! Like Israel ist ein ekelhafte Nation judentum ist ein schöne Religion. Also HDM,1,1
3012,"Machtkampf in der Union: Söder hält nach Gespräch mit Laschet weiter an Kanzlerkandidatur fest https://t.co/vLr2BgZSu0 Wenn diese linke Titte aus Bayern Kanzler wird , wandere ich aus !",1,1
1724,"Ich glaub die leute sind schon gehirn geschädigt durch diese LOCKDOWN! Wie blöd kan man sein, ein mensch mit MORD zu drohen, der fur unsere freiheit kämpfe! Die bekommen nämlig  geld furs nichts tun! und dadurch keine lust mehr auf arbeit! Fauel geworden! Deshalb MORD DROHUNG!",1,1
4838,"So ein krankes Gedankengut sitzt im Bundestag... Die machen dann auch Corona Verleugnerdemos u beschweren sich, wir hätten keine Demokratie mehr... Vielleicht schalten die mal ihr - anatomisch - eigentlich vorhandenes Gehirn an #FCKNZS #fckafd #COVIDIOTS #noafd https://t.co/j83PQCNevW",1,1
4090,"  Rentner und Rollstuhlfahrer kann die Gestapo niederringen und schlagen. Aber bei den linksterroristen laufen sie weinend davon.

Ich hatte wirklich mal respekt vor Polizisten.

Das ist wirklich armselig!",1,1
135,"14:05 - überall Bullen, lassen Menschen nicht durch 

#hh0105 #ersterMai #WerHatDerGibt
Dammtor",1,1
4500," Viel wahrer als Ihr Geschwurbel, Trixi, ist: Die AfD spaltet sich als rechtsradikale Faschistenhorde von allen demokratischen Bewegungen   in Deutschland ab.",1,1
1752," Der hat echt ordentlich eins an der Waffel. Aber die Querdenker werden dann die nächste Sau durchs Dorf jagen und uns auf den Sack gehen, nachdem sie jetzt gemerkt haben, wieviel ""Erwachte"" es mittlerweile gibt.",1,1
3561," Das Video solltest du nicht posten.Hast du nicht gesehen,dass es von Reitschuster ist,also unseriös. Du solltest nicht die Videos vorlogener Spinner posten.Diese Arschlöcher versuchen damit Nazis zu locken. Da diese in der Regel nicht besonders klug sind, glauben sie den Quatsch.",1,1
3570,"Das ist Quatsch. Ihr linken Propagandisten wollt jeden  als Nazi desavouieren, was Euch linken und gruenen Spinnern nicht gefällt. Da stecken viele Kapitalien dahinter, die ihr vorher vom schon linken Staat abgegriffen habt. Da  sind wohl schon die Fördergelder im Einsatz, , die https://t.co/JwkPLLOVVg",1,1
4072,"   Der ""normale-hetero"" der sich durch ne Regenbogen-binde diskriminiert fühlt. 
Wer so denkt ist nicht ""normal"", sondern leidet unter einer massiven Wahrnehmungsstörung und einem verdrehten Weltbild. https://t.co/nncQDbAdug",1,1
3145," Schäbige Populistin (immer noch), die eine schreckliche Tat missbraucht (wieder), um pauschal gegen eine ganze Gruppe zu hetzen (immer). Auch wenn es in #Corona-Zeiten untergeht: wer AfD wählt, wählt Nazis",1,1
1618,"    Besser als die Falschheit und Einseitigkeit der GroKo können wir alle ohne jede Übung.

Und genau solche ""Verbündete"" halten den schlimmen Konflikt am laufen.",1,1
654,"Bei den Corona-Maßnahmen hält man sich penibel genau an die Gesetzte. An anderer Stelle werden sie einfach ignoriert. 

#Impfen #coronavirusde #allesdichtmachen #dankeallesdichtmachen #impfzwang #Impftermin #ffm0105 #Covidioten #propaganda #manipulation 
https://t.co/acdVT2JJ4S",1,1
1510," Weiß ich leider nich'. 
Das einzige, was ich weiß, is':
Wer ""Nazi"" buchstabieren kann, is'n gemachter Mann in D.
Schreibfehler spielen im Land der Täter eh' keine Rolle!",1,1
2116,"Ich vermute wenn ich einen Querdenker erschieße dann bin ich genauso dumm wie ein Querdenker, weil es immer noch die Aufgabe von der Polizei ist aber ich habe das Recht meinen Hass gegenüber Querdenker zu veröffentlichen.",1,1
1427," Der Sarrazin der CDU sollte sich so schnell als möglich als glühender AfD Anhänger ""outen""! Die CDU braucht solche Läuse im Pelz nicht!",1,1
4079,"   Wenn #Laschet nicht als charakterloser Haderlump und Stiefellecker von #Merkel in die Geschichtsbücher eingehen will, dann überlässt er  den #CDU Vorsitz und auch die #Kanzler-Kandidatur! https://t.co/05VLuADZhT",1,1
1595,    die alles glauben was der ÖRR ihnen vorgaukelt,1,1
4111,"  .....das lichtscheue Gesindel aus einer Melange von Antifa, Verdi, SPD und Migranten zeigt mal wieder seine hässliche, linksgrüne Fratze!",1,1
3935, Ne digga bist du behindert kannst du iwie net lesen ???? Schonmal was von import export gehört du zurückgebliebenes stück Dreck shit wie kann man so dumm sein ich raff es net,1,1
1909,  Über hysterische Knalltüten wie Sie  kann mach aber echt nur lachen.,1,1
4900,          Und was ist mit RLP? Da haben Sie doch zugestimmt. Sie sprechen mit zwei Zungen. So etwas nennt man Heuchlerisch. Bei allem Respekt: Sie sind ein Heuchler und Brandstifter,1,1
160,"Und überhaupt Wortwahl klingt zu gleichen Anteilen nach #Bild und #AfD. Schön knackige Überschrift, Hauptsache Pöbel teilt den Post fleißig in den grünenhassenden Familiengruppen, wo man noch ungestört rassistisch und sexistisch sein darf. Kurz, wo ihr eure Wähler sucht
3/4",1,1
1411,"CDU-Machtkampf: Laschet und Söder in Berlin – JU stellt sich hinter Söder https://t.co/WzcxO4tBVS via 
Wie dämlich und peinlich könnt Ihr noch werden. Unwählbar ! Weg mit diesem Dreck !",1,1
4300,"  Ich habe dort gelebt. Habe mit Juden und Muslimen gesprochen. Die ältere Generation der Araber wurde noch nicht so konsequent dieser Gehirmwäsche unterzogen, wie die junge Generation. Die erzählen meist die Wahrheit  auch wenn Sie nicht alle die Juden lieben.",1,1
4093," Die #AfD ist keine demokratische Partei auf dem Boden des Grundgesetz. Sie ist geistiger Brandstifter und Gift für jede Demokratie. Sie ist eine reine rechtspopulistische und faschistische Partei. Sie ist ein Sammelbecken für homophobe, rassistische und antisemitische Demagogen.",1,1
3147," Die #Gendermainstreaming Bewegung geht sehr strategisch vor um ihr Weltbild allen zu diktieren. 
1) Gesetzt gegen Diskriminierung durchdrücken. 
2) Pflicht zur Nutzung der Gendersprach (Gender *) #10vor10
3) Verbot der üblichen männlichen und weiblichen Rollen in der Schule.",1,1
4658," Das werde ich nicht vergessen bei der BT-Wahl, weil CDU/AfD  wesentlich besser für das Land ist als ""Die Linke Mauermörder Partei"", die die SAntifa unterstützt und mit den Grünen und der SPD Berlin mehr und mehr zerstört 🤦‍♂️🤮",1,1
208," Einfach jeden Betrunkenen, mit beklopten Farben geschmückten Irren einfach umlegen. Die Bundeswer? Muss panzer schicken!!!",1,1
954, Schade dass sich die ganzen selbsternannten Leugner doch zu feige sind an ihren eigenen Quatsch zu glauben. Sonst könnten die Querdenker doch wunderbar für Studien als nicht geimpfte Kontrollgruppe ohne Behandlung herhalten.,1,1
2877,"   Bin auch gespannt, wie möglicherweise die Firmen mit #LongCovidKids als Auszubildende die Wirtschaft steigern wollen.
#NoCovid #SchulenKitasBuerosZu
https://t.co/n71VfbUUKV",1,1
2649,"Gestern war mein ganzer Bezirk wieder voller Querdenker und Nazis. Anwohner müssen sich zuhause verstecken, weil sich idioten zum scheisse bauen in Berlin verabredet haben.  #b2104",1,1
4257,"    Das man den Anweisungen der Polizei folge leistet, diese nicht provoziert und schon gar nicht angreift sagt einem der gesunde Menschenverstand. Ihr Querdenker scheint diesen aber nicht zu besitzen....ihr seid einfach lächerliche Egoisten",1,1
3217,"  Es geht bei der Masseneinwanderung nicht um die Ethnie der Menschen, sondern um ihre Gewalttätigkeit, die ihnen anerzogen wurde in den zerrütten Stammesgesellschaften. Weißt du, was wir mit Hunden machen, die Menschen angreifen? Jedenfalls keine Bewährung

https://t.co/gBfnTDzJTe",1,1
4609,Junge IB Faschos machen mich so fucking wütend junge die Scheiße ist so manipulative nazi scheiße FICKT EUCH,1,1
3062," Sehr gut! Dann hätten die geilen Fettarsch Bepimmler bei jedem Tor: ""OLÉ OLÉ OLE OLE, ZEIG DEINE VORFOTZE ANNALENA"" rufen können, während die geile ihre aufgestrapse Vorvotze den vollblut fickhengsten präsentiert
 nach dem ausgiebigen Bepimmeln tringt Baerbock den Spermabock.",1,1
3802,"    Wow. Respekt für die Polizisten die das ertragen mussten. 
Ich wäre nicht so cool geblieben, wenn mir so ein Mob asozialer Spinner so auf die Pelle gerückt wäre. 
Gut, dass ich kein Polizist bin, sonst hätte ich wohl von der Dienstwaffe gebrauch gemacht 🙈🙈🙈",1,1
3713, #Islamisten und #Antifa sind der Abschaum der Menschheit! Beide wollen keinen freiheitlichen demokratischen Rechtsstaat!,1,1
1471,  Hä bist du behindert du Opfer habe Prisma dich gefragt ob wir jetzt noch spielen aber dann waren Server down und ich warte jetzt nicht bis die wieder gehen um zu spielen muss morgen arbeiten,1,1
772,"   Eben. Und genau deswegen werde ich grüne Klima- und Menschenfeinde auch weiterhin bekämpfen.

Sie dienen weder dem einen noch dem anderen, sondern schaden beiden.",1,1
1393,"Bin mal gespannt wieviel Schauspieler ihr Video wieder zurück ziehen wenn ihr Arbeitgeber, die staatlichen #volksverdummungsanstalten  und , Druck machen. Denke mal die meisten wollen nicht so enden wie Uwe #Steimle 
#allesdichtmachen",1,1
1313,Bidens Vorstoß zur Patentfreigabe entlarvt Merkel und Konsorten als Impf-Lobbyisten https://t.co/fRHkCvjKmZ via ,1,1
31,  Du Hurensohn ich werde deine Mutter hart in den arsch ficken danach wirst du deine Mami haten weil sie deinen Schwanz nicht geblasen hat.,1,1
3903,"   Die eigentliche Bombe im Gebälk unseres Staates sind Politiker wie Löbel, Nüßlein, Sauter, Strenz, Hauptmann, Amthor, Scheuer, Schäuble, Bareis. Aber Sie halten dafür ihre christlichen Werte hoch, wie Flüchtlinge absaufen lassen. Was für eine Schande liebe Unionspolitiker!",1,1
3034,"   Sie haben es sogar belegt. In den Naturwissenschaften gibt es keine 100%igen Beweise, sondern immer einen Haufen von Belegen.
Wissenschaft ist nicht so Ihre Stärke.",1,1
3563," Sozialismus ist die Philosophie des Versagens, das Credo der Ignoranz und das Glaubensbekenntnis - des Neids.
Winston Churchill

Von dieser Ideologie fühlen Vollpfosten, Weicheier und Verlierer angezogen wie Fliegen von einem dampfenden Haufen Scheisse!",1,1
3253,"Deutschland 2021.
🤮
#Bundesnotluege #lockdown #Ausgangssperren #allesdichtmachen #Grundrechte #MerkelDiktatur  #Corona #BigPharma #Korruption #Spahn #GreatReset #Grundgesetz #DavosAgenda #CoronaFaschismus https://t.co/NJXUEM6ONh",1,1
4493,"   Wenn #Laschet nicht als charakterloser Haderlump und Stiefellecker von #Merkel in die Geschichtsbücher eingehen will, dann überlässt er  den #CDU Vorsitz und auch die #Kanzler-Kandidatur! https://t.co/05VLuADZhT",1,1
2815,"     https://t.co/DXD1umcC8z Versuchs einfach mal bei Google. die alte hat nicht alle Latten am Zaun schön Regierungstreu. Die sollte sich besser mit Chemie beschäftigen von einer Pandemie hat die 0,0 Ahnung. genauso wie von den Wirtschaftlichen Folgen durch den Irrsinn.",1,1
4439, in israel würde ein Journalist erschossen - was haben sie dazu gesagt? Nichts ! heuchlerisch das ganze ... Russland was haben sie gemacht ? nortstream nordstream über alles - zum kotzen hypokritisch seit ihr - das Doppelmoral ist widerlich .,1,1
2399,"   Wisch Dir den braunen Schaum vom Mund, Völkischer. So tief kann keiner Fallen und so dumm kann keiner sein, sich aus politischen Frust an eine rechtsextreme Politsekte, wie die AfD zu wenden. Willkommen in der Jauchegrube!  Tiefer kann es für Dich nicht mehr gehen 😹😹😹😹😹",1,1
4367,"  Bei der AfD geben nicht nur die Politiker ihr Hirn im Tausch gegen zwei nasse Brötchen bei Amtsantritt ab sondern auch deren Wähler vor der Wahl.
Es ist faszinierend, bekloppter zu sein als ein Schnitzel oder die CDU/CSU geht also tatsächlich.",1,1
4449,  Und übrigens wir sind Flüchtlinge weil christen gejagt wurden wie wilde Hunde. Und diese komischen kz Vergleiche können sie sich sonst wo hin stecken. Sie sind wie diese „ich kann kein nazi sein ich kenne einen schwarzen“ Leute 💁‍♂️ liebe afd als der Rest der Bagage,1,1
2578," Beide Seiten sind bestehend aus dummen, alt-idiologischen Maden die nichts anderes als Macht im Kopf haben. Keine der Seiten ist bemüht etwas zu ändern (auf führungsebene). Israel hofft darauf das die ""Palis"" verrotten bevor sie zur Gefahr werden und umgekehrt Bürgerkieg.",1,1
689, Weder Bild noch diese widerliche Nazipartei afd sind ernstzunehmende Gesprächspartner. Miserabel ist das Infektionsschutzgesetz dennoch. Es atmet den phantasielosen Geist eines bräsig sklerotischen CDU Apparats dessen dieses Land so überdrüssig ist.,1,1
1182,"  Jaja, typisch pseudoliberaler Nachwuchs: Freiheit auf der Standarte und ein Verhältnis zu Bürgerrechtskultur wie Putin.",1,1
361,"     Lies DU doch mal genauer!
Intellektuell betrachtet Bodensatz. Himmel - hier wird ja wunderbar vorgeführt, wie wenig Textverständnis manche Brauntrottel haben.",1,1
1003,  Merkel hat den Weg für allerlei dummes Gewürm geöffnet.,1,1
3728,"Warum sind eigentlich so viele Menschen, absolute Wixxer und sprechen trans Personen absichtlich mit dem falschen Pronomen an. Könnt ich mittlerweile einfach in den Bildschirm hauen vor Wut auf solche Idioten. Als ob Respekt so schwer ist vor anderen Menschen.",1,1
3176,"Ah die selbsternannten Journalisten aus dem Hause Springer. Hetze und Schmutz seit jeher. Faktenfrei, gegen jeden journalistischen Standard, kein Anstand, keine Moral sondern Hausmannskost für alte Weiße Männer ;) #AfD #NoAfD #Meinungsfreiheit https://t.co/id6vYZVobX",1,1
2607," Auf der einen Seite, dieses blm und ein  Verbrecher der nicht mehr atmete dann dieses Virus alle mit Masken , wir lernen mit co2 atmen und werden bewusst krank gemacht.",1,1
66,"Verstehe, dass #HaltDieFresseBild kein freundlicher Hashtag ist, aber #HaltDieFresseBild gilt dem Schmierblatt BILD, das selten freundlich ist.

Solange mir für #HaltDieFresseBild nichts Freundlicheres einfällt, sehe ich  #HaltDieFresseBild als Platzhalter für #HaltDieFresseBild.",1,1
1078," Das Gesetz wurde gemacht um noch effektiver die Bürger gegen die Regierung zu mobilisieren.
Wenn es nicht den so schrecklichen totalitären Geist von Merkel offenbaren würde, müsdte man sich für diese Steilvorlage geradezu bedanken.
Der Krug geht so lange zum Brunnen ...",1,1
2798,"Hier ist doch der eindeutige BELEG, welch Geistes Kind er ist und immer schon war! 

""Deutschland hat schon zweimal versucht die Welt zu RETTEN""

Wie kann der, ja DER, sowas äußern und dennoch aktiv unterstützt werden ? #NieMehrCDUCSU #NieMehrCDU #FCKNZS https://t.co/GJ7Flc6Lah",1,1
1062,"    Du gehst tierisch auf den Zeiger mit deinen Mittelalteransichten. Wenn dir der Stoff mit unterschiedlichen Farben schon zu viel ist, nimm #Jung und vergrabt euch",1,1
3963,"Ernsthaft? „Die Basis“?! Geht es nur mir so oder findet ihr es auch so absurd, dass die Querdenker ihre Partei so nennen wie eine islamistische Terrororganisation?",1,1
3240,"   Religion gehört in den privaten Bereich und hat in der Öffentlichkeit nichts verloren...

Ebenso wie die Vorlieben von  und seiner Schwester ...🥒🥒🥒",1,1
885," Sowas würde kein Kanake jemals tun, kanake würde eher sein Bein verkaufen",1,1
485,"#Deutschland, das ehemalige Land der Dichter und Denker, braucht keine #Querdenker,
es braucht Schafe (eine Beleidigung für die Tiere) und gehirnlose gehorsame #Sklaven.
Deswegen werden die Mäule von Kindern schon jetzt mit Masken dicht gemacht",1,1
1824,"     Ihnen gehen anscheinend die Argumente aus. Ich bewies, dass Höcke Faschist ist. Er möchte den demokratischen Staat abschaffen und einen starken Führer installieren. Jetzt kommen Sie mir mit bundeseinheitlichen Corona Regeln, die kamen, da sich die MP wie kleine Kinder verhielten.",1,1
595," Nazis bleiben Nazis und Schäuble ein schwarzer - Koffer Mann 🤓
#NazisRaus aus unserm Bundestag
#FckAfD lügt
#September2021
KANN MAN ABWÄHLEN
#NieMalsCDU
#NieMalsCSU
#NiemalsFDP
#NieMalsSPD
#NieMalsAfD
#CDUrausausderRegierung",1,1
2345,  Mich interessiert #Israel aufgrund seiner menschenrechtsverletzenden Politik überhaupt nicht.,1,1
227, Diese Sara ist so behindert Digga sie ist schlimmer als dieses Monster,1,1
3699,"Diese einseitige Berichterstattung und die Verleumdung der ethischen Säuberung der Palästinenser geht mir sowas von auf den Sack. Ich liebe meine jüdischen Freunde, jedoch verachte ich  Israel und seine mörderische Regierung. Israelkritik ist mehr als angebracht. #Jerusalem 1/2",1,1
2893," Für „Schande“ und „Rechtlosigkeit“ sorgen #Querdenker ohne Corona-Schutz, aber mit rechtsextremem Anhang heute am #1Mai mitten in #Hannover! Interessieren sich einen Scheißdreck dafür, dass sie andere infizieren.",1,1
3011,"Der hat doch einen Knall, der Maaßen, wie alle  #FCKNZS 
Die #CDU will/wird mit der #fckafd koalieren. Am Wahlabend wird es dann heißen:""...unter demokratischen Parteien...
😡🤢🤮

Hans-Georg Maaßen wirft den Grünen „Rassismus gegen die eigene Nation“ vor https://t.co/XKI7O2cKBQ",1,1
4884,"    Sie Profitieren davon, dass viele Menschen nicht mehr Wissen wie das Gehirn zu gebrauchen ist! Der Staat sagt etwas und so muss es dan ja auch Sein... Kleines Beispiel gefällig!? Israel und die Rampenpanik... Der Mensch geht über Leichen, Wort wörtlich!",1,1
1316,"Hier entlarvt sich der ⁦⁩ selbst.  Eine Hetzjagd, wie er im Bilderbuch steht! Widerwärtiges Blatt! Wieviel hat euch #Bill überwiesen? #korrupteMedien #allesdichtmachen  https://t.co/zx1MusEGHb",1,1
3803,  Von der wohltuenden Kopfmassage hatten die Querdenker wohl etwas zu viel.😜 Endlich kennt man den Hintergrund.😅,1,1
3738," du bist so unsagbar dumm und einfältig , die Sache mit Alexa , jeder weißt dass Monster hitler , die juden aus ganz Europa hat Abtransporten lassen",1,1
1996,"                   Der ist behindert, nr o ist ein heranwachsender voller Fanatismus, er denkt seone vorfahren waren Helden anstatt Mörder",1,1
2202,   Sorry aber du merkst es echt nicht. Verdrehe hier nicht was ich angeblich gesagt habe. Du kannst es oben nachlesen.... Ich habe nur gesagt: ist der behindert oder was? Das sind ja Querdenker Manieren die du hier aufzieht um deinen Kopf durchzusetzen... Und nochmal...,1,1
1569," Die einzige Fratze, die ich gesehen habe, war die üble Fratze von #Brinkhaus dem Verfassungsfeind und seiner Kumpels von der korrupten #CDUCSU und der SED-Tante aus der Hochrisikogruppe. Nie würde ich AFD wählen, aber die sind im BT nicht die größte Gefahr.",1,1
2313, Die CDU als grüner Blinddarm.  erbärmlich eine konservative Chance so zu verpassen und mit der AfD zusammenzuarbeiten,1,1
3711,"   Wenn Argumente fehlen und unter der Frisur ein geistiges Vakuum herrscht,  kommt diese ganze Weiße, Hetero, Männerscheiße!
Armselig, einfach nur armselig!",1,1
587,"  Viell.sind es ja auch nur #AfD-Hasser, weil sie irgendwo anders, von irgendeinem Dödel irgend etwas gegen die AfD aufgeschnappt haben. Keinen eigenen Geist und merkeltypisch alles nachplappern, nur um irgendetwas von sich zu geben. Solche Leute stehen mitten im Leben. 😂🤣👍💙",1,1
3205,Noch eine weitere USA scheiss Mist Land gender reveal party auf social media XY zu sehen und alle Lichter werden ausgeschossen. Da wurden muffins gebacken und die Farbe innen wo der bast reinbeißt ist dann das gender ICH GEHE DUMM,1,1
1111,Dikka corona hat die Leute behindert gemacht ihr lässt euch freiwillig irgendein Müll reinballern wo grösste chara drin sein kann ohne Sinn gesunde Menschen lassen sich krank spritzen von Staat,1,1
358," Wenn es etwas Gefährlicheres auf der Welt gibt als einen blutrünstigen Hai, dann ist es Israel, das weit weg von der Menschheit ist!
#HearGaza",1,1
87,"   ""Genau"" was interessiert mich Israel.
Tja Junge. Das ist das Problem bei euch Pommesärmchen: Null Ahnung von Geschichte, Null Ahnung was Verantwortung heißt und Null Ahnung das genau das auch mit Christen passiert...",1,1
1125, hab den Mongo als geistig behindert bezeichnet und mein Kommentar wurde gelöscht :D,1,1
3858," Ist das ne ernste Frage?
Falls nicht ist das unglaublich traurig für jemanden der einer Partei angehört die behauptet eine Partei des Volkes zu sein.
Das ist ein Schlag ins Gesicht aller die ihr Geld auf ehrliche Art und Weise verdienen!
#fckafd
#afdistnichtnormal",1,1
3423,"Dass keiner der Abgeordneten, also der Volksvertreter, gegen die Vergewaltigung ihrer Bürger aufsteht -  ausgenommen die Abgeordneten der #AfD - das spricht schon Bände. Keinen von diesen sollte man wieder wählen.  Sie sind Totengräber der Demokratie, also ihrer selbst.",1,1
1262,"die alles  #allesdichtmachen ""schauspieler"" scheißen sich wohl alle grad vor angst in die hose
denn die nummer ging sowas von nach hinten los.
#wetterwarnung ein shistorm der kategorie OMG! FUCK! rollt durchs netz",1,1
3373,"  und/oder ""Querdenker"" hinzustellen besteht aber ein Unterschied. Ich glaube einige haben sich da auch dümmlich Naiv &amp; blauäugig in etwas hineinziehen lassen ohne die angebrachte Vorsicht walten zu lassen. Der Ausnahmezustand begünstigt so etwas vllt auch.

Liefers ist hingegen",1,1
3760," Nicht zu vergessen: Vorstand bis Behindertenförderung.
Besonders Frauen= weniger Männer. Scheiß auf Männer mit Behinderung! Drecks (gender)nazis  https://t.co/omh97GaJp9",1,1
3630," Julian Reichelt hat mit Julius Streicher nicht nur einen Haufen Buchstaben gemeinsam, sie haben auch gemeinsam, dass sie Buchstaben nur für ekelhafte Hetze missbrauchen.
#HaltDieFresseBild",1,1
4611,Der #fckNazi Penner hat mich auf irgend eine Liste gefügt😂! #fcknzs #fckafd #fcknpd #NazisRaus #allenichtganzdicht #Volksverpetzer #fckextremisten https://t.co/VwUrq2khjg,1,1
3363,  Aber unbedingt würde ich ihm genau das ins Gesicht sagen #HaltDieFresseSpringerPresse,1,1
207,"Diese Künstler manipulieren subtil und zynisch aus reinem Eigennutz, ohne jedes Gefühl für Verantwortung, und spielen Querdenkern, rechtem Gesindel und anderen Defekten in die Hände. Abstoßend!

#niewiederaufmachen #allesdichtmachen",1,1
2184,"  Und genauso platt und durchsichtig 😴 Ach Ihr 53 gepamperten, wärs um die klimakrise gegangen, hätt ich Euch ernst genommen (auch bei zt dümmlichen statements). Aber meckern + nörgeln auf so gepamperten niveau. Was macht Ihr eigl, vor weiten flügen  (impfung, quarantaine)?",1,1
2462,"Wer ernsthaft glaubt, die Mehrheit der Deutschen zieht #Baerbock einem #Soeder vor, der muss frisch eingewandert oder lang weg gewesen sein ... oder unter dem Einfluss starker Medikamente stehen.",1,1
2229,       Da fliegen Namen der gesamten Querdenker und volksverhetzer Szene rum aber Paypal  interessiert das nicht!,1,1
3656," Man sollte sich dringend von dem Begriff ""Querdenker"" distanzieren. Nachdem das gesellschaftlich ""verinnerlicht""  war zeigt sich immer mehr das,was sie wirklich sind. #QuerTäter",1,1
2568,"  Kann mir mal jemand erklären, warum ich so einen Idioten wählen soll, der Steuerbetrüger laufen lässt, Linke bekämpft, genauso korrupt ist wie die Scheiße in der Union, ähnlich weit rechts gelagert ist wie Merz, wenn ich Annalena haben kann? 5% ick hör dir tapsen...",1,1
251,Na lieber #Mainstream. Was ist die größere Bedrohung. Friedliche #Querdenker-Demos oder der asoziale #Linke #Antifa-Abschaum der prügelnd und marodierend durch die Stadt zieht. Ihr 🤮 mich an. #b0105 #1Mai  #Medien,1,1
1292,"     Wer nur an sich denkt und wem das Leid der anderen egel ist und von natürlicher Lese spricht mit hang zum rechten Rand.
Der ist Ganz klar faschistisch.
Die Querdenker wären die ersten, die einen faschistischen Staat aufbauen würden.
Ohne Pressefreiheit. Ohne Solidarität.",1,1
4337,"😂😂😂 RT : Wer glaubt denn, dass die #CDU innerhalb kürzester Zeit 10% plus macht ...obwohl die halbe Partei korrupt ist  #Merkel die CDU auf links gedreht hat und in der Coronakrise in jeglicher Sicht versagt hat....verarscht euch selber! https://t.co/iHZZmoz0KY",1,1
1985,"Ich sehe Menschen mit Masken demonstrieren gegen hohe Mieten, die Polizei eskaliert die Situation.
Ich sehe Querdenker ihre Verschwörungsmärchen verbreiten ohne Maske und ohne Abstand. Die Polizei winkt ihnen zu.",1,1
1468,"  Du hast mit fast allem recht. 
Aber ""bleibt ein Krimineller"" impliziert, dass dir irgendein Idiot minutenlang auf den Hals steigen darf, bis du verreckst - weil du ja kriminell bist. 
Was die BLM Vollpfosten draus gemacht haben ist eine andere Sache. 
Aber falsch bleibt falsch.",1,1
4321,"Die Bundesregierung fliegt unschuldige Flüchtlinge nach Deutschland, also nach einem Corona verseuchten Land, nicht nur schlepperei, aber Gesundheit Gefährdung. Und deutschen werden hier gefangen gehalten. CDU CSU und SPD hat sowas von fertig. Sowie Grüne. Heuchler und Zyniker. https://t.co/ORyno5BqqH",1,1
4417,"Wir werden diese Dreckspostille  nicht verbieten können. Aber wir können Druck machen, um ihre Reichweite einzuschränken.  bietet Bild+ kostenlos. Vertrag bei Vodafone kündigen z.B. #HaltDieFresseBild 
Wenn #pinkygloves innerhalb weniger Tage zerstört wurde, schaffen 1/-",1,1
4648,"Wenn Anne- Fresse Bärbock 🐻 bald an die Macht kommt wird gar nichts mehr bezahlbar sein❗Und das Bundesverfassungsgericht ist von dem grünfaschistischen Müll so unterwandert worden, dass die BRD Personen keine Chance mehr haben menschenwürdig zu Leben❗ https://t.co/pxc2Y5NaVd https://t.co/HmHEqLPvFP",1,1
4389,"   Selbst Pandemie Leugner Trump hat sich mehrfach täglich auf Corona testen lassen. Wie oft lassen Sie sich testen? 
Wie barbarisch sind Menschen, die eine Todesangst vor Masken verbreiten?",1,1
3999," Fuck Antifa ......mehr gibt es nicht zu sagen , ein Haufen #linksgrünversiffterarbeitsloserinzuchtmenschen .",1,1
3863,"Brechtken, Panthea und Argo Nerd sind also lediglich ""kritische Personen"". 😅
So kann man das Gebaren dieser faschistoiden, gegen Fakten immunen Taugenichtse natürlich auch bezeichnen - wenn man genauso dämlich ist wie sie.
#harterLockdownJetzt #NoCovid #Notbremse https://t.co/V0TSssM9UR",1,1
3689,"  Ich liebe Zynismus. Ich finde, er ist eine tolle Form, um auf Missstände hinzuweisen. Aber die Deppen unter dem Hashtag #allesdichtmachen decken keine Missstände auf, sie sähen nur Zweifel. Die Pandemiepolitik ist unter aller Sau! Weil sie nicht weit genug geht!",1,1
1385,"Niemand braucht die schäbige LobbyCDUCSU 2021.

Stop das korrupte und kriminelle #lobbyismus #CDUCSU 2021.

Die Zeit ist dafür reif auf #Mittelinks #Politikwechsel 2021.🤟
Wer nicht kämpft hat schon verloren 
🙏

#NieMehrCDUCSU Lobbyisten 2021. https://t.co/mQzWm5DjZP",1,1
466," #HaltDieFresseBild #HaltDieFresseSpringerPresse 

Das sind keine Journalisten, das sind elende Hetzer und verbreiten nur Lügen oder Halbwahrheiten! 🤬

Das wusste ich schon seit meinem 16. Lebensjahr. Warum liest die noch irgendeiner?",1,1
1814,  Was für ein geistiger Schwachsinn von dir. Der Islam tötet laut den Anweisungen im Koran. Jeder weiß das und wer das akzeptiert ist Mitschuldig.,1,1
4187," Querdenker leben in keiner Diktatur!! Ihre Meinungen gehen immer mehr nach rechts Sie laufen mit Reichsbürgern, Neonazis und der AfD, die politisch vor 80Jahren verankert ist. Erbärmlich",1,1
4173,"   Diejenigen, die die Demokratie missbrauchen, haben dieses Recht verwirkt.
#AfDVerbotJetzt",1,1
2509, Ja lächerlicher Typ und wurde vom WEF gehypt👎🏻😂als Nächstes kommt die Kobold Bärbock auch dumm wie Brot. Korruption hoch 10 https://t.co/HHFDXN3cnp,1,1
1842,"Die Politik hat versagt, da braucht man nicht diskutieren. Jetzt ist das Kind aber in den Brund gefallen, jetzt muss man auch zusehen, dass es da wieder rauskommt. Und da sind solche Maßnahmen (leider) richtig. Also: #HaltDieFresseBild",1,1
230,"#Antisemitismus wird weiter kräftig nach Deutschland importiert, gefördert und gepudert.",1,1
2004,  Die AfD ist in weiten Teilen so islamophob wie antisemitisch. Da haben Sie recht.,1,1
1995,  Dieser Mann ist allenfalls Pressesprecher der Querdenker und der AfD.. absolut untragbar für die #BPK..,1,1
1910,   So dämlich daherzuquatschen und gleichzeitig so selbstbewußt aufzutreten ist ein infantiles Merkmal eurer Gruppe und der Kreis schließt sich für mich.,1,1
4108,"   Natürlich... Wer nicht für euren realitätsfremden Megalockdown ist, muss eine rechter Querdenker sein... Ihr seid sowas von falsch abgebogen. Die Zahlen sinken im Moment wieder, ganz ohne wirtschaftl. Totalcrash! Aber wem erzähle ich das, ihr habt wahrs. weder Job noch Kinder.",1,1
1677,"  In der #CDU SITZEN doch eh zahlreiche Graue Wölfe Nazis, da passt so ein #IslamistenFührer doch perfekt. Und die #Murksel hat ihr Ziel erreicht, immerhin hat sie knapp 3  Millionen - davon 75% Islamisten, importiert, da passt es doch bestens.  ^^",1,1
700,"Die #Querdenker-Sekte in #Berlin instrumentalisiert wieder mal ihre Kinder. Können da nicht endlich mal die Behörden tätig werden? 
 #JuSchG
 
 

 Was für ekelhafter Abschaum.  #b1005 https://t.co/11Iygv9heh",1,1
125,   Deine Regierung (meine ist es nicht mehr) teilt dir über die Medien nur einen Teil der Wahrheit mit. Aber wegen mir glaube dieser Regierung die dich und uns alle seit über einem Jahr verarscht in jeglicher Hinsicht und nur Geld verdienen will. Glaubs wegen mir noch nicht.,1,1
3598,"hab gerade ein paar videos von annalena baerbock geschaut und hatte danach plötzlich wortfindungsstörungen, ich spreche hiermit eine warnung aus",1,1
1903,Bild eh alles nur Mongos können net mal Atmen ich hoffe die bekommen alle Arschkrebs und Ebola  #HaltDieFresseBild,1,1
1298,"  Aber sofort. Ab in Abschiebelager und ohne Rücksicht auf irgendwas weg mit den Kriminellen.

Immer wieder habe ich gehört, dass man das doch nicht sagen darf, und immer wieder habe ich entgegnet, dass es genau richtig ist, offen, ehrlich und sehr laut unsere Meinung zu sagen.",1,1
2520,"Coronaleugnenden Fotzen haben es überhaupt soweit getrieben und sind fernab ejglicher Realität. Eine Gesellschaft ist nur so stark wie das schwächste Glied. Diese Menschen wählen ihr Schicksal bewusst - gegen Freiheit, gegen körperliche Unversehrtheit. Querdenker gefährden uns...",1,1
486,"   Das passiert halt wenn Frauen und anständige Männer auswandern. Der Osten wird brauner, der Westen grüner. Wenigstens bleibt das abgehängte Faschopack zunehmend unter sich.",1,1
1837,  Genauso einen Blödsinn äußern auch die Querdenker immer. Sie machen nichts für andere und denken nur an sich.,1,1
1138,"Ein großer Teil der #Zuwanderer aus dem #NahenOsten glaubt hierzulande, sein kümmerliches Gesellschaftsbild auf Deutschland übertragen zu können. Geflohen, um zu arbeiten, frei zu sein, nutzen sie diese Freiheit, aber bekämpfen unsere offene Gesellschaft! https://t.co/kFZe8QmUGa",1,1
3527,     So ist es! Eines der am schnellsten beleidigten Völker. Aber liegt wohl am - ich zitiere - Rumpelstilzchen-Gen 😂,1,1
3093," Diese Demos haben gute Gründe.  Aber die bevorstehenden linksradikalen Gewaltexzesse zum 1. Mai in Berlin nicht...

Linke Idioten braucht niemand. Aber Leute mit Zivilcourage schon...",1,1
1058,"  Will ist ne alte frustrierte Lesbe, zugeknallt mit Botox. Respekt dass Sie sich diese „Talk-Folter“ antun können. Mit wird schlecht wenn sie mit dem ersten Satz anfängt, weswegen ich den Müll einfach nicht mehr schaue. Weniger Quote = Absetzung der Sendung + Will",1,1
1825,"    Das man den Anweisungen der Polizei folge leistet, diese nicht provoziert und schon gar nicht angreift sagt einem der gesunde Menschenverstand. Ihr Querdenker scheint diesen aber nicht zu besitzen....ihr seid einfach lächerliche Egoisten",1,1
1183,"Das macht denen jetzt besonders Spaß. Jetzt können sie nächlich jedem, dessen Nase ihnen nicht passt, weil sie zu links oder nichtdeutsch aussieht ohne weiteren Grund auf den Sack gehen. Und das kosten sie voll aus. #Bullen #Ausgangssperre #b0105 https://t.co/sBTJlqhg7m",1,1
2657,   Nicht unterkriegen lassen... auch die die Denken das diese Regierung immer noch alles Richtig machen werden irgendwann Wach werden... Spätestens wenn die Grün uns auch noch den Rest würde genommen haben... wir sind doch jetzt schon die Lachnummer der Welt... 🙈,1,1
270," Nein. Die AfD vertritt ja eine Vielfalt an Positionen. Und auch ein blindes Huhn findet mal ein Korn.
Solange man selbst weiß, dass es braun kollektivistische Affen sind die mit Liberalismus nichts am Hut haben, ist doch alles gut.",1,1
1768,"  Das tut der VS doch auch: QD gefährdet Pressefreiheit, körperliche Unversehrtheit, ist rassistisch, antisemitisch und gefährdet die öffentliche Sicherheit. Damit klare Gefährder der Verfassung.",1,1
3122,"      Antisemitismus ist based, aber Judenhass ist scheiße oder wie? Sag mal, was ziehst du dir für ein Bauschutt durch die Nase um so ein Dreck zu denken und zu tweeten?",1,1
13,"      Du solltest dich schämen du Honk benutz mal dein Hirn ! 
Und lass dich nicht so dumm manipulieren von irgendwelchen Parteien oder Wahlsprüchen - Programmen!
Sei Kritisch gegen alles und schau Mal hinter dir Kulissen deiner geliebten AFD",1,1
2853,". 
Wieviele Opfer gab es in GB?
Wie lange ging ein richtiger Lockdown vor aus?
130.000 Opfer und monatelange, rigorose Sperren waren es, ab du und deine Waschlappenleser heulen rum, weil sie ab 22 Uhr nich mehr joggen können
#HaltDieFresseBild
Hetze würde ich das nennen https://t.co/N8idd4hKZy",1,1
1370,"Die Regierung aus Union &amp; SPD hat jahrelang Mist gebaut und uns beim Thema #uploadfilter respektlos behandelt, belogen und sie haben sich in zahlreichen Skandalen verwickelt. Jetzt, wo Wahlkampf ist, merken sie plötzlich, dass sie auch mal produktiv werden müssen. #NieMehrCDUCSU",1,1
4804, Der macht mich noch behindert vallah was ein lächerlicher Kerl,1,1
1528,"  Die #ZeugenCoronas müssen ebenfalls therapiert werden nach Entlassung und Inhaftierung der politisch und medial Verantwortlichen für die durch Maßnahmen geschaffene größte Katastrophe nach dem letzten Weltkrieg.
#MerkelMussWeg #HaftFuerAlle",1,1
3170,"Ich bin bass erstaunt, wie viele Leute, die in ihrer Bio mit ihrer FDP-Mitgliedschaft kokettieren, den blaubraunen Dreck der #NoAfD und deren ""Personal"" teilen.

Nun ja, man sollte sich nicht allzu sehr wundern, Gleich und Gleich gesellt sich gern.",1,1
4336," Also kneift   DOCH,und enttäuscht alle Hoffnungen auf machbaren Wahlsieg 
Der NurNachDemWinde-Schwätzer   WIRD verlieren,weil grüne Trittbretfahrer Merkel neu erfinden wollen als billigste Kopie.. um Schulschwänzer von #FridaysForFuture zu bevorzugen",1,1
4669," Er wird bestimmt nicht Krank! Wieso schreien alle von der CDU am Rednerpult? Weil Sie fertig sind, und kein Konzept haben. Aber weiterhin Grenzen und Flughäfen auflassen, das der Virus aus dem Ausland eingeschleppt wird. Was für eine Verlogene Politik ich nenne das Lobbyismus!!!",1,1
255,"    Was seid ihr denn sonst?
Warum steht ihr nicht dazu?
Früher war ihr stolz, aber heute seid ihr nur noch Luschen und ihr wollt das christliche Abendland retten?
Warum seid ihr so?
Ist es wegen: gegen Flüchtlinge oder gegen Natur?
Wieso nicht mal positiv und Menschen helfen?",1,1
1811,"  Arbeite in Bonn direkt auf dem Markt 
Seit heute keine Maskenpflicht mehr in der City 
Was glauben sie wohl wieviele Menschen mir ohne Maske entgegen gekommen sind 🤦‍♀️🤦‍♀️
Ich wünsche mir das genauso sehr wie sie aber die Menschen in unserem Land sind einfach dumm",1,1
1322,"  900 Einsätze nur in Gießen, wenn man das auf alle Städte in #Deutschland hochrechnet...
Sowie den überproportionalen Anteil an Menschen mit 
#Migrationshintergrund, die die #Intensivbetten belegen...
Arme #Polizei und dann hacken die #linken Dauerempörten immer auf sie rum.",1,1
4075," Hat jemand ernsthaft erwartet, dass die #fckFDP sich für das Leben von anderen (außer das ihrer Klientel)  interessiert? Egoismus in Reinkultur und menschenverachtender Zynismus werden analog #fckAfD kaschiert durch eine heuchlerische Sorge um die Demokratie. #PinocchioPartei",1,1
1870," .....das lichtscheue Gesindel aus einer Melange von Antifa, Verdi, SPD und Migranten zeigt mal wieder seine hässliche, linksgrüne Fratze!",1,1
4775," War doch klar, dass die Rechten dagegen klagen werden und um ihre Querdenker weiterhin anzustacheln.",1,1
94,"Bitte keine Naivität bei #LuisaNeubauer und der perfekt geplanten PR-Aktion. Die Demagogin weiß, daß sie für strafbaren Lügen nie zur Verantwortung gezogen wird, denn #OERR findet sowas sogar gut und die Opfer trauen sich nicht. Und die #FfF-Sektenjünger feiern Lügen und Hetze.",1,1
868,  Genauso einen Blödsinn äußern auch die Querdenker immer. Sie machen nichts für andere und denken nur an sich.,1,1
435," Die Politiker wollten doch Herrn Maassen verhindern, da die meisten Merkels Vasallen sind und Herrn Maassen nicht das Wasser reichen können. Hoffentlich verschwinden diese Speichellecker mit der Merkel.",1,1
1096,"  Die heutige Headline im Print ist pure Querdenker Rethorik.. der Ekel den #Reichelt  und die #HaltDieFresseBild auslösen ist in solchen Krisenzeiten noch zusätzlich gepaart mit einer Wut über solch asoziales Verhalten.
Journalistischel Gesindel, zugekokst und hässlich.",1,1
3339,"  So peinliche Gestalten wie Sie sind ein Grund, weshalb kein halbwegs intelligenter Mensch unter 50 mehr korrupten Ihren Saftladen wählt. #NieMehrCDU #CDUrausausderRegierung",1,1
260,"Bitte keine Naivität bei #LuisaNeubauer und der perfekt geplanten PR-Aktion. Die Demagogin weiß, daß sie für strafbaren Lügen nie zur Verantwortung gezogen wird, denn #OERR findet sowas sogar gut und die Opfer trauen sich nicht. Und die #FfF-Sektenjünger feiern Lügen und Hetze.",1,1
3223,"scheiß privelegiere arrogante  zynische A*schlöcher. Eure kack Tatorte könnt ihr doch machen und geschaut werden sie auch. Und bezahlt werden ihr auch noch von dem Ach so schlimmen totalitären Staat. Schämt euch. Menschen verrecken aber das ist euch egal.
#allesdichtmachen",1,1
972," Da hat der Herr Merz Recht, mit welchem Recht wollen uns ein paar verwirrte Spinner eine Sprache aufdrängen ? Geht  in arabischen Länder mit solch einen krankhaften Gerede . Da ist aber schnell Schluss mit Regenbogensprache . Gendern ist krankhaft .",1,1
349, Die vielen Rechtschreib- und Orthographie Fehler in den Anti-Merz-Tweets beweisen das geistige Kleinrentnertum der linksgrünen Absender.,1,1
2088,Deutsche Inzucht unter sich 😂😂  😂 komisch das die sie solo lästern 😂😂 wohl mehr mit nazis gemeinsam als gedacht das kleine lästermaul dieser #Fritsch... Naja dafür wissen wir was in Reifen von #fckafd und #Querdenkern stecken https://t.co/lCvya1kQKq https://t.co/B1VRaPXHoU,1,1
4749,"    6 Millionen Arschloecher. Wer Nazis, Faschisten, Rassisten, Antisemiten, Homophobe usw. waehlt, wird selbstverstaendlich ueber einen Kamm geschert. Die Motivation, ob Kalkuel, Frust, Protest oder was auch immer, ist dabei voellig irrelevant! #AfDWaehlerSindArschloecher",1,1
3125, EinFach nur kranke #Linksfaschisten.. Denkt 8hr seid was besseres 😂🤣😂🤣 alles nur bekloppte #antifa=Nazis,1,1
2008," Dein Gesichtsausdruck, wenn deine 3 Erbsen in deiner Hohlbirne realisieren, dass Dummes Nachplappern von schweren Vorwürfen ohne Belege ziemlich dämlich war!
#Neubauer  #Maassen #annewill https://t.co/J774tnjG7m",1,1
222,"  Heul nicht rum und laber bitte nicht von Rechtsstaatlichkeit. Deine Partei hat maßgeblich dazu beigetragen, dass es in D Polizeigesetze gibt, die mehr mit einer Diktatur als mit einem demokratischen Rechtsstaat zu tun haben.",1,1
2394," Ich möchte das jeder antifa Spinner für eine solche Aktion festgesetzt wird, dann gilt gleiches allerdings auch für die Omi. Die Antifa Haukes sind schließlich größtenteils auch von sehr mickriger Statur. Alles richtig gemacht von der Polizei 🙏",1,1
1447,"   Und Leute die Stuss von Dr. Thomas Quak teilen oftmals sehr sehr sehr sehr sehr einfältig und ungebildet. Und lassen sich mit simpelster Quatschstatistik hinters Licht führen. Aber ""selig sind die geistig Armen"". 
Amen, Schwester. https://t.co/xzEnT5HERK",1,1
3622,"Wird den #ÖRechtlichen gar nicht passen, es so schwarz auf weiß unter die Nase gehalten zu bekommen und dann noch von einem Nazi* wie es immer noch heute bei allen Systemrelevanten heißt. Wir wissen, dass er keiner ist. Dieses Land wird von Idioten regiert, hieß es schon im BTag. https://t.co/OfwdJtFNgo",1,1
1633," Die planen jetzt erst, wie die uns das Internet abschalten? Wasn das für ne Amateurveranstaltung? Und wie dumm sind die Querdenker dann, wenn die alles vorher wissen und nix gegen diese Amateure tun können? Menschheit so lost eif 😡🐻😡",1,1
4949," Ihre übergriffigen Alibi-Kack-Maßnahmen können Sie sich dahin stecken, wo die Sonne nie scheint! Jeder weiß, dass die nichts brachten!

Ich weiß, dass Sie lügen!

Sie wissen, dass Sie lügen!

Jeder hier weiß, dass Sie lügen!

Meine Frühstücksflocken wissen, dass Sie lügen! https://t.co/yXuIxXD9LY",1,1
4305,"   Ihre Drogen würde ich auch gerne nehmen😂😂
Also diese Aussage gehört wirklich zu dem größten homophoben Schwachsinn, den ich je gehört habe 😂
Und alle, die ihre Meinung nicht tolerieren sind Rassisten haben sie eben erwähnt 🤣🤣
Ich werd' nicht mehr 😂
Alles Rassisten 🤣🤣🤣",1,1
1952,  Etwas salopp formuliert könnte man sagen: die für den religiösen Glauben zuständige Wissenschaft ist nicht die Theologie sondern die Psychiatrie.,1,1
3635,"    Wer will denn Menschen wie euch, die über andere urteilen?.ihr habt wohl den Satz vergessen. Willst du nicht gerichtet werden, so richte über niemand anderen. Steht in der Bibel wie im Koran. Also fremdschämen muss man sich für Menschen mit euren Aussagen. Nichts habt ihr gelernt",1,1
134, Richtig diese schamlose Gewalt der linksterroristen gegen die Polizei ist eine Schande wann wird endlich geschossen auf dieses pack,1,1
3119,"  Lange genug wurde zugesehen wie Querdenker Ärzte falsche Atteste ausstellen , falsche Journalisten mit fragwürdigen Presseausweisen auf Demos auftauchen, Anwälte irgendwelche blödsinnigen Sammelklagen einreichen(mir in dem Fall egal, ist ja Schwurblergeld).",1,1
3004," #btw2021 Klarer geht's ja gar nicht. Wer mit #Laschet das schunkelnde Gesicht des rücksichtslosen Neoliberalismus wählt, bekommt mit der sog. #WerteUnion die deutschnationale Hackfresse der frühen Adenauer-Jahre.",1,1
1474,"Für mich ist jeder verdächtig,  der den Begriff #Antisemitismus nutzt um sich zu schützen und dabei über Leichen geht! #Globalisten , #Imperialisten, #Zionisten und ihre wahabitischen Steigbügelhalter die #Islamisten!🤮",1,1
4711,"Diese Schauspieler saugen an den Zitzen des #ÖRR.

Sie haben nicht die Eier, sich für Kollegen einzusetzen, die nicht vollgefressen an den öffentlich rechtlichen Fleischtöpfen hängen. 

Im Gegenteil. Sie treten teils gegen die eigenen Kollegen nach. #allesdichtmachen https://t.co/v5DMyawxMd",1,1
4311,"   Ey Tino, hier ein kleiner Hinweis!
#allemalneschichtmachen sollten Du und Dein ganzer Covidioten Haufen Euch echt mal geben!!!",1,1
4142," Jupp, aber mittlerweile haben Sie auch eine Methode gefunden um sich gegenseitig zu erkennen 
Impfen 1
Intelligenz 0
Also bald haben sich solche Fragen auch erübrigt. 
Netzfund https://t.co/Cy8DkKJT4V",1,1
790,  Die Zeugen Coronas nerven mich ja weit mehr als die paar Querdenker Vögel.,1,1
3033,"Es werden immer mehr Wannen, alle richtig Hbf. Gefühlt habe ich 100 gezählt, mittlerweile. Dazu 3 Wawe. Mehr Bullen, als bei der größten Querdenker Demo. 18:23 #hh0105 #fckcps #fcknzs #fuckgrote https://t.co/210wNE3KKg",1,1
4310,      Was denn das für Arbeit? Der dummen Arbeiterklasse was von Stirner und Hegel erzählen? Hahahahahahahaha.,1,1
455,"  Da ist er wieder, der Hauptschulabschluss-AFD-wählende Jürgen der nichts kann außer dumme Verschwörungstheorien zu verbreiten... #Covidiot",1,1
2692,"  die #Wagenknecht steckt dieses farblose Würstchen mit links in den Sack... aber wen wollen die strunzdummen Deutschen als Kanzler? Genau, einen der noch dümmer ist als sie selbst. #Baerbock",1,1
1088," Klasse. Hier sammeln sich direkt die drecks Nazis unter diesem Beitrag - mit ihrem peinlichen Gejammer um die bösen Immigranten, die ausnahmslos ,braven Deutschen’ und ihren Frauen etwas Böses wollen. Peinlicher Haufen übelster Unterschichten-Abschaum. #AfDrausausdenParlamenten",1,1
652, Weder Bild noch diese widerliche Nazipartei afd sind ernstzunehmende Gesprächspartner. Miserabel ist das Infektionsschutzgesetz dennoch. Es atmet den phantasielosen Geist eines bräsig sklerotischen CDU Apparats dessen dieses Land so überdrüssig ist.,1,1
2737, Christine Lambrecht ist genauso eine Nazihetzerin welche ihre SS Schergen auf die unschuldigen Bürger und Steuerzahler welche andere Meinung sind einschlagen läßt. Sowelche Nazi Propaganda Hetzer gehören aus dem Bundestag entfernt und in die Klapse weggesperrt.,1,1
3755,🤡🤡🤡 Die #GrünInnen sind einfach zu doof...! 🖖 #Grüneversenken #Baerbock https://t.co/AWq2O1Ts7O,1,1
155,https://t.co/81dtZ7EN04 mensch Wendler halt doch einfach die Klappe dein Mund ist schon ganz braun vor lauter Scheisse labern   bleib am besten dort wo du jetzt bist weil  Deutschland braucht dich nicht du Versager,1,1
4477,"   Dadurch das Neuer diese Binde trug fühlte ich mich überhaupt nicht diskriminiert. 
Wie Kleingeistig durchgeknallt muß man sein um auf solch einen Gedanken zu kommen?",1,1
1822,  Richtig. Nur dass Querdenker von sich aus schon mit einer absurden und menschenfeindlichen Motivation auf die Straße gehen. Da fügt sich dann das eine zum passenden anderen.,1,1
2087," Lade alle, die das denken, nach MV ein, wir zeigen Wegweiser nach Braunau mitten im Dorf, erzählen von Nazi-Unternehmensnetzwerken und nehmen dahin mit, wo die AfD 47% bei Wahlen holt. Und als Sahnehäubchen Dorffeste, wo die Faschos selbstverständlich am Nachbartisch sitzen 🦦",1,1
1276," Gehts noch schlimmer Antifa auch noch, ist der Haufen von dem wir drangsaliert werden nicht kriminell genug?",1,1
817,"  Diesen Scheusalen traue ich mittlerweile alles zu 
Eltern wehrt Euch!
Keine Giftspritze!",1,1
849,"Nazis mit Teenagern zu symbolisieren ist GENAU DAS RICHTIGE. Denn das SIND SIE. Nicht das Teenager dumm wären (man muss hier ja manchmal für Idioten sowas noch extra erklären), sondern Teenager, bei denen es im Hirn nicht mehr VORWÄRTS (in Richtung ""Reife eines Erwachsenen"")...",1,1
3077,"Wenn Anne- Fresse Bärbock 🐻 bald an die Macht kommt wird gar nichts mehr bezahlbar sein❗Und das Bundesverfassungsgericht ist von dem grünfaschistischen Müll so unterwandert worden, dass die BRD Personen keine Chance mehr haben menschenwürdig zu Leben❗ https://t.co/pxc2Y5NaVd https://t.co/HmHEqLPvFP",1,1
2250,"   Hass und Hetze lebt nun mal bei den Spezial-Demokraten.
Ich schätze, die sogenannten Persönlichkeitsstörungen finden sich eher beim Ersteller dieses Postings ..🥳
Frau Dr. A. Weidel wäre die perfekte Bundeskanzlerin 💙
https://t.co/SxpbGwS4LI",1,1
2255,"  … Sie sprechen sicher vom massenhypnotischen Phänomen Covid 19, dem die primitiven Nachkommen unserer Vorfahren hirnlos folgen.",1,1
3377,"    Heidrich war General der Fallschirmjäger..
Aber Himmler passt zu dir echt gut. 😄",1,1
4991, Bissl einseitige Sichtweise..  Israel hat genau so eine rassistische extremistische Regierung..  und diskriminiert Palästinenser! Dort sind natürlich  mindestens genau so viele Extremisten und Rassisten. Und Angriffe..  wieviele Angriffe hat Israel auf andere Länder geflogen?,1,1
1390," Wer mit den Nazis gemeinsam läuft und mit den Querdenkern zu Tisch sitzt, kann sich nicht mehr sauber waschen. 

Wenn die Pandemie rum ist, können Sie weiter zuhause auf dem Sofa sitzen bleiben, weil Sie #Kassengift sind und auch bleiben werden. 

Das Leben ist hart.",1,1
3865," AfD  würgt  
Spuckendes Gesicht
Spuckendes Gesicht  AfD  würgt - genau, würgen sollte man die! Bis sie blau anlaufen, und der doctor kommt...",1,1
3584," Herr Dummschuster, muss man ihnen erst die einfachsten medizinischen Dinge erklären. Wenn ein Autofahrer einen Unfall hat und durch die Verletzungen 10 Wochenen im Koma liegt bevor er verstirbt, dann ist er auf Grund des Autounfall gestorben. Genauso ist es bei Corona Patienten.",1,1
4662,"Umstrittene Verkehrsthemen: Baerbock befürwortet Benzinpreiserhöhung um 16 Cent

Niemals #Gruene wählen.
Niemals!
🤢🤮🤢🤮🤢🤮🤢🤮🤢🤮

https://t.co/N2zVdX1gyG",1,1
863," Das sind doch bloß harmlose Aktivisten. 
Die gefährlichen Terroristen sind alle bei den Querdenker und nur dort und sonst nirgendwo sind sie so gefährlich die Terroristen.",1,1
2198," Was ein unglaublicher Tweet. Der Senat lässt zu, daß Nazis und Covididioten demonstrieren und kein Bull holt den Knüppel raus, kaum aber ein Linke Demo, wird der Knüppel geschwungen. Bravo, rot-grün ich spuck auf euch",1,1
132, Gegen diese braune Scheiße mit/ durch und #Maaßen ist die #Noafd  nur ein feuchter Furtz .,1,1
3446,"Und abgesehen vom Totschlagargument ""Aber die Kinder!"", auch bestens aus der Querdenker-Ecke bekannt: Wenn sie die Lockdowns für ineffektiv halten, machen Sie doch lieber positive Werbung für einen effektiven kurzen Lockdown mit #NoCovid, statt zu spalten und zu verunsichern. https://t.co/In72YoDe2Y",1,1
937,"  Gehörst du eigentlich zur Masse der Mitläufer in eurem Todeskult, zu den wahrscheinlich gut bezahlten Durchseuchungspropagandisten oder zur Elite der #Coronazis (eher nicht, schätze ich). Und wer hat dieses Mal die Dogwhistle geblasen, mich zu stalken?",1,1
1336,"  Diese ganze ""Wahndemie"" hat sich ständig selbst demontiert, man kann doch über diesen Zirkus hier nur noch lachen. Verstehe den Einwand nicht, fühlst dich wohl vom ""Untertanengeist"" angesprochen, armer Bub.",1,1
4201,"Mikah : Sie betet zu Gott das dem Weißen Menschen der Atem genommen wird. Sterbt einfach alle aus. Sterbt. keiner hat das Rückgrat eure ekelhaften Nationen u. Staatengemeinschaften zu stürzen. Ihr seid die Minderheit, die  Abfuckt. Fallt bitte TOD um. Rassismus pur https://t.co/hm1WEw5Dqg",1,1
2933,"    Wie nennt man sonst eine Partei, die Flüchtlinge vergasen will, Holocaust- Leugner und Faschisten beherbergt?",1,1
71,"   Es muss endlich Schluss sein mit Menschen, die lediglich Fernseh schauen, sich manipulieren lassen, anstatt eigenständig Wahlprogramme lesen! Und wer wählen darf, sollte ein Intelligenztest entscheiden. Dann wären Wesen wie du raus!",1,1
3304," Absolut richtig so 👍‼️ Die AfD = Alternative für Dummheit, ist und bleibt eine Schande in dieser Gesellschaft und es wird höchste Zeit, dass diese AfD - Bande aus dem Bundestag und jeden Landtag verschwindet ‼️ https://t.co/4P0fsIw96h",1,1
242,Kleiner Möchtegern Napoleon.... 🤢und alle bleiben an Bord... ist nur leider die Titanic... #Laschet kleine Männer....,1,1
659, Das sie sich nicht schämen noch anzutreten mit so viel Lügen und Hochstapelei!,1,1
4376, Was ich an linken mag. Die rennen auch mal ordentlich gegen die Polizei an. Die Querdenker sind da eher etwas kaltblütiger und stellen alte und Kinder in die Front.,1,1
2296," Warum sehen eigentlich #Querdenker schon immer so aus, als ob sie voll die echten Blitzbirnen wären?",1,1
1355," Ich würde gern das gleiche über Laschet und meine Generation sagen, aber leider repräsentiert diese windelweiche Lusche sie allzu gut. 

Anstatt dieser Haßfratze gnadenlos und brutal den Spiegel vorzuhalten kriecht er herum wie ein Wurm. Keine Eier, kein Hirn, keine Zukunft.",1,1
2746," Leider haben die auf die straßegehenden Querdenker nichts mit den Machern der Sendung ""quer"" gemeinsam - die könnten sich eine Scheibe von euch abschneiden, dann könnte die Welt eine bessere sein...",1,1
3406,"#Göre Luisa #Neubauer  ist zwar ziemlich nett anzuschauen, genauso wie #baerbock, allerdings ist bei beiden intellektuell nicht viel los. Beide verstehen nicht was die sagen und eine von den Beiden kann nicht richtig reden. #quote.",1,1
2205,"   Nach solchen Äußerungen von Leuten, bei denen offensichtlich Grips Mangelware ist, würde in meiner Fa. die fristlose Kündigung folgen.",1,1
1723,   Dir fehlt der rote Punkt der antifa Trolle aus dem Kindergarten. aber macht nichts die Blacklist wartet auch auf Dich. Die größten Massenmörder waren halt alles Linksfaschisten!,1,1
1721," Ja. Und ich finde Söder persönlich sympathischer. Man muss schon ein ziemlicher Arsch sein, um das zu tun, was Laschet als Unidozent abgezogen hat. Außerdem erinnere ich mich noch sehr gut an die gequirlte Kacke, die er zu Syrien und Assad rausposaunt hat.",1,1
3101,"   Der Alltägliche Antisemitismus ist leider nach wie vor im Mainstream, völlig unabhängig von der politischen Ausrichtung, dem Bildungsstand oder der Herkunft. Ein Problem ist, dass manche Staaten ihn gezielt fördern, darunter Iran und die Erdogan-Türkei.",1,1
4144,"  Absolut richtig so 👍‼️ Die AfD = Alternative für Dummheit, ist und bleibt eine Schande in dieser Gesellschaft und es wird höchste Zeit, dass diese AfD - Bande aus dem Bundestag und jeden Landtag verschwindet ‼️ https://t.co/0FrOGW5CZE",1,1
3039," Hier twittert Timon Dzienus, ein grüner Vollidiot und Linksterrorist (Antifa). (wir dürfen Sie doch so nennen, oder?)

Profil:
Bundesvorstand 
 | Nazis blockieren | #Antifa | #Hannover | #Werder | Insta: ",1,1
2852, Was labert das Ding. Das Patriarchat wurde schon lange vom Feminismus abgeschafft.,1,1
2540," DIe meisten #stayathome Verfechter, die alles getan haben um sich nicht zu #infizieren, brav neg. #PCR Tests vorweisen, haben nicht begriffen.  

Ihr bleibt UNFREI.

Ihr werdet verarscht von #Merkel und Kumpane.

Kommt heraus und reiht euch ein. 

Gemeinsam,  für die Freiheit .",1,1
4944," Wenn von einem AFD Deppen das höchste Gericht unserer Demokratie in den Dreck gezogen wird, da gibt es keine Reaktion vom Bundestagspräsidenten? Ab÷ wehe man sagt zu den blaubraunen Nazis, dann brennt gleich die Luft. So demontiert man unsere Demokratie Stück für Stück. Zum 🤮",1,1
3611,  Welchen grund sollte es geben solchen Schweinen mit Respekt zu begegnen?,1,1
4665,"     Eine Diskussion mit denen ist sinnlos. Das wirklich Einzige, was die sog. #noafd  vereint ist ihr krankhafter Fremdenhass. Bei allen anderen politischen Fragen haben sie entweder überhaupt keinen Plan, oder streiten sich wie die Kesselflicker.",1,1
130," Faschismus ist aber keine einfach Meinung oder Lager, sondern die Leute der AfD sind Feinde der Demokratie!",1,1
1372,"   Doch. Ich erfinde keine Tatsachen, ich habe sie im Gegensatz zu dir belegt. 
Gender-Schwachsinn (schreibe ich ganz bewusst) hat nichts mit Wissenschaft zu tun. Es ist ein strunzdummes Konstrukt linksgrüner Intelligenzverweigerer. Nichts weiter.",1,1
4501,"   Bleiben Sie mal lieber bei gestern. Aber ihr Rechten schafft es nicht, könnt immer nur auf andere zeigen.
Das läuft aber nicht, denn der Bevölkerung ist klar, was bei AfD und Querfurzern abläuft. Niemand hat Bock auf euren rechten Müll und ablenken davon funktioniert nicht.",1,1
3578,"Nicht mehr flink wie Windhunde, zäh wie Leder und hart wie Kruppstahl, sondern dumm, bewegungslos und geistig träge vor der Mattscheibe und der Playstation abhängen, statt Freunde zu treffen, Outdoor-Sport zu treiben oder in die Schule zu gehen. https://t.co/D4vjvNtKPk",1,1
4771, Wenn man es so betrachtet...  können wir den Lockdown noch bis Herbst durchziehen wo die meisten irren wieder drinne bleiben?,1,1
1306,"Wenn die #CDU #CSU sich gegen das Volk stellt und den Bürgerwille der ganz klar einen #Soeder will - nicht beherzigt, dann bekommt #Deutschland eine unfähige Frau #Baerbock die Kinderarbeit &amp; Kinderschänder toleriert und die Strompreise und sonstige Preise werden explodieren.",1,1
3187,"    Girl deine bullshit-Meinung die auf nichts festes basiert muss keiner tolerieren. Mach deine Augen auf, dein Privilege blendet dich ja förmlich",1,1
3148,"   Dass Demokratiefeinde von der #fckafd überhaupt über Listen sinnieren können, ist #ekelhafd . #AfDrausausdenParlamenten #AfDVerbotJetzt #AfDVerfassungsfeindlich",1,1
3484,"Diese Form der Frage zeigt, dass der Altmaier genauso ein dümmliches Arschloch ist wie Scheuer, Spahn, Laschet u viele andere Unionsminister u MP, die die Bürger*innen nur verklapsen wollen.

Und ca 27% der Wähler machen das mit!

Der Wähler haftet für seine Dummheit! https://t.co/Ak1kpLKWkz",1,1
3908,"  Zu spät, Merz, zu spät.
Ihr habt die Union zu einem linksgrün versifften Haufen verkommen lassen und das wird die Rechnung sein.
Aber wie immer im Leben, gibt es eine Alternative.",1,1
643,"   Sport ist ein verbindendes Element aller Menschen, keine Blase für bescheuerten, feigen Männlichkeitswahn. Sportler mit Statements zeigen Mut und mehr Eier, als ein greinender AfD-Junge jemals haben wird.",1,1
3552,   Man muss schon echt hohl in der Birne sein um so eine gequirllte Scheiße von sich zu geben,1,1
1089,"  Sind Sie Kreationist oder wie kommen Sie zu so einer Aussage? Nicht nur, dass Juden bereits vor Erfindung des Islams länger in der Levante gelebt haben als der Islam überhaupt existiert, sie haben auch nach der islamischen Invasion weiterhin dort parallel zu Muslimen gelebt.",1,1
4457,"  Ich sags der Antifa und du Spahn, Merz, Maaßen, Seehofer, Amthor und den anderen Knalltüten.

Die Rechten und Querdenker haben sich bereits soweit aus dem Konsens rausbewegt, da braucht man glaube ich nicht mehr mit reden.",1,1
1503,"     Nö, aber ich dachte, du hättest das in deiner Masturbations-Selbsthilfegruppe bringen wollen.",1,1
154,"Ich hab mir immer schon ein beklopptes Weib als Kanzler gewünscht, die zu dämlich ist, vom Teleprompter richtig abzulesen, Kobolde in Batterien vermutet, Strom im Netz speichert &amp; FDP-Politiker als ""Nazis"" diffamiert! Macht international sicher voll Eindruck - so ein Blödchen! https://t.co/mwkhyBNrQS",1,1
3269,  Ich habe muslime geschrieben damit die Leute das besser verstehen. Versuch nicht auf Krampf deinen nazi Freund zu beschützen. So tolerierst du nur was er tut anstatt zu sagen wie schlecht ist es. Du kannst nicht als Deutscher einen Türken als kanacke beleidigen hurensohn kanacke,1,1
4393,"#HaltDieFresseBild
Da die Bild nur noch hetze betreibt,  zum Teilaufgabe Rassistischer Ebene sage ich wie es is 

#HaltDieFresseBild",1,1
2208,"Das mit den #Lockerungen für vollständig Geimpfte (8,1%) kotzt mich einfach an. Ich fühle mich einfach verarscht von der Regierung. Hältst dich seit einem Jahr an die Vorgaben der Regierung und dann machen die so einen Scheiß  #NieMehrCDUCSU https://t.co/YEHxwb1ApU",1,1
3615,"  Fakt ist, Ihr AfD Lebensversager versagt abermals wie Eure Vorfahren und das genieße ich sehr. Bildungsresistente AfD Covidioten Massenmörder Terroristen ernten Verachtung auf ganzer Linie und das ist gut so Du Otto.",1,1
4722,"  Ja, und Hirnschwund auch! Vorsicht, Hirnschwund ist ansteckend, die meisten AFD und Quersenker (!)  sind schon angesteckt!",1,1
2671,   Richtig so diesen Gender Müll braucht niemand #gender,1,1
1011," Er wurde getötet, weil die etablierte Politik das Vertrauen in der Bevölkerung verliert und damit Extremisten den Weg ebnet. Sie sind Teil dieser Art der Politik, Herr Söder, in der Ihre eigene und Ihre Schwesterpartei Korruption zulassen und seit jeher Gegenmaßnahmen blockieren.",1,1
1441,"   auch drecksvereine. greenpeace, und die fifa sowieso,die sind dazu noch ein korrupter drecksverein.",1,1
37,"              Die ganze Linke ist falsch, gibt da schon welche die es mit der Solidarität etwas anders sehen, musste da einigen entfolgen.",1,1
4793,"    Wenn's halt so ist.
Biodeutsche Antisemiten stellen einen Promilleanteil der Gesellschaft dar&amp;sind ohnehin öffentlich geächtet.Dann wird seit 2015 bedingungslos die Grenze geöffnet-für Menschen,bei denen der Judenhass zum guten Ton gehört. Und wer davor warnt, ist? Genau:""Nazi""",1,1
2702,"Wie ""Querdenker"" die Corona-Zahlen in Thüringen befeuern https://t.co/bEQdyNRMwi via  wer die Regeln schleifen lässt, soll egal wie schlimm es ihn erwischt, in der Behandlungsreihe ganz hinten stehen. Die Querdenker gar nicht behandeln, diese Vollpfosten.",1,1
824,"  Die letzten 16 Jahre nichts getan, und pünktlich zur Wahl plant ihr etwas umzusetzen? Alles nur Wählerfang, einfach lächerlich. Ihr seid ein korrupter Haufen. Nichts anderes.",1,1
3846, Witzig dieser Pseudo „Prof“. Spricht als rechtsradikales widerliches Gesindel anderen Intellektuellen Fähigkeiten ab und outet sich täglich als ewiggestriges und geistiges Pantoffeltierchen! #fckafd #fckhirnlosesgesindelderAFD #AfDrausausdenParlamenten #afdverbotjetzt #FCKNZS,1,1
2661,"""Deshalb ist die Befreiung Palästinas für jeden Moslem die höchste persönliche Pflicht, wo immer er sich befindet. (...) Der Jihad ist die persönliche Pflicht jedes Moslems, (...) Angesichts des Raubes durch die Juden ist es unvermeidlich, dass ein Banner des Jihad gehisst wird.""",1,1
2895,"  Wieso ""Tag der Befreiung""? Befreit wurden nur von den Nazis Internierte. Die Mehrheit der Deutschen (&amp; Ösis) hat den größten ""Mensch gewordenen Scheißhaufen"" an die Macht gebracht - und waren bis weit in die 70er in gehobenen, öffentlichen Positionen. 🤮",1,1
4656, Lasst die öko-terroristen doch mal machen. In 4 Jahren ist der Spuk vorbei. Nur die absolute Mehrheit sollte verhindert werden.  Das ist machbar Dank FDP und der doch nicht so schwachen AFD. CDU braucht eine Auszeit.,1,1
625, Einzeltäter!  Wie viele Menschen kommen pro Jahr durch Migranten um? Eben auch Einzeltäter!,1,1
2768,"     Willst du jetzt etwa behaupten das Querdenker irgendetwas außer totalen Geistigen Müll zu Tage fördern.

Schau mal unter die Tweets von Herrn Lauterbach. So viel Müll sieht nichtmal ein Müllmann in New York an einem Tag.",1,1
1901,  #HaltDieFresseBild macht auch Werbung für #allesdichtmachen - Videos. Wer hätte das erwartet...? Die AfD und Schwurbler klatschen Beifall. Entweder diese Schauspieler zeigen hier offen ihre politische Gesinnung oder sie sind einfach nur dumm und naiv. Unfassbar.,1,1
2494," Nach der Logik dürftet ihr rechtsaussen nie ins Parlament, weil ihr habt ja keine Parlamentserfahrung 🤦‍♂️🤦‍♂️🤦‍♂️
Den politischen Gegner beleidigen und Hass und Hetze verbreiten, mehr könnt ihr nicht..  ekelhaft und armselig...
#AfDrausausdenParlamenten 
#AfDrausausDeutschland",1,1
761," Das ich nicht lache: ""Nichtvorhandenseins von Wissen""?! Du meinst wohl die scheiß veraltete,nicht moderne,korrupte und ausgelaugte CDU damit oder😅 Ich finds geil, wie Danhong Baerbock und Neubauer kritisiert, während ein inkompetenter Mensch wie Laschet Gestern dort saß?! WTF 😅",1,1
3918,"WO sind jetzt die Aufschreie der Woke-Culture, Grünen, Linken und Luisa Neubauers Deutschlands, wenn es um klaren, eindeutigen, belegbaren #Antisemitismus seitens muslimischer Migranten geht?! Passen wohl nicht ins Bild des bösen, weißen, deutschen alten Mannes? #Gelsenkirchen",1,1
873,  Die Pallis hätten spätestens 1947 ihren Staat haben können. Vorher hat man ihnen 87% von ganz Paläsina angeboten. Sie wollten nicht. Dann waren es 45% für  einige Handvoll Beduinen(!) und  Araber mit ägyptischen Wurzeln. Wollten sie wieder nicht. Sie wollen alles haben.,1,1
2157,"Jede(r) Kanzler(in) der mehr von  #Digitalisierung versteht und weniger korrupt ist als #CDUCSU ist mir Recht! 
#Baerbock #Kanzlerkandidat #Kanzlerkandidatin",1,1
866,"  Ich kläre auf: der Totalschaden entstand durch die jahrzehntelange Mentalität besonders der Westdeutschen, die gleichen Versager immer wieder zu wählen. Dadurch konnte sich ein undemokratisches Regime etablieren, deren „Ethikrat“, „Verfassungsschutz“ etc. nur Nebelkerzen sind.",1,1
4423,"    was hat Meinungsfreiheit bitte mit Rassismus zu tun? Mal davon abgesehen, dass du als Cis-gendered, Heterosexuelle WHITE WOMAN schon garnicht von Diskriminierung sprechen solltest.",1,1
1403,    Da zeigt die Antifa mal wieder ihre hässliche Fratze 🇩🇪💙🇩🇪,1,1
814, Der macht mich noch behindert vallah was ein lächerlicher Kerl,1,1
3824," Herr Precht sie sind kein Philosoph + Vordenker, sie sind ein williger ,geistiger Brandstifter dieser in Zügen , faschistoiden ""Great Reset ""Gesellschaft ,von Misanthropen ,um Gates ,Soros &amp;Co samt Lakaien wie Merkel +Macron🙄😠Keine Fragen mehr.",1,1
871,"  Dann hat wahrscheinlich der Schauspieler oder die Schauspielerin den Text selbst geschrieben?!

Wer war das?

Bei den Videos, die ich gesehen habe, gibt es meist die im ""Querdenker""-Milieu üblichen Versatzstücke oder völligen Dreck.",1,1
1576,"  Solange Antisemitismus in den Bundesministerien praktiziert wird, wie z. B. im Bundesministerium für Bildung und Forschung, ändert sich in 🇩🇪 nichts!",1,1
4207,"Sie freuen sich nicht nur wie ein Kobold, Sie haben durchaus auch die laszive Anmut eines Kobolds. Oder meinte ich Waldschrat? Sei's drum, ich freue mich wie Bolle auf die Zeit, wenn die AfD ein Fliegenschiss deutscher Politikgeschichte sein wird. Und das dauert hftl. nicht lange",1,1
1957,"Ich würde am liebsten in die 50er-Jahre zurückreisen, als meine Großeltern noch ein Klo in Garten hatten, damit ich das #Dreckblatt #Bild NICHT mal zum Arsch abwischen benutzen würde.  #HaltDieFresseBild https://t.co/0gyBBagRzY",1,1
726," Vollidiot! Bei der Saukälte muss ich in der Mitte des Jahres den Kamin befeuern. Modelrechnungen von einem halben Jahr sind alle falsch,aber für 30 Jahre im voraus wissen was kommt. Ist Klar du Dödel.",1,1
1326,"   Ihr ganzes Profil schreit ""Dummheit"" hinaus wie nichts anderes.",1,1
354,"Als #Kanzlerkandidatin keine #Regierungserfahrung zu haben ist heutzutage ja eigentlich ein Qualitätssiegel gegen #Korruption und #Inkompetenz.
#spahn #scheuer #kloeckner #altmaier #laschet #amthor #nüßlein #sauter #maskenaffaere #Korruptionsskandal  #cdu #csu https://t.co/Gl1YN3JqYo",1,1
4223, Stimmt Helmut war auch guter Freund von schwarz Schilling. Es lebe die schwarze Korruption.  Wird man deshalb so? Ach ja selber essen macht war der spruch🤪🤪🥳🥳🤣🤣🤣👍👍,1,1
1337," Bin SPD Mann als Gastarbeiterkind. Wähle das erste Mal grüne. Sollen aber dafür sorgen Merz fernzuhalten. Ob ich1.80 oder 2.20 Benzin zahle ist es mir wert . Nach Frau Merkel kein Bock auf Nazis wie Söder , Merz und Hure laschet",1,1
2249,   Hä dann lern gefälligs selber anstatt dieses billige zu hören was man euch ins Gehirn einpflanzt. Palästina gibt es und wird es immer geben. Dein scheiß Israel wird eh ausgelöscht  weil Allah hinter dem Recht steht...wart ab wenn es soweit ist lach ich dich aus,1,1
712,"  Die AFD ist die bessere Wahl.

Die Grünen sind vorbelastet mit Krieg, Versagen, pedo...  überzogene Steuern, Umweltzerstörung und lügnerische Wissenschaftsverweigerung.

Wie kann man ein solche Heuchlerpartei wählen ?",1,1
4925,    Es ist schon alles zig mal nachgewiesen. Es wird nicht unwahrer nur weil ihr immer wieder nachfragt Faschos.,1,1
1084,  Wer weiß..Diese Eliten sind hinterhältig! Und dann noch eine Asylbewerberin,1,1
4619," Anmerkung: Bei der Hexenjagd auf #Palmer outen sich viele Grüne gerade als Nazis. Solche Leute würden Andersdenkende in Lager sperren, aus dem Land werfen, verfolgen. Das dürfen wir nicht zulassen, sondern gemeinsam für ein besseres Miteinander einstehen. #TagderBefreiung",1,1
2245,"      das in dein rechtes Köpfchen reinpasst oder nicht. 
Allein schon der lächerliche versuch Minarette zu verbieten zeigt die peinliche Islamophobie deiner clown partei.",1,1
1849,"   Weil ich systemrelevant bin ...und wenn du die Impfe jetzt doch willst, dann meld dich an...müsste jetzt schnell gehen...und wenn de keen Bock hast auf Impfung, dann biste halt nen unsolidarischer Wissenschaftsleugner und musst dich der Allgemeinheit fügen..",1,1
4963,"  Ne, ich hör das von AfD-Politikern, auch hier auf Twitter. Kann sein, dass das nur Scheißhausparolen sind, die AfD erzählt ja viel, wenn der Tag lang ist.  😆",1,1
757,"Wenn ich aus lauter Frust über diese verschissene Situation jetzt demnächst zum Querdenker werde, braucht ihr euch keine Sorgen machen - ich hätte eh keine Energie mehr, um dummes Zeug per WhatsApp zu teilen oder auf affige Demos zu dackeln 🚫✋",1,1
941,"#HaltDieFresseBild
#HaltDieFresseSpringerPresse 
😡🤬 jeder der für dieses Drecksblatt arbeitet ist absoluter Abschaum. Ihr seid keine Journalisten. Niemand von euch!
Ihr seid einfach nur ekelhafte Unmenschen. Allen voran . https://t.co/5QKPv5Qwi5",1,1
2409, Die AfD zu verhindern wäre schonmal ein sehr guter Anfang und auch ein wichtiges Signal.,1,1
1853,"  würde der IQ höher liegen,
hätten wir dann diese fickenden 
Altparteien an der Macht?

Also bitte...wollen wir die scheisse Deutschen
mal nicht so erhöhen  😂😷🌈🧐",1,1
267, &gt;&gt;Auch das Schlagwort Globalisten kann eine antisemitische Chiffre für „die Juden“ sein.&lt;&lt; Wenn linke Schwurbler phantasieren.... #Globalisten,1,1
2587," Der gleiche alte Quarsch wird nicht besser oder wahrer indem man den Unsinn immer wiederholt. #HaltDieFresseBild #Bild  sollte einmal etwas Konstruktives tun und die Menschen auf nette Art zur Einhaltung der Regeln ermuntern. Spalten, Hetzen und Zweifel säen hilft #Covidioten",1,1
4650," Die #AfD ist keine demokratische Partei auf dem Boden des Grundgesetz. Sie ist geistiger Brandstifter und Gift für jede Demokratie. Sie ist eine reine rechtspopulistische und faschistische Partei. Sie ist ein Sammelbecken für homophobe, rassistische und antisemitische Demagogen.",1,1
3482,"  Solange die Deutschen die Gräueltaten Israels nicht verurteilen, klebt genauso palästinensisches Blut an deren Händen. Es gab schonmal Zeiten in Deutschland, wo weggeguckt wurde und das Ergebnis kennt dir ganze Welt! Aufgrund des Völkermordes an den Juden, hat man Angst als Nazi.",1,1
2738,"Dieses Ekel blatt  trägt mit ihren hetzerischen Berichten extrem zur hetze der #Querdenker bei, für ein Normalo mit hirn wie mich unvorstellbar das man darauf stolz ist 🤮🤮🤮🤮 #HaltDieFresseBild",1,1
503,"Als Deutscher kann man sich nicht für diese Nazis schämen, man kann sie nur für ihre Erbärmlichkeit verachten!
Der braune Morast dumpfer Glatzen, der sich lautstark darüber hinwegsetzen will, daß er nur eine erbärmliche Minderheit ist, ein brauner Fleck in unserer Gesellschaft https://t.co/amTbJNQSRs",1,1
4892,"    Leute, ein bisschen mehr Respekt vor dem Ersatzheiland und #NeoTell. Hört ihm zu, denkt über seine Botschaft nach, urteilt nicht vorschnell. Zieht ihn nicht ins Lächerliche. Das hat die arme Sau nicht verdient. Er gibt alles, wo er doch kaum etwas zu geben hat... 🤓🤭 #ironyoff",1,1
3501,"Mensch , hör doch mal auf, für dieses #Drecksblatt zu schreiben. Das ist mit den Werten der #SGE eigentlich nicht vereinbar... #HaltDieFresseBild https://t.co/BrWeTsYWuZ",1,1
121,"  Auf Augenhöhe, na dann streichen Sie mal schnell ihr tolerant und das Programm der AFD ist bis jetzt nicht verfügbar,  es ist das von 2017 , dass war schon dämlich",1,1
2146,  Sprach der Richter... Der Antifaschist der Faschisten am liebsten den Kopf abhaken wuerde. Und ja natuerlich also ich WUERDE DAS EISKALT FORDERN. DARAUF BESTEHEN. DASS DIE AfD WEGEN DIESEM SCHADEN aufkommt. Niemand hat sie gezwungen hier zu sein.,1,1
3746," Das wird umso eher so laufen, 
je mehr Menschen ihren Verstand ausschalten 
und den Unsinn den AfD, Querdenker 
oder Leute wie Sie vorgeben, ungeprüft glauben.",1,1
2280," Die #HaltDieFresseBild will uns weißmachen das England jetzt einfach so in die Pups gehen kann, #HaltdieFresseReichelt verschweigt einfach daß es dort einen sehr viel härteren Lockdown, und auch viel mehr Impfungen gab
Das diese Form des ""Journalismus"" bei dir gut ankommt is klar",1,1
3031,"  An die genossen, einfach als verschwurbelter Querdenker Qanon nazi ausgeben dann lassen die euch ungehindert durch und machen nichts...",1,1
448, warum unterhält sich laschet mit dieser dummdreisten ökoterroristen aus der  l inks grünen sekte.,1,1
2988,"  Die Schauspieler-Luftpumpen sollten dort mal vier Wochen Arbeitseinsatz leisten. Wahrscheinlich würden sie nach Amnesty rufen. Nicht wegen der Inder, sondern wegen sich selbst. So traurig.",1,1
1212," Wenn ausgerechnet eine Muslima mit großer Nähe zu den ""Grauen Wölfen"" über ""christdemokratische Werte"" belehren will, hat das schon was von Realsatire.🤣🤣

Gäb es die ""christdemokratischen Werte"" in der jetzigen #XfürU noch, wäre die Gründung der AfD übrigens nie nötig gewesen.",1,1
2548," Weil die Videos lebensfern sind. Und weil sie rechtsextreme, wissenschaftsfeindliche Talking Points der Querdenker wiederholen.  Weil das destruktive Grollen gegen „Die da oben“ die Arbeit all jener schwierig macht, die gegen Covid kämpfen.  hat Recht.",1,1
855,"Mr. FakeNews wieder bei der Arbeit.

Die #Bundesnotbremse war wirkungslos (gelogen) und hat nur den Umfragewerten der #NoAFD genützt (dieses verlogene #Drecksblatt ist daran schuld, dass die #FCKAFD im Bundestag sitzt).

#HaltDieFresseBild https://t.co/H8qaTOnHgD",1,1
2820,"Das sind KEINE Flüchtlinge, sondern Wirtschafts-Migranten und zwar FAST alle !!      :  Die Flüchtlings-Frau mit der 3000-Euro-Designer-Jacke oder:  Die Flüchtlings-Verarschung, Zwangs-Islamisierung und Umvolkung Deutschlands gehen immer weiter !!: https://t.co/nhPM4ei3QL",1,1
968,"     Stimmt, Spahn sitzt in einer Partei, wo Korruption zur Tagesordnung gehört. 😂😂👌🏻",1,1
1334,          Und was ist mit RLP? Da haben Sie doch zugestimmt. Sie sprechen mit zwei Zungen. So etwas nennt man Heuchlerisch. Bei allem Respekt: Sie sind ein Heuchler und Brandstifter,1,1
3452," So eine Rede hat noch nicht einmal die AFD hinbekommen geschweige denn der Great Reset Lindner!
Die Union als FC eigene Tasche!
Die Volksterror Merkel hat es geschafft einen Haufen von Versagern in der Regierung um sich zu scharen
Und weil diese es wissen lecken sie der am Arsch",1,1
4415,"   Hat man Ihnen im Kampf etwa zu oft auf die Birne gekloppt?😉 wie haben Sie denn gekämpft, vor dem Fernseher gewettert? Sie Maulheld. Und Recht auf Eigentum ist kapitalistisches Geschwurbel. Schade, mit solch dummen Menschen erreichen wir nichts.",1,1
4002,"Wie die Corona Faschisten unter dem hashtag #allesdichtmachen heulen 🤪😂😂
Bock stark von jedem dieser Schauspieler 💪🏻 danke an euch",1,1
2751, Korruption pur☝🏻alles bereits im Kämmerchen beschossen 🤬👎🏻schämen solltet ihr euch für diesen baldigen Betrug https://t.co/Fr6j6efv3V,1,1
1437," Ich schon. Werde dann aber als Nazi beschimpft. Heute meinte mich jemand belehren zu müssen, dass ihm durch die Maske die Grundrechte genommen werden. Ich war so genervt, weil ich nur wenige Minuten vorher Stress mit einem Covidioten hatte, dass ich nur Halt die Fresse gesagt hab",1,1
4241,    25 Rechte Idioten von 60000 Einwohnern.,1,1
4787,"Waschlappen #Laschet drängt darauf dass seine Nachfolge in #NRW erst geklärt wird, wenn er auch tatsächlich ins #bundeskanzleramt zieht nach der #Bundestagswahl. Liebe /-Wähler: merkt euch das schon mal vorab was ihr euch da für ein feiges Huhn ins Amt holt..",1,1
1032,"   In der FDP kann sie aber ihren pathologischen Fremdenhass nicht ausleben... wenn man das bei der AFD ausklammert, bleibt auch nur eine FDP auf Drogen. -Sowas braucht kein  Mensch!",1,1
3902,"      ""Rechte Idiologie"" oder auch Rechtsextremismus ist trotzdem nicht nur auf deutsche begrenzt alleine die Grauen Wölfe der Türken haben vermutlich trotzdem alle einen deutschen Ausweis wie auch andere Muslime wo schon länger in DE sind und die zählen dann als ""Deutsche""",1,1
2416,"   Da brauch ich keinen Boris für. Brauchst du einen Lauterbach um dich zu steuern? LOL Alleine an euren Aussagen merkt man, wie gesteuert ihr seid.",1,1
3154," Hm... noch ein letztes mal irgend ne missy richtig schön durchrödeln, danach ein Bier trinken, einen Kiffen und zum Schluss Mama Merkel anrufen und beschimpfen.  xD",1,1
4044, Die hässliche Fratze des Judenhasses deutscher Linker (also 95% aller GEZ-Journalisten / -Aktivisten) fein präsentiert auf YouTube. Schön verpackt in ein Jugendformat wie Strg+F für dämliche 16-jährige Klima-Lisas und Antifa-Kevins.,1,1
950,"#Lauterbachluegt - na und? Querdenker töten Menschen! Jetzt die Frage, was menschenverachtender ist… 🤔 

#QuerdenkerSindTerroristen",1,1
212,"   #Gewimmerbrandner ist völlig überflüssig und NUTZLOS  wie die gesamte, dauerzerstrittene AfD-Chaotentruppe.

🇩🇪 entlarvt die einzige ALTPARTEI AfD

#EkelhAFD https://t.co/hdoYFKHDm9",1,1
4206,     Ach zum Thema Demokratie Feind. Wie geht es eigentlich den 90 Polizisten die euer Gesindel am 01.05. wieder ins Krankenhaus geprügelt hat?! War das ein demokratischer Akt? Witzfigur,1,1
2196,"#b1005 Selbst zum Ballon fliegen lassen sind  Querdenker zu dämlich. Ich gehe jede Wette ein das man das falsche Gas zum füllen genommen hat. Und solche IQ Zwerge wollen die Regierung stürzen. Ich pisse mich gleich ein vor lachen. 
 https://t.co/Y9cyvOylyE",1,1
4215," Wollt ihr den totalen Lockdown? Noch totaler ... 
Und jetzt alle: Virus heil, Virus heil, Virus heil.",1,1
756,"  Und wenn man diese Tierquälerei+Straftat(Diebstahl) nicht toleriert ist man ein Nazi.

So einfach macht man es sich hier und vor allem diese Linksgrünen.

Es geht mir einfach nicht in den Kopf warum solche XXXX nicht SOFORT abgeschoben werden.
Falsche Toleranz !",1,1
1772,"Als Deutscher kann man sich nicht für diese Nazis schämen, man kann sie nur für ihre Erbärmlichkeit verachten!
Der braune Morast dumpfer Glatzen, der sich lautstark darüber hinwegsetzen will, daß er nur eine erbärmliche Minderheit ist, ein brauner Fleck in unserer Gesellschaft https://t.co/amTbJNQSRs",1,1
670,"Mit je mehr Abstand man sich dieses Pack der #CDU #Thueringen und ihre unsägliche Entscheidung betrachtet, umso mehr wünsche ich mir die Mauer zurück.
Dann blieben diese Ossis unter sich und man müsste sich mit diesem rechten ""wir sind das Volk"" Pseudo Nazi Getue nicht abgeben https://t.co/Z3ftdG5hL5",1,1
322,"Muss ich die Schmutzfinken, Hetzer u. Lügner vom Schandfleck des Landes AfD noch lange im Bundestag ertragen?? Es ist widerlich, absolut ekelhaft diesen billigen Figuren zuzuhören. Idioten gefällt diese Gülle sicher. Gebildeten Menschen ist das  zuwider.",1,1
1314," Bin SPD Mann als Gastarbeiterkind. Wähle das erste Mal grüne. Sollen aber dafür sorgen Merz fernzuhalten. Ob ich1.80 oder 2.20 Benzin zahle ist es mir wert . Nach Frau Merkel kein Bock auf Nazis wie Söder , Merz und Hure laschet",1,1
4073,"So, damit ist der Lockdown für mich in NRW auch zu Ende. Ich bin nicht geimpft, lasse mich auch nicht impfen, werde aber aus beruflichen Gründen alle 3 Tage mit dem Arschloch Test getestet.Immer negativ.

https://t.co/OJfF8BzM5Z

    #Bundesnotluege",1,1
4189,"Demokratie und Sicherheit ??? Beides hat Merkel eindrucksvoll geradezu ausgeschaltet ...  Euch ist doch das Volk egal nur weil Wahlen anstehen wird wieder ordentlich der sprichwörtliche Honig ums Maul geschmiert, Ihr seid keine Volkspartei dafür aber die AfD umso mehr https://t.co/QkIEEzsYub",1,1
3848,"Die nigerianische Mafia infiltriert Deutschland https://t.co/tnsXHvUPFb via   Klar! Schaut die meisten Flüchtlinge an, gut genährt, trainiert, hell in der Birne, denn sie wollen mehr! 90 % sind als gefährlich einzustufen.",1,1
2712,"HILFE  bezeichnet eine Koalition mit   als attraktiv. Will er nach dem Umarmen von Bäumen jetzt öffentlich ganz fette Kröten schlucken? Ein opportunistisches Wendemäntelchen, der Markus. Die Wähler werden es richten. #BTW21 #CSU

https://t.co/Q2puBsYUST",1,1
1891,"Immer, wenn #HaltDieFresseBild trendet kann man getrost davon ausgehen, dass es berechtigt ist.

Nach Volker Pispers:

„Die Bild Zeitung, dieses Drecksblatt, das so widerlich ist, dass man toten Fisch beleidigt, wenn man ihn drin einwickelt.“",1,1
2479,"  Hallo sind sie behindert, meine Brüder die Muslime wurden während des Freitagsgebet von den behinderten Israelischem Militär angegriffen, hör auf zu lügen du fettes Arschloch",1,1
4695,   Wenn du Faschismus siehst geh zum Arzt!,1,1
3631,"   Wie gut, dass die Bundesregierung endlich ein Schönes-Armut-Gesetz auf den Weg gebracht hat! Danke! Ich nehme an, in Peking wälzt man sich brüllend vor Lachen auf dem Boden, weil sich ein globaler ökonomischer Konkurrent gerade selbst entleibt. Glückwunsch!",1,1
4682,   Und du bist ein #greenpiss Schwurbler und #Ökodiot und GAF Terrorit (grüne Armee Fraktion),1,1
4042,"  Ich hatte das schon im April 2020 gehört!
Da hieß, es die Amis kommen besetzen alles, Internet wir abgeschaltet und und und ....!
Alles alte Kamellen! Sowie der Weltuntergang der schon x-tausend mal zum Tag X-Y prophezeit wurde!
Und nichts ist! Nichts als Spinner die #Querdenker!",1,1
3926,   Heult einfach leise! Euer „Leid“ durch eine Armbinde interessiert niemanden.,1,1
4712,  Die rotgrün versifften haben sich still heimlich in den Medien und auch in den Behörden eingenistet und ein Netzwerk installiert um  an die Macht zu kommen. Frau Merkel hat dies unterstützt oder zumindest nicht verhindert.,1,1
309,"   ""BRD-Pässen"" wurden ja absolut grundgesetzwidrig (!) an Ausländer ohne jegliche ""dt. Volkszugehörigkeit"" (GG Art. 116) verteilt, Deutsche sind diese ""Herren"" trotzdem nicht.",1,1
3511,"   Wer so aussieht darf keine Mütter beleidigen , mein kleine cousi würde dich halt weg fetzen , geh mal zum Friseur und mach dir einen richtigen Übergang du 5€ Möchtegern kanake Internet muschi https://t.co/UnLGAVLXer",1,1
2098,"  Ja, egal. Deutsche Liberale setzen sich nur für Nazis ein.",1,1
2103, Hier wird sichtbar wie Menschenverachtend und Kinderhassend Herr Lockdown-Clown seinen Perversionen freien Lauf lässt. Es ist einfach nur ekelhaft was dieser Unmensch von sich gibt. Ich hoffe das er eines Tages dafür zur Rechenschaft gezogen wird.,1,1
3035," Was für einem Todeskult hängt die #HaltDieFresseSpringerPresse bitte an?
Was stimmt mit euch nicht..? Habt ihr den Journalismus komplett aufgegeben und wollt jetzt an die fette Querdenker Kohle? 😂",1,1
995,"  Voll bei dir. Dampf ablassen. Ich gehe fast jeden Tag an einem vollen Kinderspielplatz an einer Schule bei uns in WI vorbei und könnte kotzen über das was ich da sehe. Zehn Meter weiter wird ein Kerl hochgenommen, der FckAfD schabloniert. 🙄",1,1
1924,  Das kann man auch nur machen weil viele so saudumm sind und nichts hinterfragen,1,1
4826," Ich finde es erstaunlich, wie gut Indien es im Vergleich zu uns geschafft hat.
Weniger Fälle UND weniger Tote pro Millionen.
...und weniger Lockdown.
Naja..... haben ja auch weniger Lauterbach 😳🤷‍♂️ https://t.co/el1jiNktIL",1,1
2115,"  Wählen Sie in Gottes Namen ihre CDU, ihr Erwachen im September wird fürchterlich, Euch ist eh nicht zu helfen. Der Letzte macht das Licht aus!",1,1
2708,"Ein rabenschwarzer Tag für CDU gestern - weil sie den Schwarzenhasser, Rassist, Faschist und ultrarechten Nazi Hans-Georg Maaßen als Direktkandidat des Wahlkreises 196 aufgestellt hat. Schande und Scheißdreck kann man da nur sagen! #NieMehrCDU",1,1
4280,   Sag mal dieser behindert Kuh was anstatt mir so unnötig bei Gott,1,1
4654,   Vielleicht hätte man den armen palästinensischen Kindern vorher keine Quassam-Raketen zum Ramadan schenken sollen 🤷🏾‍♀️,1,1
1317,"   Dann soll er es als ""Regenbogenbinde"" bezeichnen! ""Schwuchtelbinde"" ist nur Wasser auf den Mühlen der Afd-Hasser und der linken Medien! Das wird jetzt wieder so breitgetreten wie der ""Negerschwanz"" von Palmer.",1,1
1533,"Die AfD ist rassistischer Hurensohn.  Die reden nur aber die trauen sich nichts, weil die keine Eier haben.",1,1
1432,"  Das sagt ja wohl der richtige afd Anhänger. Wer gibt euch das Recht eure Gegner zu diffamieren, zu beleidigen und zu Drohen. Ihr wollt den deutschen Staat zerstören.",1,1
3758,"  Ja, danke. Ich hasse diesen Querdenker ""IchbinSofieScholl""-Abschaum, aber auch mir ist seit so grob einem Jahr klar, dass es am Ende um Therapiemöglichkeiten gehen wird und Impfen nur die zweitbeste Möglichkeit sein wird...",1,1
241,"Für manche hat Schwurblerei einfach einen Suchtfaktor. Vorher einsamer Nobody, jetzt als Querdenker Teil einer Gemeinschaft ist identitätsstiftend.

Blöd nur, wenn das aktuelle Thema verschwindet und man als Intelligenzallergiker ständig dem nächsten Unsinn hinterherhecheln muss.",1,1
3753, Ey nazi du hurensohn. Steck deinen Kopf in die Mülltonne und zähl mal so lange du kannst danach bist du so eine richtige AfD missgeburt. Du Opfer!,1,1
4987," Jung, schwul und behindert sind KEINE Kriterien für eine Einstellung oder Wahl. Das sind eher Ausreden für nicht vorhandene Fähigkeiten.

Gut, für die dummen Grünen scheint das wohl zu langen.
Baerbock ist ja auch völlig talentfrei.",1,1
4844,            Problem ist halt das diese feigen Querdenker immer ihre Kinder mitnehmen um Bilder von der auch so bösen Polizei zu erzeugen dabei sind sie die Bösen,1,1
998,"Was zum Teufel ist mit der CDU nicht in Ordnung??? Jetzt wird auch noch ein bekannter Nazi unterstützt. WTF?

Was ein abartig verlogener Haufen. Von wegen keine Zusammenarbeit mit den Faschisten. Früher, wie heute gelogen. Siehe Plauen

    https://t.co/Qyfy1SCbhL",1,1
4,"   Hab versucht zu entziffern was du da von dir gibst, bin dabei behindert geworden du Bastard",1,1
4776, Heiko Maas unterstützt ein Terrorregime das Israel auslöschen will!  Was für ein ekelhafter Heuchler und Antisemit🤮🤮🤮👎👎👎 https://t.co/Pq6v4osdgu,1,1
1219,"Die Eliten wollen Anne- Fresse Bärbock, 🐻 Ihr könnt euch den Gang zur Wahl 🗳 sparen❗Die BRD ist nur eine Fremdverwaltung der Eliten und macht nur noch das was Deutschland schadet und die Bevölkerung verarmen lässt❗Alles manipuliert und die Bevölkerung ist zu dumm❗🤮 https://t.co/yMj3HOnX1i",1,1
3540,"   Der korrupte Haufen ist doch kein Maßstab!
Die Idioten träumen von Cannabis Prohibition- machen wir es zu dem größten Albtraum der Stasinaziunion! Korruption Prohibition ist leicht widerlegt!
We FREE Ganja now, whatever it takes",1,1
1435,"Ob ihr nicht ganz dicht seid?
Aus dem Elfenbeinturm heraus süffisant Säure kippen. Deutsche Schauspieler und ihr geistiger Verfall.

#allesdichtmachen",1,1
1387,   Immer wieder das gleiche Blödsinnsargument. Niemand bestreitet die Saisonalität drum tun wir uns im Sommer ja auch viel leichter. Deswegen ein sofortige es ein dauerhaftes Ende alle Maßnahmen zu fordern zeigt nur von eigener Ignoranz https://t.co/DTTJbLJi8K,1,1
4236,"    Ach klar, diese 3 weltweit anerkannten Pandemie- und Sarsexperten.
Beraten die nicht Brasiliens Regierung?
Is aber gut jetzt. Schon wieder viel zuviel kostbare Lebenszeit mit Euch Hirnblockierten verschwendet.",1,1
234,"Die links-grün versyfte Bande ist unberechenbar!!!   Berlin: Linke attackieren Skinhead auf Mai-Demo, der stellt klar: ""Ich bin Antirassist, kein Nazi"" https://t.co/icq6cy90ks via ",1,1
1237,"  Fakt ist, Ihr AfD Lebensversager versagt abermals wie Eure Vorfahren und das genieße ich sehr. Bildungsresistente AfD Covidioten Massenmörder Terroristen ernten Verachtung auf ganzer Linie und das ist gut so Du Otto.",1,1
874,"  Weder noch, nur antifaschistisch. Du bist der geborene NSDAP Zujubler, heute AfD, einfach nur abartig und blöd. Zum Glück werdet Ihr niemals und  nirgendwo regieren. Ihr seid menschlicher Sondermüll.",1,1
1035,    Ein Statement gegen Rassismus gehört verboten? lmao natürlich kommt das von einer weissen Frau,1,1
4823," Dann sollten #CoroNazis dir erst recht zu denken geben, denn die leben hier und jetzt und scheißen auf das Leben und die Gesundheit anderer, während Mao und Pol Pot längst in ihren Gräbern verrottet sind.  Du scheinst irgendwie noch in den 70ern zu leben.",1,1
256,"  DIe meisten #stayathome Verfechter, die alles getan haben um sich nicht zu #infizieren, brav neg. #PCR Tests vorweisen, haben nicht begriffen.  

Ihr bleibt UNFREI.

Ihr werdet verarscht von #Merkel und Kumpane.

Kommt heraus und reiht euch ein. 

Gemeinsam,  für die Freiheit .",1,1
2110," Der Moment, wenn dein Arsch nach dem Abwischen dreckiger ist als vor dem Kacken! #fckafd #FCKNZS https://t.co/HveUlNJMk3",1,1
2625,"Das sind so Strukturen von #Korruption und Verstrickung, von denen man als naiver Mensch gerne glauben möchte: ""So etwas gibt es nicht mehr, viel zu plump, würde sofort auffliegen."" Gibt es leider - und fliegt zum Glück doch noch auf. #CDUCSU #Klimaschmutzlobby https://t.co/3cR8l6UjIw",1,1
4603,    Ach. Dieser ganze linke Schmutz besser verdienender Medienschaffender wie  langweilt mich nur noch. Bald bauen wir wieder Ballons und fliehen aus Pößneck. #Ballonflucht,1,1
3073,   Was hast Du denn heute schon geraucht,1,1
4146,"   Jaja, so haben alle Parteien ihre schwarzen Schafe: CDU/CSU Ehefrauenvergewaltiger, Korruption - AfD alles rund um Rassismus, Korruption - Linke Autoanfackler - SPD Landesverräter - FDP Korruption.",1,1
1688,"  Leider gibt es einige wenige, due sich aus gesundheitlichen Gründen auch nicht impfen lassen können.
Solange müssen die Impfgegner und Querdenker isoliert werden.
(Was die ja schon sehr erfolgreich, aus Dummheit selber betreiben)",1,1
3687, Was für eine ekelhafte Berichterstattung über die Aktion #allesdichtmachen der Künstler. So ein verlogenes Schmierentheater gibt es eben nur in den Lügenmedien des Staatsfunkes. Jeden normalen Menschen müßte dieser widerliche Beitrag ankotzen. Ekelhaftes Gesindel,1,1
1604,"      soll doch einfach das Angebot zum Einzelinterview annehmen, euer grundloses gewetter und mimimimimi hat hoffentlich zur #BTW21  ein Ende. Inklusive dieser unsäglichen Partei die vor allem einen Staubwedel und paar Jahre Oppositionsbank braucht",1,1
136,"  Die Äußerung von Palmer war sarkastisch gemeint. Um Sarkasmus oder Humor zu begreifen, muss man ein Minimum an Verstand oder Intelligen besitzen. Das ist leider nicht jeder Person gegeben, die sich dazu äußert....",1,1
4847," Einfach um Impfgegner und Schwurbler zu triggern.

Söder wir lieben sie, Gott schütze sie, und ich hoffe sie als Kanzler wieder zu sehen😈",1,1
190,"  Das die Menschen am Verblöden sind ist doch nichts neues, guck dich mal im Bundestag um... Alles nur Affen",1,1
4291, Was ich fiel interessanter finde ist das du gesperrt wirst aber AFD Politiker zum Mord an Menschen aufrufen dürfen und ihren Rotz trotzdem weiter in die Welt Tweeten dürfen,1,1
2769," Wie ekelhaft und widerlich kann eine Partei sein?

Von der AfD erwartet man nichts anderes,  aber die?",1,1
310,"     Wäre ja viel besser, wenn ein unerforschter Virus sich unkontrolliert ausbreiten kann, und dadurch Tausende Menschenleben kostet, nur weil irgendwelche Vollidioten es nicht aushalten 1,5 Jahre in ihre Freiheit eingeschränkt zu sein.",1,1
133,"Mit je mehr Abstand man sich dieses Pack der #CDU #Thueringen und ihre unsägliche Entscheidung betrachtet, umso mehr wünsche ich mir die Mauer zurück.
Dann blieben diese Ossis unter sich und man müsste sich mit diesem rechten ""wir sind das Volk"" Pseudo Nazi Getue nicht abgeben https://t.co/Z3ftdG5hL5",1,1
4112,"Und wieder ein verrat der spd.
Von den anderen Verbrechern erwarte ich ja nichts andres mehr, bei der spd hat man ja immer bisschen noch die ilusion.

Keiner von diesem scheiß Haufen ist noch wählbar.

Die arbeiten auch alle mitlerweile mit afd zusammen.
Wiederliche wende Hälse. https://t.co/9Un0rbrKXn",1,1
1525,    Schöne idee..wir fahren zur nächsten Querdenker Demo und lachen sie Idioten aus 🤣,1,1
1565,"Klassiker: ""lügt, wenn er von “antisemitischen Rufen” auf der Demonstration spricht."" From the River to the Sea und Intifada gehen halt voll klar. 

Linker Schmutz einfach. 

Ich kann das schreiben und trotzdem die Polizeigewalt an dem Tag ablehnen. Deal with it oder geht kacken. https://t.co/lSupV6J4mZ",1,1
3184,"Und #Mali finden die Grünen auch toll! 

Ich frage mich natürlich, wie viele dummdämliche Dumpfbacken es gibt, die nicht lesen können. 

#Gruenen #Neubauer #FridaysForFuture  #gruenejugend https://t.co/Cmvw3AkgaM",1,1
4837,"  Dumm, wenn man die eigenen Links nicht durchliest: ""Zwar habe die Buchhaltung die Zahlung als ""steuerfrei"" verbucht. Von dieser Steuerfreiheit mache Baerbock aber keinen Gebrauch.""",1,1
1757,"   Gott,  was seid ihr für hässliche Faschistenfressen. 🤢🤮🤮🤮🤮",1,1
738,"  Du bist ein antifa hamster im lauf rad :)  und findest es nicht toll das ich deine #Antifa religion angegriffen haben.
In sofehrn verstehe ich deine reaktion
Auch wenn du nicht zu einer produktiven konversation fährig bist.
Und nur beleidigen kannst 
#Antifa = #Nazi / #faschisten",1,1
237,"Es gibt in jedem Kulturkreis Vollidioten. Aber dass die Frauenfeindlichkeit bei den Moslems um ein Vielfaches höher ist, das streiten Sie wohl nicht ab. Der Vollkoffer in Wien war ein Ägypter und egal ob Moslem oder nicht.
In Albanien und im Kosovo gleich.",1,1
1608,"#b0105 Der #Linksterrorismus zeigt seine hässliche Fratze. 
Und die ganzen #Wohlstandslinken wie #FFF, #BLM ""Aktivisten u.a. sind auf dem Weg es ihnen gleich zu tun!
Diesen Abschaum gilt es zu bekämpfen.",1,1
3107,"   Private Entscheidungen dürfen keine Öffentlichkeit haben? Und wer entscheidet das? Ihr, dar afd dreckspack?😂😂😂🧡🇩🇪",1,1
1545,"    Benennt diese AFD Leute als das was sie sind Faschisten, nicht rechts radikal oder sonstiges rumgeiere. Diese Leute sind brandgefährlich Polizei",1,1
3308,"#allesdichtmachen Es gibt kaum etwas Dümmeres als Schauspieler und Musiker. Hättet ihr etwas Gescheites gelernt könntet ihr jetzt euren Mitbürgern helfen, anstatt nur dumme Sprüche loszulassen!",1,1
2477," Ich find das ja unheimlich süss, dass nazis  it ihrem gruss an den föhrer ständig jedem zeigen müssen, wie hoch man in ihrem vakuum Scheisse stapeln kann, das macht denen echt so schnell keiner nach ...staunend getwittert 😅",1,1
101,"Man Man, der Nazi vorzeige Lesbe Weidel fällt wieder so viele braune scheisse aus dem Mund das ihr Arschloch doch bestimmt wieder eifersüchtig ist. 
#Lanz #Weidel 3 2 1 ----- #AfDVerfassungsfeindlich #AfDrausausdenParlamenten #afdverbotjetzt https://t.co/6lH56h9env",1,1
229,muslimisches Muster ist immer ähnlich:Arme Opfer.Hamas überfällt Israel?Terroristen sind Opfer. Bildungsfern und nicht integriert? Böse Christen oder „Kartoffeln“.Kein Job?Islamophobe verhindern.Macho und trotzdem erfolglos?Amerika. Komisch:Ganz anders bei nicht-Muslim-Migranten,1,1
1927," Respekt das du immer so sachlich bleiben kannst. Mir platzt immer relativ fix der Kragen,wenn ich so einen Dreck lese .",1,1
1653," Berlins Innenseantor Geisel, ehemals SED lief bei Unteilbar mit Idioten von den Antisemiten, Islamisten und anderen radikalen Hater Gruppen. Später hat er das verteidigt. Heute behauptet der Lügner was anderes. Deutschland im double Standard. Und bald ein dummes 3 Welt Land",1,1
2271,"  .....das lichtscheue Gesindel aus einer Melange von Antifa, Verdi, SPD und Migranten zeigt mal wieder seine hässliche, linksgrüne Fratze!",1,1
4530,  Du scheinst dich sehr auf Herrn Reitschuster eingeschossen zu haben und kannst wohl mit der Wahrheit nicht gut umgehen sonst würdest du die Regierung nicht so verteidigen. Das wir von denen belogen und verarscht werden liegt doch auf der Hand. Aber leb weiter in deiner Luftblase,1,1
1779,"   Und wieder will jemand die Wahrheit nicht akzeptieren und relativiert und nein, dass sind keine Deutsche!!!",1,1
3344,"   Beim Beten sagen wir das. Aber bei so einer Erwin brauchst du nichts hoffen. Eine Deutsche drecks fotze die meint, dass das direkt Terroristen sind.",1,1
2581,   Ich sage Gruss weil ich den der den eingeführt hat nicht nennen mòchte weil er ein Verbrecher war.Aber merkst selbst du ziehst dir was an den Haaren herbei u schon bin ich ein Nazi.Ihr seid echt krank.Geht mal zum Arzt.,1,1
2720,"    Oh nein. die Risiken trägst du , aber keine Angst, du bist nicht alleine, alle anderen Geimpften auch.",1,1
580,#Querdenker mit Captain Schwurbel &amp; #Roman (Merkel-Schreck vom Kanzleramt) setzt sich in Bewegung. #b1505 https://t.co/kWsFgzrY85,1,1
850,"Einfach damit es weiter oben bleibt, dieses Drecksblatt ist Umweltverschmutzung und Ressourcenverschwendung und sollte sofort eingestellt ( achja die Onlinevariante ist auch nicht besser ....)  #HaltDieFresseBild",1,1
2094,"    🤣🤣🤣
Im Keller &amp; im Ganzkörperkondom kriegen Sie das bestimmt hin.

Leben retten. Diese heuchlerische NoCovid Fratze ist zum heulen. https://t.co/c9RU867bwv",1,1
206, Dieser herablassende Blick eines Mannes auf eine Frau und dieses herablassende Lachen..... so etwas müsste inzwischen echt ausge-merz-t sein #PLURV  #alteweißemänner #MerzVerhindern,1,1
4295,"     Nein, aber in Deutschland leben Deutsche. Das ist ihr Land, und die problematischen Deutsche sind unser Problem. Aber problematische Nichtdeutsche sollten nicht das Problem Deutschlands sein. Erklär mir bitte, warum ein Vergewaltiger aus z.b. Syrien hier leben soll?",1,1
3566," wer ist es denn  bitteschön. Doch nur die  blöden Säcke des Juniorpartners des AfD, ihre arroganten FDP-Blödel.",1,1
4535," Husch, geh Brauner 🌈🌈🌈
🌈 Braun ist öde 🌈
#fckafd 
*Leises Blockgeräusch*",1,1
4886,"  Richtig so Herr  , #allesdichtmachen ! Weihnachten auch absagen jetzt schon! Frau Söder braucht noch Geld von Masken! Der Tag wird kommen du arroganter Arschloch wo du endlich mal verpissen wirst! 🤬🤬🤬",1,1
4549,"  Omg Sally bist du's?

Yes, hab ich von James Lindsay, wie du ja schon richtig festgestellt hast.

CRT, Intersekten-Feminismus und co. sind ganz großer Müll und spalten die Menschen nur, da braucht man eigentlich gar kein PragerU oder einen Lindsay, um das begründen zu können.",1,1
2470,"   Man schaue sich die Bilder an und warte auf die Polizeiberichte. Wir haben hier einen importierten arabischen Antisemitismus, den es vor einigen Jahren noch nicht gab.",1,1
2071,"  Jawoll, jeden beseitigen, der sich dem Stadion nähert 🥳",1,1
1452," Mist, jetzt habe ich aus Versehen schon wieder #HaltDieFresseBild geretweetet. Ups, #HaltDieFresseBild schon wieder. 
Und das, wo ich mir doch vorgenommen habe, #HaltDieFresseBild nicht mehr zu tweeten. 😇😇😇",1,1
336,"  Sie ist nicht so dämlich wie einige weibliche AfD Politikerin. Herr Junges Intellekt reicht ihr nicht mal bis ans Knie. Aber  andere Menschen beleidigen, dass Einzige was AfD Politiker können. Eure blaubraune Trümmertruppe ist doch auf Abkackkurs mit 10%.",1,1
3465," Rauer Ton? Liegt wohl daran, dass es noch keine größere Lusche als #Laschet als #CDU-Vorsitzenden gab.",1,1
3781,"   Alter hast du dir mal die Quellen vom Volksverräter angeschaut? Antonio Stasi Stiftung?? Junge Junge ihr deutschen Propaganda Opfer seid echt der Beweis, dass 1933 ein leichtes Spiel war.  Desweiteren was ist strafbar an diesen Aussagen?",1,1
2796,"   Quatsch! 
Dieses Journalistenpack welches diesen Brief gegen Reitschuster verfasste, ist vergleichbar mit dem Gendergaga-Pack, das 2/3 ablehnen

Minderheit,
anmaßend,
undemokratisch,
diktatorisch,
Feinde der Meinungsfreiheit

Aber eines garantiert nicht, Sprecher für die Bürger.",1,1
1482,"  Russland ist nicht Putin. Putin lässt seit Jahrzehnten Menschen foltern und ermorden. Putin versteht nur die Sprache der Härte. Wenn wir Freundschaft mit Russland wollen, müssen wir dafür sorgen, dass auch in Russland die Menschenrechte durchgesetzt werden.",1,1
363," Hier zeigen eher einige Kommentare die hässliche Fratze ihrer Verfasser. Die AfD hat in der Pandemie nicht einen einzigen produktiven Vorschlag zur Lösung gemacht, lümmelt im Parlament herum und besticht häufig nur durch Dummheit und Hetze-wahrhaftig nicht demokratisch..",1,1
2290,"  War klar das so etwas kommt nach den Linksradikalen Ausschreitungen bei #b0105. Aber Querdenker sind auch tatsächlich oft auch Linksextreme Grüne, sollte man hier erwähnen. 🙄😁👇 https://t.co/T3xMqzovsP",1,1
3550,"#Querdenker 
Und die nächsten sind die Verstrahlten, die uneinsichtigein, die Reitschusters, die Tichys, die Pegida Rassisten, alle die meinen Faschismus ist eine Folge von falschen Entscheidungen Der jetzigen Regierung. Niemand braucht euch, niemand will euch. Ihr könnt weg",1,1
1550,"    Natürlich musst du es nicht. Hauptsache du blickst, worum es geht und dir werden langsam aber sicher die Augen geöffnet. Jedes Schaf zählt. Ihr Geimpften seid ja auch ansteckend, ist von offizieller Seite schon bestätigt worden. Wusstest du das etwa nicht? 🤣🤣🙄.",1,1
2060," Das werde ich nicht vergessen bei der BT-Wahl, weil CDU/AfD  wesentlich besser für das Land ist als ""Die Linke Mauermörder Partei"", die die SAntifa unterstützt und mit den Grünen und der SPD Berlin mehr und mehr zerstört 🤦‍♂️🤮",1,1
138,"   Niveauloser, zwangsfinanzierter Dreck mit selbsternannten Spezialisten. #annewill",1,1
611,"#tierschutz #missbrauch Sodomie Schweinchen BABE von Querdenker im Stall missbraucht, wie abscheulich ist das den bitte! #Björn #Banane beim Liebesspiel entlarvt ich kann nie wieder Schnitzel essen!!!#hildmann haaaraammm Allaaaaarrnn  😂✌📢🍌 https://t.co/0RbXuc7mkP",1,1
1589,Bild eh alles nur Mongos können net mal Atmen ich hoffe die bekommen alle Arschkrebs und Ebola  #HaltDieFresseBild,1,1
982,"   Türken-Armin sagt eh nur das, was ihm seine Vertraute  vorher ins Öhrchen gehaucht hat!",1,1
2545," Weil viele „Massnahmen“ der deutschen Bundesregierung wirkungslose Symbolpolitik waren, sind zusätzlich Menschen gestorben. Das kritisiert #allesdichtmachten. Man muss schon sehr entrückt sein, um daraus Verhöhnung für Tote oder das Personal von Krankenhäusern ableiten zu wollen.",1,1
3535, Frau Baerbock ist eine dumme ungebildete Person und das macht sie nicht nur am Kobalt fest! Gott bewahre unser Land vor solchen Leuten als Kanzlerin! Nichts anderes als grün lackierte Kommunisten!,1,1
4848," Als Regierungsprecher muss man dumm sein. BÖSE und DUMM.

#niewiederCDU  #fckcdu",1,1
2240,  Vielleicht haltet ihr Egoisten mal die Klappe mit euren hirnbefreiten Forderungen eure scheiß Bequemlichkeit und mangelnde Lust unangenehme Realitäten zu konfrontieren über den Schutz von Menschenleben zu stellen,1,1
1457," Die Volldeppen Querdenker  haben jetzt eine eigene Partei gegründet, die nennt sich die Basis. Das kommt davon wenn  man blöd ist. https://t.co/eK9Hz72Nyh",1,1
3371,"  Obwohl ich schon seit Jahren keinen Tatort mehr sehen kann, musste ich eben doch schmunzeln, da es keinen besseren Beweis dafür gibt, dass die Aktion #allesdichtmachen, die vom linksgrünen Pöbel beschmutzt wurde, hat in Wahrheit die Mehrheit aktiviert, merkelt ihr was  ?",1,1
1344,"    Doch das ignorieren Sie, siehe Ihr Tweet oben, der suggerieren soll der Antisemitismus käme überwiegend von rechts u sei daher nicht importiert. Dadurch verleugnen Sie die Realität der betroffenen Juden u ignorieren, dass A. v Migranten gewöhnlich bei 'rechts' eingetragen wird.",1,1
116," Das ist somit die krankste Scheiße die ich jemals gelesen habe, nachdem was in Deutschland 1933 passiert ist und hier von der bösen AfD gesprochen, ist das UNFASSBAR!",1,1
4661," Allein seine Bio sagt schon, wie behindert der im Kopf ist. Einfach nur krank solche Leute. https://t.co/697Dj6zINQ",1,1
3644,"hab keinen Bock mehr was ist das denn jetzt für ein ""allesdichtmachen"" scheiß schon wieder. schön das querdenkernarrativ bedienen, diese persönlichkeiten sollten sich allesamt schämen was soll dieser schwachsinn eigentlich",1,1
1095,Was die #AfD mal wieder bewiesen hat: Das einzige was die ArschgeigenFürDummhausen können ist Scheiße labern. Anständige Menschen setzten sich dafür auf die Schüssel aber AfDler sind selbst dafür zu dämlich,1,1
1377,"   1/2 für den jetzigen Antifa Kindergarten, der sich Antifa nennt! hier auf dem Video unten im Anhang, seht ihr was die alten, eingefleischten Antifanten, von früher von Euch halten! die finden Euch nur lächerlich und wollen mit Euch  Kindergarten nichts zu tun haben!",1,1
4758,"Wenn ich tagtäglich verfolgen muß,
wie die #ÖffentlichRechtlichen mit
SchmonzesNachrichten meinen
zwangsweise erhobenen Rundfunk-
Beitrag von mtl. 17,50 Euro verplem-
pern, dann packt mich die kalte
Wut! - Bspl.: Wer wird Kanzler-Kan-
didat: Laschet oder Söder? Wie oft
nooooch???",1,1
2611," Noch fragen?
Politik und Medien belügen und betrügen das Volk...
Das Kind hat nur einen neuen Namen bekommen. Und die sogenannte tödliche Pandemie füllt nur die Taschen der korrupten Politiker...
#corona #covid19 #COVID__19 #politikersindlügner https://t.co/ed7yTG2MvT",1,1
4765,"  Es gibt nur eine logische Erklärung:
Es handelt sich um Korruption, denn Impfungen, Tests, Schutzkleidung, Medienkampagnen, [...] sind ein extrem lukrativer Markt für hirnamputierte Idioten, die jede Scheiße fressen und jedem Führer folgen.",1,1
2095,"Ich hab gestern Abend #AnneWill NICHT gesehen, ich saß mit einer kühlen Flasche Pils auf meiner Terrasse.
Auch mal schön, so ohne Betablocker und den geistigen Dünnschiss der verwöhnten Reemtsma-Rotzgöre #Neubauer.
Habt alle einen schönen Tag! 🙋‍♂️",1,1
192," Nur die AfD ficken wir nicht, weil kein Sex mit Nazis!",1,1
808,"  Klar 😁.. 
Das Experiment..läuft alles nach Plan..Nur anders als ihr denkt. Jeder der sich hat impfen lassen ( übrigens nur Kochsalz) ist save. Alle anderen werden zum Winter hin nach Sachsen abgeschoben",1,1
2888,"   Der AfD sind Tiere genau so egal wie der Rest unserer Umwelt.
Lieber die Umwelt zerstören und nichts gegen die Klimaerwärmung tun wollen.
Dazu der Hass auf die Bevölkerung die ruhig an einem Virus verrecken darf bzw wenn sie Glück hat sich ewig mit den Folgen herum schlagen kann.",1,1
4254,"Danke an  #allesdichtmachen. Es gibt noch Menschen die ihre Eier wiedergefunden haben. Passt jetzt aber bloß auf, daß sie euch nicht wieder aus dem anderen Hosenbein wieder rauskullern. Lasst dieses dumme Faschistenpack bloß weiter dummes Zeug nachplappern.",1,1
3891,"Brüssel - Pfefferspray mitten ins Gesicht von Passanten - Polizeigewalt, ohne jeglichen Anlass und vollkommen unverhältnismäßig

Das ist es 👇 was ihr woll, ihr #ZeroCovidioten ⁉️ 😬
Das passiert, wenn der Staat die Macht hat und nicht der Souverän, das Volk

👉#HeinerULTRAS👈 https://t.co/mfVdRAULoe",1,1
1650, Die JF gehört also zum Meuthen-Lager das sich bereits Ihr faschistisches neurechtes Lager in der Union einzurichten scheint und die toxischen Bauernvolkstrampel abstößt.,1,1
1492,"    Es gibt keine Klimakrise. Es gibt nur die faschistisch-sozialistische Ideologie der Grünen gepaart mit linker Volksverdummung. 

Die Klimakirche ist nichts weiter als eine diktatorische menschenfeindliche Todessekte",1,1
1799,"   Jens Spahn ist schwul, Bankkaufmann, kauf sich eine Millionen Villa und sein Ehemann sitzt irgendwo in einem  Zeitungsverlag und und und. Kannst fast jeden nehmen.",1,1
4104,"   Du kannst doch wohl sagen was du willst. Aber ihr armen Rechten macht ja so gerne auf Opfer und heult rum. Du gehst doch mir nicht zu etwas zu sagen. Aber So sind Faschisten nun mal, unsympathisch #FCKNZS #fckafd",1,1
1329,"Seid ihr Linken/Rotpunktfaschisten/Antifanten hirntote Amöben?
Wer jetzt noch nicht erkennt dass es nicht um ein Virus sondern nur um die Abschaffung aller Grund- und Freiheitsrechte geht, kann sich ja selbst daheim einsperren.
#HaltDieFresseBild #Infektionsschutzgesetz",1,1
2681,   Bist Du bekloppt?? Diskriminiert? Geht's noch? Du hast das Problem nicht begriffen und nimmst große Worte in den Mund 🙈,1,1
3470," Hier twittert Timon Dzienus, ein grüner Vollidiot und Linksterrorist (Antifa). (wir dürfen Sie doch so nennen, oder?)

Profil:
Bundesvorstand 
 | Nazis blockieren | #Antifa | #Hannover | #Werder | Insta: ",1,1
1026,"    Das Problem darin, dass heutzutage soviel direkt als Nazi betitelt wird liegt darin, dass Personen wie Sie und ihre widerliche antidemokratische Nazi Partei dann tatsächlich glauben ein Argument gegen die Anschuldigungen zu haben.",1,1
2045,  So geil wie deine Hurenmutter gestern von mir geflankt worden ist du elendiges kleines Miststück du gehörst richtig behindert geschlagen wenn es deine Eltern nicht schon eh jeden Tag machen du Nuttensphn du Bastard du wichser du Fotze,1,1
2362,"   Achso ja,Ich bin dahin gegangen habe gesagt:Was willst du hier du Dummer hurensohn verpiss dich aus mein Haus kleine lesbe 
Dann sind 2 andere gekommen und dann haben die Stabil zu 3 Mich behindert gemacht/Geschlagen halt",1,1
3494,"  Eine fällige Rosskur für den deutschen Dumm-Michel und linksgrünen Wolkenkuckucksheimer.
Dummerweise für alle anderen auch
#Baerbock #Esken #HennigWellsow",1,1
3042,  Die könnten so 1:1 von der #noafd stammen.,1,1
642,"     Es ist #Faschismus. Das ist vollkommen klar. Jeder der sich ein wenig mit dem Holocaust beschäftigt hat und vor allem mit dem jüdischen Leben vorher, muß die Parallelen erkennen. Allein die Impfpriorisierung der Barmer spricht eine deutliche Sprache #Euthanasie",1,1
51," .....das lichtscheue Gesindel aus einer Melange von Antifa, Verdi, SPD und Migranten zeigt mal wieder seine hässliche, linksgrüne Fratze!",1,1
4780," Wenn ausgerechnet die aufgeputschte, volksverhetzende Anal Lena Baerbock, sich in der Opferrolle suhlt, der Darling der kaputten braunen, Menschen hassenden NATO Macho Krieg Säcke und ihren sadistiechen korrupten Geheimdiensten #IntegrityInitiative 😎 #FreeAssange #Ovalmedia https://t.co/ZH41fjXtxf",1,1
2848,"   Die Politik hält sich bei einer Krtitik des Islams zurück, da es um Wähler geht und um die Angst, als politisch unkorrekt eingestuft zu werden. Das ist ein grober Fehler. Das Problem ist der Islam und der Koran! Handlungsbedarf....",1,1
2048," Fuck Antifa ......mehr gibt es nicht zu sagen , ein Haufen #linksgrünversiffterarbeitsloserinzuchtmenschen .",1,1
2453, Was dieser Herr von sich gibt ist von Anfang an völliger Blödsinn. Der Merkel Speichellecker und Konsorten sind doch gerade dabei mit ihrer infantilen Inkompetenz genau das zu zerstören.,1,1
2281,"Lappen wie du bedrohen grad die Welt
Jetzt zieh die Maske auf
Euch Lappen gehört der Strom abgestellt 
Sowie das Wasser auch
Was wollen die Lappen hier und da ich dich Lappen grade seh
Wegen Lappen wie dir wählen andere Lappen AfD

https://t.co/uPPrqlxfDO",1,1
4673,"  Wenn die FDP jetzt noch auf 25 % zulegt, kann sie mit der AfD die absolute Mehrheit einfahren. #fckafd #fckfdp",1,1
4082," Jaja Du psychopatisierte Ausgeburt des neuen platzenden Eugenik Rassenwahns gegen die Menschheit
Wer gegen den Querschnit der demokratischen Gesellschaft ist, ist ein NATO Krieg Nazi Kapo und kein Antifaschist 😎 #Querdenken711 #Querdenker #KenFm  
https://t.co/0AU9ROmzDA https://t.co/ekzT3fYZLy",1,1
2818,  abgestempelt zu werden. Meines Erachtens idt es das Gegenteil. Wer die Siedlungspolitik Israels nicht verurteilt ist ein Nazi!!!!,1,1
576,#allesdichtmachen ist ne digitale Mülldenker Demo. Was habt ihr denn erwartet? Steckt euch euren Claim in den Arsch ihr Pisser seid allesamt Querfront durch und (einfach nur noch) durch. https://t.co/sztk3wmppw,1,1
1127,         Bei dem ist das reine Zeitverschwendung!!,0,0
4651," Höchste Zeit und in gemeinsamer internationaler Kraftanstrengung, sowie gebotener Härte.",0,0
3597,"Liegt halt irgendwie in der Natur der Deutschen, da gerne mal wegzugucken. Hat sich seit 1933 nicht viel getan.",0,0
3," Huhhhhh, Fritz, Du jagst mir richtig Angst ein 😜",0,0
221,  Vielen Dank für den Hinweis. Uns war die Veranstaltung bislang nicht bekannt. Wir gehen der Sache nach.,0,0
4214,  Der Brenner ist die Grenze zwischen Österreich und Italien,0,0
762, Frag dich doch mal wer für die Armut mitverantwortlich ist.,0,0
1666,"Es geht hier um rechten Terror und nicht darum, völkischen Nationalismus schönzureden.",0,0
536," Das ist Erpressung am deutschen Volk, keiner will das, tun Sie endlich was ‼️‼️‼️",0,0
2561,    Ethnische Deutsche also schon einige Generationen,0,0
158,"  was ist daran unhöflich, wenn wir uns über seinen besuch freuen und ihn gerne ins studio lassen?! humor an der tür abgegeben?",0,0
2753,Habe als Monteur über 7 Jahren mit Samstag u Sonntag viel gearbeitet aber ein Häuschen in meinem Heimatort war nur durch den Opa meiner Frau möglich.,0,0
1450,Wie konnte Gabriel Panzer an Erdogan liefern!Rüstung unter GROKO um 45%gestiegen!wie könnte DTL Waffen in Kriegsgebiete liefern?abartig,0,0
793,"? Also wir tun uns glaub schwer.. 😅 Ich weiß wieder nicht, worauf du hinaus willst?",0,0
1506,"  Och,Frau Margareta aus der ""Gerechtigkeitsmanufaktur""ist es nicht nur gerecht,auch mal andere Meinungen außer der eigenen u des mainstreams zu respektieren?Schauen Sie sich a d bunten Strassen um-wen also wollen Sie mit rechts denn noch ernsthaft verletzen?",0,0
45, Foto: (c) Jüdisches Forum für Demokratie und gegen Antisemitismus e.V.,0,0
4039,", wenn Sie Betroffene völkischer Hassverbrechen einladen würden, wären Sie glaubwürdig.",0,0
3950,"#Dieselgipfel: Erster, kleiner Schritt. Weitere müssen folgen. Ende der Schummelei, Verbraucherinteressen wieder im Mittelpunkt stellen. (1)",0,0
1512," Dann kann sie wieder das machen was sie am besten kann: ""Unser Steuergeld an die korrupten afrikanischen Regierungen verteilen!""",0,0
1766,", vielleicht liegt der Grund auch darin, dass etwa 15% rechtsextrem wie die AfD wählt ... Dabei ähneln sich Erdogan und die AfD sogar in weiten Teilen.",0,0
4807,#Phoenix Auch Lischka/SPD kommt mit triefender Story über armen refugee. |LBR| #Familiennachzug |LBR| #Parallelgesellschaft |LBR| (lässt Afd Zwischenfrage nicht zu) |LBR| Familiennachzug überfordert 82 Mio in D nicht. Deutsche verhindern Integration wenn kein Nachzug.,0,0
2000,Das Land muss auch sicherer werden .Man hört jeden tag von Übergriffen und Morden.fallls dumme nachfragen kommen empfehle ich Zeitung lesen,0,0
2995, Doch genau das bin ich - sie scheinen aber zu den 13 % vom anderen Ufer zu sein,0,0
4630," Deshalb werbe ich dafür, in Koalitionsverhandlungen zu treten und dann die Parteibasis entscheiden zu lassen. Die von der SPD in den Sondierungen durchgesetzten Punkte werden sich in einem Koalitionsvertrag wiederfinden.",0,0
1185,"Absolut richtig. Jahrzehnte haben die mietervereine darauf hingewiesen dass von Jahr zu Jahr mehr Wohnungen fehlen, dazu noch die verheerenden Entscheidungen bei der Flüchtlingspolitik, bei der Energiepolitik und bei der Geldpolitik und jetzt wird die Verantwortung für die eigenen Fehler auf die bösen Immobilieneigentümer abgeschoben.",0,0
3200,"Merkel lernte u. studierte in der DDR für ""Null"" &gt; ihre wichtigste Erkenntnis, halte deine Wähler DUMM, denn dann keine ""dummen Gedanken"" 😜",0,0
2763," was soll wann verboten werden? Wer hat es diskutiert? Ich erinner mich nur an eine Bildzeitungaschlagzeile ""Grüne wollen uns das Fleisch verbieten"" weil ein Veggie Donnerstag in öffentlichen Kantinen vorgeschlagen wurde. Mehr Rumgepupe als Gehalt, wenn sie mich fragen.",0,0
3555," Seit vergangener Legislaturperiode gibt es eine Regelung, die die Entwicklung der Diäten an die der Löhne bindet. Geht also nicht um Privileg, sondern um objektiven Maßstab. Ein neuer Bundestag muss diese Regelung innerhalb von drei Monaten bestätigen, damit sie weiter gilt.TL",0,0
1509," , das ist schön. Deshalb sind die Spender immer noch nicht das Problem und werden es auch nicht werden. 80 Prozent der potenziellen Spender würden zur Spende zur Verfügung stehen. Das Problem sind die Kliniken, welche Organverfügbarkeit nicht melden. Da sollte man alle Energie hineinstecken ...",0,0
907,"Gerade hat China wieder 300 Airbusse in Frankreich bestellt. Die scheissen auf den Klimawandel, obwohl ein Umdenken dort stattfindet.",0,0
3609," Das ist zum einen falsch, 2016 waren nur rd. 44% d. Asylbewerber*innen Männer ü18, zum anderen hat es gute Gründe, warum oftmals ein (das ""stärkste"") Familienmitglied zuerst flieht. Schämen sollten sich, folgt man ihrer Argumentation, dann eher die, die Familiennachzug ablehnen.",0,0
4678," leider nicht 😉aber gut zu wissen. Dann bleibt nur zu hoffen, dass in so einer wichtigen Sache die Partei- bzw. Fraktionsgrenzen keine Rolle spielen. Im Interesse aller und besonders im Interesse, derer, die auf Organe angewiesen sind 👍🏻",0,0
346,"Was ist eine gewagte Unterstellung? Schon von Uniter, Nordkreuz, NSU 2.0 oder der Münchener Whatsappgruppe von Polizisten gehört?",0,0
1713," Netanyahu als durchgeknallter ""Führer"" &amp; Israel ""brutale Unterdrückung"" vorwerfen. Wie konnte das passieren? Wer ist verantwortlich?",0,0
2887," Hier in Ungarn gibt es keine Beobachter - ist ein freies Land, wo man sagen und schreiben kann, was man denkt .",0,0
3336,A betreibt man wieder AFD bashing. Über die Gäste braucht kein Wort verlieren. Altparteien sollte sich mal selber an die Nase fassen.,0,0
4675,Die Zahl arabischer Rekruten in der israelischen Armee steigt rasant. Die  hat eine Dokumentation über sie gedreht. #Israel ,0,0
4514,Bekommen Frauen in der Politik auch weniger Diäten ? Oder bekommen Ost-Politiker weniger Diäten oder Pensionen ?,0,0
2832,      Und  ? Schon mal Danke an alle!,0,0
2571,"  Zeit wird es. Guter Beitrag. Ich hoffe aber, sie hat aber den Typen von damals verlassen.",0,0
1860,"Unfähigkeit hat bei uns einen neuen Namen: ""Remondis"" &gt; Preiserhöhungen und miese Leistungen! Winterdienst heute, Fehlanzeige! Keine Post...",0,0
3294, Woher wissen Sie das? Kennen doch meine Geschichte überhaupt nicht.,0,0
4748," Überhaupt nicht, aber wir machen wenigstens nicht in Populidmus :-(",0,0
3539, Weniger Kinder für mehr Industrie und ungehinderte Energieressourcen und Mobilität anderer?,0,0
862,"  Stimmt...das solche erbärmliche Kommentare überhaupt notwendig sind verdanken wir ja Stegner und Schulz...glaube mir, ich hätte es auch lieber anders..!",0,0
368,"Betrachte ich Merkels Gefolge, so fällt mir der nur ""Der Untertan"" (H. Mann) mit seiner Leitfigur Diederich Heßling ein 😂😂😂",0,0
1977,Beschämend was sich Maischberger geleistet hat als Zuschauer dachte man weshalb lässt sich Bundeskanzler Kurz diese Unverschämtheit gefallen,0,0
3065," Lehrer sind leicht einzuschüchtern, da extrem hohe Anforderungen an Sie gestellt werden. Die meisten, die ich kenne haben Probleme (vor allem auch mit den kulturellen Differenzen kritikunfaehiger Flüchtlingskinder) aber man redet nicht darüber aus Angst vor obiger Antwort...",0,0
710,  Österreicher haben diesen Kurz...diesen Schnösel...der auch noch gute Politik macht..! |LBR| Sehr zum Leidwesen der deutschen Politiker die daran gemessen werden...😃,0,0
3059," seltsamerweise steigen die Temperaturen mit der sauberen Luft. Seit über 20 Jahren verbessert sich die Luftqualität, seither steigen gleichzeitig die durchschnittliche Mitteltemperatur.",0,0
4062, ich meinte damit das immer wieder suggeriert wird es würde sich was ändern aber letztendlich werden Themen wie dieses nur in Talkshows behandelt viel polarisiert und für die eigentlich betroffenen nichts bei rum kommt.. Geld regiert von wegen Sozialstaat,0,0
4540,  ...eine furchtbare Person....das einzige was die Linken aufrecht hält ist ,0,0
2502,"Populismus ist eine Form des Opportunismus, bei der ein Politiker oder auch eine ganze Partei dem Volk das verspricht, was dieses seiner Meinung nach hören will. In einer Demokratie scheint das ein recht erfolgversprechender Weg zu sein, um Wähler zu gewinnen.",0,0
3701,"Ich kann mir gut vorstellen, dass die meisten Beschimpfungen und Drohungen die Leute von Arbeitsamt bekommen.",0,0
4051, das ist ja wirklich das Allerletzte!!! Du solltest Schmerzensgeld verlangen!!!,0,0
722,"Abschottung+Nationalismus sind keine Antworten auf akt. Herausforderungen. Guter Tag,sich daran zu erinnern. Bonne Chance  🇪🇺",0,0
3475,"1. rechtsextreme VT entdeckt... ""Soros"" = Synonym für die große jüdische Weltverschwörung...  //Team Boris Palmer Watch PS: 2 Typen liken das... fast wie ""zu Hause"" auf der FB Profilwall von Palmer...",0,0
3496,"Den Wihnungsmarkt kann man nur heilen wenn man Eigentumsbildung fördert das Deutschland mal eine vernünftige Eigentumsquote hat.jetzt 35 % Italien,Irland,Rumänien 93% ...Wer in ein Eigentum zieht macht eine Mietwohnung frei...Doll",0,0
600, Es ist und bleibt was es ist....illegal..! |LBR| Gebt Ihnen was zu essen was zu trinken...und statt die gleiche beschwerliche Rückreise einen angenehmen Rückflug..!,0,0
2321,"Wie so ein ThinktankARSCH sagte, es ist ein Krieg der Eliten gegen die Völker und die Eliten gewinnen immo!Das muß sich drehen !",0,0
2402," Da die FDP eine undemokratische Partei ist, würde dies auch keiner von der AfD wollen!",0,0
3923,"Werter , wie wäre es mit einem Gegenargument? Ich kann übrigens meine kleine Ausführung anhand wissenschaftlicher Belege nachweisen, falls gewünscht!?",0,0
2310,"Das finde ich vollkommen in Ordnung,solange ich nicht noch eine Urin-Probe abgeben muß.",0,0
4852,"In einer faschistischen Diktatur käme Junge mit seinen völkischen Wahnfantasien durch, nicht aber in einem demokratischen Rechtsstaat.",0,0
4744, wenn die SPD und Die Grünen selber zugeben im BT das sie diese finanzieren wo ist da das Problem ???,0,0
1491, Woher nehmen Sie Ihr Wissen über mein (angebliches) Verhalten?,0,0
2799, Die kleine Heike wieder da....keine Gewalt von deutschen - nur Gewalt gegen deutsche hab ich gesagt...!,0,0
4061,      Steht auf wenn ihr Deutsche seit!,0,0
974, Dein Tweet von eben - einfach weg! Wollte Dir eben antworten.,0,0
1899,  Sie können das Gespräch doch gar nicht im Wortlaut gelesen haben. Als Professor urteilen Sie ohne Originalquelle? Das spricht für sich. CL,0,0
4676,"Und die Waffen die wir dagegen haben sind Herz und Hirn. ""Vor Klugheit und Wissen kommt Toleranz und Güte!""",0,0
1163,"  Welche Warnung? Ich lese es als Unterstützung unseres Kurses! Es gibt keinen Satz im Text, der diesem widerspricht. CL",0,0
672,"Da Satire ja schon längst nicht mehr alles darf, und ich keine Lust habe, wegen jedem frechen Spruch vor Gericht zu landen, erstelle ich gerade wieder ein musikalisches Comedyprogramm voller methaphorischer Anspielungen. Welcher Titel wäre gut?",0,0
686," Hier mal ein Beitrag. Ich selber habe keine Ahnung, was davon wahr ist oder nicht. https://www.epochtimes.de/politik/deutschland/greenpeace-gruendungsmitglied-klimawandel-gibt-es-aber-er-ist-weder-menschengemacht-noch-eine-krise-a2824829.html/amp?__twitter_impression=true",0,0
3831,Antrag 30 wird aufgerufen: Auch hauptberufliche #Geistliche sollen geistliches Leben führen sollen - #aksynode16,0,0
3793," wer der AfD recht gibt, begeht Unrecht. Da gibt es nichts zu relativieren. Die AfD ist rassischtisch, das bestätigen auch immer wieder ihre kleinen Anfragen. Wer das gut heißt, macht sich mitschuldig an Rassismus, Behindertenfeindlichkeit, Homophobie, Antisemitismus etc.",0,0
2972, Die Spender sind nicht Tot ...Sie liegen im Sterben .Diesen Sterbeprozess sollte man repektieren.Niemand hat ein Recht auf meine Organe wenn ich nicht zustimme,0,0
4109,heute in DIE ZEIT ein grosses Interview mit mir ueber ISIS (IS) und Lage in der Region!,0,0
2075," Wer ""schlachtet"" die Mieter aus? Die wollen ja schließlich auch nicht in heruntergekommenen Barracken wohnen",0,0
2493," Nur wenn die Bürger wachsam sind. Billige Scheuersandwerbung nervt auch, aber viele kaufen es, weil ihnen nichts anderes als das Eingehämmerte einfällt.",0,0
656,Wir brauchen vor allem billigere Wohnungen. Diese neoliberale Politik hilft den Menschen nicht.,0,0
4790,Stärkt endlich die Unter- und Mittelzentren. Nicht jeder Mensch muss in einer Großstadt wohnen. Erstrebenswert ist es sowieso nicht.,0,0
3921,Könnt ihr mal  folgen? Das ist ein ganz lieber und es wäre schön wenn er mehr Follower hätte.,0,0
2935,Warum verdammt nochmal warum müssen wir ständig welche aufnehmen. Deutschland hat die meisten aufgenommen von den eu Staaten. Die wirklich Hilfe brauchen können nicht zu uns kommen weil die sich es nicht leisten können.,0,0
2304,Morgen Abend schmeißt d Verein #FluchtnachVorn eine Geburtstagsparty für Michael Genner! Sparkassaplatz 3 in good ol' 15.Bezirk! Wer kommt?,0,0
3800," gab schon etliche schlimme Anschläge auf afd-Politiker, redet man aber kaum drüber und zum Glück keine Toten!! Noch weniger redet man über Opfer von Glaubensgewaltigen!!",0,0
4849,"Ich brauche keine fremden Kulturen vor meiner Haustür. Ich möchte auch keine bunten Menschen beim Einkaufen begegnen. Ich spreche auch kein türkisch, arabisch oder Suaheli. Meine Familie ist germanisch und wird es auch bleiben. Wir möchten uns nicht mit andere Kulturen vermischen",0,0
131, was machen SIE gerade in Ihrem Text - oh man 🙈🙈🙈🙈,0,0
4499,"mit 20 Leuten ist es untertrieben ...da muss stehen 120, dann wird ein Schuh drauß",0,0
721,o2 hat mich nach 1 Stunde in der Warteschleife abgeschaltet. Ich soll es wieder |LBR| probieren. So ein Laden muss boykottiert werden.,0,0
2588,"Die höchste Mordrate gab es in Deutschland kurz nach der Wiedervereinigung. Zuletzt fragte die AfD, wieviel Polizisten von Ausländern angegriffen wurden und musste die herbe Erkenntnis schlucken, dass Kriminalität vor allem von Deutschen verübt wird. https://www.kriminalpolizei.de/ausgaben/2017/maerz/detailansicht-maerz/artikel/morde-1950-bis-2015.html",0,0
2216," In Berlin gibt es eine Ausstellung, in der Terroristen als Märtyrer dargestellt werden. Was ist ihr Statement dazu???",0,0
1876,  Das liebe Geld....schade das es die Falschen haben ..und noch Falscherer die darüber verfügen dürfen ....,0,0
1325,"Wenn die Flugzeugführer Angst haben vor Migranten, müssen die Herrschaften eben |LBR| in Handschellen abgeschoben werden. Wo sind wir denn?",0,0
3047,Ist die  zur #GroKo verdammt? Diskutiere um 10:10 Uhr darüber im  mit  und Frank Capellan.,0,0
1426,"Mathias Döpfner: ""Wir haben ein vitales Eigeninteresse, Israel zu schützen. #Israel ist nur die 1. Etappe der Feinde der Freiheit."" #DILK16",0,0
1834,"Wer zwingt dich , dein Auto auszuschlachten...bitte nicht beleidigend werden, aber was erwarte ich...",0,0
3842,"#spdbt2017: Manche führende -Politiker wissen nicht, was  sagen wird. Hat sein Manuskript nicht gezeigt. Ungewöhnlich.",0,0
1381," Stimmt, habe ich gesehen aber man hat es nur kurz angerissen. Es gibt in jeder Partei schwarze Schafe und Herr Junge kann nicht für alles was.",0,0
719,  Die Sicherheit und auch die soziale Sicherheit der Deutschen ist nicht unabhängig von der Stabilität und dem Zusammenhalt der EU.,0,0
811, Trotzdem schaffen sie wahnsinnig großartige Arbeit! Wir sind beeindruckt von den mutigen Frauen!,0,0
2714,"Die Gewalt kommt von mindestens 3 Seiten, Rechts, Links, Islam. Warum werden die letzten beiden immer unter den Tisch gekehrt?",0,0
842,"Einfach einmal die Folge ""Der Anstalt"" zu diesem Thema ansehen! Die Städte und Gemeinden haben ihre Wohnungen billigt verkauft und nun steigen die Mieten ins Unermessliche oder die öffentliche Hand kauft diese Immobilien überteuert zurück! Wer hat wohl das grosse Geschäft gemacht!",0,0
3451,Sie braucht dazu nicht das Parlament!! Das kann sie ganz allein entscheiden! Ist so in GB,0,0
2807,"Und wie ist der Lanz zu den Inuit hingekommen? Hat er mit seinem Flug oder Kreuzfahrtschiff (ich weiß es nicht) nicht auch dazu beigetragen, dass das Eis schmilzt?",0,0
1809,"Glaubst Du im Ernst, der Mafia ist das nicht egal, ob Deine Organe gesund sind? Die will einfach nur Geld verdienen. Genauso wie bei den Fleischskandalen ist es auch in der Medizin inzwischen! https://www.welt.de/politik/ausland/article13723382/Das-blutige-Geschaeft-mit-Organen-vor-Israels-Grenze.html?fbclid=IwAR1OOmS4k_xyRPH80IyuhFXacux3Qz5dAnIpKrbK6rTjKXRkPZ08CcPhfg8",0,0
2305,", was Sie hier mit Ihrem unsäglichen Vergleich der Judenverfolgung und -vernichtung durch das NS-Regime hier entäußern, nennt man in der Antisemitismusforschung sekundären Antisemitismus.",0,0
1949,"Ein Teil der Deutschen sieht den Faschismus erst, wenn die Städte in Schutt und Asche liegen. Solche Attentate waren Gang und Gäbe in der Weimarer Republik, so langsam könnte man meinen, die Deutschen hätten aus der Geschichte rein gar nichts gelernt.",0,0
2719," Interessante Wortkombination ""hergebeten werden"" und ""bleiben dürfen"". Entlarvt aber auch den Kommentator, jedenfalls, wenn man die Feinheiten der wundervollen deutschen Sprache beherrscht.",0,0
2468," , die bauen eher die Fundamente für unsere Kraftwerke welche dort wieder aufgebaut werden.",0,0
2813,"Haben die GRÜNEN genug Gewicht, um im EU-Parlament was entscheidendes zu bewirken?",0,0
90,"  Falsch. Wir ""verdienen unser Geld"" aus Spenden unserer Unterstützer*innen. Denen - wie auch uns - wäre es sicherlich mehr als Recht, wenn es weniger Elend gäbe.",0,0
4195, Herzlich Willkommen auf Twitter! Und jetzt sorgen wir für Follower!     ,0,0
2396,  1. hat in meinem Leben nicht einmal mein Herz rechts geschlagen u 2. d. Antwort lässt auf wenig Bildung schließen,0,0
1103," nun, sie kann ja einiges an Kilometern bei der Steuererklärung angeben.",0,0
2634,""" Sie können ja gern einen Wirtschaftsflüchtling "" Wie ist deine Meinung zum Economic Partnership Agreemet?",0,0
1594,"Hallo, bin wieder zurück im Schland - Tagesschau gesehen u. sofort registriert, ich bin im verlogenen Merkel-Land 🤢 Wenigstens Ihr seid da 😜",0,0
262,Dieses gelabere ist nicht auszuhalten. Der SPD gehts jetzt nur noch um ihre Posten !,0,0
2142,  Früher war in der Bronx sicherer als heute in DE,0,0
1801,"Warum muss man sich eigentlich immer gegenseitig beleidigen? Man kann auch respektvoll miteinander diskutieren - das ist gar nicht so schwer , nur Mut! 😉",0,0
1584,"...auch das die ärmeren Eigentümer als Verkäufer (gemessen am Bodenwert) auf dem Land lt. Katarina Barley im Endeffekt höhere Marklerkosten zahlen sollen—als die wohlhabenden Immobilieneigentümer in der Stadt, ist an spezialdemokratischer Krudität kaum noch zu toppen.",0,0
4657," Blanker Horror, spätestens bei KGE verliess mich jeder Funke an Sachlichkeit. |LBR| Aber da muß man wohl durch.",0,0
2134,  Ich glaube das nicht....🇩🇪ist nur ein Land der Bewährungsstrafen....!!,0,0
1765, Wer Kinder hat sollte schleunigst aufs Land ziehen. Am besten nicht in Germonney,0,0
4581," Nein, da ist mehrfach bloß vom Familiennachzug zu subsidiär Geschützten die Rede.",0,0
839," Heute geht es uns so gut wie noch nie. Da war das ""Leistungsbezogene Handeln"" scheinbar nicht soo schlecht",0,0
4268," Ich schreibe nichts von Rassismus, ich erkläre dem Herrn  lediglich den Shitstorm, den er für den Titel bekommen hat.",0,0
4974,Sie bereitet ihre berufliche Zukunft vor. Jetzt mit Auftritt bei ... ist sie schon ein gutes Stück weitergekommen...,0,0
782,Also bei mir ist das so und dass bei 39.000 MITARBEITERN,0,0
1498,Wir werden uns nicht ändern jeder Politiker der Konsequenten Klimsschutz auch nur machen will wird Arbeitslos..Die Bevölkerung ist zum Verzicht nicht bereit SUV zum BRÖTTCHENHOLEN für 9 € zur Party nach Mallorca hin und zurück ...so wird nichts,0,0
3121," Der Islam würde erst im 7.Jahrhundert nach Christus von Mohammed begründet ,JESUS könnte kein Moslem sein er war vielleicht Vorher Jude.....vor diese Ihn an die Römer ausgeliefert haben und diese Ihn gekreuzigt haben...",0,0
180, es langt schon das ( vorallem verheiratete ) euere frauen uns lieben . Mach dir keine sorgen ,0,0
99,   6. Wer das alles glaubt o verbreitet ist auf antiisraelische Hetze hereingefallen o selbst einer. Daher Frage: wann u wo hat Isr. angeheizt?,0,0
2847,Gott sei Danke .....das Sie wengstens den Durchblick haben...... https://www.facebook.com/andreas.turschmann.3/videos/1244161859075732/?hc_location=ufi,0,0
4394," Bzgl. Doppelmoral ist man in D ganz groß dabei - Beitz von Kinderpornos ist ja auch nicht schlimm, wie die Filme zustande kommen, interessiert keinen.",0,0
193,  Das sehe ich auch so....Hilfe nur dem der sich selbst helfen kann..! |LBR| Es wird sich bald einstellen das unsere Polizei bei Verbrechen garnicht anreisen wird....bald,0,0
3103,  Zoff und Ärger mit den Unfähigen und Unwissenden..? |LBR| Das will ich hoffen deswegen haben wir sie gewählt...!!,0,0
547, Bravo.....meine Worte. Es steigt beim Spender der Blutdruck und manche schwitzen stark was bei einer normalen OP auf starke Schmerzen hinweist..... sie werden fest geschnallt weil sie Regung zeigen..... tot ist anders !,0,0
1286," Na hoffentlich hat sich der ‚typisch deutsche Richter’ nicht auch noch entschuldigt, weil keine weiteren mildernde Beweise gefunden wurden",0,0
4200, na dann ab auf die Taube um Deine Länder zu besuchen 😂😂,0,0
1939,Die Demo ist jetzt offiziell aufgelöst. Alle die wollen können mit uns in der Viktoriastr. 12 noch ne Brause zischen.,0,0
4452,"#Phoenix |LBR| deMaiziere: ""wir wollen keine Anreize schaffen, dass diese(subsidiären) ""Schutzsuchenden"" |LBR| hierbleiben. Sie sollen zurück in ihre Heimat.""",0,0
4759,"Leere Mägen, nichts zu beißen, schlechte Zähne, nichts zu scheißen, |LBR| aber Raketen. Eh ich´s vergess, der Druck wird erhöht. Aha.",0,0
1638, und die Fortsetzung findet hier mit den meisten Beiträgen statt.,0,0
2118, Ab nach Ungarn oder Polen. Da ist die Welt noch in Ordnung,0,0
2622, das wird nie passieren dazu gibt es zu viele die noch weniger haben und deshalb ist doch das mit dem Zuzug so gewollt,0,0
3659,"Die Grünen haben zugelegt nur aus dem Grund, weil die junge Generation es Ende 90er Anfang 2000der nicht miterlebt hat was unter der rotgrünen Koalition war. Die Menschen meiner Generation sind leicht grün geschädigt.",0,0
1590, Dieser Kommentar ist sehr erschreckend und als Realschullehrerin der Waldschule Mannheim (mir persönlich bekannt) um so mehr!,0,0
3620,Ich brauch da überhaupt nicht zu fragen.Das sehe ich !,0,0
2376, wo bitte wird Ihnen die Freiheit genommen über Ihr Leben zu bestimmen? Eigentlich ist es genau das Gegenteil. Sie werden über dieses Gesetz dazu angeregt sich Gedanken zu machen.,0,0
570, ..ob du möchtest oder nicht...wirst es mit der Zeit müssen.,0,0
3518,"da wäre noch etwas, es gibt etwa 32 000 Bedienstete die für das E.U. Parlament tätig sind, darunter sind 751 Abgeordnete. Aber 125 000 Lobbyisten die dort ein und aus gehen. Darunter sind sg. Weiße, Graue, und Schwarze...",0,0
4647,"Treblinka, Sobibor dort mordeten mehrheitlich ukrainische SS-Angehörige. Bis 50er Jahre mordeten sie auch in Polen, unterstützt vom Westen!",0,0
4537," Ich kenne beide Seiten und bin nach 3 Jahren haltloser Zustände seit 2 Jahren in einer wirklichen Wohlfühl-Einrichtung.Wenn wir mal ""jaulen"" dann auf ganz ganz hohem Niveau.",0,0
3804,Wir und eine unserer vermittelten WGs sind gleich um 13h in der  im  zu sehen. Nicht verpassen :) #fluechtlingewillkommen,0,0
4544, Deutsche Polizei? Ist wohl ein schreib Fehler. Der Brenner bildet die Grenze zwischen Italien und Österreich. Die Kontrolle ist dennoch lange überfällig.,0,0
4001, Unsere Bürokratie ist nicht nur veraltet sondern total verblödet....obwohl sich immer mehr junge Menschen für diesen Beruf entscheiden...,0,0
892,"Guten Morgen an alle, die hier schon länger leben |LBR| Eure Kanzlerin",0,0
2613,"   Ich bin 60 u. solche Typen sind f. mich das ALLERLETZTE, leider aber typisch f. unsere Medien",0,0
3553,", NICHT Europa hat gewählt sondern die Europäische Union hat gewählt, das sind nur 60% der Europäischen Staaten (47 mit Russl und Türkei).",0,0
1216,"Er spricht von ""autoritären Staatsvorstellungen"". Sie wissen offenbar nicht, dass das nicht mit Demokratie vereinbar ist, sondern auf ein faschistisches System hinausläuft, in dem die Ideologie der Ungleichwertigkeit von Menschen herrscht. Das funktioniert wiederum am besten mit Menschen, die eine Autoritäre Persönlichkeit haben.",0,0
2535,Grünen-Hasser mit entsprechender Diktion Nr. 1. //Team Boris Palmer Watch,0,0
2531," Hi, wir weisen nur auf die Wahlürfsteine hin, wir haben sie nicht gemacht und auch nicht verschickt.",0,0
688,"Immobilien durch Arbeit, wenn die erdrückende Abgabenlast sowie sehr teuere gesetzliche Auflagen durch den Staat nicht wären!!",0,0
1830,"Einfach die Baukosten politisch noch mehr in die Höhe treiben, dann klappt es auch mit günstigen Wohnraum 👍",0,0
4947,"  Das ist dann ein seltsamer Einstieg in eine Debatte um Familiennachzug für subsidiär Schutzberechtigte.;) Jedenfalls: Angehörige in Griechenl. haben auch bei subs. Geschützten (&amp; sogar im laufenden Verfahren) Anrecht auf Zusammenführung. Anders, als der Text den Eindruck erweckt.",0,0
1964,Ein längst überfälliger Grundsatz. Wer die Musik bestellt bezahlt gefälligst auch die Kapelle. Aber was soll das gegen die steigenden Immobilienpreise bringen?,0,0
2436,"  ´Wahr ist nur, was man glauben will´... eine wahrhaft kranke Welt ist das, die da zusammen gezimmert wird. Und dann beschweren jene sich, dass sie sich abgehängt fühlen und überhaupt ´die da oben´. Aber wenn der ´der da oben´, also Verstand, auf 0 gefahren wird? Wie helfen?",0,0
1405,"Also, Sie wissen es schlichtweg nicht, meine Frage zu beantworten und meinen auch noch, Wissenschaftsfeindlichkeit und Akademikerbashing betreiben zu müssen. Damit verletzen Sie genau jenen Kernwert einer modernen Demokratie, den ich gemeint habe, nämlich die Anerkennung der Gleichwertigkeit aller Menschen.",0,0
4055, es will auch jeder sein Leben lang Immunsuppressiva einnehmen die hoch Krebserregend sind.....,0,0
1796, .welch sinnbefreite Antwort.und das von einen Studienrat. Wahrscheinlich auch noch grüner,0,0
832,               NEEEEIN - immer noch der? Ich blockier Dich gleich😜,0,0
3920,Ich bin alt geworden.Möchte gegenüber so Menschen wie Göring und Baydar nicht mehr tolerant sein.Solch ein Duktus müßte man sich mal als Deutscher gegenüber Migranten erlauben.4 Wochen Anne Will... mit Marathon-Live-Sonder-Sendung.,0,0
2592, genau weil es nur ein ganz links oder ganz Kapitalismus gibt. Fakt ist es kann so nicht weiter gehen.,0,0
2293, ! Ich bin nie im Leben hart gewesen aber immer fair! Ich zolle jedem Menschen Respekt! Im Umgang! Und bin vielleicht etwas unbequem! Äußere meine Meinung!,0,0
3080,Sehr gut die Diskursstrategie der Neuen Rechten und ihren rechten Gramscismus auf den Punkt gebracht.,0,0
4287,"Soweit kommt es noch. Aber wer weiss denn, ob nach unserem Tod nicht doch Organe für zahlende Kunden entnommen werden? Ich glaube nichts mehr",0,0
4427,"Die Co2-Steuer wird kommen..eine zweite Mehrwertsteuer, Da ja alles,was wir brauchen, irgendwie transportiert werden muss, und somit nicht Co2-Neutral sein kann, wird es zu allgemeinen Preissteigerungen kommen.",0,0
1692,Was sind die denn dann die Altparteien. Heilige oder was,0,0
1345,da darfst nur mehr E-Autos zulassen in manchen Städten in China..,0,0
3828,"Oh, der Mann nimmt Elternzeit und bekommt dafür einen Preis...... ich fass es nicht. Was ist bloß mit dieser Gesellschaft los ? Wir haben ja sonst keine Probleme",0,0
601,"  Was ein Schmonzes! Es scheint, dass du keine Ahnung von der #Kashrut, den jüdischen Speisegesetzen, hast. #Juden nehmen nicht irgendwelche #Tiere &amp; schächten die einfach. Das Tierwohl &amp; die Reinheit stehen auf oberster Stelle. #Shechita, oder das #Schächten, ist eine Wissenschaft",0,0
4639,Bischof Ring erbittet Zustimmung bzgl. gegenseitiger Zulassung #Patenamt &amp; Anerkennung #Firmung/#Konfirmation mit Ev. Kirche #aksynode16,0,0
2978,GESELLSCHAFTEN erhalten wenn sie Ausländerin die Wohnung setzen 5000 € vom Staat. 1992 erhielten sie 10.000 DM. Darüber redet niemand.,0,0
2524,", ich schreibe mir nie selbst. Ich antworte auf Aussagen von Diskussionsteilnehmern. Ist ja auch sehr deutlich sichtbar, hm?",0,0
2923,Wo wohnen die 2 Mio Neuen eigentlich so und wer bezahlt das sogar noch ? 🤦‍♀️⛔️🤬,0,0
3912,"       Weil diese liberalen Impulse aber eben gar nicht möglich waren, haben wir die Gespräche beendet. Was hätten Sie uns für die Jamaika-Politik verprügelt... CL",0,0
4494," Pech würde ich nicht sagen,dass war kein halten des Niveaus um nach vorne zukommen.Also noch eine Alltagsfliege wie Hopp!",0,0
2549,   Ganz so einfach lässt es sich nicht darstellen. (War lange Jahre Offizier einer Spezialeinheit) 😜,0,0
2989,"Kampf um #Groko wird auch am Buffet ausgetragen. SPD serviert vor entscheidenden #Sondierung-Stunden im Brandt-Haus das sozialdemokratischste aller Menus: Currywurst. Unionisten lästern, schmecke nicht. #megainfo #qualitätsjournalismus #BREAKING",0,0
4855," Ich hab ja auch schon einiges losgelassen,aber wenn man gebrandmarkt ist dann sagt die Netzagentur ,Maas-voll‘ niente!📴",0,0
4440,Und dann nimmt noch jeder Völkische mindestens einen NPD-Faschisten aus dem sehr nahen Osten bei sich zu Hause auf.,0,0
2711,Mehr als 1 Million Menschen haben unsere Unterstützer mit Haustürbesuchen erreicht und mit ihnen diskutiert.28.000 km zu Fuß! We go for you!,0,0
2718," Die #AfD hat deutsch-nationalen #Antisemitismus in #Deutschland wieder salonfähig gemacht, dennoch existiert #Judenhass auch unter vielen #Muslimen, die ihren Hass auf #Israel &amp; uns #Juden ungeniert zeigen. Im #Ruhrgebiet trage ich deshalb auch meine Yarmulke nicht mehr offen.",0,0
2918, mit der AFD wird es den Reichen noch besser gehen weil die denen alle Steuern senken wollen und den Mittelstand dafür die Steuern erhöhen. Zudem wollen die keinerlei Unterstützung mehr für Arbeitslose geben.,0,0
4993,"   Es gibt keine andere juristisch korrekte Lösung, würden alle Deutschen es erkennen wäre die Sache in 24 Stunden vorbei",0,0
4363,"#CDU Politiker in #Monheim:""Nur weil wir keine Moscheen hier wollen, sind wir noch lange keine Rechtsradikalen"" |LBR| Bei der gemeinen Bevölkerung und der #AfD sieht das natürlich |LBR| ganz anders aus... |LBR| #Phoenix",0,0
3288, Vllt sind wir von der selben Mutter und wurden nur getrennt Bruder,0,0
3310, ! Was für einen Zwang denn ? Man kann doch widersprechen. Mein Gott nochmal.,0,0
691,"Achso, darf man sich in seiner Wohnung nun nicht mal mehr wohlfühlen und soll noch in den 60 Jahren leben mit Wc auf halber Treppe, sorry .....",0,0
4720,   Sigi ich geb dir recht...allerdings wenn ich von solchen Urteilen nich selber schon mehrfach gelesen hätte würde ich es auch nicht glauben!,0,0
1915,#Altkatholisch/e #Synode votiert mehrheitlich dafür ein #Ordensrecht weit zu fassen - #aksynode16,0,0
3771," Wow, was für ein Beweis! Dass es bei Statistiken Ausreißer nach unten und oben gibt, ist Ihnen aber schon bekannt? Wenn bei allen alles gleich wäre, bräuchte man keine Statistiken. Abgesehen davon: Warum Ihre Missgunst, dass diese Familie nun wieder vereint ist?",0,0
1532,"  damit ihnen alle nach dem mund quatschen? stimmt, dann wirds bestimmt besser... #ironie off |LBR| aber gut, hatten wir ja alles schon mal 🧐",0,0
1762,"Bin ich froh, dass ich die seit Jahren boykottiere. Ein Mal VW und nie wieder 🤢",0,0
2707,Andreas Rose Wie kann man Grün wählen . Die wollen uns abschaffen . Multi Kulti . In 30 Jahren tragen auch wir Deutsche Burka und müssen Arabisch sprechen .,0,0
971,"  und  boykottiert seit Wochen die Opposition in allen Talkshows und systematisch in Interviews zu allen Sachfragen. Das ist empirisch nachweisbar und das wissen diese Leute auch. Grüne denen permanent die Bühne gegeben wird, sind keine Opposition!",0,0
2638,Liebes  Team zeigt mal den Abschnitt als Herr  alle bloßgestellt hat. 💪,0,0
870," Und Googlen Sie doch mal bitte: ""Hirntote erwacht"". Sie werden STAUNEN über die Anzahl der Fälle! https://www.welt.de/vermischtes/article176130327/Hirntod-diagnostiziert-13-Jaehriger-erwacht-vor-Organspende-ploetzlich-aus-Koma.html",0,0
4239,", auf jeden Fall so lange bis du es schaffst mich inhaltlich zu widerlegen. Kleine Hilfe gefällig? http://edas.landtag.sachsen.de/viewer.aspx?dok_nr=16329&dok_art=Drs&leg_per=6&pos_dok&dok_id=253935",0,0
4805,  Jamaika...ist mit Verlierern nicht möglich |LBR| Groko...ist mit Verlierern nicht möglich...wird aber möglich gemacht..!,0,0
4924, Es hätte noch viel mehr rauskommen können...Stichwort Plasma - Akte...,0,0
910,"Wer für das Recht und die Gerechtigkeit unter den Völkern demonstriert und gleichsam zu Gewalt gegen Juden aufruft, der ist klar zu verurteilen, der hat sein Recht auf Demonstration verwirkt und handelt im Widerspruch zum Recht - Islam ist antirassitisch #Jerusalem",0,0
1028,Und welche Variante haben wohl Donald Trump und Tim Wiese als Kind heimlich gelesen? 🤔,0,0
1708,"Ich bin Katholik und ich bin mir felsenfest sicher, dass dies nicht die Meinung der überwältigenden Mehrheit der Christen in Deutschland ist",0,0
696,  Wir sorgen schon dafür das die AfD bleibt...und die Grünen gehen..!,0,0
4956,: Warum muss ich hier etwas belegen? Ich habe nach der Quelle der Aussage von Peter Steinbach gefragt. Mehr nicht.,0,0
2218,Gleich ist Mareike aus unserem Team im Gespräch bei  u.a. mit den Staatssekretären Daldrup und Gerstle zum Thema Unterbringung,0,0
664,"Ich glaube 2000 Demos in 120 Ländern sind etwas mehr als ""Schule Schwänzen""",0,0
4474, Wenn eine Frau in Ihrem Job Spitze ist wird sie auch Chef,0,0
2231," na nicht so voreilig denn der Täter war doch auf Europa Tour um sich zu erkundigen, in Österreich Tagt schon ein Sicherheitsunterausschuss wegen NZ und wegen vielleicht Verbindungen, oder was er in Österreich machte, er war ja auch Deutschland.",0,0
1540,"sie die Altparteien wollen es nicht verstehen, wenn du von keine der parteien vertreten wirst und immer nur dumme versprechungen machst...gehst du nicht mehr wählen oder AfD! Diese ganzen Diskussionen lenken nur ab...",0,0
4517,"""Das ändert aber nichts an den weiterhin elenden Lebensbedingungen der nicht Geflüchteten in ihrer Heimat, "" Das ist soweit richtig. Nur sollte man die Menschen aus einem brennenden Haus erst rausholen, es dann löschen, wieder aufbauen und sie dann wieder zurück schicken.",0,0
631, auf die verteilung haben sich die eu-innenminister verständigt. ob ich das sinnvoll finde oder nicht spielt überhaupt keine rolle.,0,0
2845, Großbritannien hat das Schengener Abkommen überhaupt nicht ratifiziert und angewandt. https://www.schengenvisainfo.com/de/staaten-des-schengen-raums/,0,0
2729, Die Hessen-Grünen beschlossen zusammen mit CDU gegen SPD die NSU-Akten 120Jahre verschwinden zu lassen. Das Wort Demokratie dürfen Grüne somit nicht mehr in den Mund nehmen!,0,0
3679,", es gibt zahlreiche Erklärungsmöglichkeiten. Vielleicht bin ich Barkeeper oder Friseur und höre täglich sehr viel. Vielleicht bin Busfahrer oder Müllmann und sehe sehr viel. Vielleicht bin ich aber auch nur Jurist oder Polizist und habe Einsicht in relevante Unterlagen. Aber vielleicht auch nicht ...",0,0
3929,"Diese Aussage sagt alles oder nichts! Und um Chemnitz ist ein Beweis, dass es nicht so einfach ist. Der Mann mit dem Hut und dass das Fernsehen gehindert wurde zu berichten. Die NSU-Blockaden sprechen auch eine andere Sprache.",0,0
2063," Doch nicht nur die Planeten! Es geht um das Leben, das Universum und den ganzen Rest. |LBR| Ich muss jetzt los, die Milchstraße retten.",0,0
798," , ich vermute, dass die CO2-Steuer eigentlich Migrationssteuer sein sollte.",0,0
1879,"Riesiger Sturm in D - die ersten Toten gibts auch - Züge dürfen nicht mehr fahren - alles also ganz normal, bis auf den Umstand, dass der CERN auf Hochtouren läuft. Aber Geoengeneering gibts ja angeblich nicht. Hier in Ungarn ist übrigens nichts.",0,0
3942, Wir haben diesen Ausruf bei unseren Beobachtungen der vergangenen Tage weder auf Deutsch noch auf Arabisch gehört.,0,0
2484,", die Grünen sind ja auch kräftig dabei! Sage nur eins: ""Schützenaufmarsch"" Ich amüsiere mich köstlich 😉😂😂😂",0,0
1764,Ok falls sie mal eines brauchen sollten würden sie diese Aussage auch machen? Ich bezweifle das stark! Es sei denn sie haben sich selbst aufgegeben!,0,0
2684,"  Wer heute noch glaubt das Politiker das Volk vertreten. Der glaubt auch das Zitronenfalter, Zitronen falten.",0,0
770,"""und jawohl, auch Geburtenregelung zu vermitteln. "" Ein Problem ist, dass die Kinder, das kaum bzw. nicht vorhandene Sozialversicherungssystem erstezen.",0,0
1218," ich habe schon wiedersprochen via Organspenderausweis,da kann man nämlich ein nein ankreuzen.",0,0
3488,"        Noch schlimmer ist, das die EU die Palestina seit Jahren Finanziell unterstützt",0,0
52,Freie Marktwirtschaft ist nur möglich wenn alle Gemeinsam fair spielen. Der Neid und Missgunst bestimmt unsere Gesellschaft,0,0
9,"  Wenn die AfD  dieses nicht zu verhindern versteht, dafür wurden sie gewählt, dann ist bald Schluss mit AfD..!",0,0
1683,"Selbstverständlich müssen die Neofaschist*innen der AfD geächtet und ausgegrenzt werden. Sie wollen das politische System, die parlamentarische Demokratie, zerstören.",0,0
4579,"Was genau soll daran widerlich sein? Sind Polizeibeamte etwa sakrosankt? Uniter, NSU 2.0, die Münchener Polizistenchatgruppe? Allesamt güldene Demokraten, oder wie nun?",0,0
2839,furchtbar für viele daß sich der AFDler so gut gerhalten hat. Diese Partei wächst an der Ignoranz der anderen!!,0,0
1034," Und was bringen Ihnen Ihre Organe, wenn Sie eh inter der Erde von den Maden aufgefressen werden oder im Krematorium verbrannt werden?",0,0
453," Schmonzes, denn weder gehöre ich zur #Antifa, noch »bilde ich mir etwas ein«! In #Köln ist es unter Antisemiten Gang &amp; Gebe, dass Demos, oder Vorträge, die #Antisemitismus transportieren, auf Tage gelegt werden, wo wir #Juden religiös bedingt nicht erscheinen können.",0,0
1747,"                   Auch wurde nachgewiesen, dass die Handschriften mit der Anne Franks nicht übereinstimmten.",0,0
2941,"Das Konzert gestern war ein voller Erfolg, danke an alle,die gekommen sind!",0,0
1854, meine Tochter wohnt mit baby im Frauenhaus seit einem Jahr und Ausländer haben trotz Bescheinigung ein Vorrecht wiederlich,0,0
1215,Denken Merkel u Schergen wir DE sitzen noch in den Bäumen verarschen uns nach Strich u Faden diese Meineid u Hochverrat Merkel muss weg |LBR| AFD,0,0
2911,  Es bedeutet das bei der groko auch die selben Minister im Amt bleiben und Schulz Vizekanzler..?,0,0
479,"Donald Trump, Du bist böse, sehr böse. So viele Milliarden Dollar. Da muss für einen |LBR| gerechten Ausgleich gesorgt werden. 35 % Strafsteuer.",0,0
3003,"Eines d reichsten Länder der Erde, welches weit über 100 Mill. z Rettung v Banken einsetze, scheitert mit #Jameika weg 80 T. Familienachzug?",0,0
1742,  Und wir-das Volk- sollten und müssten unsere Zustimmung geben....das verstehe ich unter einer Bereicherung...!,0,0
2942, vor allem oftmals auch vorher indem sie rauchen wie ein Schlot (siehe Roland Kaiser) oder saufen wie ein Loch und dann um Hilfe schreien wenn sie dadurch todsterbenskrank sind!,0,0
2709, ich bekomme dafür monatlich auch viel Geld ;-) Wir sind eine Unterorganisation der Antifa GmbH und CoKG und werden von Frau Merkel und Ihren Freundinnen finanziell unterstützt ;-),0,0
1025,"   Genau wie fast alle Türkei-Gefangenen mit deutschen Pass (Sind für mich keine Deutschen), sind Türken und unterstehen türkischer Justiz!",0,0
4842, Wenn es Ihnen nur um die Abwechslung geht .. :),0,0
4606,  Ich bleibe meiner Meinung treu....Seehofer die größte bayrische Pfeife...!,0,0
2181, Diese Vorgehensweise ist der beste Beweis dafür wie es die nächsten 4 Jahre laufen wird... |LBR| Wir werden für unsere eigene Dummheit bestraft und das ist gut so... !!,0,0
4888, .Nein ich kann mir es aber vorstellen wie es abläuft .Sie nicht?,0,0
2401,manche menschen sind einfach nur uninformiert. sie wissen nicht was hirntot ist und auch nicht wie eine organentnahme funktioniert und diese menschen denken genauso wie sie....,0,0
4906, wo steht denn was ich gewählt habe.Mir geht es um eigene Meinung,0,0
3060,"  Wir haben Ihnen doch eben signalisiert, dass wir das nicht tun. Also bitte kommen Sie doch einfach unserer Aufforderung nach. Wenn Ihre Worte nicht nur hohle Phrasen sind, können Sie ja sicher erläutern, was die Sondierungsergebnisse mit ""unseren Jobs"" zu tun haben. Dann mal los!",0,0
487,"Von der Frage, was mit Europa in einer Regierung von Schwarz-Gelb und Grün passieren würde, ganz zu schweigen.",0,0
4679,"Die Batterie ist und wird immer das Problem sein. Alleine die Rohstoffe zu gewinnen zerstört mehr als wir zu gewinnen erhoffen....aber egal ist ja nicht bei uns, Hauptsache die Automobilindustrie wird weiterhin auf Händen getragen mit Narrenfreiheit bestückt.",0,0
1922,   Weil er sich nur mit melden währen kann Kamerad,0,0
3169,"Die gute, alte CSU ist Deutschlands, ähm... Bayerns, letzte stabile Volkspartei. Weiter so! 👍 München mal außen vor gelassen.",0,0
4216,"Die Gesellschaft ist nicht mit Zuwanderung überfordert, sondern die Zuwanderung ist lediglich ein Vehikel, auf dem völkische Nationalist*innen die Ideologie der Ungleichwertigkeit von Menschen transportieren können.",0,0
3576,🎄🕯️🕯️🕯️🕯️Wir wünschen einen frohen vierten Advent und Gottes Segen! ✝️,0,0
510,"""Seenotrettern egal"" Jeds Schiff ist verplfichtet Menschen aus Seenot zu retten.",0,0
3160," Sie werden in den Sendungen von  und  grundsätzlich nie ein Interview zu Themen wie Euro, Diesel, Bienensterben, Hambacher Forst und alles andere erleben. B-Debatte müssen sie bringen, zu oft mit dummen Antikommentaren begleitet. Ob uns Höcke passt oder nicht. Es steht den Sendern nicht zu, zu filtern.",0,0
1971,"Ja, und was haben die Westdeutschen gelacht, als unsere Schüler und Jugendlichen Altpapier und andere Rohstoffe gesammelt haben...",0,0
2431, ich hab da kein Mädchen gesehen. 3 Frauen und 2 Männer.,0,0
4822,Letztens haben über 100 Jugendliche wie man so schön sagt Randale im Schwimmbad gemacht,0,0
3173, ich habe gelesen wer die Tochter von Schäuble ist und für wem Sie Arbeitet zb - einfach goggel'n,0,0
4248,Das Viki in der Viktoriastraße 12 versorgt uns grad mit Essen und macht Solilimo. Vielen dank euch!,0,0
2943, ernsthaft? Das man Frauen für selbe Arbeit weniger Lohn gibt?,0,0
1305, Das lassen die 🇩🇪 nicht zu....und wenn sie gegen ihren eigenen Willen festgehalten werden... |LBR| Es ist leicht nach 🇩🇪einzureisen...aber raus?,0,0
758,"   Wenn Siedlungsbau kritisiert werden ""muss"", dann bitte zumindest auch Terror-Unterstützung!",0,0
1781,"Das ist doch wieder eine lächerliches Gequatsche,wo nix bei rauskommt.",0,0
3845,"morgen 14.5. halte ich in Berlin, Urania um 19:30 eine Vortrag ueber den islamischen Faschismus!",0,0
1664,Stimmt genau. Die Zahlen von 21% stimmen hinten und vorne nicht.,0,0
61," Ich schreibe seit 15 Jahren dt./pl. EU-Projekte, seit 41 Jh. habe ich einen pln. Familienteil, ich käme nur nach Hause 😜",0,0
650,"Hunde, die bellen, beißen auch. Und wenn Dich, Kim, der amerikanische Hund |LBR| an der Gurgel hat., ist das Spiel mit Atombomben aus und vorbei.",0,0
1063,"Grüne haben NSU-Akten für 120Jahre gesperrt, zusammen mit der CDU gegen SPD! ...nur mal so zur Info!",0,0
4879,"Richtig!Und da das vermutlich viele machen werden, haben sich die Befürworter des Gesetzes selbst ins Knie geschossen. So kommt es, wenn man unbedingt was durchsetzen will und die Menschen als unmündig betrachtet.",0,0
1159,"Ich habe Ihnen die Kommunikationsstrategie der Neuen Rechten aufgezeigt, deren parlamentarischer Arm die AfD ist. Wissen Sie, was rechter Gramscismus bedeutet? Haben Sie sich schon einmal mit den Diskursverschiebungsstrategien der Neuen Rechten zur Erlangung der Diskurshegemonie beschäftigt?",0,0
337,Hier mal eine Info. Flüchtlinge werden 10 km vor der Küste in Schlauchboote steigen und dann von Sea Watch aufgefischt. Alles klar,0,0
4345, ohne Quellen oder Statistiken sind diese Menschen hoffnungslos aufgeschmissen da sie nicht in der Lage sind selber zu denken.,0,0
1261,"CSU gibt in Obergrenzen-Debatte nach &gt; Hauptsache MACHT, was interessiert da schon die Meinung des eigenen Volkes 😜",0,0
2474," sind sie dann der Meinung , dass dadurch( die Richtigkeit ihrer Aussagen sei mal dahin gestellt) rechte Gewalt und sogar Mord legitimiert ist ?",0,0
4912, so dann fragen sie doch mal warum die Autoindustrie vor Jahren die Wasserstoff Autos wieder auf Eis gelegt haben. In anderen ländern werden die gefördert.Und wer das alles bezahlen soll Strom ist doch jetzt schon fast unbezahlbar geworden.,0,0
3159,           Nicht öffentlich? Die Firma Rheinmetall hat schon ein öffentliches Werbevideo auf youtube,0,0
977," , was bringt denn die Diskussion weiter ? Die Wichtigen Leute sitzen nicht bei Euch am Tisch. Außerdem ist das Thema viel zu komplex, für fünf m/w/d in Eurer Runde. Deshalb erst gar nicht einschalten und lieber klassische Musik hören, das entspannt ungemein......",0,0
1030, Ich wünschte wir hätte jemanden der unmissverständlich sagt...Germany first statt Germany last...!!,0,0
4432, ...er ist viel zu eitel um nicht Erfolg zu haben... |LBR| Unsere Art ist aber eine Respektlosigkeit dem Amt gegenüber,0,0
2997,Na Kameraden alles gut bei euch ich hoffe ihr habt nen schönen Abend,0,0
1672,"Wenn Minister Listen haben, von Milliarden,die hinterhogen wurden, werden nicht ausgelesen! Datenschutz! Herr Maas ihr NetzDG? So bigott",0,0
2084," man hätte genau so gut das thema E Auto ansprechen können - Herstellung wo, was dafür gebraucht wird (Batterie Herstellung - Lithium Abbau).... Entsorgung... - Thema warum nicht Wasserstoff was spricht dagegen was hätte Schulze dazu gesagt.... Warum ausgerechnet E-Auto",0,0
398," Wieso? Mich stört es sicherlich nicht &amp; sicherlich auch nicht orthodoxe #Juden, wie , oder andere jüdische Freunde. Immerhin machst du dann genau die Erfahrungen, die wir in #Deutschland häufig machen müssen, wenn wir als jüdisch erkennbar sind. #Antisemitismus",0,0
3735,Er sagt die Wahrheit und die Anderen kucken doof weil Sie erwisch worden sind das Sie nichts sagen.,0,0
2361,Gerade auf Phoenix meinen Truck auf alten Bildern am Grenzübergang Marienborn entdeckt. Wir wurden alle bestrahlt mit Gamma Kanonen. Ich hab gerade ne Riesen Krawatte,0,0
1946,"                    Kann nur empfehlen, den zu blockieren. , der hat null Inhalte und belegt hier alle.",0,0
1552,Hat gerade überhaupt nichts mit dem Thema zu tun und ist daher Derailing.,0,0
3311, Hatte noch bei keiner Lesung und keinem Vortrag ein Problem.,0,0
2028,  Auch Antifaschisten und Linksradikale sind der deutschen Gerichtsbarkeit unterworfen.,0,0
512,Und über welchem Zeitraum ist das in der Erdgeschichte passiert? 200 Jahre so wie jetzt oder eher so 5.000-10.000 Jahre,0,0
2922," Ich kann mene Argumente mit Fakten verknüpfen. Da könnt ihr z.B auf meiner Facebookseite ""Neu denken"" vorbei schauen oder ich stelle euch meine Datensammlung ""Wichtiges Wissen"" zur Verfügung.",0,0
1932, Jedes 4 Kind in Deutschland ist arm. Rentner sammeln Flaschen. Familien bekommen keine Wohnungen. Arbeiten bis 67. Aber wir holen uns noch mehr Sozialfälle ins Land!!! Alles zum Wohl des Deutschen Volkes. Zeit dieses Land zu verlassen.,0,0
2411, Es gibt die eine Dokumentation zu dem Verfahren auf unserer Homepage. Guck da am besten Mal.,0,0
4569," ... und vor allem örtlich zuständiger MdB. Und ja: Machen Sie mal Urlaub im #Saarland. Entspannt total. Achtung, Werbung: Saar-Hunsrück-Steig, Baumwipfelpfad, Vauban-Stadt, Saar-Polygon,.... Schönen Sonntag!",0,0
82,Heute ist ein denkwürdiger Tag für die #SPD. Sie haben sich gerade das Grab noch ein bisschen tiefer gegraben. |LBR| Die nächste Wahl kommt bestimmt.,0,0
4482, fragen sie mal die Bildzeitung . Mein lieber zinni ey,0,0
4014,"Ach , seit wann tragen die zu ihrem Kopftuch keine Jeans? Wo leben Sie, im Wald? Wann haben Sie jemals eine Frau mit Kopftuch gesehen? Vielleicht ihre Oma, die keine Jeans trug...",0,0
3649,"Merke: Die öffentlich getragene #Kippa ist natürlich eine unnötige Provokation, das öffentlich getragene #Kopftuch hingegen ein Zeichen von Vielfalt, das man notfalls einklagt. #Antisemitismus in der salonfähigen Version.",0,0
4227," Aus gutem Grund ist die AfDerpartei um Faschist Landolf Ladig, aka Bernd Höcke abzulehnen.",0,0
490," indem es gefördert wird, dass es mehr kleine Wohnbaugesellschaften gibt als wekig Große um Beispiel.",0,0
4976,  Genau😃😃 |LBR| Und beide sind fähiger...das wurmt Die Grünen....!,0,0
1022, Die Souveränität eines Landes ist ein Grundrecht. Niemand muss sich der EU unterwerfen. Die Britten haben als erstes erkannt das die EU der Weg in die Knechtschaft ist. Ich hoffe Polen Ungarn und Tschechien bieten der EU weiter die Stirn oder treten aus.,0,0
3836," In etwa 😂 aber besser, als sich um Michelin-Nachwuchs kümmern zu müssen 😂😂😂",0,0
2647," Zwei Texte, auf zwei Seiten. Deutlich unterschieden. Klarer kann Bericht und Kommentar gar nicht getrennt sein.",0,0
3349," Das ist leider nicht richtig. Wenn Lohnuntergrenze gesetzlich geregelt sind, dann ja. Tarifverträge gelten nur dort wo auch eine gewerkschaftliche Vertretung zu finden ist. Und genau das verhindern die meisten privaten Träger.",0,0
4622,PS -ich bin eher Parteilos bzw. Veganerpartei - bevor wieder gemutmasst wird :D,0,0
1481," Es sind alle Staaten in der Pflicht. Wenn sich einzelne Staaten, wie z.B. die USA ausnehmen, kann das kein Vorbild für die anderen Staaten sein.",0,0
1040,t-online (warum die NSU-Akten geschlossen bleiben ) ist meine Quelle. Erstaunlich das Ihr das nicht wisst?!,0,0
1596,"Ich schmeiß mich weg... 800 Euro sollen für ein ""vernünftiges"" Leben ausreichen?",0,0
931,Die Finanzierung der Flüchtlingsfrage ist ein schlechter Scherz und mit LINKS zu meistern.,0,0
304, kannst du nicht lesen? Was für Integration? Bulshit! Ich werde mich nicht integrieren nach eueren Vorstellungen! Sei dankbar das ich in die Rentenkasse einzahle ! Punkt aus ende der Diskussion,0,0
4361,Ich habe seit ca 15 Jahren einen Spenderausweis wenn es dann so weit ist Bitte Bedienen da ich eh nichts mehr Brauche 😑 !! Die die mir hier mit Glauben und Co kommen Leben für MICH sehr Weltfremd und Egoistisch!,0,0
4467,"Das einzige, was an der CDU noch rechts ist, ist ihre Position im Sitzungssaal.",0,0
268," klar geht es mir um Deutschland,wo ich immer gerne lebe und meine noch verbleibende Jahre auch noch gerne ohne Angst und sicher leben möchte.Aber wenn man das öffentlich sagt ist man ja Nazi und Rechts.Aber ganz ehrlich? Ich sage was ich denke",0,0
1686,"Blödsinn hört halt auf die Städte so vollzustopfen Macht das Leben ausserhalb der Städte angenehmer mit besseren Strassen und besserem ÖPNV, besserem Internet, besserer Alltagsversorgung zum Beispiel",0,0
2289,"Grün steht hier für Steigbügelhalter für den islamistischen Terror, der hier kaum erwähnt wurde!!",0,0
2339,"          Nostradamus war wie Agrippa ein Hochgradeingeweihter - kommt übrigens auch bei ""Faust""gleich am Anfang vor - Goethe- Hochgrad (33.°) und Illuminat - na sowas.",0,0
3889, ......es mag schon sein dass dies er Mensch stirbt.....nur wird der Sterbeprozess gewaltsam unterbrochen......manche „Spender“ bekommen nicht mal eine Narkose.......,0,0
4893,"The Black Cat, der Autor hat mir den Link per PN zugesandt ;-)",0,0
716,  Steueroasen gehören eindeutig abgeschafft...jeder sollte nach seiner Nationalität besteuert werden....!!,0,0
2461,"Heimat kann man immer dort finden und bilden, wo man sich Zuhause fühlt! Völker/ Volksstämme sind schon immer über den Planeten gezogen, haben sich da niedergelassen wo sie sich wohlfühlten!",0,0
2660, Jedem das seine...aber welch ein Aufwand für „Minderheiten“ betrieben wird ist enorm. |LBR| Diesen Einsatz wünschte ich in anderen Belangen ...und wir haben in der Tat Bedarf.,0,0
3706," sowas, was Sie machen nennt sich Schönrederei u.Selbstbetrug. Weiterhin süße grüne Träuchen***",0,0
2425,"#Heidenau &amp;heute wieder Mail an uns:""Keine Gnade mit euch Landesverrätern"" Was wird unternommen gegen Rechtsextremisten?!Wo ist die Politik?",0,0
589," Gut nicht wirklich, aber ich versuche das Beste draus zu machen 😜",0,0
2214," Kandidieren sie doch für den Bundestag, werden gewählt und bringen ein solches Gesetz ein..",0,0
1616," Konfuzius sagte schon: Ein Glas, das bereits voll ist, kann nicht mehr befüllt werden. Iss ne Denksport Aufgabe.",0,0
2176,"vielleich denkt er nicht nur an kranke denen geholfen werden KANN, sondern auch an menschen die spenden....",0,0
4816,"Leyla Zana, Trägerin des #sakharovprize für Menschenrechte, wurde das Abgeordnetenmandat entzogen. Tauwetter für die Beziehungen zur #Türkei? So nicht.        ",0,0
2773,"Happy birthday! Wir freuen uns darüber, das wir mit eurer Hilfe nach einem Jahr für bislang 195 Geflüchteten eine Bleibe finden können!",0,0
137,"im metronom 🚂 in die alte heimat, der erzeuger feiert seinen 85igsten 🎉 dann heute nachmittag im ic in die ehemalige hauptstadt, bundesparteitag. danach morgen in die hauptstadt, montag sondersitzung des deutschen bundestages aus anlass des 55. jahrestages des elysee-vertrages.",0,0
2912," Sie Dexx wissen nicht, dass der ""Hirntote"" künstlcih am Leben erhalten wird, damit nix verwest? Warum gibt man bei den Entnahmen Narkose? und warum schaltet man erst nach der Ausweidung die Apparate ab? Nun wer es will. Macht es. Keinem Tier würde man so etwas antun.",0,0
3507,"Pia Amiche Das Problem bei der Zustimmungs und Wiederspruchslösung und bei Patienten Verfügungen ist doch die Transparenz bei einem Notfall ,wirklich helfen würde ja nur ein bei allen Patienten implantieren Chip...",0,0
4782, Ja das stimmt. Es ist grad schwierig klar zu machen dass es nicht alle Inter* und dafür auch etliche andere betrifft. Wir arbeiten dran und könnten Unterstützung gebrauchen. #DritteOption,0,0
929," jaja die liebe PV auf dem eigenen Dach, für was die dann alles her halten muß. es gibt Einschränkung bei der PV Größe bei der Förderung und wie es in Österreich aussieht wenn diese ansteht ist diese dann innerhalb von Tagen vergeben.",0,0
4265,Khajiit = Der Sudetendeutsche mit dem leichten Bauch der Antifas und alles was gegen Deutschland ist verabscheut,0,0
294, bitte sie können doch dann gerne die ungenannten kosten übernehmen,0,0
731,Mir könnte niemand so viel Haß einreden dass ich einen Menschen auch nur schlagen geschweige denn töten würde. Warum? Weil mich meine Eltern nicht zu Haß und Gewalt erzogen haben und weil es niemand wert ist dass ich für mein strafbares Handeln bestraft werde.,0,0
3727," Dann hätte der Osten Lafontaine und nicht Kohl wählen dürfen, dann wäre die Landung sanfter gewesen.",0,0
2791," du verstehst wahrscheinlich auch nicht, das die AFD und die Grünen momentan gleich hoch liegen in den Wahlen, deine ulkigen Parteien sind weg 🤣",0,0
3291,"Und da ich selbst Vermieter bin, habe ich in einem absoluten Notfall ausgeholfen und einem Flüchtling ein Zimmer vermietet. Der hat, als seine Frau und die beiden Kinder nachkamen, eine Wohnung in Köln bekommen und die Miete von 1500 € wurde von der Stadt übernommen.",0,0
103,Der neue #Newsletter ist da! Thema ist unter anderem die Rede von  Netanyahu vor #NATO-Botschaftern in #Israel,0,0
409,"Wenn Sie nicht sachlich und inhaltlich diskutieren, sondern stattdessen andere User nur menschenfeindlich abwerten können, dann bestätigen Sie ganz eindeutig meine Bewertung, die auf politikwissenschaftlichen Maßstäben beruht.",0,0
3841,"Ja klar, weil die Wähler der FDP ja auch bekannt dafür sind, dass sie gern günstige Wohnungen bauen, weil sie daran weniger verdienen kann. Made my day! Ratschläge der FDP zu sozialen Problem-Themen anzuhören ist wie einen notorischen Dieb zum Schutz des Geschmeides zu befragen. :D",0,0
366,Der große #EU Fortschritt |LBR| Über andere EU Länder wird nicht mehr berichtet. Könnte Unruhe auslösen |LBR| Sprachlich verstehen tun sie sich eh nicht,0,0
3639,"In sehr vielen Betrieben und Berufsgruppen ist die Entlohnung von Mann und Frau gleich. Warum kann man nicht sagen, dass ein Betrieb alle Mitarbeiter für die gleichen Tätigkeiten gleich bezahlen muss. Egal ob Mann, Frau, Zeitarbeiter.....",0,0
669,    lassen wir es. sie verstehen oder wollen es nicht verstehen. schade,0,0
1961,"  Sogar der Verkehrsfunk mahnt es täglich mehrmals ....es kommt Ihnen ein Geisterfahrer entgegen-bitte Vorsicht |LBR| Spätestens jetzt, früher wäre uns natürlich lieber gewesen, sollte sie endlich abbiegen....!",0,0
3379,"Zum #Iran sich ausschweigen, aber #Israel, die einzige #Demokratie in der #Levante, einen Apartheidstaat nennen, ist purer #Antisemitismus! Die #SPD hat ja anscheinend einige Kandidaten, wie #Schulz, #Gabriel &amp; #Steinmeier. Eine #GroKo 2.0 Regierung wird #Deutschland schaden!",0,0
4159,   Das Heer ehemaliger Soldaten die im Kalten Krieg gekämpft haben. Ist jederzeit in der Lage diese Regierung zu stürzen.,0,0
1446,Das hat nur nichts mit Populismus sondern nur mit Gewalttaten und Verbrechen zu tun.,0,0
4176," Kommt vorbei, wir freuen uns über viele neue Chatterinnen. :-)",0,0
4381, Spätestens am 25. September alles wieder vergessen! Reine Wahlbetrugsmasche!,0,0
4283,nicht umsonst nannte Augstein die CDU (Frau Merkel) die Mutter der AfD! CDU/CSU gehört genauso schnell wie möglich in die Vergangenheit wie die AfD.Je schneller um so besser.,0,0
542,"Komme mit allen gut aus..Norweger, Schweden, Schweizer, Holländer, Finnen usw.",0,0
2357,"Danke, lieber Norbert Lammert, für 12 große Jahre als Bundestagspräsident: von CDU und CSU, allen Fraktionen u Menschen in ganz Deutschland!",0,0
1739,  Dem deutschen größter Feind in Deutschland ist dein deutscher Nachbar...,0,0
4094,"   Nicht in der Lage!? Ich denke sie verkennen die Situation, die Absicht die dahinter steckt ist wohl nicht mehr zu verkennen, der Kalergi Plan wird gerade umgesetzt, sie sollten langsam in die Gänge kommen, oder es ist nichts mehr übrig ‼️",0,0
3345,Da gebe ich Ihnen recht! Denn heute wird man sehr schnell in die rechte Ecke gestellt und seinen Ruf geschädigt! Nur weil man eine andere Meinungen hat... Doch gefährlich sind beide Seiten!,0,0
2874, Schon wieder eine Lüge..... nur 213..?? |LBR| Es sind doch eher 213 tausend...oder mehr,0,0
2971,"Heute geht es nach Bonn, wo morgen der Bundesparteitag stattfindet. |LBR| Sitzungen der Fraktionsgremien, um den Parteitag vorzubereiten. |LBR| Selbstbewusste und eigenständige Entscheidungen der SPD nach intensiver Debatte - das erwarte ich nach den guten Gesprächen der letzten Tage.",0,0
843,"Alles, alles Gute weiterhin 😉👍 Ein echter Lichtblick in Sachen sympathischer/m Ausstrahlung/Auftreten in der Sendung 😊",0,0
3705,"Zu dem verweise ich gerne auf meine Facebookseite ""Neu denken""",0,0
3747," Danke für die Sendung. Bitte beschriftet Eure Postings doch zu dem Thema Pflegekammer,welches im Keim erstickt wurde, den Pflegekräften jedoch monatlich 0,4% vom Bruttolohn kostet! 🌷 https://www.facebook.com/328161397316808/posts/1568251036641165?sfns=mo",0,0
4937," Wer bei  stimmberechtigter Parteitagsdelegierter sein möchte, muss sich von seiner Gliederung wählen lassen. Da spielt es keine Rolle, MdB zu sein oder nicht.",0,0
1668,Ja und nun? Können gesunde Menschen was dafür? Ich glaube es hackt! 😠,0,0
3860, Nehme an Kroos und noch einige andere Ball-Millionäre nehmen Drigen!,0,0
802, Wählt mal was anderes . Wenn die Altparteien einmal raus sind von der Macht werden Sie beim nächsten mal gewählt sein vielleicht anders reagieren,0,0
1916,"Es wäre doch schon arg billig wenn man über Populismus redet und die Partei die man (und sich selbst) damit in Verbindung bringt, nicht zu Wort kommen lässt.",0,0
4708," Ja, habe ich u. richtig, weder in d. DDR, noch in den ""alten Ländern"" sollte man d. Begriff der ""Volksherrschaft"" benutzen 😜",0,0
2594,"Die Frau hat nicht wirklich sachlich diskutiert. Bei der simplen Nachfrage, warum so viele Erdogan gewählt haben, gleich den Frager persönlich anzugehen, ist einfach nur dumm. Leute nicht aussprechen zu lassen, scheint auch ein Hobby zu sein.",0,0
4004,Wenn ich mir sowas wie Maischberger und Co anschaue fällt mir immer wieder Stasi Journalismus ein. |LBR| #maischberger,0,0
4742,Jetzt dürfen wir 300 Mio zahlen für eine Maut die ein Rohrkrepierer ist,0,0
3933,"          Wieso zeigt Twitter beim Strafgesetzbuch an, dass der Tweet Inhalte mit sensiblen Material anzeigt?😂😂😂",0,0
333,"Warum hat CDU, CSU, SPD, Grüne und Linke soviel Angst vor Neuwahlen? Sie wissen jetzt ganz genau dass die AFD am Zuge ist? |LBR| #illner",0,0
896," Interessant wäre zu wissen, welche Schlussfolgerungen die iranische Seite daraus zieht. Bisher gibt es va zu Israel keine Änderung",0,0
2558,Das Thema wurde schon mehr als genug durchgekauft. Die Bundesregierung reagiert nicht! Rauf auf die Straße! Kämpft für eure Rechte! Kampf für bezahlbare Mieten und ein Grundrecht auf eine Wohnung. Lasst uns Aufstehen und für unsere Zukunft kämpfen. Hoch die internationale Solidarität!,0,0
2760, Wir können die Frage spontan nicht beantworten. Die Kirche macht sich für Nächstenliebe stark - und die kennt keine Nationalität.,0,0
1578,"UNGARN. Ein Land in dem man ohne Merkel, Grüne, Linke und Islamisten Leben kann. Vielleicht die letzte Festung Europas. Asylantrag für Ungarn stellen? Eine Option!!",0,0
6,Auch durch eure Zensur in Deutschland werdet ihr nichts ändern. Wie sehr in Deutschland zensiert wird kann ich hier im Ausland sehr gut erkennen. |LBR| #illner,0,0
2262,"wie oft wird da noch besprochen, sehr umständlich wie alles in Deutschland.",0,0
4465,   Wo war den eure „Umfrage“ im Keller eurer Kantine😂😂,0,0
1195,"#AfD meint, dass sie sich als Partei gegen #Antisemitismus stark macht.  macht oft genug Werbung für einen rechtspopulistischen #Philosemitismus. Als Jude kann ich diesen Schmonzes nicht glauben, weil ich den #Judenhass von #Gedeon, #Gauland &amp; #Höcke kenne! #NoAfD",0,0
4197," Warum sollte ich dankbarer sein, als jemand, der seit grade mal dreissig Jahren meine kulturelle Sozialisation teilt? Ist was genetisch bedingtes, näch? Genau das schrieb ich, danke für die Bestätigung.",0,0
4066,"  Tröste Dich, es liegen täglich mehr Männer durch Dummheit im Straßengraben 😜",0,0
1905,"Ein deutscher ist einer, der NUR die deutsche Staatsbürgerschaft hat und sich nicht mit 2 Pässen verschiedener Nationalitäten in den Vordergrund stellen muss. Dabei spielt es keine Rolle wo die Eltern oder Großeltern herkommen. Wer 2 Pässe besitzt muss sich halt gefallen lassen als Migrant genannt zu werden.",0,0
3625, meinte es sarkastisch denn das bauen war in 70er 80er günstiger...heute wird zu groß zu aufwendig gebaut wegen Vorgaben.,0,0
949, bitte sagen Sie mir was Ihre Moral dazu sagt das Grüne zusammen mit CDU gegen die SPD die NSU-Akten 120Jahre unter den Tisch fallen lassen?!,0,0
3250,Dürfen in dem Land ihr eigentlich nur noch Politiker Geld verdienen und alle anderen müssen am Existenzminimum knabbern oder was läuft hier für ein Film?,0,0
233,"Antrag 31 wird aufgerufen: Es soll geklärt werden, wer als Geistlicher im Ehrenamt betrachtet wird und wer nicht - #aksynode16",0,0
149,"Problem ! Heute kann man keinem mehr trauen, hätte nie gedacht das ein Apotheker ,Krebskranken Medikamente gibt die Null Wirkung haben. Es sollen schon Listen ""gedreht"" worden sein, damit der oben steht ,der besser bezahlt.",0,0
1828,", das behauptet er. Es sind bis heute keine Täter gefasst worden.",0,0
1921,"Syr. Flüchtling:""Ich habe über Burkas in den letzten zwei Jahren in Deutschland mehr gehört, als was ich in Syrien während 25 gesehen habe""",0,0
4919,  Fall Gustl Mollath - tolles GG mit Recht auf körperliche Unversehrtheit!,0,0
1177,Gibt's es in Berlin ein städtisches gefördertes Wohnbauunternehmen da Berlin ja links ist..,0,0
755," Ach,was ist denn das ""eigentliche Thema""? Es geht um innere Sicherheit..",0,0
2761,"Bildung u. Wahrheit,auch bittere,sind der Schlüssel zum Erfolg u. kein ausschließl. Verteufeln Andersdenkender, RU, Polens, od. d. DDR 😜",0,0
4251,"Ich bin ganz klar für die Besteuerung. Nur müssen Einkommen bis 7.100 Euro entlastet werden und darüber hinaus wesentlich stärker belastet. Speziell bei Renten benötigen wir nicht nur eine Untergrenze, sondern auch eine Obergrenze.",0,0
3647, es geht um die möglichen Gründe die angeführt werden.,0,0
3239,"übrigens sind 54,1% gegen die Asylpolitik - ich muss dann immer lachen, wenn ich ""wir sind mehr"" Schilder sehe :D",0,0
1744, Ja alle gegen einen. Dieses einigeln in die Opferrolle ist bekannt. Nochwas substanzielles zum Thema?,0,0
783,"#wasmirwichtigist |LBR| Rentenniveau, Parität in der Krankenversicherung, neue Europapolitik, Ganztagsschule, Kooperationsverbot weg, Einwanderungsgesetz #Sondierung",0,0
942, Ja die belohnen sich gegenseitig schon in voraus ...für schlechte Zeiten die da kommen..! |LBR| Einfach nur widerlich....und deutsche schauen zu und klatschen...!,0,0
4778,"Als Politikwissenschaftler, der sich von Berufs wegen mit völkischem Nationalismus, gruppenbezogener Menschenfeindlichkeit und Antisemitismus beschäftigt, kann ich leider zu keinem anderen Schluss kommen.",0,0
179,"Ich hab im  das Treiben der Clans geguckt , das hat mich berührt",0,0
2276,Was hat es damit auf sich? Hab ich wohl nicht mitgekriegt..Sie hat doch wohl nicht....?,0,0
1926,"heute um 19 Uhr halte ich in Dortmund einen Vortrag. |LBR| Thema: Ist der Islam demokratiefaehig? |LBR| wo: Auslandsgesellschaft, Steinstrasse 44",0,0
4757, Er wollte den Kindern eine Familie geben und keine Wohngruppen mit dauernd wechselnden Personal.,0,0
281," Für Sie schwer überprüfbar? Meinen Sie nicht ernst, oder? Was ist an der Seite ""ScienceFiles Kritische Sozialwissenschaften"" schwer überprüfbar?",0,0
960," dafür sollte sich dann mal die Staatsanwaltschaft interessieren, nennt man dann nämlich Betrug.",0,0
1895,...und Recht hat sie! Wir leben auf dieser Welt nicht alleine! Auch wenn das einige gerne hätten!,0,0
3324, fröhlicher gruß aus dem heiligen stadtteil st.georg gaby 😇,0,0
4462,"Das Einzige, was in dieser EU mit deutschem Führungsanspruch noch funktioniert, sind die Geldpresse und Merkels Wunschvorstellungen 😂😂😂",0,0
1657," Damit schafft man die Ursachen nicht ab, die Ursachen liegen viel tiefer. Ist wie im Drogenhandel: Wenn man nur den Kurier bestraft, ändert sich gar nichts.",0,0
2382," Eine ""gute Bekanntgabe"" wäre, wenn Merkel endlich zurücktreten würde! Ganz Deutschland würde aufatmen!",0,0
2960,"Viele Urlaubsausländer verstehen nicht, dass es einen Unterschied macht, ob man während der drei Wochen Thailand-Urlaub fünfmal nach der Herkunft gefragt wird, oder als gebürtiger DEUTSCHER sein ganzes Leben lang. Meine Antwort auf ""wo kommst Du her?"" lautet inzwischen: ""Aus dem Uterus meiner Mutter"".",0,0
922,"Einfach diesen Artikel aus September 2017 des renommierten Antisemitismusforschers Dr. Clemens Heni über die AfD lesen, an dem auch ich in meiner Funktion als Politikwissenschaftler mitgewirkt habe: https://blogs.timesofisrael.com/first-neo-nazi-party-to-be-elected-to-the-german-federal-parliament-on-sept-24/",0,0
120, Die Frage bei 1. ist aber hoffentlich jetzt nicht ernst gemeint! 😂,0,0
86,"Anscheinend geht es nicht anders um der Profitgier einen Riegel vorzuschieben. Das gefällt hier einigen nicht. Aber wenn der Ottonormalverbraucher sich keine Wohnung mehr leisten kann , muss was passieren.",0,0
706," Das sind sie plötzlich IMMER wenn sie beim ""Staatsfernsehen"" zu Besuch sind... Herzlich //Team Boris Palmer Watch",0,0
4706," Ja ist doch so, jeder lebt nur ein mal und wenn es möglich ist wird es doch gemacht. Kenne Nachbarn die fahren ( fliegen) 4-5 mal in den Urlaub ,im Jahr, die verzichten auf nichts.",0,0
4024,Die haben noch nichtmal ein funktionierendes Pfandsystem für Plastikflaschen 😂,0,0
3134, da gibt es die BBC die hat gute Dokumentationen..,0,0
1937,Rene Benko hat gerade das Chrysler Building um 150 Mill. erworben.,0,0
3071,Es ist einfach meine Meinung. Wer ausschließlich den deutschen Pass hat und keinen weiteren der sollte auch nicht als migrant bezeichnet werden.,0,0
2726,"Wichtig ist nur ein lebender Organismus kommt als Spender in Frage ,nach Entnahme der Organe lässt man den Körper sterben ,was man dabei spürt,fühlt weiß niemand...",0,0
2047,NSU-Akten ! Grüne verhindern zusammen mit CDU in Hessen 120 Jahre die Aufdeckung ! Da müssten Sie doch jetzt so richtig wütend werden -oder etwa nicht?,0,0
4080," Da redet keine Sau drüber . In den Medien beiläufig erwähnt,und doch ein Fall der weit über den Ritz eines Bürgermeisterlein hinausgeht.Ich wünsche dieser Frau alles Gute und möge sie wieder so fit werden wie vorher !",0,0
4177,"  Das war nicht seine erste Lüge....und sicherlich auch nicht seine letzte... |LBR| Aber egal, er steht da nich alleine im Raum, sind noch ein paar schlimmere Finger vor Ihm..!",0,0
2349," Ich war nie Wähler der FDP, aber so viel Rückgrat dem Wähler gegenüber hat meinen größten Respekt. Vor NEUWAHLEN braucht die FDP keine Angst haben. Meine Stimme ist sicher.",0,0
4469, doch ist es!   hat sich auf die Antwort des WDR bezogen!,0,0
559, Aber dann bitte auch selber kein Organ annehmen wenn es mal nötig werden sollte.,0,0
3021,"Es ist wirklich unerträglich, dass uns eine offenkundige Rechtsterrorismussympathisantin mit Ihrer völkischen Paranoia belästigen kann.",0,0
3404,Möglichkeit der Dienstzeitverlängerung von Pfarrerinnen / Pfarrern über das 65. Lebensjahr hinaus wird erörtert #altkatholisch #aksynode16,0,0
2940,                      Das ist ihre Spezialität. Mehr kommt dann aber auch nicht,0,0
3459,"Die GroKo-Wahlverlierer hätten ihre Themen nicht verständlich machen können... Nein, so dumm ist der Wähler nicht: An ihren Taten sollt ihr sie erkennen! Und: Die Spaltung in West und Ost geht weiter. Aber das wird kaum thematisiert!",0,0
271,"   Was haben unsere Spenden denn mit den Sozialkassen zu tun? Guter Mann, Sie müssen sich scheinbar noch mal sehr eingehend mit dem Thema auseinandersetzen, bevor eine Diskussion mit Ihnen annähernd Sinn macht.",0,0
2371," Ich gehe jetzt hinutner und nehme sie in den Arm, Wenn sie sich wehrt, umarme ich sie umso fester und singe ein Lullaby. Bewährte Methode bei Autisten...",0,0
2550,"Das Problem sind nicht die Spender! Das Problem sind die Kliniken, welche den Aufwand der Entnahme scheuen. Aus Kosten- und Bürokratiegründen!",0,0
4154,#hartaberfair bin Deutscher aber an Erdogan gefällt mir daß er sich für seine Türken in aller Welt einsetzt. |LBR| Sollten wir auch tun,0,0
1897,   Wo war das Merkel‘sche Entsetzen beim „Unfall“ in Cuxhaven? Wahrscheinlich weil kein Politiker betroffen war!,0,0
3070," was können sie außer Populismus anbieten. Es gibt in Deutschland viele Menschen aus allen Parteien, die der afd in dieser Sache Recht geben müssen. Nennen Sie mir eine Programmzeile, die ihnen recht gibt!!",0,0
404," das artet dann wieder als Gerichtsverfahren aus , Wo die AfD komplett nieder gemacht wird.",0,0
4854," , mir kommt es aber so vor als würde der Profit in hohem Maße im Vordergrund stehen.",0,0
2528," Ich habe eine jüdische Großmutter, sie sollten sich in Grund und Boden schämen!",0,0
4463, schau dir sein Profil an. Das sagt schlichtweg alles.,0,0
2424,   |LBR| Alle ausl. Konsulate sofort schließen in der Türkei und die Türkischen Vertreter raus aus EU Ländern! ☻,0,0
1131," Nein, meistens nur schneller (weil sie sich nur in AUSNAHMEFÄLLEN schminken) 😜",0,0
2654,"Es geht sogar soweit, dass jetzt sogar schon pro Sendung ZWEI GrünInnen eingeladen werden (Lanz#).",0,0
4351," Wie Du an den Beiträgen hier sehen kannst, fanden ihn sehr viele gut! Er hatte zuviel Zeit zu reden und Sie haben ihn relativieren lassen.",0,0
93, Die Britten haben doch alles richtig gemacht. Raus aus der EU.,0,0
1547," Gelesen. Und festgestellt, dass ich hier NICHTS pauschal abwertendes über ""die Deutschen"" geschrieben habe. Auf der anderen Seite werde ich hier als Ausländer tituliert und genau das bemerkte und bemängelte ich im Eingangskommentar.",0,0
1846,  Ihr wisst wer die Drahtzieher und Hauptprofiteure sind oder !?,0,0
720,"#Bischof Dr. Matthias Ring zur Eierlikör-Gabe des baf: ""Na dann: Prost, Synode!"" - #altkatholisch #aksynode16",0,0
3702," WO erhebe ich mich über andere? Mein Eingangskommentar befasst sich damit, dass Herr  den Shitstorm nicht verstanden hat, den der Titel seiner Sendung hervorgerufen hat. Ich erkläre es ihm. Wenn Du Dich dadurch getriggert fühlst, ist das nicht mein Problem, sondern Deines.",0,0
1275,   Der/Die Vanja oder ohne Pronomen wenn es sich vermeiden lässt,0,0
43,"Der #HamburgPride 2015 ist vorbei, es war wieder einmal grandios. Vielen Dank an alle, die dabei waren! #LoveIsLove #LoveWins",0,0
3495," Mit wenigen Maus klicken im Internet, hatten Sie Frau Maischberger heraus finden können das die Aussage von Herr Hollstein eine Lüge war.",0,0
1386," Schau mal hier und auf Facebook unter dem Hashtag #vielfaltdemo, da findest du einige Bilder und Videos. ^ml",0,0
1704,"Wenn die #FDP wieder mit der CDU zusammen geht damit Jamaika gebildet werden kann, sollte sie bei der nächsten Wahl von der Bildfläche verschwinden. Jetzt hat sie die Chance Stärke zu zeigen. Ich glaube sie wird sich wieder prostituieren.",0,0
4110,Antrag 31 wird von der #altkatholisch|en #Synode mit großer Mehrheit abgelehnt - #aksynode16,0,0
1583,Dieses Klamotten sieht man auf meinem FBTitelbild beim Winterausflug im Klimawandel vor 30 Jahren :),0,0
965," Muslimischer Antisemitismus muss dokumentiert, benannt und mit allen Mitteln des Rechtsstaats und der Zivilgesellschaft bekämpft werden. Gleichwohl: Mit vielen der abgebildeten Meinungen sind diese ""jungen Moslems"" doch bestens integriert. Die Darstellung scheint uns fragwürdig.",0,0
3911," Monika, leider gibt es zu viele Menschendie das glauben, was in irgendeinem deutschen Käseblatt geschrieben steht. 😜",0,0
2012," Viele der sogenannten Eliten werden bald in den Knast gehen, #TheStormIsHere",0,0
3327," - Dann sollte er sich aber ganz, ganz ruhig verhalten.",0,0
4696, So ein Hetzer gehört in den Knast und nicht in die Kanzel.,0,0
572,"Es wird für d. NATO keine ""Position der Stärke"" mehr geben, es gab sie nie! Wir hatten Glück, dass kein ""Dorfpolitiker"" den ""Knopf"" drückte😜",0,0
1092, Eine Regierung ohne Sachverstand und EIGENE Werte wird nicht handeln 😜,0,0
2108,"Edel sei der Mensch, hilfreich und gut - Nicht eine dieser Charaktereigenschaften kann Merkel für sich beanspruchen.",0,0
3287, ich habe geschrieben Zwang GEZ und Inhalte ARD ZDF sind zu kritisieren,0,0
627,": Es hat alles schon einmal gegeben: Hosen mit Schlag, Kriege, dumme Menschen...",0,0
2201,Millionen Zuwanderer ohne Bleiberecht! jetzt mit Familien Nachzug? Was für ein Wunder das Wohnungen fehlen.. einfach mal 1+1 Rechnen und die Sendung ist überflüssig...,0,0
348,"Hier in diesem Vortrag wird der Umverteilungmechanismus über den Produktionsf. ""Boden"" erklärt. Ab Minute 33:00 wird an einem Beispiel das ""Henry George Theorem"" mit dem Resultat des höheren Einkommens dargestellt. , wieso ladet ihr eigentlich nicht mal Experten zu diesem Thema wie Professor Dirk Löhr in die Sendung ein? https://www.youtube.com/watch?v=TMOStc_Zys4",0,0
4175,"Mittlerweile spielt der AfD-Politiker und Reichsbürger aus Franken die ganze Klaviatur des völkischen Nationalismus, nämlich neben antisemitischem Verschwörungswahn auch knallharten Rassismus.",0,0
302,Deutschland macht sich wieder einmal zur Lachnummer. Heute Abend bei #Maischberger.,0,0
1210," Nö. Wie kommen Sie darauf, dass wir nur im Wahlkampf für Marktwirtschaft werben? Ist uns immer wichtig. TL",0,0
2858," Andreas, kannst Du nicht so ca. 10 Stück nach Mecklenburg beamen??? 😜 Ich würde mich auch von Waldheidelbeeren trennen 😂",0,0
2842,"Josef Schuster, Präsident ZdJ: ""Die Existenz Iraels ist für uns Juden nicht eine Frage der Staatsräson, sondern der Lebensräson."" #DILK16",0,0
1848,"Man kann natürlich den Kopf über alles schütteln. Fakt ist aber schlicht und ergreifend, dass die junge Frau Recht hat. Es muss sich etwas ändern an unserer Art, mit unserer Umwelt und den natürlichen Ressourcen umzugehen",0,0
2023," Danke für die schnelle Info , aber eure Unterschlagungen von wichtigen Nachrichten in der Tagesschau machen euch zum Helfer von Terroristen in Deutschland.Bürger in Sicherheit wiegen die nicht vorhanden ist!",0,0
4129,"  Danke, dass ihr  verlinkt habt. Allerdings haben 286 Menschen vermittelt und nicht 80!",0,0
1418,"Das Holz für die Pellets , kommen auch aus Naturschutzgebieten in Rumänien, aber egal , Hauptsache es machen sich einige die Taschen dick.",0,0
4667,Am Ende wurde es der 14. Platz für . Aber immerhin 12 Punkte an #Israel von der deutschen Jury! #Eurovision #ISR #GER #ESC2016,0,0
4368," Ach, Sie glauben also, die Koalitionsgespräche werden dann andere Ergebnisse haben? Söder bspw. sagt doch schon, dass das Resultat der Sondierungen ""fast ein Koalitionsvertrag"" sei.",0,0
4532," Wo habe ich geschrieben, dass Kinder ""out"" sind? Das eine schließt das andere nicht aus.",0,0
285,  Ich gehe wählen und das wird nicht die Partei von Merkel werden!!,0,0
4989,"  Also ich finde, damals konnte man das durchaus tragen. ;-)",0,0
1719,Engagierte und ermutigende Diskussion bei der voll besetzten Parteikonferenz in Neumünster über den richtigen Kurs der Bundesparteimit Blick auf den Bundesparteitag am Sonntag in Bonn.,0,0
4255, findest du nicht ? Die Politik hat es doch erst möglich gemacht das Konzerne damit handeln können.,0,0
4996,Kurdischer Aktivist Abdullah S. in Düsseldorf nach 129b zu 6 Jahren Haft verurteilt! weil seine Aktivität als PKK-Aktivität ausgelegt wird,0,0
1241,"                  Okay, Du bist die erste, die blockiert wird!",0,0
2889,"""Das ist alles so unfassbar dämlich, ich finde keine Worte dafür! "" Ich schon. Dass nennt sich Bildungsnostand.",0,0
4434,"Es wurden übrigens bis heute die Täter nicht geschnappt, die Uwe Junge verprügelt haben sollen. Würde mich nicht wundern, wenn das eine Inszenierung war.",0,0
1367, Der deutsche Bürger ist mittlerweile ein Mensch zweiter Klasse.,0,0
1205,spürt jeder Deutsche wenn er auf Urlaub ist.. da ist er der Ausländer..,0,0
4271," Die Pegidareden in Dresden sind hörenswert. Wenn da dumme Nazis aufspringen, sollte man trotzdem nicht alle über einen Kamm scheren. Beim Islam können sie dann plötzlich immer differenzieren...",0,0
3998," wer hat denn Sachverstand, wenn es um das Thema Heimat geht?",0,0
1036,#Globale #Klimaerwärmung kann nicht verhindert werden. |LBR| #Lokaler #Giftausstoß aus Kraftwerken und Industrieanlagen stoppen,0,0
3906,"                    Um den Kugelschreiber und die Handschriften, kommt man nicht drumrum, das sind eindeutige Beweise. In der internat. Presse ist man sich einig.",0,0
4071,Marius Chmielorz wenn ich bis her zuhöre geht's nur um Autos nichts sonst..,0,0
4010,"  Na dann mal los, was hält Sie auf?",0,0
4534,"Betrachte ich den ""Datenschutz"" im Schland 😂 dann erkenne ich, Mielkes Schnüffler waren doch nur ""Amateurfunker"" 😜",0,0
4992,Manche sind aus Feigheit links und reden privat ganz anders.,0,0
1802,Falsches Getue zum Klimawandel. Was ist denn mit den Flugzeugen am Himmel und den |LBR| dreckigen Schiffsdieseln auf den Meeren?,0,0
1970,"Etwa 200-300 Personen bei ""Soli-Kundgebung"" für Ken #Jebsen. Hetze gegen Israel darf nicht fehlen. Evelyn Hecht-Galinski setzt am Ende dem ganzen die Krone auf (""Israel mordet genauso wie damals...""), ehe ""der große Meister"" (Fikentscher über #Jebsen) per Audiobotschaft spricht.",0,0
508,Unsere Kirchenmänner sind nur vom Staat bezahlte Facharbeiter.Bei jeder Lohnerhöhung sind sie mit dabei.Wie wäre es wenn sie nur von dem leben müssten was im Klingelbeutel ist. Dann würde sich die Spreu vom Weizen trennen.Nur so erkennt man die berufenen!,0,0
4903,"Die Dame von den LINKEN hat vollkommen Recht.Und das kommt extrem selten vor,dass ich denen mal zustimme.",0,0
395,"  Alles zu spät und verlogen, der Schaden ist angerichtet, alle Parteien müssen weg, das Volk ans Ruder.",0,0
1567,Dummerweise haben wir in der EU und in der USA einen viel höheren CO2 Fußabdruck als z.B. die Afrikaner oder Inder.,0,0
4668, Wenn Ihnen der Beitrag gefällt können sie ihn ja gern als Zuschauermeinung verwenden 😉,0,0
3627,"Weil viele weggehen von Orten, an denen sie angekommen waren, wo sie geboren wurden, wo sie aufwuchsen, an denen Eltern und Großeltern leben, ./. Nicht allen geht es damit gut. Verlangt wird es dennoch",0,0
2018,": Der Dümmer See in Niedersachsen ist durchschnittlich 1,30 m tief und trotzdem sind dort schon Leute ertrunken. Deine Statistik taugt nichts.",0,0
2699," Das Justizministerium könnte aber sicher was machen. Und ich finde, die ganzen Tabus, auch wenn man explizit über religiöse Extremisten oder Kriminelle redet, sind Schuld an der Eskalationspirale.Wer Recht und Ordnung will, gilt in manchen Kreisen als Rechts.",0,0
2353,"Bischof Ring verweist auf §80.1; dort geklärt, wer als #Geistlicher im Ehrenamt zu verstehen; Empfehlung Antrag 31 abzulehnen - #aksynode16",0,0
695, Liegt vielleicht an deinem neuen Account. Ich probier mal löschen und suche dich neu,0,0
399," Was der Tauber, CDU neulich von sich gab, ist aber auch nicht gerade harmlos..",0,0
3645,  Sollten Neuwahlen kommen....wird AfD mehr Punkte haben als SPD..!,0,0
3476," so ein Blödsinn. Wo sind Beweise, dass die geschlossenen Grenzen zu mehr Todesfälle im Meer führen.",0,0
184,"  In meinem Leben schlug mein Herz nie rechts. Hurra-Patriotismus, alles ist gut Mentalität ist dto. Populismus😜",0,0
4341,"Dann wähl mal schön die Faschisten um Landolf Ladig, aka Bernd Höcke.",0,0
3056,"        Yep - aber nur, wenn wir Trolle und Vollpfosten zeitnah blockieren - sonst gehts hier den Bach runter.",0,0
4981,Offensichtlich haben die Stimmenverluste für CDU und SPD noch nicht ausgereicht. Diese überbezahlten Politiker werden einfach nicht schlau! Es ist unerträglich was auf der EU-Ebene vor sich geht. Das hat mit Demokratie nicht mehr viel zutun.,0,0
3038,  Sie denkt eben rational. Erst nach dem 3ten Anschlag rechnet es sich zeitlich und Mengenmäßig mit den Menschen zu reden. Man darf da nichts überstürzen :-),0,0
478,2/2 Unsere Position zu Iran ist deutlich und unsere Stellungnahme hat diese reflektiert. Sie hatte nichts mit deutschen Politikern oder Bundesbehörden zu tun. Im Journalismus sollte es keinen Platz für solches Vorgehen geben. #JerusalemPost,0,0
1858, Doch geht hin...es neigt sich dem Ende zu. Weihnachten wie wir es kennen wird es nicht mehr geben...!,0,0
4908,"Ein großes Defizit in dieser Republik. Die vielen Verordnungen, die in jedem Bundesland anders sind. Wie soll da Europa funktionieren, wenn´s nicht mal in Deutschland funktioniert. Das dauert ja alles Jahrzehnte, bis etwas geregelt wird.",0,0
1091,#Burkhardt von : Das neue #Integrationsgesetz hebelt den individuellen Flüchtlingsschutz aus,0,0
3418,"ein Wunder, das Thomas Gottschalk nach der heutigen Eilmeldung, nicht eingeladen wurde...! 🤦‍♀️",0,0
3374,    Jo Mann...du hast es drauf..du weißt wovon du redest...😃😃,0,0
174," Wenn das der Fall wäre, weshalb habe ich dann, die ich mich jahrelang jetzt intensiv mit Politik beschäftigt hatte, davon nichts mitbekommen? Und weshalb wird dann dieses Thema in Talkshows gar nicht angesprochen?",0,0
4092,Wir haben Wohnungen! Kümmern Sie sich! Ihre Behauptung ist einfach falsch! Hier stehen leere Häuser.,0,0
2417,Das deutsche Verbötchen zur Vollverschleierung muss so wie in anderen Ländern Europas ausgeweitet werden. #Burkaverbot,0,0
997,Heute Ältestenrat zur Vorbereitung der nächsten Landtagssitzung. |LBR| Später diverse Medientermine. |LBR| Nachmittags zu Gesprächen nach Lübeck und zum IHK Neujahrsempfang.,0,0
4960,  Was willst du uns leaken oder was lel,0,0
1856,"Er ist gerecht, ein Helfer wert, |LBR| Sanftmütigkeit ist sein Gefährt, |LBR| sein Königskron' ist Heiligkeit, |LBR| sein Zepter ist Barmherzigkeit; |LBR| all uns're Not zum End' er bringt, |LBR| derhalben jauchzt, mit Freuden singt: |LBR| Gelobet sei mein Gott, |LBR| mein Heiland groß von Tat.",0,0
3984,"   Ein Wahlkampf, der nicht stattfinden darf. Ist für mich auch spannend zu sehen, wie eine Navalnij Kampagne aussehen könnte.",0,0
252,Wenn man nicht mehr fliegen darf damit die Malediven nicht absaufen kann man genauso gut mal hinfliegen. Dann hat man sie wenigstens mal gesehen. Ist ne einfache Sache.,0,0
2294, ah ha wie kommen Sie da drauf - hätte man Schäuble zu seinen 100.000 befragen sollen oder Fischer zu seinen Steinewürfen oder warum die Waffe in seinem Auto gefunden wurde oder Roth oder oder oder,0,0
962, zumindest versucht er das der Öffentlichkeit glaubhaft zu machen. Es wurde schon bekannt das Trigema nicht immer das Einhält was es verspricht. Die Gehälter sind okay und zur Zeit auf Mindestlohn Niveau aber nicht ordentlich. Dennoch muss man Trigema zugute halten das trotz aller Widrigkeiten in Deutschland produziert wird.,0,0
3534, Sie machen gute tweets. Aber das ist Quatsch. Wir haben einen Unvereinbarkeitsbeschluss und wir werden mit AfD nie koalieren.,0,0
953,Martin Schulz ist Kanzlerkandidat der SPD ohne Schulabschluss. Er ist |LBR| 2 x sitzen geblieben. Ist das Ihre Führungsspitze?,0,0
1020,"Sonderbehandlung, ""Herrenmentalität"", ""Blitzsieg"". Ernsthaft? Welche Begriffe kommen als nächstes bei  über #Israel?",0,0
1228,"   Keine andere, aber eine ergänzte: dass nämlich Transfer- und Haftungsunion, Euro-Zonen-Budget usw. weiter ausgeschlossen sind. Das ist realpolitisch bedeutsamer, weil man dafür uns bräuchte. Beim Zurückfahren des ESM bräuchte umgekehrt die FDP eine Mehrheit bei anderen. CL",0,0
1700,Das Votum der Wahl war einfach |LBR| „Merkel mußweg“ |LBR| Aber die begreift oder will es nicht begreifen. |LBR| Warum verhandelt nicht CDU mit fdp und Grünen,0,0
3583, der tolle Kapitalismus bringt einem zum enteignen. Im Übrigen ist es legal jemanden zu enteignen wenn dieser horrende Summen einfordert.,0,0
3436,"  Dann können wir vielleicht eine konstruktive Diskussion führen. Wenn Sie mit Unterstellungen arbeiten, dann wird das nicht möglich sein. Wir laden Sie zu einem virtuellen türkischen Tee ein.",0,0
3432," und das rechtfertigt Rechtsextremismus und Rassismus übelster Art? Das ist das Einzige, was die AfD kann: relativieren. Könnte man heute wieder sehr gut erkennen.",0,0
2312,"  Wir tragen einen Teil dazu bei - in Frankreich formiert sich gerade ein Gruppe, die  dort umsetzen will",0,0
1189,", es geht in Artikel 13 um Urheberschutz. Warum möchtest du denn fremdes geistiges Eigentum unbedingt nutzen?",0,0
4965,"""Die meisten können nicht einmal lesen! "" Wie du weißt, oder auch nicht ist die arabische Schrigt komplett anders. Ich kann auch nicht lesen. Ich kann die arrabische Schrift nicht lesen.",0,0
2097,"In Abwandlung der Kanzler Worte sage ich: |LBR| CDU SPD-folgt diesen Leuten nicht, sie regieren schon immer und die Armutschere ist größer denn je",0,0
2785,na da werden die Väter jetzt schauen und sagen zu den Müttern pack de zaum und flieg zum Mond da bekomm ich Geld..,0,0
3573," warum auch, da könnte es ja mal heiß hergehen😉 mal Leute einladen, die nicht mundgerecht sortiert sind. Mal Themen bearbeiten die wirklich wichtig sind...",0,0
3628," DIE KOLONIESTAATEN SOLEN SICH UM AFRIKA KÜMMERN,AUSGEBEUTET HABEN SIE ES AUCH !!",0,0
4416,"Lesen Sie einfach diesen Beitrag des renommierten Antisemitismusforschers Dr. Clemens Heni aus September 2017, an dem auch ich in meiner Funktion als Politikwissenschaftler mitgewirkt habe: https://blogs.timesofisrael.com/first-neo-nazi-party-to-be-elected-to-the-german-federal-parliament-on-sept-24/",0,0
4954,  Ich bin mir sicher das dies aus einem Text im alten Testament stammt. Die Kirche hat sich Refomiert. Der Koran nicht.,0,0
1391,    natürlich braucht man vertrauen und eine brücke. diese brücke ist für mich eine entscheidung aller mitglieder.,0,0
4378,"Heute um 20 Uhr in DRESDEN Motorenhalle, im riesa efau Kultur Forum!",0,0
1181,"Also bin ich als Deutscher dann in Deutschland nicht mehr in der Heimat, weil von diversen Menschen ein moralisches Schuldenpfinden verlangt wird, weil man hier geboren wurde, oder man sonst dem braun-blauen Tross zugehört?!",0,0
3538, Was ist denn daran so lächerlich? Haben Sie Argumente?,0,0
4008," Natürlich ändern DIE LINKE alles. Warum bist du der Meinung, dass DIE LINKE auch nichts ändert?",0,0
80,"welcher? der deutschen, der eurotransplant? kein franzose gäbe uns auch nur seinen wurmfortsatz! - oder der weltgemeinschaft?",0,0
4948,"Mich interessiert jetzt eher, ob die Grünen trotzdem von den moralischen Menschen gewählt werden - obwohl sie bspw. die NSU-Akten zusammen mit CDU einvernehmlich 120 Jahre auf Eis gelegt haben (gg. die Stimmen der SPD!) ?",0,0
1646," Würde gern ""gefällt mir"" klicken, aber keine Urlaubstage haben, gefällt mir gar nicht ;-)",0,0
3198,Die #SPD dreht wieder einmal ihr Fähnchen in den Wind um ein paar Ministerposten abzubekommen. |LBR| Und die #CDU würde sogar mit dem Teufel verhandeln um an die Macht zu bleiben. Alle anderen Parteien sind eh nur der Spielball der beiden großen. Außer die AFD natürlich. Darum AFD.,0,0
4328,"Journalismus hat nicht neutral zu sein. Das ist kein Leitmotiv journalistischer Arbeit und wird auch nirgendwo in der journalistischen Ausbildung so gelehrt. Außerdem handelt es sich nicht um eine Nachrichtensendung, sondern um eine Talkshow.",0,0
2599,"Schwach ist,wer sich nicht um Land u Volk kümmert,dann übernahmen schon immer andere die Macht,das beweist d. gesamte Menschheitsgeschichte😜",0,0
3936,Weshalb wollen Sie von Rechtsterrorismus ablenken? Sind Sie etwa Sympathisant?,0,0
1622,Schleusern muß man das “Handwerk“ legen. |LBR| Welch eine Beleidigung deutscher Handwerker. |LBR| Menschenhandel ist kein Handwerk-&gt;sondern Verbrechen,0,0
1472," Nein Herr Posener, ich weigere mich nur hier mit Ihnen ernste Dinge mit 140 Zeichen zu diskutieren.",0,0
250,"Heute um 19:20 diskutiere ich mit Mouhanad Khorchide in 3sat Kulturzeit über unser Buch ""Ist der Islam noch zu retten?""",0,0
3835, wenn diese ehemals selbstständigen eingezahlt haben dann haben die auch ein Recht darauf. Ich kenne einen der zu Beginn seiner Selbstständigkeit noch eingezahlt hat später dann aber nicht mehr. Jetzt bekommt er Mindestrente.,0,0
417,Das #BVerfG hat über eine #DritteOption beim Geschlechtseintrag entschieden. Der Inhalt wird morgen Vormittag veröffentlicht. Wie aufregend!,0,0
1002,  Na sowas aber auch! :/) Danke für die Info!,0,0
1200," aus Sicht der grünen Fraktion kurz überschlagen die fossilen Energiestoffe, der Verbrennungsmotor, die industrielle Landwirtschaft, die Grenzen, Schiffs- und Flugverkehr, Fleischverzehr, usw. Reicht das erstmal?",0,0
1791,"Tolle Mitgliederversammlung gestern Abend. U.a. haben wir beschlossen, dass Hamburg Pride e.V. sich um den EuroPride 2020 bewirbt.",0,0
1769,"   Sehr gut!! Wer nie auf der Straße demonstriert hat, muss sich nicht beschweren. |LBR| Die Zeiten haben sich drastisch geändert.  Ein geheimes Kreuzchen in der Wahlurne oder ein wütender Internetkommentar reichen bei Weitem nicht!!",0,0
4464, Deswegen bist du auch ein Freund von mir. Und hast den Ritterschlag bekommen.,0,0
2854,"Was nützt dieses Gesetz wenn dann einfach der Kaufpreis in Höhe des Makler Preises erhöht wird. Im Endeffekt zahlt doch der, der den Makler nicht beauftragt hat. Ist wieder so eine Luftnummer der Bundesregierung und der SPD",0,0
3448,"Heute Tag 2 der Sondierungsgespräche mit der Union. Waren wir gestern im Willy-Brandt-Haus so sind wir heute ganztägig im Konrad-Adenauer-Haus, der CDU-Parteizentrale zu Gast. |LBR| Konzentrierte Arbeit in den einzelnen Arbeitsgruppen.",0,0
3709,"Wir leben in einer globalen Welt ! Wir haben nur diesen einen Planeten ,und wir können nur gemeinsam etwas bewirken, egal was Trump,45. Präsident,gerade tut,...?!",0,0
2206,"""Das Geld dafür kann man doch einfach drucken. Weggedieren Sie weiter‼️"" Ich verweise auf die grundegelde Funktionsweise unseres Geldsystems und die Ausarbeitung der BAG Grundeinkomen DIE LINKE.",0,0
2360, Politik wir gut bezahlt...und bis auf deinen Namen fehlerfrei schreiben benötigst du keine weitere Qualifikation...,0,0
596, Kinder u.Enkelkinder - stimmt - allerdings meine ich damit was ganz anderes als Sie ;),0,0
3276,auf dem Land kosten Häuser 40-60 000 Euro wenns blöd her geht.,0,0
3322,  Jaja...es wird noch schlimmer bevor es richtig schlimm wird... |LBR| Mal ehrlich: Denis Yücel hatte irgendwie recht,0,0
2464,"Es geht doch nicht darum , irgendetwas gegeneinander aufzurechnen. Jetzt zu diesem Zeitpunkt geht es um die Gefahr von rechts.",0,0
3591,     Da geb ich dir recht!,0,0
4174,Merkwürdig mit meinem deutschen Twitter Account sehe ich nur die Hälfte von dem was ich mit meinen ausländischen Twitter account sehe. Na das nenne ich doch mal Zensur vom feinsten.,0,0
763," , nicht beim Mindestlohn. Aber : Wenn jemand heute 9,19 Mindestlohn bekommt auf 450 Euro Basis, sind das für den Arbeitgeber ca. 30 % oben drauf. Also ca . 12 Euro",0,0
1564,"      Bedeutet das, dass Sie FÜR den Antrag stimmen werden oder wie wollen sie sonst sicher stellen, dass kein BDS Inhalt verbreitet wird?",0,0
4877," Nur das Ostdeutsche zum größten Teil schon immer Deutsche waren. Und an sich auch kein Problem mit Einwanderung haben, da viele Familien durch die Unbilden des Krieges ihre tatsächliche Heimat durch Vertreibung verloren haben. Hinter Vertreibung steckt Zwang!",0,0
4202,"Uns Berliner erkannte man ja an unserer Sprechweise. Heute bin ich ein Fremder, denn unsere Kultur geht unter",0,0
3593,"Wer für unser Recht und unsere Sicherheit einsteht, hat die beste Ausstattung, eine gute Ausbildung und eine ordentliche Bezahlung verdient. Der Bund trägt seinen Teil dazu bei. Wir haben etwa das Personal beim Generalbundesanwalt seit 2015 um rund 17 Prozent aufgestockt.",0,0
123,"Setzt ausreichenden Verdienst voraus. Warum es auch ein gesellschaftliche Aufgabe ist, versteht man wohl erst, wenn es witschaftlich nicht mehr so läuft und man nicht gezwungen ist, auf der Straße zu schlafen ;)",0,0
2646, sollte man lieber einen Grünen einladen und zu diesem Thema befragen https://www.facebook.com/530757183776023/posts/1159622474222821/,0,0
167,"Heute ist der dritte und letzte Tag des Straßenfestes, und auch das Wetter ist wieder auf unserer Seite. Schaut vorbei! #HamburgPride ^ml",0,0
724,Mal ´ne andere Frage: Wie stehen Sie zur Ideologie der Ungleichwertigkeit von Menschen? Zu völkischem Nationalismus?,0,0
583," Dann schließen Sie sich an, zumindest monatelang. Der Anstand gebietet es, der Ausschaltung des Pluralismus etwas entgegen zu setzen",0,0
908,"                      Die 20 sec. sind die Angaben der Polizisten vor Ort. Übrigens Zeugen sagten Knall , Polizisten auch, im Bericht wurden Schüsse draus gemacht. Knall ist nicht Schuss.",0,0
1059," Grundsätzlich schon, beide Parteien haben aber eigene Anträge - und glaubt man der Union, möchte man dort nicht auf die Stimmen der AfD angewiesen sein.",0,0
1934,"DANKE für Antwort - Noch 2 Bemerkungen: Titanic-Kapitän geht nicht von Bord; Andrea Nahles bleibt - o d e r - SPD wird mit ""alten weißen Männern"" wieder wählbar ( Die jungen Grünen kann die SPD nicht überholen: Bärbock und Habeck sind unübertroffen ""geil"". (Bis heute abend. 👩‍❤️‍👩)",0,0
2199, und viele wissen nicht dass bei dem Spender der Blutdruck steigt und manche stark schwitzen was bei einer normalen OP auf starke Schmerzen hinweist.....und warum werden sie angeschnallt!? ...... sie sind doch tot......,0,0
495," Ich habe ja immer noch die Option nach Koszalin, od. Bialogard zu ziehen 😜",0,0
1577, gut findet? alles klar - kein Kommentar - sinnlos!,0,0
4459,Das unterschreibe ich sofort (kann leider gerade wegen eines Bugs von Facebook nicht liken).,0,0
3643,"Politisch der Ungebildete, Kriegsbilligende und Charakterlose wird im September Merkels Politik wählen &gt; eine Schande für dieses Land. 🤢",0,0
172,"Es wird höchste Zeit, dass endlich gehandelt wird. Auf der ganzen Welt sind die negativen Auswirkungen des Klimawandels zu spüren. Wir sollten endlich dafür sorgen, dass Deutschland die Ziele der Weltklimakonferenz einhält.",0,0
4030,"   melde dich doch, ich war noch da 😎",0,0
1133,"Wien hat das höchste Holzhaus mit 84m ""SEEHUB"" in der Seestadt.",0,0
210," Sieh dir solche Filme wie"" Coma"" an. Der Film ist aus den 70ern und hat bereits interessante Ansätze gehabt, die sich hinterher bewahrheitet haben. Aber damals nannte man das noch Science-Fiction. Heute bereits real existent und schon passiert.",0,0
4027,   In der saarl. Landesvertretung gab es für die Gruppe Lyoner und saarl. Bier. Bei uns nur gute Politik ;-) |LBR| #HauptsachGuddGess,0,0
1440,  Wer noch glaubt das wir auf dem richtigen Weg sind der hat mit Deutschland nix zu tun..!,0,0
1155,"Alle sind permanent beschäftigt sich gegenseitig Verantwortung/Schuld zuzuschustern: ""ist Ländersache""-""nein Bundessache""-""nein kommunal""",0,0
2122,"Mich interessiert jetzt vielmehr, ob die Grünen trotzdem von euch gewählt werden - obwohl sie bspw. die NSU-Akten zusammen mit CDU einvernehmlich 120 Jahre auf Eis gelegt haben (gg. die Stimmen der SPD!) ?",0,0
1140,Es wird kein Politiker die erforderlichen Maßnahmen vertreten die Klimaveränderungen auch nur bremsen könnten.Er würde nicht wiedergewählt werden.,0,0
2195,  ein paar von den großen Medien haben es tatsächlich hinbekommen. Der  zB. mein ich.,0,0
3888, Wasserstoff zu Erzeugen braucht 3 mal soviel Primärenergie und ist gefährlich mich verwundert warum Erdgas Antrieb nicht mehr kommt.Übrigens da ist VW führend,0,0
4872,"nix Klimawandel nix Neuseeland,...flache Gespräche Sonntag Montag wie geht's weiter...",0,0
1511,", Sie nutzen gerade dasselbe Strohmann-Argument wie die AfD selbst, indem Sie von ""demokratisch gewählten Parteien"" erzählen. Es gibt hierzulande keine undemokratisch gewählte Parteien, und die AfD ist eine völkisch-nationalistische Partei und somit antidemokratisch.",0,0
1526,"offene Grenzen für Islamisten. Falls sie Kinder haben, werden sich diese irgendwann bei ihnen bedanken!!",0,0
1878,"  Typen, wie die Kahane sind eine Geißel für die freie Meinungsäußerung (jetzt falle ich um vor Müdigkeit).",0,0
2696,"Was d. Wille eines Nationalstaates noch Wert ist,wurde heute in Brüssel demonstriert. Polen gedemütigt😡Ich hoffe d. Preis f.d. EU wird hoch😡",0,0
2180," Vor allem Rechtspopulisten &amp; #AfD-Sympathisanten verteidigen #Gröning, kritisieren das »harte Urteil« &amp; feiern gleichzeitig die #Holocaust-Leugnerin #Haverbeck als »Heldin der Wahrheit«. Das Krankheitsbild lautet: Deutsch-nationaler #Antisemitismus NACH #Auschwitz in #Deutschland",0,0
3094,"  Auch wir im ENBW -Land haben viel zu hohe Stromkosten ,dank erneuerbarer Energie,hast du Wind hast du Strom ,hast du kein Wind hast du hoffentlich Kerzen !",0,0
4929," ......sag doch bitte einfach genau, WEN und WAS du ansprichst!",0,0
1821," Sicherlich distanzierst Du Dich auch permanent von Marko Perković Thompson oder die kroatische Staatspräsidentin Kolinda Graber Kitarović, die ein Fan von diesem Faschisten ist, nehme ich an? Und wenn ich etwas nicht verstanden habe, dann sind das große Teile Deines Kommentars, das verwendete Deutsch ist leider nicht sehr integrationsfördernd.",0,0
3412,"    Eine Ratte die im Pferdestall geboren wird, ist auch kein Pferd.",0,0
2242,"Das ist toll, dass ihr die Möglichkeit habt, Eigentum zu schaffen. Um euch geht es bei dem Problem nur nicht. Denn die Mehrheit hat eben keine Möglichkeit, ein Darlehen für ein Eigenheim aufnehmen zu können. Anhand eurer Kommentare ist bereits ersichtlich, dass ihr das Problem gar nicht (be) greifen könnt.",0,0
263,"  Lieber  und lieber , |LBR| a) Alte Groko weiß, dass sie 2020-Ziel nicht erreicht, sagt aber öffentlich das Gegenteil. |LBR| b) Neue Groko sagt, dass sie 2020-Ziel nicht erreicht. |LBR| Wer a statt b will, zieht das Lippenbekenntis der Wahrheit vor. |LBR| Alles klar? Herzlich, Robin",0,0
4560,Furchtbare Nachrichten aus #Ägypten - ähnlich wie vor Tagen in Nigeria ermordeten Terroristen/Mörder am Freitagsgebet muslimische Gläubige,0,0
882,die von Südspanien und Türkei sind die Deutschen die dort ihr Zweitwohnung haben und dann fliehen...,0,0
2282,     Die Probleme kleinzureden macht sie langfristig  immer größer,0,0
759," Das können Sie selbst. Es war der erste völkerrechtswidrige Krieg nach Hitler, von Fischer mit veranlasst und nie strafrechtlich verfolgt. Von Schröder selbst zugegeben. Eine Schande.",0,0
46,"Dienstag feiert die Welt Luther. Niemand weiß, das Luther der größte Feind des Islam war. War er ein NAZI.???",0,0
4132,Zur Erinnerung es gibt eine große Bürgerliche Mehrheit im Bundestag aber Grundvoraussetzung ist Merkel u Schergen müssen weg |LBR| AFD wählen,0,0
4492,"    Es gibt gewisse Ursachen für den Anstieg von Kriminalität. Was wäre Ihre Alternative? Wollen wir den Großteil von Menschen die Hilfe verwehren, weil eine Minderheit kriminel wird? Auch die sexuelle Gewalt an Frauen ist ein gesamtgesellschaftliches Problem.",0,0
1476,Volkswagen setzt auf saubere Mobilität? Seit wann denn das? Volkswagen hat absolut nichts aus dem Betrug gelernt und verweigert jegliche Entschädigung der Betrogenen.,0,0
4644,"Von #altkatholisch|er #Synode neu gewählte Finanzkommission: H.Kiefel, C.Velosa da Silva,K.Georgi,Dr.N.Giebeler,Pfr.N.Schönherr #aksynode16",0,0
3729,  Wieviel MUFL‘s haben die in ihren Land . Da läuft man durch und hat es noch nicht einmal gemerkt.,0,0
396," Ich gebe Ihnen recht, die verschwendeten Unsummen des BER sind nicht ""überwältigend"", od. HH, Stuttgart 21 etc. 😜",0,0
4827, „Menora“ ist der allgemeine Begriff für „Leuchter“. Tatsächlich wird der spezielle Leuchter zu Chanukka (8+1 Kerzen) auch “Chanukkia“ genannt. #Chanukka,0,0
2809, So früh waren die schon auf?! Was haben die vor?  Sorgen!!!,0,0
993,"   offensichtlich ist es nicht legitim, einen politiker oder eine partei kritisch zu hinterfragen, die ihnen gefällt... sofort links, grün, rot, mimimi",0,0
2083, wenn Leben erhalten werden kann durch Organe die sonst niemand mehr braucht die sonst in der Erde zu Staub zerfallen dann sollte es selbstverständlich sein sich für das Leben zu entscheiden!,0,0
3458,Kennt jemand eine*n Anwalt oder Anwältin für Vereinsrecht in Berlin? Gerne DM!,0,0
3251, Ich spreche schreibe und lese in 5 Sprachen...komm mir nicht mit ungebildet...du Troll,0,0
2583," Immer, immer, immer vergesse ich beim Asiaten zu sagen ""ohne Koriander"". *Fitzelrauspuhl*",0,0
3833,"Dann fangt mal damit an ,dass nicht jeder ein Auto haben muss.",0,0
3241," ..habe doch geschrieben...die Entwicklung für diese Akkus läuft auf Hochtouren. Wenn schon in 2 Jahren Toyota diese umweltfreundliche Feststoffbatterie auf dem Markt kommt, sind diese Berichte nur noch Schall und Rauch..",0,0
305,"Früher hat man mal selbst recherchiert heute bedient man sich an die Soziale Medien, die man sonst immer so verurteilt. Man sollte Ihnen ihr hohes Gehalt kürzen. Was wir Zuschauer auch noch bezahlen........",0,0
3235," Du unterstellst mir, etwas nicht verstanden zu haben. Das war die Retourkutsche. Gern geschehen. Was ist mit den Ustascha-Faschisten, distanzierst Du Dich? Hast Du für die kroatische Nationalmannschaft gejubelt? ""Za dom - spremni!"" und so, Du weisst schon.",0,0
2001,"Leseempfehlung: „Du bist so deutsch! Mein Leben in einem Land, das seine Tugenden nicht mag“ von Agnieszka Towaluk, Immigrantin aus Polen :-)",0,0
0," Untaten mit ""Flüchtlingen"" oder Moslems in Verbindung zu bringen wird immer als rassistische Hetze gemeldet.  Fakten benennen = Rechtsextremismus. Da helfen nur blumige Umschreibungen. In der DDR hatte man auch Geheimsprachen entwickelt..",0,0
1407,  Nicht mehr mein Land. Nicht mehr meine Bundeswehr. Nicht mein Kanzler... usw.,0,0
3878,  Stellt sich auch die Frage woher die sogenannten Flüchtlinge diese neuen Boote haben. Denk Sport Aufgabe für alle.,0,0
3211, Was das für ne Sprache wenn ich fragen darf ???,0,0
3157,Der Verfassungsbeschwerde steht im Stau. Räumt mal die Autobahnen frei dass sie es pünktlich schafft! #followerpower #dritteoption,0,0
2391,"Lieber Staat, nehme doch mal die enorme Steuer- und Abgabenlast runter, damit den arbeitenden Menschen mehr im Portemonnaie bleibt!! Ach nee, es müssen noch Millionen mit durchgefüttert werden!!",0,0
551, Vielleicht sollte jeder Politiker im Bundestag mal den Koran lesen. Lesen bildet!,0,0
3974,"Problem ist doch, das es immer mehr Firmen gibt, die mit Wohnungen Geld verdienen. Habe z.B. in Bautzen mitten in der Altstadt an einer alten Häuser-Fassade Plakate gesehen, dass dort Luxus-Wohnungen entstehen. Und genau DAS ist die Zukunft... billige Mieter rauswerfen, renovieren und dann fürs doppelte vermieten.",0,0
4856," Ernie und Bert und Rappelkiste-das waren meine Vorbilder. Und wenn ich mich heut so umschaue,dann sind sie das noch immer😊",0,0
1935, in China und manchen islamischen Ländern würde man mit solchen Aktionen vermutlich der Scharfrichter vorgeführt.,0,0
2164, sie hätten nicht nur wegen Ihres Vornamens die Rolle des Alfreds in „Ein Herz und eine Seele“ übernehmen können 🙂,0,0
4902,In Tübingen haben sie 100 Millionen gebaut aber es dürfen nur Flüchtlinge einziehen die nächsten 10 Jahre... wo ist der Fehler Geld ist da ... nur nicht für die Bürger 😡 mit grünem Bürgermeister super 👍,0,0
2901,Warum kann man den Ausweis nicht digital über die Gesundheitskarte speichern..,0,0
3437,   Tja Herr Hollstein.Wer Wind säht erntet Sturm.,0,0
1236, Die Bilder der indentifizierbaren Chaoten sollten auf einer Fahndungs-Plattform im Internet veröffentlicht werden!,0,0
1598,"...genau das habe ich damit gemeint..bei uns wird viel zu viel gemeckert,..die Entwicklung kommt mit großem Knall aus dem Ausland nach Deutschland...wir müssen eben mithalten, sonst sind wir in Zukunft weg vom Fenster...und wir merken das nicht, sondern meckern nur..",0,0
4583,"Es gibt noch ein paar Länder, die erstmal in Sachen Klimaschutz zu uns aufschliessen sollten...wenn das der Fall ist, können wir uns gerne weiter drüber unterhalten, was wir noch tun können ;)",0,0
1270,"Mich interessiert jetzt, ob die Grünen trotzdem von euch gewählt werden - obwohl sie bspw. die NSU-Akten zusammen mit CDU einvernehmlich 120 Jahre auf Eis gelegt haben (gg. die Stimmen der SPD!) ?",0,0
4314,"Habe eben ein eingestelltes Video gesehen, das kurz nach den Terroristen-Morden aufgenommen wurde! Ich hatte Wuttränen in den Augen!",0,0
3500," Äh, ja: ""Heimat ist das Land in dem ich Geboren wurde . "" Wenn sie tatsächlich auf eine Polytechnische Hochschule gegangen ist, wird sie wohl in der DDR geboren worden sein, nicht wahr?",0,0
602," Einknicken vor einer Frauenfeindlichen, Rassistischen Ideologie kommt der Sache wohl näher",0,0
4620,"Sowas kann nur freiwillig sein. Ich bin schon lange registriert. Aber jemanden zu zwingen,... Geht gar nicht",0,0
159,EINFACHE ZUSAMMENFASSUNG Die reden da wie sie seit Jahren reden. FAKT: Trotz der Reden steigen jedes Jahr die Mieten.,0,0
2867,"SPD und Grüne haben uns die Türkei-Probleme erst eingebrockt, weil sie Erdogan den Despoten vom Bosporus jahrelang hofiert haben. #TVDuell",0,0
4408,Überfüllter Held*innenplatz. Wir gehen von über 60.000 Menschen aus. #Neujahrsempfang,0,0
3789,", mäßigen Sie sich in Ihrem Tonfall! Wie wäre es mal mit Argumenten?",0,0
2, Es geht darum was der Makler sich rein zieht.,0,0
4184," Bitte etwas mehr Disziplin, die Gäste nicht ständig unterbrechen. |LBR| Wo sind wir denn? Blödes -beantworten sie meine Frage.",0,0
637,   Margarete...ja wo warst den du die ganze Zeit?😃😃,0,0
476,"Dance for human rights war ein voller Erfolg, Danke an alle, die dabei waren!",0,0
3254,Weil der Habeck gefesselt bei Markus Lanz bis zur nächsten Sendung hinter den Kulissen liegt.,0,0
4982,"Ich bin ganz ehrlich, gegenw. überzeugt mich keine Partei.Es wird zu viel mit Schlagworten an d. Oberfläche gekratzt. Es ist zu viel kaputt!",0,0
3231," zähl mal bitte bis 3 -die Grünen haben beschlossen, zusammen mit CDU gegen SPD, die NSU-Akten 120Jahre schmoren zu lassen - das ist wahre Demokratie gelle ... 456...",0,0
2223,Meiner Meinung nach nicht - ein Politiker der größten Opposition im Bundestag wäre besser gewesen - die Grünen sollten mit ihren Thesen und Phrasen gestellt werden,0,0
4013,"    Rassismus gab es auch schon vorher in diesem Land (NSU, Mölln, Hoyerswerda, Lichtenhagen usw.). Und die Studie von Pfeiffer macht sehr deutlich, wo die Ursachen von Kriminalität liegen.",0,0
3854,   Was laberst du jetzt von.inzucht schau mal an was dein schönes multikulti mit Deutschland gemacht hat,0,0
4205,"Guten Morgen, Asyl in Not gibt's jetzt auch auch twitter! Wir würden uns freuen, wenn ihr das verbreiten könntet!",0,0
4359, Sie geben mir recht..Trump ist gewählt worden weil er der einzige Gegenkandidat war |LBR| Amis wollten keine weitere Obamaregierung durch Hillary?,0,0
4800,"Ab heute kooperieren wir offiziell mit dem Berliner #Lageso, um den vielen Menschen dort zu helfen eine Unterkunft zu finden #refugeswelcome",0,0
2675, indem man Reil und Palmer (Lingau Tertii Imperii-Verbreitern) einem Fernsehpublikum vorstellt? Das muss verdammt gut moderiert sein. #Wortergreifungsstrategie und #Rechtsextreme_politische_Mimikry bekommt leider nicht immer jeder Moderator mit. Aber da müsst Ihr als Journalisten einhaken! //Team Boris Palmer Watch,0,0
803," Danke, aber Ich leide nicht. Im Gegenteil: gegen den Strom schwimmen ist meine Leidenschaft.  Gehe ich zum Gothic Konzert, trage ich ein gelbes Smiley T-Shirt. |LBR| Gehe ich auf den Tempelberg trage ich ein großes Kreuz. |LBR| Unter Nazis schwärme ich von jüdischen und schwarzen Freunden!",0,0
1352,"  Hätte das Volk das recht den Kanzler direkt zu wählen, wäre Merkel lange Geschichte.",0,0
2220,"Ja, wo ist dass Problem? Ich verweise mal auf unsere alte Vermögenssteuer von vor 1995.",0,0
3361,"ich lebe doch als mama für meine kinder, die ich nie missen möchte und nicht für die rente. wissen Sie, wie alt Sie werden beim totmalochen?=",0,0
3106,  Endlich fangen auch Richter an ihr auferlegtes Schweigen zu brechen!!!,0,0
2308," ja, Danke, bemüht das Wesentlich zum sachlichen Dialog beizutragen.",0,0
2803,: Die Zukunft spielt ohnehin in Asien. Da interessiert es niemanden wenn Deutschland eine weitere Schlüsselindustrie opfert,0,0
4033, einfacher gesagt Europa ist gleich die Europäische Union..also synonym..nur im Sprachgebrauch...,0,0
405," Sind Sie immer so verbiestert und verbittert? Lassen Sie mich jetzt in Ruhe.Bei Ihnen ist Hopfen und Malz verloren,wenn Sie noch nicht mal höflich sein können.",0,0
2119," nicht ganz es sei denn, Sie haben nie die Schule besucht denn die Lehrer sind zu 95% verbeamtet",0,0
2171,Das war eine Premiere heute Abend: zum ersten Mal ein #Livestream einer Botschaft via #Periscope!  #Israel #Deutschland #Il50D,0,0
3489," Es geht hier um Enteignung......in welchem Land leben wir - sorry! Liebes  Team, falls es in euren Recherchen noch nicht vorhanden ist, schaut euch bitte einmal die Folgen ""Der Anstalt"" dazu an. Danke!",0,0
1047,  Den Gedankengang müssen Sie uns wirklich nochmal in Ruhe erklären.,0,0
2948,  Tauwetter.... war da nicht was in einer kleinen Stadt namens Goslar...,0,0
1423,"oK, aber nicht für das Klima - das ist etwas ganz anderes",0,0
3588,"Alles ein Riesengeschäft,Ich bin überzeugt das ein finanzstarker Patient schneller ein Organ bekommt als Lieschen Müller! Geld regiert die Welt!",0,0
4997,Und dann fängt wieder diese unsägliche Mindestlohn Debatte an! Einfach mal auf den Lohnzettel schauen was übrig bleibt nachdem der Staat sich bedient hat!,0,0
3143, Ein Uralter Hut. Das ist schon viele Jahre bekannt.,0,0
3905,      ...ach so...ich bin aber auch humorlos😊 |LBR| #Kika #HR #DiaaMohammedAli,0,0
2609,", warum wählt man eine Partei, die den Tod von Menschen in Deutschland willentlich in kauf nimmt?",0,0
2961, Ich lebe in einem Dorf im tiefsten Niederbayern.. aber es gibt keine einzige Wiese.Nur Agrarwüste soweit das Auge reicht,0,0
1122,Deutschland braucht für die jetzige Regierung eine richtige Opposition. |LBR| #einfachAFDwählen,0,0
2624, Erst einmal sollte der Gesetzgeber Hetze klar definieren. Wo fängt Hetze an hört Meinungsfreiheit auf?,0,0
1767,Ach je dieser Reul. Habt ihr wohl noch zuviel Prozente,0,0
2752,"Sie wissen schon, dass sich der bezahlbare Wohnraum sich in den letzen 20 Jahren halbiert hat?",0,0
2519,"Die ganzen Razzien in NRW, die Reul veranlasst, dienen ja nur dazu, der AFD den Wind aus den Segeln zu nehmen. Leider haben die Razzien aber keinerlei Konsequenzen. Alles vergebens.",0,0
2162,"Da haben Sie recht! Aber wir leben in Deutschland nicht auf einer Insel, einer Grünen Insel. Rings um Deutschland ziehen braune Wolken auf. Wir müssen aufpassen, dass durch grüne Fantastereien die Wolken über Deutschland auch braun wird!",0,0
899,Wir ham da mal was vorbereitet #Briefing für Kevin Kühnert... falls Boris Palmer persönlich werden sollte. Ein wenig Argumentations-Futter: https://www.facebook.com/BPalmerWatch/posts/1278237332331107?__tn__=-R,0,0
3260,Was machte Luther eigentlich an einem Brückentag? Und was würde er heute über die Türken und die Juden sagen? |LBR| #Reformation_neu_denken!,0,0
3710,"Die spd mit Katarina Barley hat wieder im wesentlichen an den bodenpolitischen Ursachen der Problematik (Wirkung Markt / Staatsversagen..) auf dem Wohnungsmarkt vorbei diskutiert. Wieder einmal sehr entäuschend, von der einst von mir so hoch geschätzten (noch) Frau Bundesministerin.",0,0
626,"Heutzutage kann es jedem Leistungsträger nach Eigenbedarfskündigung passieren, dass er im Obdachlosenasyl landet..zwischen Pennern und Junkys..dazwischen gibt es leider gar nichts..übergangslos ist das Leben vorbei, sogar die Bügerrechte sind eingeschränkt. Ich versuche gerade, einem Betroffenen zu helfen. Und stoße nur auf Ignoranz bei Behörden.",0,0
957," Kein Kohleausstieg,wenn dadurch unsichere Atomenergie aus dem Ausland importiert werden muss.Unsere sicheren Atomkraftwerke werden abgeschaltet und unsichere im Ausland gebaut.Auch die Winkrafträder sind nur eine Verschandelung der Natur.Das Ausland lacht.",0,0
2052,FDP ist nur ein Lachverein. Der Ober sagt der Staat müsse schlank werden uns dann kommt von einem Problem zum anderen ein Bürokratiemonster. Wie Mieten-TÜV. 😂😂🙈 Gerade Deutsche Annington/Vonovia setzt Mieter durch unnötige Renovierung vor die Tür. Aber Lobby FDP sieht dass anders. Nichts neues.,0,0
1629,"Herr Spahn hat doch mehr Personal versprochen...2 Pflegekräfte mehr kostete dann alle Bewohner eine menge Geld, was viele gar nicht haben ...https://www.zeit.de/politik/deutschland/2018-07/pflegepersonal-staerkungsgesetz-pflegekraefte-klinik-jens-spahn",0,0
3155," Und hätten wir regiert und alle Zusagen gebrochen, dann wäre hier heute von Umfallen und Postengeilheit die Rede gewesen! 😂 #Beliebigkeit CL",0,0
3983," , wer die AfD mit der NSDAP vergleicht und gleichsetzt, beleidigt die Opfer der schlimmsten 12 jahre Deutschlands.",0,0
3443,... Kommunen haben allerdings aus Raffgier verkauft seit den 90ern... an private Spekulanten,0,0
1984, Was hat das mit meinem Anfangstweet zu tun? Troll woanders.,0,0
3670," das will KEINER wahrhaben,daß für Flüchtlinge und Migranten Milliarden ausgegeben wird und bei der Pflege und andere Sachen um jeden Cent gerungen wird",0,0
