,statement,toxic,is_toxic
2612,"Ah non c'est un bougnoule et un nègre alors ils rentrent directement dans la catégorie ""racaille"" dans ton esprit.   ",1,1
4171,"Oh BRICE DE PISSE, il te kiss ma biche, j m en fiche!",1,1
3933,Je NE t AIME PAS car tu es moche comme ta grenouille ne recre pas ta page car il est comme ta femme,1,1
4216,tu est un malad mental ou koi se que j ai écrit c vrai,1,1
4802,T es un type malhonnête et ton Potin Machin du XVIII siècle est un gros mytho qui n a même pas le droit à un article sur WP,1,1
3312,Je suis sûr que ces débiles mentaux iront chialer après quand Le Pen sera à 80%  Sales ordures,1,1
3940,"Vous avez l air d ignorer que ce roman est ressorti par les premiers NAZI d Allemagne qui en font leur MYTHE, grotesque et vulgaire de FACHOS, FASCINÉS, FOURBES, faux TEUTON ou ARYENS, & des dévoyés par une idée, ou foutaise d idéologue, idéologie FAUSSE basée sur du crime et du mensonge = Secte, Parti, Brigue, Coterie, Confrérie, Clique, jusqu à en faire une RELIGION, de RELIDO = LIGOTER, EMPRISONNER, ATTACHER.",1,1
2679,"Putain de gauchistes, vous êtes suffisamment stupides pour dynamiter la démocratie.",1,1
2561,Ou les fils de putes inertes qui n'ont rien fait pour m'aider quand j'aurais pu crever ?  Va chercher ...,1,1
3878,Izaiaoui (d)  Va te faire enculer Abdekarim Izaiaoui (d),1,1
4189,je dirais « Salauds de journalistes !!!,1,1
2590,"Ulcan est un fils de pute qui fait du mal au mouvement sioniste par ses actions débiles et lâches, mais c'est pas nouveau.",1,1
2626,et si tu veux une autre gifle dans la face ça me fera plaisir de te la mettre.,1,1
3970,Vous n êtes qu une conchita.,1,1
4017,je vous propose d aller tous bien vous faire enculer !,1,1
3259,": Les étrangers sont sales, oisifs, criminels et font plein d'enfants.",1,1
2553,"Completement HS mais je me dois de le dire :   T'es un putain de pervers avec ton pseudo qui reprend ce foutu ver d'oreille, fils de pub !   J'en ai pour des heures avec tes conneries, je suis tristitude.   ^^^^^mais ^^^^^bravo",1,1
2534,"Fuck Macron la marionnette des banques, des finances, l'homme de paille du PS Hollandais.",1,1
4124,"vous en etes un, et moi je ne parle pas au lépreux de votre espèce.",1,1
3465,", on a compris que vous assumiez faire un boulot de merde dans la modération de ce sub, et que vous vous en battez complètement les couilles, mais pas besoin de le répéter encore et encore.",1,1
4811,"En plus d un admin au pseudo de Moyg(moyenne générale?, médiocre?), dans le genre cons et fières de l être, je vois mal comment faire mieux: d aprés fr.wp, l ombre est une illusion d optique.",1,1
3253,Mais putain arrête de faire ton ptit con borné et essaie de comprendre ce que la personne te dit...,1,1
2767,"Les connards de zadistes et djihadistes verts cassez vous, votre présence est inutile.",1,1
2716,A 3000 balles t'es un salaud de ploutocrate qu'il faut saigner parce que parce que.,1,1
2555,"Hé la grosse tantouze de /u/A_french_chinese_man, regarde comment il cherche la merde l'autre con",1,1
3387,laisse toi faire et ferme la   laisse moi rester encore en toi   laisse moi profiter de ton corps   laisse moi te violer quand tu dors   ,1,1
4730,"petite sous merde, Alors vieux con",1,1
4069,Je vous méprise pour ce que vous représentez (un petit cerbère du web prompt à respecter des règles ridicules,1,1
4977,"Fille de Pute, Je t emmerde va te faire enculer, petasse",1,1
2710,"T'es vraiment une ordure ou c'est naturel chez toi?  Enfin, mon taf de merde me permet de me payer un trip au Brésil pour sucer les gros chloubis des travelos cariocas, donc je vais pas me plaindre!",1,1
3502,"Conasse djihadiste est valable, elle est indéniablement conne et djihadiste.  ",1,1
2780,"Oui je suis d'accord Orban a l'air d'être un bon gros connard (bon cela dit, toujours pour filer la comparaison avec Israël, Bibi aussi est un sacré connard).",1,1
4063,BATTARD DU 93 et ci il ni as pas,1,1
3687,"Mélanch et Fillon sont dégueulasse comme auj, ils font sales crasseux, Macron est sex dommage il baise des veilles.",1,1
3759,de pute veut dire ke ta mére,1,1
3272,"Allez va te casser la cervelle avec un petit joint, cela nous fera des vacances.",1,1
3662,"t'es un vrai abruti, et ça serait bien que les mecs qui, comme toi, détestent tant la france pour telle ou telle raison, se cassent une bonne fois pour toutes.  ",1,1
4505,14.136.219.161 (discuter)  Vas te faire encule!,1,1
3376,Ces nègres sont d'ailleurs bien mieux nourris et soignes que s'ils étaient laissés dans leur état sauvage.,1,1
4130,Petit par le sexe il decide du sucer les gars de son école a EPITECH,1,1
3454,"mais les connards comme le dessinateur de cette immonde merde  Tu sais, t'es pas obligé d'insulter l'auteur toutes les deux lignes pour que ton message ait plus de poids.",1,1
3937,Zellige est petit avec une petite bite et un petit cu LOL IL EST OVALE Zellige est tres con et sa soeur aussi lol mdrr ptdrrr et il aime les croissant miamm !!!,1,1
4471,est toi le PD!,1,1
2928,était vraiment une année de merde: avec pour toile de fond les attentats de janvier et de novembre mais aussi la crise des migrants ou les scores du FN    Connasse.,1,1
4659,Il s est fait sucer par sa secrétaire stagiaire  ?,1,1
2601,Je ne te demande pas ton avis sale bourgeois (t'as vu ma couille c'est agréable les insultes).,1,1
3767,bloque moi petite bite !,1,1
3369,"Mais tu pouvais pas, tu l'as pas fait, et maintenant t'en payes le prix, petit con.",1,1
3313,"Je ne sais pas non plus de quelle profondeur de ton trou de balle tu sors ce ""on"" qui traite l'islamisme radical avec douceur, mais tu m'excuseras de voir les millions de Français qui haïssent notre France au point de vouloir élire une femme qui bafoue toute notre République comme un danger plus immédiat que quelques dizaines de milliers de gens tout aussi cons et puants mais qui eux ne pourront jamais renverser nos institutions.",1,1
4343,"Selon certains témoins, elle se vanterai  d enculer l état par tous les trous .",1,1
3961,ecoute on en a rien a foutre de toi alors casse toi pauvre con!!,1,1
3334,Oh la réponse de vieux connard plein de sel c'est triste franchement.,1,1
3840,C Est avec des clowns comme toi que l on passe tous pour des clowns sur Wikipédia.,1,1
4542,"marcel baumgart est née a Rouffach le 40 décembre 1999 et décédé le 45 juillet 1958 et il est drogué au faite les enfants ne l approcher pas il est pédophile, zoophile,nécrophile",1,1
3488,"C'est franchement pas normal, c'est carrément de l'abus, faudrait leur casser les couilles bien profond jusqu'à ce qu'ils arrêtent de jouer aux connards.",1,1
3271,t'es un putain de nazi t'en à conscience de ça ?     Après le droit du travail on s'attaque aux droits de l'homme...  ,1,1
3663,Et on voit 20 ans plus tard arriver la même merde mais en pire avec l'islam.,1,1
2905,"Tu es un Dieu, laisse moi sucer ton chibre pour avaler ta puissante jouvence",1,1
4080,"T as dla merde devant les yeux pauvre tapette, facho dmes",1,1
3211,"Cette racaille de merde mérite une grosse claque dans la gueule, un bon coup de pied au cul et puis de la prison.",1,1
2846,"oui tu est un gros connard génocidaire, je te maudit sur 3 générations,",1,1
4613,"c est qui le connard quia rediriger la page de tala Athmane ici, bordel de merde, tous les village ont leur propre article et pas le mien, vous aver suprimer plus de 80% de l article, restituez le, sinnon ça va merder grave!!",1,1
4392,Mais apparemment toi trop stupide pour comprendre problème   .,1,1
2832,que les 3/4 des fils de putes que je croise tous les jours sur la route,1,1
4021,"Wikignome de mes couilles, la seule chose que tu sais faire c est de te faire enculer par une compagnie de lépreux unijambistes !",1,1
4968,"ok ce à quoi je répondrai par un aimable, ce qui manque de culture, devienne toujours grossier par la force des choses... et pour te répondre dans ton aimable langage   MAIS VAS TE FAIRE ENCULER...GROS CON D  IGNARE !",1,1
4068,tu sai koi je te ferai chier jusqu a que t arrete de m emmerdé espece de putin,1,1
4921,Josido démissionne va te faire foutre !,1,1
3729,Mais bon elle est tellement conne qu'elle coulerait le parti je pense.,1,1
3236,ils doivent se marrer dans leur tombe les nazis quand ils voient le merdier qu'ils nous foutent ces yuppins et ces boucaques,1,1
3350,"Donc ta jolie réthorique de merde, tu te la carres où je pense.  ",1,1
4101,avoue que ça te fait bander... Tu aimes ça voir les autres se chier dessus.,1,1
4598,"Si vous ne voulez pas que la FRANCE & BRETAGNE meurent idiotes, noyées sous ses tonnes de lisiers ou mythes écrits par des imbéciles ignares.",1,1
2733,C'est pas moins con que toi qui chie sur tous les religions comme un ado rebelle de 15 ans.,1,1
3004,On s'en branle de ta galette fourre toi là au cul et gardes en pour le gros cul de ta rombière.,1,1
3862,v u ty ui b hjv uo tgt ta geule!!!grosse,1,1
4611,"Autre question, qui sur terre est assez con pour écrire une telle connerie (à moins qu il souhaite se vanter de savoir ce que c est) ?",1,1
4268,"Toi et tes potes, vous êtes des sales nazis de merde.",1,1
3674,"quand t'es heureux ça veut dire que t'es une lopette et la vraie definition de la vie, c'est te chier dessus en esperant que tout le monde va se crever la gueule dans deux ans.",1,1
4258,Faque merci allez vous faire enculer bye bye.,1,1
3896,espece de  connard!!,1,1
3593,"Je t'upvote.  Après 3 accidents évités de peu avec des connards de cyclistes SUR LE TROTTOIR alors qu'il y avait une piste cyclable à 2 PUTAIN DE METRES d'eux (ben oui mais elle était pas dans le bon sens,  pauvre bichons qui sont trop cons pour traverser un boulevard)  je ne souhaite que la mort à ces enculés et je prends plaisir à leur enfumer la gueule à coup de particules fines.   ",1,1
4796,"-En noir et blanc, tu ressemble à une mouche nuisible !!",1,1
2713,"Je te ferais disparaitre de cette putain de planète avec une précision jamais-vue auparavant, souviens-toi de mes putains de paroles.",1,1
4546,TU EMMERDES LE MONDE !,1,1
4792,"Tu es un déchet, un immondice.",1,1
2622,La réalité est que les black blocs sont un ramassis de petits cons nihilistes qui méritent de se prendre des matraques dans la figure avant d'être envoyés à Cayenne.,1,1
2845,Ces salauds d'étrangers qui viennent jusqu'à voler nos habits alors que tant de Français n'en ont pas...,1,1
3054,"Je te retourne contre le mur, je te baise par tous les trous, je te défonce !",1,1
4982,Je m en fous ton site de propagande révisionniste je m en passerai je corrige ce que j aime dans le bon sens de l histoire pas dans le sens des agents de merde dans ton genre dégage avec tes messages  vandalisme  mdr bouffon...,1,1
3849,tu dois tre content crétin d imposer vo^s point de vus vous et votre bandes crétins il y a pas pire que vous dans la non neutralité Avec votre pseudo pouvoir de censure il y a que vos point de vus qui reste toi et Hégésippe Cormier de mon cul ... Je vais reprendre mes vielles encylopédies là au moins il y aurait pas des cretins de votre acabit a supporter,1,1
3644,T'es juste un abruti et un fils de pute de facho qui est incapable de lire.,1,1
4280,toi tu ne sai r1 de justin ses bien un mec quesque tu croit conne mais ninpote quoi ses po une une meuf justin arrette de dire des conerie pareille,1,1
4900,"Le violent mépris que m inspirent certains cons et leurs méthodes d  arabes de blame semblant incompatibles avec un quelconque plaisir à collaborer à ce projet, il méritent d être exterminés.",1,1
2521,Je vais chier de la fureur sur ta tronche et tu vas te noyer dedans.,1,1
2798,D'un cote je te comprend: lire cette conne pleurer durant des dizaines de ligne donne des envies de donner des baffes.,1,1
4294,Je pense que je n ai rien d autre que de t insulter tu n es qu un fils de p... !,1,1
3943,JE TE DÉCOUPERAI EN MORCEAUX.,1,1
3874,"Wikipédia:Merci de jouer au con, histoire qu on vous bannisse.",1,1
3880,sale pute moi personailement je les saute plus d un foi est a un gross trou de balle et une pettite chatte bien poilu,1,1
2834,"Je vais te démonter ta mère avec une précision jamais vue auparavant, et je pèse mes mots.",1,1
4180,et j emmerdes ceux qui ne m apprécient pas !,1,1
4055,John cena c une grossssssssssssssssssssssssssssss mer2 Y se la pete avec son gro cul moche y lé NUL en GR0,1,1
3353,"Si oui, eh bien tu es complètement con :)  Ça n'empêche que ton exemple (le lien du monde que tu fournis plus haut), c'était de la merde.",1,1
2599,Je vais débouller sur la gueule de ta soeur de 16 ans a coups de matraques.,1,1
3507,tu te vois autant que ça comme une petite merde pas capable d'ouvrir ta gueule devant un RH?   ,1,1
3052,"Du coup ils viennent dans tous nos médias pour degueuler le ramassis de merde qu'ils ont dans la tête : dehors les bougnoules, les pédés c'est sale et ils violent des enfants, et le capitalisme c'est super chouette...",1,1
2685,Okay je vais rétablir le score : Je lui pisse à la raie à cette immondice.  ,1,1
3269,"L'arabe qui crache par terre en voyant passer un français en Algérie c'est un gros connard de raciste, c'est tout.",1,1
3721,"Les jeunes australiens qui voyagent (principalement en Asie du sud est), qui sont des bons gros douchebags racistes et débiles, qui gueulent tout le temps et se bourrent la gueule avec des bières de merde.   ",1,1
2758,"La frange de connards, mous du bulbe fonde l'échec prétendu de toute une population.",1,1
2961,"C'est petit ça, surement comme ta bite pour que tu aies fini dans le ""journalisme"" pour boutonneux.",1,1
3109,"je connais le type, c'est une sous-merde prétendument intellectuelle comme beaucoup de chiens de garde parmi l'intelligentsia française d'obédience neo-conservatiste.",1,1
3993,"vivent les menottes à couilles, enfin une encyclopédie qui n as pas un balai carré dans le fion, si c est pour refaire une encyclopédie hachette c est pas la peine y en à déjà une... et puis autant appeler une couille une couille tant qu on y est...",1,1
3541,Ce mec est un connard et on invite un autre artiste noir point et qu on ne laisse pas ce petit con se poser en victime du racisme.,1,1
3234,Pas de ma faute si la multiplication d'un certain type de connards musulmans remplit l'actualité.,1,1
3519,"Mais de quel droit tu te permets de me casser les couilles ?   Sans modérateurs, c'est la porte ouverte à tout les fenêtres, et d'ailleurs tu t'y connais bien en fenêtres si je me souviens bien, la dernière fois qu'on ta vue, toi le *has been*, c'était quand tu suçais la nouille d'un sumo pour faire de la pub.  ",1,1
3808,UNE GROSSE MERDE ISRAEL EST LE MEILLEUR,1,1
3556,"Qu'est ce que tu viens de putain de dire à propos de moi, petite salope?",1,1
4061,"Votre président Sarkozy devraient éliminer les glandus comme l administrateur méprisant, hypocrite, louvoyant et manipulateur Jean-no.",1,1
4985,"A savoir que les ZantiSSectes, prévenchiasses et l UNADFI ont menti en faisant croire à l opinion publique que les raëliens avaient violés des adolescentes de moins de 15 ans.",1,1
2787,"t'es vraiment, vraiment con, toi de parler comme ca...    ...c'etait bien clair que la France ne gagnerais pas- Elle soucait la grosse bite d'un cheval cette annee.   ",1,1
4674,"Bonjour, Je m appelle Mahmoud, je suis le créateur de la page  les chevaux spatiaux  et je voudrais savoir ce qui s était passé dans ta petite tête de blanc bec pour l avoir effacé.",1,1
4134,Va te faire fou-tre gr,1,1
4019,"Lol c est bien connu, WP est un rammassis de néo-nazis tendance marxisme féodal pédophile",1,1
3589,"C'est un fils de pute parce qu'il frime et se prend pour un #hero, pas parce qu'il a fait une BA.  ",1,1
4342,Par le même occasion je nique ton poisson rouge et j encule ta descendance (salement en mode soirée bâche bâtard) Bonne soirée lolo le blaireau puceau de ta mère la pute ;D,1,1
3162,"En revanche les vraies raclures de putain d'enculés de bandits, c'est l'URSSAF.",1,1
3427,« Putain de saloperie de grosse pute de sa mère fait chier putain de bordel merde d'enculé de bureau de merde. »,1,1
3277,Fuck ces gros nerds à barbe d'audiophiles]( qui y connaissent rien !,1,1
2992,"Ben reste que le fondateur de RSF est un gros raciste de merde, donc si, c'est compatible apparemment.",1,1
3134,"Ouais on vous aime bien, mais on vous chie à la gueule dès que possible avec vos petits pois d'enculés là.",1,1
3633,"Donc tu as raison, je n'irais pas seul là bas pour le pendre par les couilles moi-même dans l'intention perverse mais juste, de le lapider **en premier.",1,1
3570,"La nana est une connasse, le violeur est un salaud et puis voila, brulons les et n'en parlons plus, ca m'emmerde.",1,1
4221,"Dans le paragraphe des citations, il faudrait rajouter celle-ci envers Raymond Domenech    Va te faire enculer, sale fils de pute !   ",1,1
4333,bloque moi petite bite !,1,1
3378,Qu'elle aille sucer des queues elle-même pour savoir si c'est libérateur.,1,1
4787,Je vais te kidnapper dans mon pays puis te juger comme Adolf Eichmann.,1,1
2768,"Je viens de googler Black M et Sexion d'asaut (que je ne connaissait pas) et vu leurs propos sur les gays    je crois qu’il est grand temps que les pédés périssent/Coupe-leur le pénis, laisse-les morts, retrouvés sur le périphérique  on devrait egalement les ranger dans la ""fachosphere"".",1,1
4478,Je suis le vandale Sulandav et je vais tout défoncer je baise les chattes!,1,1
3490,Je vais chier de la fureur sur ta tronche et tu vas te noyer dedans.,1,1
4554,Nettoyer toute cette merde au Karscher.,1,1
4667,Ton daron le bourer d ou tu me bloque toi tu veu qui vienne sauter espece de trou de fesse va jvai nike ta ras sal pd atten toi t mort ptit pd va !!,1,1
4014,Qu on lui coupe la tête,1,1
4060,CTE LÉ TU DIT QUE TÉ CON   ,1,1
3095,"Tu n'auras jamais, toi fils de putain, les fils du Christ sous tes ordres : ton armée ne nous fait pas peur et par la terre ou par la mer nous continuerons à nous battre contre toi.  ",1,1
3432,"Par contre les italiens c'est des fils de pute, ils m'ont fait chier autant que jvc, bande de crevards ultra-alpins.",1,1
3367,"Tout ce qu'ils font c'est asperger des yeux de Serum phy désinfecter des plaies avec de l'alcool et mettre des bandages, ces fils de pute de flics veulent juste mettre des bâtons dans les roues.",1,1
4849,Les réacs sont toujours nuisibles et vous en êtes l exemple vivant.,1,1
2542,"Il a fait des chats cochons avec une adolescente majeure sexuelle, c'est vraiment un vilain, on devrait même au moins le pendre par les couilles, voire plus.",1,1
2637,"Sur la question des armes, les américains sont vraiment très très cons.",1,1
3598,"Va en tant que petit étranger Candide te faire enculer par les différences le premier et le troisième groupe de verbe)  Et on a ensuite toute les expressions idiomatiques stupides, et autres conneries qui se contredise pour faire un beau tas de noeuds.",1,1
4622,"Mon article traite d un concept de SF, il ne mélange certainement pas la SF et la science et je me demande franchement si tu es un imbécile ou un malfaisant.",1,1
4506,194.199.77.51 (d)    ESPECE DE CON TU SAIS,1,1
2598,"Ces gens là ne font pas leur travail (les commentaires déjà postés expliquent très bien toutes les défaillances dont ces connards stériles font preuve), on imagine facilement que ces laiderons abrutis ne rêvent que de rentrer chez eux au plus vite pour regarder Canal+ et TF1 en enfonçant le gode de leur femme dans le cul de leur chien.",1,1
3726,"Qu'est-ce que l'enculette viens-tu de putain de dire à propos de moi, petite pute ?",1,1
4912,tu n l merite ps trvail pour le Maroc go to the hell you and yr wiki,1,1
4091,Tes comparaisons non comparables révéle ton ignorance crasse.,1,1
2989,"cela dit : Mahomet était un pédophile sanguinaire chef de guerre, prophète de merde pour une religion de merde.   ",1,1
3037,"""c'est une ligne droite blah blah blah"", qui se font niquer à 130 sur un tronçon à 70 etc... qu'ils aillent bien se faire enculer, ces hypocrites.",1,1
3248,Je vais te péter la tête tellement fort que ça va trouer ton slip.,1,1
3413, est une crevure irrécupérable qui mérite de mourir  J'ai jamais dit ça.,1,1
4988,enculé de sa race    aura eu près de dix fois plus de votes    Conserver    que ma petite traduction du wiki anglais avec un titre initial certes maladroit.,1,1
4281,"comment faire paraitre la photo d un imposteur qui manipule et abuse les femmes je donne un de ces noms il se fait passer pour Jonathan Faulkner, du colorado malheureusement cet homme existe et un trou du cul se sert de son nom",1,1
3501,- elles sont un peu trop connes pour s'exprimer toutes seules ?   ,1,1
4714,"Cerbère ignare et fasciste, bien dans l esprit wiki",1,1
2722,De toute façon иди нахуй сука блять comme on dit sur le serveur europe ouest.,1,1
2538,Donald Trump pourrait enculer leur femmes et ils l'applaudiraient les larmes aux yeux.,1,1
3782,De nouveau va te fairer enculer !!,1,1
2893,"Tu m'affubles de nombreux noms et tu affirmes, dans un implicite très clair, que je suis comme la majorité des votants à tes yeux : un gros con qui ne réfléchit pas.  ",1,1
4712,"Bande de boufons qui ne connaisse rien,",1,1
3981,va te goler avec jd pi ta pas de vie caliss de chien sale de bloker le monde pour rien comme ca tabarnak pi va chier gors mangeux de marde... PS débloque moi SVP et jarrete mon vandalisme,1,1
3289,"Sa race la pute comment la parade est magistrale, on a tous besoin d'un film Warhammer dans sa vie",1,1
4232,Espece d enculer de ta mère la chienne,1,1
3391,"Et toi, journaliste à la con, recentre-toi sur les vrais préoccupations du français moyen, plutôt que croire qu'une merde de chien en plein milieu du trottoir soulève l'indignation du quartier huppé dans lequel tu vis.",1,1
4438,Je vois que tu crains guère d étaler ta stupidité.,1,1
3148,"Si leur réponse à ça c'est de dire ""il faut aller plus loin dans ce qu'on a fait jusque là !"", ils sont cons et ils méritent la mort de leur parti de merde.",1,1
2826,"J'espère que les participants seront chassés du pays, de préférence avec une fourche dans le cul.",1,1
3184,"Le 20h peut aller se faire enculer en ce qui me concerne, et les autres abrutis qui parlent d'apartheid judiciaire, les excités de l'indignation, je leur souhaite de mourir étouffé avec de la merde.   ",1,1
4109,je nike ta mere sayajin-33 tu pue du l oeill tiens prend mon addrsee msn terencelepro18@hotmail.com si tu veux me parler sale chien de ta race batardddd terencelepro18@hotmail.com 0ké0ké0ké,1,1
4187,Je m en fous de ton blocage connard je modifie mon adresse IP et je reviens de ce pas toi va plutôt faire une promenade dans ton jardin et fais gaffe de pas t y embourber,1,1
3015,Putain de journaliste de merde qui ne sait pas faire mettre un séparateur décimal en français,1,1
3348,"Tous à poil et enculez-vous les uns les autres, ça vous fera du bien.",1,1
3174,"Donc oui, l'Islam est une religion de merde, (la pire des religions monothéistes, en fait) qui produit énormément de groupes terroristes partout dans le monde qui massacrent, violent, pillent et tuent.",1,1
4614,T es une sous-merde.,1,1
2848,Les barbus de merde des années 2010.  (Et en plus celui-ci est aussi barbu des bras.,1,1
4745,"Pour ton comportement, Tu es un grand pédé et tu ne mérite pas etre un administrateur.",1,1
4495,J espère que vous profiterez de cette période pour apprendre à ne pas jurer des ignominies sur un livre saint et à respecter autrui  tu parle sal tarlouze va jt di toi jtatrpae je nike ta mer la pute sal boufon,1,1
4812,ça serait toi ce dégueulasse de Pierrot le Chroniqueur qui a exclu Utilisateur:Félix Potuit.,1,1
3790,Mr zidane c est un con qui est PD!,1,1
2642,"Les arabes peuvent crever, tous les dirigeants et imams s'en foutent.",1,1
4861,t fouou koi g former black pyramid depuis 1993 ta kelke chose à rajouter fils de put de colonisateur!!!!Black pyramid,1,1
3276,"Nicolas fucking Bedos  Je peux pas le voir putain, j'ai envie de le cogner dès que je vois sa putain de tronche de con",1,1
3053,t'as pas de morale elle est tellement conne que même avec des gants mapa je la touche pas,1,1
3728,"La putain de ta race, tu te grattes les couilles devant ma femme!",1,1
3266,"Je comprend mieux, ce gros con a décidément aucuns scrupules à déblatérer ses merdes à tout bout de champ, putain de demago populiste de bas étages, ce type pourrait faire tapiner sa mère pour quelques voix.",1,1
3172,"Pourquoi devrais-je tolérer les imbécilités crasses des religions idiotes, stupides et arriérées?  À les tolérer vous même de la sorte, vous faites honte à la gauche qui, afin de faire avancer l'humanité, se doit d'expédier tous ceux qui colportent ces stupidités niaiseuses dans des camps de rééducation où, à  défaut de leur inculquer de force le rigorisme scientifique cartésien (du fait de l'atrophie de leur cerveau), au minimum leur faire passer le goût de ces cadembrelaines toxiques et totalitaires.  ",1,1
2548,"J'te déteste...  Va sucer des bites en enfer, je vote pas à droite et j'ai jamais pu piffrer Mélenchon, j'ai pas d'autres choix.",1,1
3324,", on te sucre tes allocs parce que t'es qu'un sale assisté qui saigne le système social français.",1,1
3070,"Thiers est un énorme fils de pute, il a massacré les communards et (trop de gens l'oublient) les canuts à Lyon.",1,1
2712,Parlé comme un enculé qui a une vie tellement à chier qu'il en est venu à détester les chiens et les enfants.,1,1
4483,Remets mon article sur les putes de la cité !!!!,1,1
2999,"t'es un bon gros connard, autant que les relous qui se rabattent pas alors que la voie de droite les dépasse.",1,1
3980,JE PEUT PLUS ECRIRE DES CONNERIE SUR UN SITE DE CON!!!!,1,1
2564,"Sous couvert de jolies phrases et de propos (pas toujours) policés, on fait comprendre que la gauchialo-salope est un traître à la nation qui, sous prétexte d'expier les fautes de nos grand-parents, baisse son froc pour mieux se faire enculer par ""les négros et les barbus"".  ",1,1
3550,Mieux qu'une fiotte gauchiste qui laisserait sa mère se faire péter le cul pour prouver son antiracisme et sa tolérance.,1,1
2723,"J'ajouterai que si One Piece c'est de la merde, toi tu es de la merde aussi et tout est de la merde.",1,1
3279,Perso je les mets dans sa bouche avant de le mettre dans son vagin.,1,1
4184,les femme ses bien connue ses grosse mince vielle et belle mais au soir il vaut des bile preffe voila ses marie qui court josephe demeande a jesus pourquoi elle court jesus jesus dit ses parce que elle me touche le sexe et moi jai vais la meme choses mais elle n avet rien elle avait un trouc allor jai voulu lui soignet ses bles lol seter jl les blaque drole,1,1
4012,So what tu es un gros pénible comme il y en a de temps à autres sur wikipédia.,1,1
4406,Je viendrai chez toi et te tuerai !,1,1
3293,"Je vomis les représentations de merde de cette sous-culture de merde, mais s'imaginer que c'est une machine de propagande au service de patriarcat est une débilité sans nom.",1,1
3906,"Bref, va jouer ailleurs, tu n y comprends rien, t as clairement pas le niveau pour traiter de ce sujet et en plus tu n apprendras jamais rien, cas désespéré.",1,1
2660,"Ce député est sans doute un petit con de troll, mais le président de séance est une menteuse et un tartuffe.",1,1
4865,Si on fait un constat on constate que un president homo et ces serviteurs batards il monque seulement a ce staff une pute comme vous avec respect bien sur t.o le 04.02.2011 ali dwali,1,1
3311,"Unworthy ""French"" redditors herein, - Retournez à votre MacMerde chéri, incultes abrutis, fossoyeurs ineptes de vos propres traditions, et vous en félicitant en branleurs récursifs pour mieux croire de concert sucer bien, en l'espèce, les doigts de pieds de l'anglo-saxon (anglophone à tout le moins, yeah) s'y intéressant, lequel, dès lors, en bon pirate héréditaire sinon par pure humanité, d'autant vous méprisera.  ",1,1
4980,", c est bon, tu mérites vraiment tes galons dans la catégorie:dictateur.",1,1
3920,PETIT CUL MIAM MIAM ÇA GOÜTE,1,1
2531,"connard qui modère /r/greatape (ou quelque soit le nom du réel du sub) de mettre un disclaimer du genre.   """,1,1
3954,Allo bande de cave je vais vous explique comment vous fourrez un ordi dans le cul.,1,1
3087,Et j'encule celui qui me fait chier parce que je ne veux pas afficher la pub.,1,1
2990,"Des gens, qui pareil, il vont te parler de comment tu peux faire la fête sans sous et qui vont t'accuser d'être un coincé parce que tu restes chez toi quand tu ne te permets pas de sortir, mais qui si jamais tu les refuses ils vont t'accuser d'être radin et la cause de tout le mal au monde.   fils de putes je les détestes.",1,1
2671,Ton cul doit être jaloux de ta bouche vu toute la merde qui en sort.,1,1
4354,"Mes pauvres nationalistes ukrainiens, Votre haine de la Russie et de Moscou n est égalée que par votre ignorance et votre stupidité...",1,1
3610,Je te propose qu'on te coupe les couilles et qu'on te tue à 6 mois pour te manger.,1,1
2661,Ce sont des salauds d'islamo gauchiste fonctionnaire qui travaillent pour la SNCF et en profitent pour vendre de la drogue et agresser nos fils et nos compagnes.   ,1,1
4920,yen a mar ke lé prof y méte dé sujé de merde,1,1
3749,Comment elle fait cette conne pour ne pas avoir honte de sortir des débilités pareilles ?,1,1
3034,"Ah je vois qu'on me colle aux basques, ravi de ton intérêt, ConnardDéchainé  J'en ai effectivement un peu ras le cul de voir tes commentaires débiles sur chaque fil.  ",1,1
4915,"Si tu as quelque chose à dire, je te rappelle que tu es sur la page de discussion d un arbitrage alors tu ouvres une section à ton nom, et tu donnes ton témoignage, au lieu de venir faire du trollage en venant poster sur un espace en principe réservé aux réponses de EL, et en le qualifiant de « facheux », ce qui, fais-tu finement remarquer, n est pas différent de  sale con .",1,1
4473,Je ne vous donne pas une heure avant d être bloqué avec de pareilles imbécilités.,1,1
3725,Je pense sincèrement qu'a moi tout seul je pourrait faire la même enquête et montrer une fois pour toute que la FRANCE aime sucer des bi*tes de chèvres !!,1,1
3224,Je vais chier de la fureur sur ta tronche et tu vas te noyer dedans.,1,1
4569,est une grosse pute je suis sur que son marie s est chreque.,1,1
3176,"Mais non, comme il a pas fait le même trajet que toi au même moment c'est forcément un trou du cul sans cerveau...",1,1
4436,"Le nez gaullien et la bite en l air, ces Bourbons ne descendent pas pour rien du vert galant par l escalier de service.",1,1
4928,Sale fumier Serein va te faire enculer!,1,1
3337,"Alors le coup du ""c'est de leur faute et méritent"", j'ai envie de te traiter d'enculé.",1,1
3316,"Je vais te putain d'effacer avec une précision telle qu'elle n'a jamais été vue sur terre auparavant, note bien cela.",1,1
4509,Va te faire sucer.,1,1
4441,Tu es soit stupide soit de mauvaise foi...,1,1
4634,MA BITTE FILS DE PUTE DE TOUTES,1,1
3899,"Ca se confirme les administrateurs de Wikipédia doivent être soit alcooliques, soit séniles ;",1,1
3561,Peut-être que tu étais le Coluche du popo mais sinon je peux te garantir que tu faisais chier tes parents.,1,1
4239,HITLER ET MES MODIFICATION SUR CETTE MERDE DE RAP A DEUX BALLES !,1,1
3893,Vas te faire encule!,1,1
3792,", j ai d autres comptes ! va te faire mettre par ton ami Ben Laden.",1,1
4936,Donne m en une provision aussi... Saleté de piaf !,1,1
2935,MLP trop conne qui veut que les laboratoires français trouvent TOUS les médicaments du monde et qu'on arrête d'importer des méchants médicaments immigrés.,1,1
4246,"bande de fils de pute quand je dis qu il est pisté par un club je sais de quoi je parle arrêtez de supprimer ce que j écrit » le problème n est pas que   vous   sachiez de quoi vous parlez, mais que   les internautes   sachent de quoi vous parlez, même s ils ne sont pas spécialistes du foot.",1,1
4974,VEINY COCK YOU PUSS.,1,1
3345,"Et non ce n'est pas immoral, ces fils de putes veulent tuer nos enfants.",1,1
4131,ET EN PLUS T SALE BOT PD ENCULER,1,1
4025,"va te permettre de montrer que t en sais plus que ton voisin qui lui même en sais plus que son voisin... etc En fais je voulais te dire que je nique ta mère, ta femme, ta soeur et ta fille en même temps gros fils de chien, et elles kiffent.",1,1
4041,hihihihi  démontre combien tu es arrogant et immature.,1,1
4697,Je l encule comme jamais personne,1,1
2877,"À Toulouse, c'est plein de cons de parisiens.  À Bordeaux, c'est seulement à moitié plein de cons de parisiens pour le moment.",1,1
4872,"Les imams et les curetons, même en herbe, n ont rien à foutre sur un espace dédié au partage de la connaissance, qu ils s occupent donc de continuer à violer leurs enfants de coeur en toute impunité et nous lâchent un peu les miches.",1,1
4604,Alors il s en alla avec sa copine dans les bois pour la baiser une fois derriere un arbre il la prend et la baise et apres elle jouit de toute ses forxce,1,1
2796,"Qu'est ce que tu viens de putain de dire à propos de moi, petite salope?",1,1
4884,DE TE TIRER UNE BALLE DANS LA TÊTE,1,1
3436,J'ai envie de me faire une playlist bien rétro  Autre sujet : va bien te faire m*tre enfoiré de cerveau.,1,1
4489,"Dans mon dico sur les patronymes gascons que vois-je ?   Éberhard / Ébrard  , alors que ça vient du germanique, ah vraiment trop nul ce Michel Grosclaude.",1,1
4086,est un déshonneur pour les arabes je trouve que c est une femme qui na aucune intelligence est qui se croit féministe alors qu elle fait que les enfoncé les femmes.,1,1
2544,"Hé, connard, c'est ton job de dire aux jurés quelles questions sont judicieuses ou pas.  ",1,1
3438,"party sauvage chez les Balkany, chier dans la décapotable et décapiter les nains de jardin, c'est productif.",1,1
4260,my name is david for jagger is fucking basterd le fric et le fric sans ses potes ce mec n est rien d autre qu un trou du cul comme nous,1,1
2823,"- RU : Bon, je vais devoir te péter la gueule avec tous mes copains et ENSUITE te piquer ton jouet.",1,1
4551,"Il faut donc que  Yugiz , cesse de faire du zèle de pseudo-administrateur, car à force de faire le fayot, on finit toujours par vouloir péter plus que son cul.",1,1
3553,Je te serai reconnaissant de bien vouloir te faire larguer comme une merde et péter ton Vive en jouant à un jeu de merde.,1,1
2720,"Toi, scullion de Babylone, charretier de Macédoine, brasseur de bière de Jérusalem, fouetteur de chèvre d'Alexandrie, porcher de Haute et de Basse Égypte, truie d'Arménie, giton tartare, bourreau de Kamenetz, être infâme de Podolie, petit-fils du Diable lui-même, Toi, le plus grand imbécile malotru du monde et des enfers et devant notre Dieu, crétin, groin de porc, cul d'une jument, sabot de boucher, front pas baptisé !",1,1
3606,", dans trente ans tu sera toi aussi un vieux con qui râle contre la légitimation de la pédophilie ou de l'inceste.",1,1
3373,Et on leur fou le nez dans la merde à grand coup de salaud de patrons,1,1
4474,"Un petit con (ou une petit conne, ne soyons pas sexiste) avait modifié le modèle et avait mis Berlaimontois en dur.",1,1
3030,J'en ai rien a foutre de voir la gueule du connard qui tient l'urne pour choisir lequel des de la dizaine de tocards va m'emmerder pendant les 5 prochaines années.,1,1
4735,TU ES UN ENCULÉ C EST TOI,1,1
2795,"Je suis non binaire donc si vous me downvotez c'est que vous êtes des sales blancs hétéros cis genre qui méritent la mort, arrêtez de me me persécuter !",1,1
3793,Tu mérites plutôt la mort.,1,1
3585,en plus paraît qu'ils enculent des chats et regardent même pas tf1 ces mécréants,1,1
3809,", est caillot qui te protege donc en 2017 avec la bande de nul en d2,2 2 2 eh oui vous etes mùauvais tres mauvais j aurais honte a ta place d aller chercher ma paye",1,1
3064,Elle est conne et réac mais là on a un mini-hitler qui se présente aux élections...,1,1
4482,Il viendra te punir infidèle que tu es !,1,1
3965,tu suce en criss de coliss de tabarnak.,1,1
4016,"Hitler aurait du vous gazer tous les deux, ensemble.",1,1
4944,"Si j ai bien vu que tu as fait la démarche et auprès de plusieurs administrateurs, c en est d autant plus pathétique, je t imagine en train de pleurer comme une ptite p*p*te parce qu une fille a été méchante avec toi ( bah en général troller des débiles mentaux c est assez génial donc non tu m excuseras mais je ne me priverai pas de ce plaisir mon gros puceau!",1,1
3831,"J accuse PAUTARD et EDC d être des faux-culs de première grandeur, d être des lâches pour s interroger sur l identité de KAAS alors qu ils savent très bien de qui il s agit.",1,1
3695,"Clinton et les démocrates c'est de la chiasse, des criminels de guerre, des raclures comme les autres avant eux.",1,1
4941,Allez zou sale baltringue.,1,1
4323,Vous êtes une honte pour la société....,1,1
4330,"Espece de moule a gauffre,",1,1
4721,Qu on lui coupe la tête,1,1
4207,ET AINSI DE SUITE et si tu ne comprend pas c est que tu es C.O.N,1,1
4655,le  TU EST UN SALE BATARD DE TA RACE,1,1
3476,"Bonne fin de journée, je te souhaite du plaisir à continuer de sucer la teub d'Orelsan le gangster campagnard !  ",1,1
4369,"Je t ai démasqué, espèce de faux-nez !",1,1
3718,Voltaire avait dessiné des machines pour trucider les Turcs et Rousseau était essentiellement un gros enculé.,1,1
2687,pendant que tout les connard de reddit qui on fait de la merde avec leurs alliances,1,1
4957,"Mais ce l on sait par contre, c est qu il est très con, puisqu il est, à demi autiste !",1,1
3688,T'es vraiment et un abruti et un inculte et un raciste et un faux-cul.,1,1
4215,Vous en connaissez une grosse crisse de salope qui aime les grosses queu dures et juteuses ?,1,1
4445,on fait un cul-nu jte baise tu me suce et me branle et en retours je te doigte ...,1,1
4748,Je chie sur Moïse et la Torah.,1,1
3122,Mais putain espesse d'enculé toi   faudra que je vienne un jour pr te frakasser la face mariole,1,1
4854,"Je te dirais donc d aller te faire voir, je n ai pas de temps à perdre avec un péteux qui je permet de me juger sans me connaître.",1,1
2757,Le prendre en flagrant délit et lui défoncer sa gueule de flic de merde.,1,1
4225,"Ne t énerve pas fier nain barbu, il y a toujours un peu de tension du côté des jurés, c est le lot de chaque WWC.",1,1
3950,VOTRE SITE DE MERDE FUCK,1,1
2606,"C'est l'avis des petits merdeux communo-anarchistes, qui vivent chez maman et qui pensent qu'ils représentent la France.",1,1
3487,"Je vais te démonter ta mère avec une précision jamais vue auparavant, et je pèse mes mots.",1,1
3834,"Réponse de blue 23 J ai autre chose à foutre, démerdez vous avec vos conneries.",1,1
3733,"C'est une conne qui ne représente personne, ne convainc personne en France sauf quelque connards au PS, et même dans un débat avec des créationnistes elle arriverait à sortir plus de connerie que ses interlocuteurs.   ",1,1
4313,"Surtout qu avec leur sac poubelle intégral, ce genre de greluches ont l air de préservatifs ambulants, c est d ailleurs pour ça qu on les appelle aussi les capotes mahométanes.   Pas besoin d aller chercher bien loin.",1,1
3638,", ba oui faut bien les mater tous ces arabes et ces noirs.  Mais bon, là ça a rien a voir, c'est juste une meuf qui se fait contrôler et qui essaye de sortir un papier dessus, parce qu'elle est journaliste.",1,1
2891,"Pff mais quelle chochotte, les nègres boches eux ils ont la PESTE, on en crève DEUX",1,1
4254,"Va te faire foutre petit connard, petit flic, petit capo de merde !!!!!",1,1
3626,"Tesson est un con depuis des années, il dit des conneries ça ne me surprend pas plus que ça.",1,1
3900,salut é ho ya kelkun bon é papy tu repond trou de balle mal laver va tu pu du bitte,1,1
3587,les grecs méritent de souffrir et de bruler ~~en Enfer~~dans le Tartare  FTFY.,1,1
4871,La racaille rouge pratique le terrorisme intellectuel !,1,1
2636,"Edit : et puis bon, qu'ils se cassent ces putains d'Anglois, ça fait vingt ans qu'ils nous pourrissent notre UE",1,1
2943,"Sale raciste, retourne dans ton pays de racistes (t'es de Montargis c'est ça ?).",1,1
2643,"si tu veux monter ta boîte ou même te lancer en auto-entrepreneur t'es juste un putain de connard fasciste voire nazi, t'as pas honte ?",1,1
3386,Putain t'es trop con fallait faire une soumission à part pour gratter plus de Karma !  ,1,1
4200,"Tu n es rien d autre qu un vandale, et un vandale ignare de surcroît.",1,1
2574,"La prochaine fois que tu me voles mon vélo, espèce de connard, je m'occupe de ta sœur et de tes enfants.",1,1
2884,"Désolé, mais j'baise ta maman tellement fort et tant de fois par jour que y a des choses qui me passent à côté.",1,1
3827,"Putain de MAF qui fait un début de saison de merde, je te l enverrai dans la LAH un poil ça lui ferait du bien.",1,1
3451,Je me suis demandé en tant qu'ingé si je devais pas leur foutre un coup de pelle derrière la nuque et les enterrer dans les bois près de la fac.,1,1
4032,Je veux qu elle suce ma bite !,1,1
3979,Facebook est un réseau social de merde qui pue la shit ceux qui vont dessu sont des enculer du cul !!,1,1
4781,"Ici encore, t as pu te défendre, alors que sur ton site de merde, quand une putain de modératrice supprime ton profil, même pas tu peux te défendre.",1,1
4624,mais tu ne sais meme pas ou j habite.en deux mots l expression du gouvernement me tarde et j ai besoin de vivre longtemps encore CONNARD de sarko car je sais qu en disant sarko g droit en ten et en eur au flikage internet qui né plu qune nenet quon agite pour te fair croire et ca cest pas lintifada qui te lenvoi ni la grip avier cest le francais de base qui na pa de blem avec les comunauté urbaine yen a mar de leur connerie a ces politicar,1,1
3932,", c est à dire la poutre dans le cul, c est lui qu a commencé sur sa propre PU.",1,1
3563,c'est de la merde gauchiste menteuse qui mérite d'être traitée comme telle.,1,1
3459,"aussi, salopards d'immigrés qui nous volent nos emplois et nos cailloux !",1,1
4637,"les byzantins sont crétins, les chinois sont stupides, les turcologues sont pan-turcs!!!",1,1
4340,"SALE ARABE, TU FAIS CHIER",1,1
3156,faut vraiment être un ~~autiste~~ fils de pute pour pas faire preuve d'empathie.,1,1
2917,On va foutre un black en Afrique et on va donner le sida à sa mère !  ,1,1
4046,! yer a chier i suce!!!!!!!!,1,1
3496,"Par ailleurs, c'est une sacré conne, qui ne voit pas plus loin que le bout de son nez.  ",1,1
2736,Je pisse sur notre branleur de ministre du redressement productif qui ne saurait même pas redresser sa bite pour en faire quelque chose de productif.,1,1
2871,J'avoue quel pays de merde avec son peuple de merde et sa mentalité de merde.,1,1
3230,"bonjour l'ENS)  J'aimerais bien qu'on leur colle une sacrée claque, a ces enfoirés.",1,1
3492,Parce que quand on parle du problème on se fait taxer de racistes par des connards comme toi.,1,1
3881,"Pouvez vous dire à cet enfant de putain de salebot qu il me remette les modifications que j ai effectué sur la biographie de Mariah Carey où je lui encule sa race de mangemorts, tout ce que j ai mis était vrai donc qu il aille se faire fourrer par des zèbres si il est pas content, enculé de tes morts bâtard, ta mère je la baise et je l égorge SALEBOT ou plutôt devrais-je dire SALOPE !",1,1
2973,"Je baise ma femme, oh je peux bien me faire un petit tour pendant la levrette.",1,1
4315,je fait des pages touts les jours et touts les jours elle se font niquer alors si vous nous faites la morale arretez de demandez de l argent aux internautes vous faites pitiés bande de charclos  .,1,1
4790,Je te chie dans la bouche.,1,1
2914,C'est pas à moi de me faire chier à ta place pour te faire réfléchir alors que t'en a rien à foutre.     ,1,1
3535,Putain de journaliste de merde qui ne sait pas faire mettre un séparateur décimal en français.,1,1
4595,"On S entend pour dire que on a plein d poils dans la vie , surtout quand je machais le pénis de jean roger, et que je me rammassais avec plein de poils entre les dents",1,1
2810,Tu es d'humeur bien négative aujourd'hui      va te faire enculer  ,1,1
3440,A base de J'encule le cinéma français et de Allez vous faire baiser avec vos films de merde.,1,1
3281,"A les écouter les musulmans ne sont pas des êtres humains mais des insectes ayant une conscience commune et incapable de penser par eux même qui cherchent à détruire la civilisation des blancs, pardon, ""the West"".",1,1
4769,Et alors? T es débile ou quoi?,1,1
3121,Je ne suis pas raciste mais je trouve que les noirs sont des gros cons et qu'ils puent.,1,1
4673,SUUUCE %MA BITE PIERRE VIEILLESCAZES (aime le codebarres ),1,1
3009,"Et ce connard d'Ulcan, mais là je comprends même pas qu'il ne soit rien fait contre cet énorme nuisible...",1,1
2785,"Si ça ne tenait qu'à moi, je mettrai la guillotine direct à tous ceux qui font grève et/ou font arriver leur métro/RER en retard ...  Et peine de mort aussi pour ces putains de mecs qui se suicident sur ma ligne !",1,1
2748,Tu vas te faire carotter toute ta thune donc écoutes pas les gauchiasses sentimentales ici qui ont enterré leurs  couilles ya longtemps sous l'égide féministe.   ,1,1
3545,"Dans le genre, ""ces fils de pute vont venir, j'suis prêts à défourailler ces sales roumains"".",1,1
3016,"Ça a beau être un fils de pute, on doit admettre qu'il avait la classe.",1,1
3724,haha gabychish la vieille pute qui commente le lendemain pour que ça passe inaperçu,1,1
4044,Salebot a annulé votre modification sur SUCE-MOI,1,1
3000,Mélanchon est un connard qui à des idées de gauches uniquement car il à l'impression que ça le grandit.,1,1
3946,"Quelle mouche vous pique, espèce de malotru ?",1,1
3002,"T'y connais rien, sale facho anti-Europe qui vote contre l'Union des peuples.",1,1
2510,"J'ai envie de foutre les têtes de ces putains de parasites de riches et rentiers au bout d'une pique, pour oser nous dire ce qu'il faut faire alors qu'ils n'en branlent pas une.",1,1
3592,"Sarkozy est un putain de voleur doublé d'un arnaqueur, et il mène le parti, yeaah.",1,1
4231,Abolition de cette religion élitiste et misérable !,1,1
4775,tu mérites que des coups de pieds à la tranche sale connard,1,1
4163,Faut arrêter de faire du lèche-cul comme ci-dessus.,1,1
4728,"Tu n es qu un pauvre demeuré, un obsédé de la crrrida !",1,1
3273,"Je vais te putain d'effacer avec une précision telle qu'elle n'a jamais été vue sur terre auparavant, note bien cela.",1,1
4718,bloque moi petite bite !,1,1
3741,"Et aucun fils de pute de journaliste ne viendra demander à ce connard s'il est prêt à crier ""vive l'homosexualité"", hein.",1,1
3482,Si j'avais pu étrangler les enfants de putain qui me sortaient ça à chaque fois que je prenais un rateau...,1,1
4149,VOTRE PUTAIN DE SYSTÈME A MARDE,1,1
2987,"Du coup j'ai le choix entre une connasse haineuse, incompétente et antidémocratique, et un connard arrogant, libéral et antidémocratique.",1,1
3020,"L'Ukraine pas envahi par cette espèce d'enculé KGB, Putin, bien évidement!",1,1
2541,Même les gauchiasses sentimentales sont prêts à subir les pires connasses si y'a une chance de les niquer...,1,1
3807,gros tarba va te fair keni sale niqueur de b i t e s !,1,1
3614,"c'est qu'ils ont décidé de prendre comme mascotte deux bonnes grosses merdes avec un casier judiciaire long comme ma bite, comment vous voulez attirer la sympathie des gens en défendant ce genre d'abrutis ?",1,1
4413,"ni à me pourrir ma page, parce que vous êtes trop obtus/antinucléaire/attardé pour faire les choses vous même",1,1
4196,Mengele je chie sur ton nom et ta mémoire.,1,1
4503,ta mere suce la encule la va te fais tatouer le bite a desoler ten a pas,1,1
3643,"Qu'est ce que tu viens de putain de dire à propos de moi, petite salope?",1,1
4734,"Grosse pindate accariate, dénonciatrice, menteuse récidivite et refoulée.",1,1
2680,"fuck les autochtones, ça serait quand même un sacré emmerdement d'être sympa dans la vie de tous les jours hein.",1,1
4606,"T Q UNE SOUS MERDE, PETITE CACA.",1,1
3708,En même temp garder son calme face à une tete de con comme Philipot faut le faire... avec son petit sourir de mangeur de merde...,1,1
2994,"Écoute et comprend bien ça : on emmerde ta société, on emmerde tes bogoss, on emmerde tes pétasse, on t'emmerde toi et tes gosses chiants.",1,1
4565,"Viens dans ma cave, avec tes chats et une vingtaine de camionneurs vont te gang-bang, tu restera marquée à vie.",1,1
3639,"[Les parisiens valent pas mieux que les provinciaux, tous des cons qui n'ont pas le courage d'aller dans un pays plus civilisé.",1,1
4842,putain j aimerais me la faire cette bonnace lui mettre ma grosse bite dans sa chatte et l entendre crié de jouissance hmmm sa fait rever,1,1
4753,"Vous avez des méthodes de facho de la façon dont vous traitez la page de Stauffer, un homme courageux vraiment, pas comme certains lèche-bottes socialos.",1,1
4270,comment pourrait t-on décrire cet être ignoble et agressive petit nain ridiculement petit et je ne parle pas juste de sa grandeur,1,1
3099,/u/Perry75 est une salope c'est plus court et ça revient au même.,1,1
4028,Sache qu un tel acte peut te valloir la corde enculé et fils de pute que tu es.,1,1
4805,GROS CON PRETENTIEUX PETITE ERAFFLURE DE MERDE DE CHIOTTES DE CHANTIERS,1,1
3146,On tape sur les connards pro palestinien et on laisse tranquille les connards de la LDJ.,1,1
3829,"si vous êtes pas content aller vous faire voir,on essaye de faire les chose bien et on s en prend plein la gueule super la communauté wikipédia de merde",1,1
2557,"Éponge mes couilles de capitaliste sur ton front, fumeur de pétard !",1,1
2888,oui...me faire enculer par des vieux pervers qui se défoulent sur moi parce que bobonne leur laisse pas faire à la maison j'adorerai tellement ça !,1,1
4363,Ca ne change rien au fait qu on fait la prime aux connards ici.,1,1
4533,Votre blog est merdique !,1,1
3848,enculé ta race la pute didier c le patron il te bz allé cuiao fdp,1,1
3775,! CA fait qu on doit mettre toujours MAghreb alors que quand il s agit du MAroc o laisse bien pour eux!!!!Alors J aimeria VRAIMENT VRAIMENT que tu fasse quelque chose et non pas que tu me raconte de la merde ( excuse moi mais je ne sais plus comment faire !),1,1
4399,vous etes des vraisb racailles,1,1
4241,"de lèche cul, allez bannissez moi, j en ai trop marre de vos tetes de con, surtout ordifana!",1,1
2831,"Putain, ces connards de rédacteurs de la Déclaration des Droits de l'Homme et du Citoyen",1,1
4948,bloque moi petite bite !,1,1
3649,"Je suis sûr que la première chose que tu as faite en te réveillant, c'est toucher tes couilles.",1,1
3067,**Ta** tv je m'en tartine le fion d'une force que tu n'es pas capable de comprendre (et ouais ma couille tu me prends pour un con et je te renvois l'ascenseur).,1,1
3325,", les républicains / sénateurs sont des petites putes y a pas de doute.",1,1
3060,"Personnellement j'appelle cela des cons, des incompétents, des grandes gueules, et pour être plus concis : des connards de politiciens.",1,1
4770,Votre blog est merdique !,1,1
3282,"Normalement ces fils de putes ils ont des voies à suivre, au-dessus de la nationale.",1,1
3581,"Non, mais ils sont trop cons les polonais : envahis par les allemands, ""libérés"" par les soviétiques, et maintenant ils sont rancuniers et se tournent vers les américains, les bougres !",1,1
2515,"J'en prend plein la gueule avec Marine la truie, la chatelaine, la nazie.",1,1
3026,"Oui, c'est vrai, mieux vaut fermer sa gueule et continuer à sourire en se faisant enculer à sec.",1,1
4499,"Tcho Ludo Bureau des réclamations   Hein, Mouche à merde ?",1,1
4104,{déblocage|Et ta mère elle te prend pour une conne sale pute ?,1,1
3546,"vous êtes une nuisance qui milite pour la haine  vous êtes comptable du sang juif   Salopard de Ligerian, tu est démasqué !",1,1
3668,"Mais tu ne l'a pas fait, non tu ne l'a pas fait, et maintenant tu en paye le prix, putain d'abruti.",1,1
2608,Les mêmes semanciers sont tout autant des fils de pute quand ils vendent pas des OGMs.,1,1
2558,"ça wow, allez retourne chez ta mère espèce de guignol sans argument",1,1
4234,"arrette tes conneries débloque emelyne2000 ou alors tu sera bloqué et ton pseudo sera fils de pute aussi , je connait sam fisher , il pourait buter n importe qui...",1,1
3140,"Ouais alors le jour où ces gros TROUS DU CUL arrêteront de se faire sucer par la mairie de ma ville en douce, et me proposeront autre chose que du 0.7mbps descendant avec 30% de perte de paquet, on en reparle.",1,1
4465,"Au lieu d écrire de la merde vérifie tes sources comme il se doit, les chauxois sont les habitants de chaux (90330).",1,1
4603,jessica est une grosse pute tres chaude que tous le monde a envie de baize sete,1,1
3075,Putain comment les féminazis elle ont rien à foutre de leur vie bordel  C'est pas nouveau.,1,1
2958,Soral est une petite bite enragée qui aime beaucoup trop la popularité due à ses messages haineux et conspi.,1,1
4997,c t un pd de sa mere il etai hommo sexuel cela a etee prouver par le oubliusss sexuellux je vous enberde et bonne apetit,1,1
4625,T est qu un salopard et tes fils seront des salauds!,1,1
3777,bloque moi petite bite !,1,1
4039,elle ma baisser la bite hier,1,1
3602,ben mon gars je sais pas quoi te dire à part que t'es aussi abruti que les connards qui commettent des atrocités au nom de cette même religion.,1,1
3104,"Son ex, ça a l'air d'être un bon connard, je lui foutrai mon poing sur la tronche si j'étais toi,",1,1
2514,Ou alors sa putain de famille de merde fait l'effort d'accepter son choix à elle et la soutient dans sa décision.,1,1
4834,"L origine de l algeerie c est berber, les arabe n ont jamais un peuple Alegerien, ils faut les detruire.",1,1
3484,"Tu baises les pieds de ton maître, vendu, fasciste !   Ca fera une bière pour moi aussi",1,1
3564,"Je vais te putain d'effacer avec une précision telle qu'elle n'a jamais été vue sur terre auparavant, note bien cela.",1,1
4754,WP est juste stupide.,1,1
4841,"ici c est la censure ,mais pour mettre que marion marechal le pen est une batard ,ca c est contribuer sereinement!!!",1,1
3129,"T'es aussi pourri que le FN mon gars et une écrasante majorité des français pensent que vous êtes juste une bande de ratés qui vit sur le dos de la société, à faire chier le monde avec votre anarchisme politique alors que vous devriez partir creuver dans une forêt pour vivre véritablement votre anarchie si vous aviez un minimum d'honnêteté intellectuelle.",1,1
3916,Salut la pute de Rogel et de SM.,1,1
3202,"Putain, cet air satisfait méprisant de petit bourgeois de merde ...",1,1
3730,Faut vraiment être un sacré débile et un sacré fdp pour commencer à réagir comme ça.,1,1
4398,"Alors toi, tu es vraiment un âne...",1,1
2570,"T'aurais pu te faire les accents pendant que tu y étais, sale feignasse.   ",1,1
3837,y a pas de merguez dans un couscous sale mongole de merde je t apprends pas a faire une choucroute alors apprends pas aux arabes à faire un couscous ou aux espagnols à faire une paella y a pas de merguez point barre.,1,1
3240,D'ailleurs le père de l'enfant mort est une sous merde criminelle qui a mérité de voir son enfant mourir par sa faute,1,1
4981,"Momo Boubentairqui el-Assad, est un philosophe du siecle des Lumières, né en 2040 à Botafogo et oui ce petit enculer est dans le turfu!",1,1
4751,UN SALE ARABE DE MERDE,1,1
4559,Recommence à effacer les discustions et tu as mon poing sur ta gueulle !,1,1
2624,"--------------------------------------------------  Voila ma vision de vos putains de conneries de fachosphère et d'antifa, allez baiser vos femmes au lieu de vous montez le choux entre vous avec votre soif de haine ( ah nan mdr lol c po possib vou ete po dé nazi ) et de lynchage sur la place publique.    ",1,1
4744,"Au hasard de mes pérégrinations sur WP je lis et chacun se reconnaîtra:  Tu es un sacré con ,  Bande de sionistes acharnés ,  petits POV-pushers que vous êtes, vous ,  Merci de nous épargner votre pathos ,  vous êtes pathétique  et bien d autres invectives parfaitement détestables et irrespectueuses.",1,1
3341,Putain mais pourquoi des gros connards de grimpeurs s'incrustent à toutes mes soirées??????,1,1
4362,Vous êtes décidément un âne !,1,1
4635,"Si l année prochaine ils remettent à une actrice un  Gérard de la pute qui baise son producteur pour tourner dans un film, oui oui c est une pute et une traînée  (exemple volontairement   gros  ), tu te sentiras l âme de l ajouter ?",1,1
3294,J'suis pas d'ton clan pas d'ta race Mais j'sais qu'le coup d'pied au cul Que j'file au bourgeois qui passe y vient d'l'école de la rue Et y salit ma godasse,1,1
3323,"Ce qui est mignon, c'est d'imaginer une culture où des homos agressifs seraient la culture dominante et mettraient un doigt dans le cul d'AnonBaguette dans ses soirées, lui enculeraient la bouche sans préliminaire en plan d'un soir, et le traiteraient de prude quand il dirait qu'il est pas à l'aise.",1,1
4731,fils de pute de ta mere la chienne d ou tu dis que j ai mis des idiocis d ou t annule ma modif c est toi l idiot oui petit pd92.139.245.112 (d) 92.139.245.112 (d) 92.139.245.112 (d) 92.139.245.112 (d) 92.139.245.112 (d) 92.139.245.112 (d) 92.139.245.112 (d) 92.139.245.112 (d) 92.139.245.112 (d) 92.139.245.112 (d) 92.139.245.112 (d) 92.139.245.112 (d) 92.139.245.112 (d)  fait pas ton malin petite pute je vais te niker ta race sale connard gros pd va idiot va te faire enculez sale pd —   ,1,1
3157,"Peut-être parce qu'elle ne travaille pas en France et donc qu'il est illégal pour l'état d'imposer un revenu qui n'est pas obtenu sur son territoire?    Mais non désolé c'est vrai, c'est une sale capitaliste corrompue et faut la foutre au bucher /s ...",1,1
3441,Même jeune sa tronche de petit con arriviste me donne des pulsions pas gentilles,1,1
2745,Putain d'enculé de chinois qui sait pas faire la différence entre un FAP et un joint de culasse !,1,1
3514,"Tu peux t'exprimer sans sous-entendre que les modos sont vicieusement surprésents et pourtant largement laxistes et incompétents, et globalement des fdp.    ",1,1
3361,"On est d'accord, fuck les bus, fuck les travaux, fuck la sncf et ses retards de merde!",1,1
4607,en ai rien a faire que tu supprime le compte je vais te dire Une bonne fois pour toute tu sais se qu il te dit DE LA LOMBERTIE je t emmerde et va te faire enkuler,1,1
3664,Les dirigeants Ukrainiens sont des gros cons et il fallait donc choisir entre ceux-là et les Russes.,1,1
2807,"Je vais te putain d'effacer avec une précision telle qu'elle n'a jamais été vue sur terre auparavant, note bien cela.",1,1
2550,Et je parle même pas des roms de merde qui essayent de piquer ma thune au distributeur ou dans le métro.,1,1
4367,"Mais pour un ectoplasme patenté de ton acabit,puceau du premier degré,profite de ton petit pouvoir de censure ,tu fais pitié pauvre sac a merde.",1,1
2782,"Tous de vous êtes gras, attardé, non-vies qui dépensent toute seconde de leur journée regardant à stupides cul images.",1,1
3406,"j'te nique ta mère, donc c'est ta mère qui est menacée  Quel brillant intellect.",1,1
3358,Ça reste une religion débile qui célèbre un chef guerrier violeur et pédophile...,1,1
3571,Ça a toujours été un connard ordurier qui passe son temps a faire connaitre en vociférant son indignation gauchiste.  ,1,1
4693,"t es tout pourris dans ta t^te, de plus tu continue à me harceler.",1,1
3408,"Je vais t'exterminer ta race avec une précision telle qui n'aura jamais été observée sur Terre, retiens bien ça.",1,1
2683,C'est beau de voir qu'il existe encore des connards comme toi aujourd'hui ... (et là c'est une insulte ;) ),1,1
3264,"En tant qu'étudiant en droit, je crois qu'elle a appris sur les bancs de sa fac à déstabiliser ses adversaires avec ses petits sourires et ses petits froncements de sourcils de MERDE de grosse PUTE",1,1
4062,Sur ce je te souhaite de bien te remettre en question espèce d individualiste misogyne et égoiste.,1,1
3025,Je vais chier du chouchen sur ta tronche et tu vas te noyer dedans.,1,1
3952,Tu ne peux imaginer comme j ai exercé mes bras à fracasser ta gueule sur le sol.,1,1
4966,"Izwalito est un vandale et on devrait l incinérer, on ne court aucun risque vu qu il à dajà été l objet d abus de pouvoir sans que ça ne touche personne, allons cherche le bidon d essance et les allumettes.",1,1
3590,"La France est la pute du Qatar et de l'Arabie Saoudite, et il y'a encore relativement peu, elle faisait le tapin pour tous les tyrans d'Afrique de l'Ouest.",1,1
3031,"Celle qui poste ça serait pas un peu, mais alors juste un peu, une grosse raciste de merde  ?",1,1
4955,"comme ce peuple qui veut ce monde, celui qui gère les ondes, si tu causes de ces bâtards tu tombes  Chanson Normal Mais aussi les paroles homophobes  Je crois qu’il est grand temps que les pédés périssent, coupe leur le pénis, laisse les morts, retrouvés sur le périphérique  Chanson On t a humilié  Il y a à mon goût beaucoup trop de gays  Chanson Oeil de verre  on dit quoi gouvernés par des gays ?  ",1,1
3040,"bobos gauchiasses de merde, mon pote va crier allah akbar avant de déclencher la détonation dans son cul.   ",1,1
3529,Ils avaient même utilisé des utilisateurs décédés ces fils de putes.,1,1
3018,"ta yeule  edit: sérieux, ta yueule, je ne suis pas en classe de physique ici, je les ai fait mes devoirs, c'est un forum public, il est dimanche soir et je vais aller m'ouvrir une bière, sérieux, ta criss de gueule d'arrogant de marde!",1,1
4692,J sais pas mais vous voler pleins de trucs au autres sans scrupule et vous racontez votre vie de merde sur Wikipédia.,1,1
3019,Tous les arabes sont des voleurs = les chinois mangent du chien = les noirs sont des feignasses = raciste  rebeu = renoi = babtou = feuj,1,1
3220,"Laisse, c'est un gros facho qui mouille dans sa culotte dès que le sujet de l'Islam est abordé.",1,1
3675,Est-ce que les connards de l'UMP vont arreter de les accuser d'etre une officine du PS maintenant qu'ils ont bien emmerde les connards du PS en allumant Cahuzac?,1,1
4136,"Un bon coup de pied au cul ne peux pas lui faire de mal non plus, surtout venant d une anarchiste évoluant dans les milieux de l antifascisme .",1,1
3027,"Il est presque 18h, je sors bientôt du taf... Laisse moi shitposter en paix sale facho/gaucho!",1,1
3978,"Il me laisse froid, c est un pauvre mec minable complèteent paumé.",1,1
4403,QUE TU ES UN TROU DU CUL ET QU DEVRAIT,1,1
2773, sont des gros porcs  tous chier leur sal chiens  envi de leur etaler sur le visage  des putains de parasites ces gens la  etre un gogol pour avoir un chien en ville  **j'serais sarkozy**  Vous upvotez ça sérieusement ?,1,1
4777,(allez ta gueule connard!) !,1,1
3572,Réfugié = pute = illégal = rentrez chez vous faire vos cochonneries,1,1
3287,"soit tu aimes te faire enculer, soit tu crois encore au père noël",1,1
2673,Vu comment tu passes ton temps à aller fouiner chez les autres comme le tocard sans vie que tu es.  Des comme toi on en butera par centaines à la libération.,1,1
4889,"Tu veux un exemple, voila la première page du site    rien de mieux sous la main comme prophète que Mahomerde l ordure, un dieu tellement sous-merde que son chef d œuvre est un navet, un ramassis d insanités juste bon à se torcher le cul, écrit pour des dégénérés, et des détraqués sexuels, mode d emploi pour terroristes, pédophiles et désaxés en tout genre.",1,1
2674,"C'est de la merde Bordeaux, ville de coincés du cul, viens à Toulouse!",1,1
4733,"On ne sait peut-être pas utiliser un ordi aussi mal que toi, mais on peut t interdire d écrire des âneries si tu persistes.",1,1
3437,"Je ne suis pas une lesbienne, moi, je voudrais qu'il me baise comme une brute, qu'il me fasse mal, merde, qu'il me déchire.",1,1
3999,"Espèce de sale pédé de ta race, t es une raclure de chiottes qui pue du cul, j aurais aimé t exploser la tête juste un peu avant d oublier.",1,1
3824,t es un gros gland tout mou avec le cerveau d un poulet tes CU tu te les colle,1,1
3414,"Faut dire que ça faisait déjà quelques minutes qu'il se disait qu'il irait bien lui niquer son plan, à ce connard.",1,1
3241,"Je vomis les représentations de merde de cette sous-culture de merde, mais s'imaginer que c'est une machine de propagande au service de patriarcat est une débilité sans nom.",1,1
3635,"Vous vous nous imposez de respirer votre merde, ça donne des envies de meurtre, sans deconner...",1,1
4975,"VA TE FAIRE ENCULER, ça t’aérera le seul neurone encore actif chez toi qui pense comme un TROU DU CUL.",1,1
4786,Votre blog est merdique !,1,1
4679,"Apprenez à lire avant de supprimer, et je n ai pas que ça à faire, démerdez vous avec votre site de merde",1,1
2824,"Ou t'es juste trop con (identitaire, action française j'imagine ?",1,1
3131,ce sont les gros fils de putes de merde qui bas votent sur le Mal Parler.,1,1
4956,"TU N ES QU UN CONNARD, UN SALAUD, UN MERDEUX, UN CRÉTIN, UN IDIO|, UN IMBÉCILE, UNE BOUSE DE VACHE, UN PUTAIN DE VEILLARD !",1,1
3235,ton héros personnel c'est un connard sans talent    tes derniers vacances,1,1
3755,et toi tu t obstine a remettre cet article nul a chier remplis d erreurs et qui lui s apparente a du vandalisme!,1,1
3299,"Toi, là, le fils bâtard de chien de putain vérolée à la marmelade de cyprine rance, le mélanchoniste de mes couilles qui habite à Paris avec l'argent que tu mendies à tes vieux tous les week-ends, parce que c'est tellement chic de pouvoir se la péter genre tu vas tous les soirs à des expos d'art contemporain que t'as jamais rien compris, quand en fait tu passes ton mercredi soir à te branler sur les photos porno de l'antifa à dreads qui montre sa shnek pour montrer qu'elle est trop libre.",1,1
3773,"Donc voilà, je balance en PaS ta cat débile.",1,1
4566,C est à se tirer une balle dans la tête.,1,1
4328,Mais un jour où l autre ta condition masculine fera qu il te faudra envisager une greffe de poils de cul sur la tête,1,1
4540,"T est qu un sale connard de juif, fils de pute!",1,1
4391,LE MONDE T EMMERDE !,1,1
4453,"Ecoutes bien gros blaireau, c est pas parce que 300 guignol dans ton genre ce croit plus malin que les autres que t es intelligent.",1,1
3178,"Merde à ces connards de dépolitisés, ces autres parasites qui gobent tout ce qu'on leur raconte et qui sortent la carte ""ça suffit le politiquement correct"" pour tout et n'importe quoi, à commencer par des idées racistes.",1,1
3382,"Non mais elle est juste conne, je pense qu'elle fait pas exprès d'être comme ça",1,1
3071,Y'avait même un débile en bagnole qui hurlait dans un entonnoir... j'ai hésité à descendre pour lui fourrer dans le rectum.,1,1
3870,DE CONNARD imagine que ta bicoque se trouve à trente kilomètres du point d impact d une bombe H. Tu crois vraiment que savoir s il te reste trente secondes ou trente milli-secondes à vivre va permettre de déterminer l énergie libérée par le joli champignon que tu n auras même pas l opportunité d apercevoir par la fenêtre de tes chiottes ?,1,1
4360,"Je sais que ça peut être très amusant de donner raison au petit con qui vient faire chier le gars qui a écrit la quasi-intégralité de l article, petit con dont les 3/4 des contributions ont un commentaire qui commence par  suppression de , mais je ne suis PAS",1,1
4677,"ça fait des semaines que j ai bossé sur l article, le débat est clos pour toi, car y a que toi qui fait chier (soyons clairs) sur cet article avec ton francisé à la con qui n existe nulle part sauf sur francefootball.fr, les français beaufs de ton genre me cassent les burnes (tu m agresses, je fais de même), tant que tu écriras des conneries et qu en plus, tu effaceras des sources et le travail des autres (ici moi), je ferais comme toi et j effacerais tes conneries.",1,1
3918,bandes de crétins d auditteurs qui ne veut pas enculé zahia,1,1
3094,"""  Déjà fils de pute, je fais plus de sport en 1 semaine que toi toute l'année avec ta salope de femme, tes remarques à la con tu peux te les garder au cul.  Mais après, j'ai compris.",1,1
3021,"^Je ^vais ^te ^chier ^dessus ^jusqu'à ^ce ^que ^tu ^te ^noies ^dedans. ^T'es ^putain ^de ^mort, ^gamin.",1,1
3856,"Mais sérieux, sort un peu, confronte toi au monde, ça t évitera de jouer ta vierge effarouchée quand on t asticote un peu.",1,1
2794,"Comme par exemple, être un gros branleur d'assisté profitant du système, on a bien compris que c'est ton idéal.",1,1
4235,elle aime les facial si vous voulez lui enfoncer votre kiki dans l oreille Elle aime les zizi frais Appeler ce numéro ci-dessous: 07.77.78.14.16,1,1
4037,"T es qu,une salope!",1,1
3445,"Non mais les nanas qui font ça sont des connasses mal élevées,  c'est tout.",1,1
3763,"Ne t inquiete pas, un jour je serais devant toi, et ce jour, y aura personne qui m empechera de te crever.",1,1
2896,"Non seulement je suis entraîné de façon extensive au combat sans armes, mais j'ai en plus accès a un arsenal entier provenant du corps d'armée de la marine française et je vais l'utiliser en entier pour effacer ton cul misérable de la face de ce continent, espèce de petite merde.",1,1
4127,Tes qune grosse pétasse de merde toi pi ton bot tu me fait chiez!,1,1
4378,"Juste un mot: je suis un ancien du 1er et 11ème choc et, ainsi que mes amis, nous vous emmerdons très profondément.",1,1
4496,Ou alors il est complétement débile !,1,1
3532,"Je trouve en particulier que Barroso est un gros con (et oui, vous êtes en bonne compagnie!) et je suis impatient de voir partir cet incompétent.",1,1
3135,T'es vraiment un gros connard d'insulter ainsi les modos juste parce qu'ils nous empêchent de nous insulter.,1,1
4586,"Alors t aime ca suprimmay ce ke jay fait, va chiay, j baysie la politesse et ta femme (bien que je doute que tu en ai une).",1,1
2969,m’appelle merlin et sache que t'es un sale fils de p. de chier sur mon prénom pour le plaisir.,1,1
2744,S'ils me font chier je leur dirai de bien aller manger leurs mère à ces fils de putes vierges.,1,1
4059,"Vous m énervez...Vos procédés, franchement...J en ai vraiment marre de votre connerie, de votre obscurantisme, de votre obstination.",1,1
3043,"nan les polonais c'est parceque c'est la race slave, une sous race inférieur de merde qui mérite de na jamais faire plus que récurer les chiotte.",1,1
4794,l encyclopédie par l anal.,1,1
2906,"Le mec qui tente de nous vendre son caca benzo je lui défèque dans la bouche parce que pour vouloir rendre accro (Oui accro, et il en faut peu)  des gens à cette merde faut vraiment être pire qu'un nazi.    ",1,1
2936,"La musique nègre continuera à infester notre pays :'(   Reviens Henry, et délivre-nous des congoïdes !  (Est-ce que le mec aurait eu même 1% des votes, sérieux ?",1,1
2959,"Et puis a la reflexion, elles n'ont peut-etre pas tort les poufiasses des magazines feminins, tant qu'a se faire enculer, autant que ce soit par quelqu'",1,1
3257,"C'est de la joue de porc, y a que les gros bâtards d'infidèles qui peuvent en bouffer.",1,1
3115,"Ces fils de pute sont souvent des connards, bon je raconte de la merde on va voir si ça a marché ce soir.   ",1,1
2667,"ça me casse les couilles, t'es soit clairement de mauvaise foi, soit un abruti.",1,1
4817,Mais vous êtes trop niais et bêtes;  français  quoi!,1,1
4964,"Eh toi, la pute, t as intérêt de fermer ta geule, sinon je t encule avec mon godemichet que tu dises     Oh ouui, oh oui!",1,1
4670,"Mesurer un QI donne un niveau d éducation, ça ne prouve rien de biologique, couillon (ça c est pour accomplir ta prophétie).",1,1
2584,"J'en ai ras le cul également de ces fils de pute qui prennent de haut les gens qui ne vivent pas dans le même cadre qu'eux, dans leur grosse ville bétonné de partout.",1,1
4623,ET ELLE ME SUCE.,1,1
4140,"mon petit fouteur de merde, mon petit bisexuelle malade, svp arrette de me pourir le temps, CE NEST PAS DU SPAM CEST DE LINFORMATION ET NOUS SOMMES PLUSIEURS",1,1
3690,"Anyway, c'est une grosse conne complètement réac', j'ai aucun soucis à le dire.",1,1
4368,"allez, va, bloque moi p tite, que je soit plus tenter de te repondre, j en perd trop de temps, tiens!!!!a putain, on l a pas volé notre fin du monde, saloperie d idiocracye!!",1,1
4843,"Ah le bougre de saloupio en plus du ratafia scandinave, il planquait du Cabernet chilien !",1,1
2927,"je peux confirmer que c'est le cas  Source : je suis français, connard",1,1
2883,"MDR    Mon gars fuck l'islam comme toute les religions, c'est un poison insidieux qui s'infiltre partout où il peut.",1,1
4064,"Vas te faire enculer connard l aération des voies aériennes inférieures consécutives à cette enculade t apportera sans doute l oxygène nécessaire au développement des neurones de ton anus, toi qui pense comme un trou du cul !!!",1,1
4774,je te vois je te penetre bien tes bonne pour une pute de 15 pige,1,1
4414,Votre chien je le prends par derriere(Ouech Tavu) slurp slurp dis a ta femme de me ramener mon slip au fait!je l ait oublié chez toi Salebot(Oueech Taavu?!,1,1
4998,"Tu es vraiment un grand malade, tu as décidé de me pourrir la vie.",1,1
4746,"Sale mytho, à quoi ça sert d effacer une personne qui mérite sa place dans Wikipédia et le remplacer par son propre nom ?",1,1
3796,"Je te hais menteuse, inutile de me dire bonjour, je ne réponds pas aux collabos.",1,1
3948,MORT À THÉOLIANE ET A DOCTEUR COSMOS.,1,1
4556,"Vous n avez aucune autorité, vous n avez été jusqu ici que serpillière de quelques fachoïdes crépusculaires.",1,1
4018,"Bonjour un certain Utilisateur:Waltery s amuse à jouer au con (dans Groupe sanguin, par exemple.",1,1
4678,salut petite pédale si tu ne veux pas que je foute la merde sur ce site tu débloque mon ip tt de suite sale petite lesbienne,1,1
4033,Mered khunem je suis Sulandav je suis de retour et je te tuerai ton corps giclera dans une mare de sang et je dessinerai une croix gammée sur tes parties mutilées.,1,1
4238,retourne dans le ventre de ta chienne de mère.,1,1
3352,Cette même grosse pute qui vient ensuite pleurer parce qu'elle voudrait être considérée comme étant également une victime.  Parles-tu de la mère de Bilal Hafdi ?,1,1
2821,"Eddy-la-tarlouze qu'on l'appelle, haha rien que d'y penser j'en rigole tiens, qu'est-ce qu'il peut être con celui là.",1,1
2588,Les sociaux-democrates sont des couilles molles qui regardent les communistes et les fachos s'engueuler.,1,1
2577,Bien fait pour elle la salope de communiste qui refuse de se faire aggresser.,1,1
2698,"Les grecs sont des blaireaux incompétents, GS des rapaces, jusqu'à preuve du contraire rien d'illégal.",1,1
4004,"Je suis Kalope, je suis un vandale (j emmerde Salebot), et mon mot de passe est: azerty.",1,1
4316,T as besoin d aller de pleindre aux  administrateurs  pour me mettre un avertissement sans savoir si je fais du vandalisme pur et simple trou d balle!???,1,1
4819,"Les deux blaireaux, artistes frustrés que vous êtes, je vous ai démasqués depuis un moment, mais maintenant j ai les preuves...",1,1
3603,"Et en plus ces connards de lardons ne rendent pas beaucoup de graisse, saloperie !!",1,1
4352,tu n es qu un pauvre petit sous homme en manque de reconnaissance et tu crois qu écrire sur wiki,1,1
4541,Allez vous faire tous enculer bande de batards de merde!,1,1
3283,"Non seulement je suis entraîné de façon extensive au combat sans armes, mais j'ai en plus accès a un arsenal entier provenant du corps d'armée de la marine française et je vais l'utiliser en entier pour effacer ton cul misérable de la face de ce continent, espèce de petite merde.",1,1
4272,"Quelle est le pauv con qui a proteger la page,ont peut rien rajouter,e ntous cas celui qui a proteger si il est devant moi",1,1
4690,Tes récentes  contributions  scopher et scorpher me donnent cette impression étrange de fouteur de merde!,1,1
2975,boum merci à cette connasse de montrer à quel point les occidentaux sont des cons.,1,1
2655,"C'est juste oublier que l'enculé est esclave de la bite puisqu'une fois qu'il en a pris l'habitude, il ne peut plus s'en passer !",1,1
4497,Tu es là pour faire chier le monde.,1,1
4322,je vais donc t aider à y venir Lgd et Moez sucent suprememangaka et avalent 89.83.157.226 (d),1,1
2970,J'irais voter LePen pour faire la bite à tous ces libéraux qui se croient supérieurs alors qu'ils sont qu'une bande de moutons qui bêlent pour se faire tondre.,1,1
3221,Je me demande si les memes antifa seraient aussi nonchalants a manifester avec ces fils de putes?  ,1,1
4962,Perso (et heureusement que je ne suis pas admin) je me mettrai indéf car des fouteurs de merde comme moi n ont qu à aller se faire foutre.,1,1
4916,", les salops pasque wiki cest que du con !!!",1,1
3319,"Sauf la Goutte d'or, eux ils peuvent bien aller se faire enculer.",1,1
3199,"Ce gros connard ne se fait pas traiter, et c'est pour ca qu'il contamine.",1,1
4740,bloque moi petite bite !,1,1
4291,Votre blog est merdique !,1,1
4023,Demande de ta crucifixion immédiate en cours !,1,1
2610,"Et encore  Le négrillon clochardisé, réduit en esclave par ses maîtres chrétins habillés en soutane c'est toi et toute ta race de chrétins dégénérés.",1,1
4901,Sieg Heil jeunes nazillons prépubères !,1,1
2882,Toi t'es le genre de mec qui compte la branlette si on te demande si t'as baisé récemment...,1,1
4619,Étape 3:Rentrer morceau par morceau les bouts d ordinateur dans votre cul.,1,1
3574,"La meilleur chose à faire c'est de hausser les épaules, et parfois leur foutre le nez dans leur merde ( comme leur rappeler certains faits historiques qu'ils renient ou modifient à leur guise)",1,1
4326,Fils de pute PK ta suprimmé,1,1
2953,"Je te ferais disparaitre de cette putain de planète avec une précision jamais-vue auparavant, souviens-toi de mes putains de paroles.",1,1
2865,Ma collègue est une homophobe de merde et le cpe du lycée un raciste.,1,1
4138,"Ou si tu veux, on se voit, tu me fais une fellation nature et j arrête de harceler LA SECTE WIKI.",1,1
4685,", c est pas vrai , j hallucine , moi qui croyait avoir affaire à des prix Nobel , je me retrouve face à une bande de cochons qui ont un sérieux problème avec leur cul !",1,1
4158,VOUS FEREZ MOI LES BO BANDES DE NO LIFES DE MERDES,1,1
4651,PETIT ENCLER DE BATARD DE MERDE,1,1
2505,"J'vous jure vous les modos, vous me dégoûtez à sucer tous la queue de l'autre bubon suintant qu'est Macron.",1,1
3756,jte pisse sur le front jte chie sur la nation on ta pri en flagrant delit au lit avec un sextoys et un peu de mon sperm en guise de pastis nan,1,1
2741,"Elle balances des horreurs alors oui ya plutot interet a sourcer...  Elle est pute, elle sait de quoi elle parle quand elle parle des putes.",1,1
2986,"Mais tu pouvais pas, tu l'as pas fait, et maintenant t'en payes le prix, petit con.",1,1
4860,"Allez vous faire enculer sale fasciste analphabète, si Nintendo décide que le Gamecube est masculin, il est masculin.",1,1
4789,"lulz, on the 10th picture, its says fuck police.",1,1
3631,C'est surtout que t'es visiblement trop idiot pour voir que la merde que tu lis est totalement orientée.,1,1
4407,"Mais merci de confirmer que tu n es venu ici que pour prendre plaisir à m emmerder, Cosmos.",1,1
3731,"et Clinton, connasse corrompu candidate parfaite de l'établishment et de la mauvaise foi;",1,1
3510,Je te conchie et j'espère que tu mourra sans jamais connaitre le bonheur.,1,1
4650,continue en live rc petit puceau de censeur j ai ce qu il faut en retour car en ce moment je dors aussi gloire aux martyrs 1954,1,1
2715,Mère nature est une salope qui se soucie fort peu de ses enfants.  ,1,1
2764,"Je pense que c'est un bon début, mais qu'on fera enfin de vrais progrès quand on caillassera aussi les femmes enceintes, les vieux, les handicapés, et tant qu'on y est ce fils de pute frontiste d'abbé Pierre même s'il est mort.",1,1
4237,Si vous êtes vexé par l adhérence de ce joueur au club africain allez vous suicider au lieu de jouer comme des petits gamins sur WikipédiaDolkano (discuter),1,1
3258,C'est parce qu'ils vivaient dans un pays de gros cons et de fachos que les migrants sont arrivés à Calais Nous n'avons malheureusement pas le monopole des fachos ni des gros cons,1,1
4261,enfin bref c le trou du cul qui a selectionne des nanards comme porteur du maillot de l equipe de france quelle honte,1,1
4229,"TON CHRIST QUI, LASSÉ DE BAISER",1,1
4385,TA RACE TA MERE EST UNE CHIENNE QUI TE SUCE,1,1
3822,je voulais dire que vous éte un vrai PD pire que BEN!,1,1
4288,"Je pense que tu devrais te faire pendre, mon gars.",1,1
2805,"les noirs sont les vrais racistes, les femmes étouffent les hommes",1,1
3023,Allez crever avec vos conseil à la con qui font que culpabiliser.   ,1,1
4480,Votre blog est merdique !,1,1
3357,"Cette BD dépeint la vie du quotidient pour tlm, mais les étrons féministes feignasses trouvent ça scandaleux et veulent qu'on les paie rien que pour bouger leur cul du fauteuil.",1,1
3151,"Qu'est ce que tu viens de putain de dire à propos de moi, petite salope?",1,1
3698,"Ce putain de torchon ramasse-merde je supporte plus, surtout depuis que le rédac chef nous a démontré ici même qu'il abordait la critique comme un gamin de 10 ans.",1,1
4324,Lomita suis sur que tu reverai de te prendre la queue de Jake Steed dans le cul avoues c est pour ca que tu t es protégé,1,1
2508,"t es idiot ou quoi,fait juste des recherches ,avec internet t as même pas besoin de trainer ton cul hors de chez toi...",1,1
3302,"Hey, je sais que ton père t'a fini à la pisse parce que ta sœur lui avait mordu la couille gauche, mais merde, c'est pas bien compliqué, c'est marqué dans le titre : on parle mal de la musique.",1,1
3524,"Entendre ça de la part d'un crypto-fasciste comme toi, tu me flattes.   Des petits cons comme toi, j'en ai fini plus d'un à la Doc Martens.",1,1
2872,"Tout ces gros cons que le système français à financé, nourris et protéger (ceux de l'article) et qui maintenant disent à tout crin que le pays c'est de la merde.",1,1
2740,"Ouais quel gros connard, son selfie a clairement fait chié la planète entière.",1,1
4914,"Va bien te faire foutre gros zoubard de merde, t a pas de vie pour supprimer des messages sur la page de MARIE",1,1
4437,QUE DE LA GUEULE EN DÉFINITIF ZÈT DES TAPETTES...,1,1
4815,Un bon gros suce bien comme il faut.,1,1
3679,Putain j'en ai rien à foutre en fait des musulmans tu vois...s'ils supportent pas le saucisson c'est leur problème.,1,1
3101,"Pendant 6 mois sans s'arrêter, c'étaient des posts sur ces enfoirés de migrants.",1,1
4838,Mais es tu capable de venir devant moi et de prendre le risque de t en prendre une dans ta sale gueule de petit branleur.,1,1
3175,"Non seulement je suis extrêmement entraîné dans le combat à mains nues, mais j'ai accès à tout l'armement de l'Armée de l'Eau et je vais l'utiliser à son maximum pour faire disparaître ta misérable tronche du continent entier, petite merde.",1,1
3830,"encule de ta famille que je sodomise a sec viens nous voir vers paris on vas s occuper de ta face de pedophile ,j ai une envie de te crever a petit feu tas de merde et soit sur enfant de pute que je te regarderai creve quand je t aurai loge dans ton corps d ordure quelques balles places judicieusement vient fait moi plaisir que je fasse un carton sur toi tu n est qu un sous developpe termine a l urine ceci s adresse a cette pedale de simon casas dit dechet de l humanite tu verra nous dans le sud de naple on prend tout son temps pour flinguer un inutile",1,1
4931,"Franchement, si l on analyse sereinement votre commentaire, aucun doute vous êtes un imbécile.",1,1
4577,se sa pd de sa mere de fils de put de battard de sa petite bite ke sa chate ou sa moule ki sens le putois de la grosse mere a mikael etienne de sa sala guelle de merde comme la superstar du catch carlito,1,1
4850,Vous êtes un inculte et vous ne vous en rendez pas compte.,1,1
3621,Ben on nous gonfle a longueur de journee sur ces connards de francais qui s'engagent dans l'EI...,1,1
3356,"avec autant d'électeurs qui aiment se faire enculer à sec, ils ont raison de continuer...",1,1
3693,Chaine de merde entretenue par un abruti qui non content de faire de la pub pour des gadgets attrape couillons a apparemment séché la physique au collège,1,1
4002,"Sale con, c estpeut",1,1
3658,C'est pas possible tout le monde sait que les Français c'est que des tapettes hein en plus un anglo-saxon ne tombera jamais derrière un de ces singes bouffeurs de fromage hein,1,1
3802,"Moi je voulais juste dire qu Alexis Cauzero à une petite bite voila tout, bonne journée messieurs",1,1
4452,", tu finiras en enfer avec moi (avec pour sanction de corriger indéfiniment mes mauvaises redirections wikipédiennes... )",1,1
2536,"Oui, mais ça n'excuse pas le(s) gros enculé(s) de merde qui en profite(nt)  C'est sûr.",1,1
3190,Han sont vraiment des enculés: un truc déconne et ils barrent en laissant les autres se démerder.,1,1
4108,"vous les francai vous etes trop con wllh sa msoulle retournez mangeer votre fromage de fdp et vaux baguette (de harry potter ptdrrrrrr) et sucé mon zob pd pd pd pd jenkul les blanc et les arabe ainsi que macron et le gouvernement avan jan marie le peine il eté bien mais m1tenan il ai trop méchant est rassisste wllh que vichnou et alla nous sove amen, gro enculé",1,1
4965,", vous comprendriez que l’insulte vient de DR brains, de vos allusions foireuses (certains commentaires se passent de commentaire) et c’est vous qui passez pour des imbéciles et des crétins sectaires… Je me fiche totalement d’être pris au sérieux par des comiques dans votre genre !",1,1
3654,Parce que les gens sont des cons et qu'ils méritent qu'on leur foute le nez dedans.,1,1
2615,"Faut vraiment pas avoir de couilles, être une sous merde, une vieille raclure de bidet, un connard fini à la pisse.",1,1
4349,tu a surprime ma réponsea ce foude pam il a un blocage ce qui montre bien que ce mec est dérager et toi tu devair pas modo vue que tu parle p pas IP est de mauve fois je voit que tu arrachement sur les autres ip je quémande tu virée de job car on palre pas avec un mecdemauver fois comme toi je vair faire une procéder contre toi mais vous protgre toujour car vous été une mafie et bonne annes,1,1
3163,Je te laisse te masturber le cerveau avec ta curiosité intellectuelle.,1,1
3888,"Et surtout, brûlons son corps pour que ses salauds de partisans n en fassent pas des reliques !!!",1,1
4090,", je l’encule sa grand-mère... J’ai baisé la France jusqu’à l’agonie...",1,1
2985,"Hanouna c'est le néo libéralisme  Petite pute de Bolloré d'un coté, abrutisseur en chef de l'autre.   ",1,1
4932,a supprimer tout ce que j ai modifier la con de ta race qu est ce que t y comprends toi aux bus de nice lyonnais de merde chupa!,1,1
3469,"Ca veut parler de bite à longueur de journée, tel mère tel fils, un digne français en perspective, ne sois pas dég je ressens en toi une tristesse profonde, profonde à l'image de ma teub dans la shnek et la gorge de ta soeur.",1,1
4986,"A l intention de Lomichèvre Fichier:Saanenziege.jpg coucou sale pute, t as vu ta copine t appelle alors lève ton gros cul et va la retrouver, espèce d ordure.",1,1
4183,jvous aime pa la face!!!ps je rigole pas (bande de sale paire de bobette constipé.,1,1
4695,Josido est un vrai con on devrais le mettre à la porte il enmerde tout le monde.,1,1
3354,"C'est le moment où je fais mon pédant pédestre, et je dis que ce film est une grosse bouse et que Beigbeder est une raclure de merde.",1,1
4013,"Suce boules, mange crottes, retourne en vacance dans ton pays sale nègre, sale juif.",1,1
4042,"S il te faut un sous-cul, ya Bolgheri (DOC)‎‎ qui devrait aller.",1,1
3395,Mais nan connard c est juste une mauvaise compréhension de reddit je pensais que l auteur était modo du post...apres le con il t encule au risque de faire pédé...,1,1
4000,j vai te clash devant tout le monde tes tellement ke tu pue les putois perne peur de twa sall con tes trop con au point ke les fille te barbe ta mere yes 4x4,1,1
4446,LA BITE EN LIVE SUR YOUPORN,1,1
4756,toutes mes salutations les plus distinguee a la pute.,1,1
3274,"Si j'avais un marteau...   J'terroriserais le jour    J'exploserais la nuit   J'y mettrais tout mon TATP   Je bâtirais un califat   Sans tous ces infidèles  Et j'exploserais ton père   Ta mère, tes frères et tes soeurs   Hohooo, Ca serait le bonheur",1,1
4290,"Fille de Pute, Je t emmerde va te faire enculer, petasse",1,1
4096,DANS LES CULS DE LEURS MÈRES SCHIZOPHRÈNES,1,1
2743,"OP est un sale nazi qui se masturbe devant les posters d'Hitler en regrettant les zeureslesplussombres, tout en tuant des oursons et violant des féministes.",1,1
4119,bloque moi petite bite !,1,1
4636,"Vous, les administrateurs de Wikipédia, creverez dans votre stupidité, tués par les memes armes que vous utilisez vous meme au nom de la démocratie, bande de rats soumis!",1,1
3165,"Ouais, OP est un sac à foutre ultra-politisé incapable de second degré.",1,1
2966,"Non mais ne cherche pas, Macron c'est un gros connard, qui sort direct de l'elite, et qui ni connait rien a la vie.",1,1
3073,"Cet OP m'a l'air d'un sacré enculé de fils de pute d'hypocrite …  Je dis ça en tout bien tout honneur, bien sûr./s Ce serait idiot de faire le jeu du FN.",1,1
3629,Obama est un singe * Fabius n'est qu'un sale sioniste * Duflot est une femelle  * Lepen est une facho  * Mélenchon il admire Staline * Les féministes sont toutes des putes malbaisées * Juppé est un vieux con   *,1,1
3930,Nicolas rai t juste un tabarnack de guai et suce ma queu mon osti de laibroute ma rai mon caliss fait toi enculé criss de souillé,1,1
4249,"De plus,  vos mères la pute  n est pas correct, il aurait été préférable de faire l accord.",1,1
3124,"Tkt gros, pas besoin d'histoires pour que littéralement tout le monde comprenne que t'es une grosse baltringue",1,1
4219,Tu n est qu un pure tas de merde Menal.,1,1
2724,"Sort de ton trou, couteau entre les dents, fier comme un gorille, regarde ces enculés de fachos dans les yeux et arrache leurs jugulaires.",1,1
4228,"je foutre tu, tu  nguyen  minion malefice du MORTAL KOBAT malefice et magique",1,1
4070,tas gueulle cest de l or tu senscure la plus grosse decourte du siecle tu te croi riche maintenant mais tout le monde la cette or et cest moi qui lai offert au monde,1,1
3332,"Autant Hanouna j'aime pas son emission, autant Guillon c'est vraiment l'un des pires trous de balle donneur de leçons du PAF, je lui roulerais volontiers sur la gueule avec ma bagnole.  ",1,1
4356,Votre blog est merdique !,1,1
4220,ntm ntp va te faire encule ta rase sale,1,1
3512,"je trouve qu'il peut bien aller se faire enculer, c'est un sale rat qui va oser défendre l'indéfendable et lui trouver des excuses face aux familles des victimes.",1,1
2793,Ça veux dire que vous êtes pas prêts de plus m'entendre ouvrir ma grande gueule de dégénéré gauchiasse staliniste avant un bon moment.,1,1
3228,"Putain quelle bande de couilles molles incapables de faire appliquer la loi dans leur pays, tout ça pour pas froisser les électeurs écolos avant la présidentielle, ça tapine à mort au PS.",1,1
3177,Je vais chier de la fureur sur ta tronche et tu vas te noyer dedans.,1,1
4325,"boujour a tous, je baise vos mere et vos sœur c plus partique",1,1
4359,Et depuis ce jour je rêve de massacrer tous les pronucléaires comme toi (humour).Enr-v,1,1
2984,"""   En d'autres termes : ""vous êtes tellement cons qu'on va encore passer la journée à modérer les commentaires.",1,1
3905,Hillary Clinton est un nigger putain!,1,1
3544,"Allez maintenant sucez vous la bite, c'est la dernière étape qu'il vous reste.",1,1
3239,"Sale enfoiré, on devrait contrôler tout ce que tu fais parce que tu vis avec l'argent du contribuable et tu es sensé être à son service ducon.",1,1
2593,ces salopards d'immigrants romains et francs les ont malheureusement remplacé grâce à la grande conspiration hellenistico-maçonnique !,1,1
2533,Typiquement le genre de connasse maniaque qui se lève à 7h un dimanche pour faire le ménage,1,1
3672,"Espèce de traitre à la Nation, il faudrait rétablir la guillotine pour les gens comme toi.  ",1,1
3914,Cet bête a chier dans son futal et la dégomer comme une bille au fond de la cour.,1,1
2617,"Cet enculé de connard a attendue d'être réélu pour démissionner et va pouvoir jouer la victime en mode ""j'ai dû démissionner alors que le peuple m'aime, la preuve il m'avait réélue"" Ce type utilise le foot comme un paillasson et crache à la gueule des milliards de gens qui aiment ce sport.",1,1
3770,"liste de tous les défauts d ericboss   coincé,timide,naif, pas intelligent,crédule,pas beau,renfermé sur soi,pessimiste,qui manque de confiance en soi,maladroit,empoté,attentiste,passif,mal dans son corps,dépressif,suicidaire,réveur,peureux,qui se défile,maigre,asocial,qui se néglige,nul sexuellement,inutile,inefficace,sale,gauche,collant,chiant,qui pose trop de questions,qui cherche à se faire remarquer,ininteressant,mou,lent,stressé,très influençable,mauvais en sport,lymphatique,egoiste,egocentrique,possessif,jaloux,immature,assisté,qui foire plus ou moins ses études,distant,qui a du mal à s exprimer,paresseux,angoissé,qui se laisse vivre,profiteur,pleurnicheur,faible,irrespectueux,grossier,qui insulte ses parents,fragile,suceptible,trop sensible,trop affectueux,qui a du mal à se concentrer,plaintif,qui s auto dénigre,chieur,pas dégourdi,qui sent mauvais,non volontaire,masochiste,défaitiste,sevré de tout,qui n a aucune motivation,glandeur,sans avenir,qui coute cher à ses parents et à l état,lache,qui est un poids pour les autres,gaffeux,boulet de première classe,nolife,qui ne veut pas bouger son cul,qui a très peu de centre d intérét,qui refuse d évoluer...",1,1
3652,"Bah sachant que tous les chauffeurs de taxi sont des fdp, c'est normal qu'il t'encule.    Sûrement que c'était dans sa zone B ou une connerie du genre.",1,1
4344,"Fuck you, Fuck you, Fuck you, Fuck you, Fuck you, Fuck you, Fuck you, Fuck you, Fuck you, Fuck you, Fuck you, Fuck you, Fuck you, Fuck you, Fuck you, Fuck you, Fuck you, Fuck you, Fuck you, Fuck you",1,1
3632,"Franchement, le premier qui m'appelle ""petit porc"" j'lui décolle une mandale dont il se souviendra, et mon 48 au fond du cul.",1,1
3305,"J'veux dire, la France, c'est vraiment pourri, tous des cons, mais alors ici, mais c'est juste le summum.",1,1
2623,Faut être con pour pas comprendre que des connards et des criminels y'en a partout  Il y en a plus chez les étrangers dont une partie vient chez nous et foutent la merde.,1,1
2944,"Je vais te démonter ta mère avec une précision jamais vue auparavant, et je pèse mes mots.",1,1
3428,"Qu'est ce que tu viens de putain de dire à propos de moi, petite salope?",1,1
3088,je sais que c'est juste un gros con et que son opinion vaut que dalle.,1,1
3068,"Et ben non, nous on est pas D'IMMENSES TROU DU CUL qui ramènent leur putain de sale gueule partout pour parler du roi des TROUS DU CUL dont tout le monde se fout royalement !  ",1,1
3684,"Bien sûr, qu’ils me connaissent à peine, bien sûr, que je suis un étranger, parce que je bosse moi, toute la journée, à m’en crever la santé, pour leur payer à bouffer et qu’ils aillent à l’école, pendant que leur salope de mère se la coule douce à la maison !",1,1
4847,Ce bandeau à la con… pourquoi remplacer   états-unien   par   américain   ?,1,1
4951,",de salope ,de conasse met toi wiki dans lcul et va te faire chié dsus ,pk ta supprimé salope ,jte retrouve t es m****e jte nike la gule facebookfacebook",1,1
4024,"Grondin m a répondu que je devais « faire face à mes responsabilités » sur le bulletin des administrateurs, mais je pense que Enculé de ta race, Con et Beauf ne méritent pas davantage que Salope d être présent sur Wikipédia, je voulais exposer les différentes sections qui ont un rapport avec le mot: controverse sur le caractère sexiste, personnage de la salope, exemples de « salopes », etc. Pour l instant, aucun compromis n a été proposé.",1,1
3864,Non mais vous êtes vraiement des abrutis vous!,1,1
4631,"t es vraiment qu un sale trou du fion de m envoyer ce type de message pauvre naze, abruti de premiere, vas te faire foutre, rien à branler de wiki.",1,1
2765,"Putain mais espèce de fils de pute, tu regardes tellement toutes ces émissions de merde que la première chose qui te vient à l'esprit quand tu entends un nom qui a traversé les âges et marqué notre monde comme le mien, c'est un taré cocaïnomane qui présente des émissions télé de merde que les connards dans ton genre prétendent regarder au second degré ""parce que c'est marrant"" alors que tout le monde sait que c'est le seul genre de programme que vous comprenez ?",1,1
637,"j'ai comparé la météo à Paris  à Grenoble  ça m'a surpris de voire qu'il faisait ou allait faire assez froid cette semaine à Paris d'après le 2e résultat Google pour ""météo Paris"" sur mobile (j'ai oublié le site, ce n'était pas",0,0
947,"Mais bon, d'un autre côté, ça reste une émission de comédie, pas d'information.",0,0
2376,"Bref, apparemment le lien  discuter  de ma signature renvoyais à ta pdd.",0,0
922,Justement rien n'est joué car aujourd'hui 4 candidats peuvent prétendre passer au second tour.,0,0
212,"Je sais pas dans le cas de l'économie, mais en théorie l'instinct peut être meilleur que des résultats scientifiques si ceux-ci ne sont pas assez fiables ou précis.",0,0
1200,"Si tu as moins de 25 ans et que tu as reçu l'ACCRE, alors tu bénéficies d'un taux amoindri.",0,0
502,"Je n'ai pas lu l'article, j'ai juste cliqué parce que la photo n'est selon moi pas raccord avec le titre.",0,0
822,"Enfin je ne vois pas le mal que tout ca peut faire, je me fais discipliner et remis a l'ordre, c'est très bien.  ",0,0
2208,union civile» puisque ce ne sont pas des pays francophones.,0,0
908,"Non, si la France n'avait pas fait le CICE elle n'aurait pas pu embaucher 2,5 millions de personnes à €1850 par mois.",0,0
520,"En même temps quand je regarde les échantillons dans les sondages, je suis pas un expert mais 2000/3000 personnes c'est peu pour représenter l'ensemble aussi.  Après un autre truc qui me chiffonne c'est comment chaque classe est représentée mais aussi le manque d'information sur celles ci, par exemple quand on prend la catégorie ""étudiant"" on sait rien de plus, ça pourrait être que des étudiants à science po par exemple ou que des étudiants du Mirail à Toulouse, dans les deux cas on aurait que des étudiants et pourtant des résultats complètement différents.  Après je peux complètement me tromper je suis pas un pro de la statistique non plus",0,0
1928,Alexis Damien a fait partie du groupe Carnival in Coal qui reste à ce jour la référence du metal extrême avant-gardiste.,0,0
1878,Peut-être que certaines pages ne sont pas assez développées et bien chacun peut le faire !,0,0
2303,Vous pouvez aussi demander de l aide sur le    forum des nouveaux   .   ,0,0
1613,Ceci pour éviter de garder trace de folies passagères...,0,0
166,"Quand une personne s’inscrit dans une nouvelle commune, cette dernière envoie la demande à l'INSEE,  l'INSEE met à jour sa liste (nationale) et demande à l'ancienne mairie de supprimer la personne de sa liste (locale).",0,0
1607,"Bonjour, 86.216.223.214, et merci de votre participation à Wikipédia .",0,0
1764,La Butte du Mesnil et Verdun sont distants de 50 km.,0,0
2377,", mise à jour des chiffres depuis le site officiel, redirect vers l article final depuis les deux autres.",0,0
943,Les courbes sont disponibles [pour chaque semaine et chaque candidat](,0,0
1202,"Après tous, il suffit de moyenner plusieurs sondages s'ils sont indépendants (sauf que là le débat c'est justement de savoir s'ils le sont vraiment, et l'impact si ils le sont pas",0,0
2152,Une réponse vous sera apportée avec plaisir !,0,0
1990,"Heureusement, ça n est qu hypothétique, le but n étant pas d organiser le concours du plus beau logo anti-corrida.",0,0
1705,Je crois qu il faut attaquer par Dijon et d autres personnages contemporains.,0,0
388,Un seul pays au monde avait osé sauter le pas jusqu'alors : l'Uruguay.,0,0
1410,Tout aussi absurde que ce qualificatif-ci.,0,0
1767,Vous pouvez donner votre avis sur la page /Suppression.,0,0
2020,"», pourrait-on demander de la même façon...",0,0
1884,"Visiblement, je manque de sommeil.",0,0
1292,Il réclame à Hitler la construction de camps d extermination pour juifs dans les pays arabes et l envoi de troupes allemandes.,0,0
391,"Mais non, il faut que les actionnaires fassent 15% alors il faut prendre l'argent où il en reste : sur les salaires.",0,0
993,"Parce que ce sont les plus vieilles écoles, ceux qui fantasment la France du 19e et debut",0,0
1556,"Bonjour       ,    Vous avez copié sur un contenu provenant de tout ou partie .",0,0
2056,"En gros, les perroquets journalistiques se répètent bêtement, et on prend ça pour une source autorisée.",0,0
1942,Tu dis  formulation consensuelle  ce qui est rigoureusement faux et tu le sais très bien.,0,0
1560,"Ensuite, essayez de continuer à redémarrer ces articles, ce qui inclut tout le monde.",0,0
358,"Je séchais une bonne partie des cours, je faisais pas les devoirs, et les profs me laissaient tranquille.",0,0
1907,Si vous préféré bloquer un contributeur sérieux plutôt que des marioles dans le genre d...Ce n est pas un problème.,0,0
97,"C'est presque attristant, mais les gens aiment la stabilité et ont souvent pas tellement d'intérêt pour la révolution permanente.",0,0
1402,"La séparation utilisateur/utilisatrice n a rien de pertinent, c était juste très rigolo comme idée.    Ickx6    ",0,0
2322,que vous ne comprenez pas le français !!,0,0
1704,"Mon village ne s appellerait plus Colombey-les-Deux-Églises, mais Colombey-les-Deux-Mosquées !».",0,0
544,Chirac était encore président quand je l'ai vue pour la première fois.,0,0
2472,"En effet, en introduisant un espace là où il ne le faut justement pas, l intitulé du lien devenai incompréhensible.",0,0
1349,"Si vous tentez de la recréer, elle sera automatiquement blanchie par Salebot.   ",0,0
246,"J'ai appris à écrire, à réfléchir, je suis devenu bon en anglais...",0,0
998,"Si c'était vrai, il n'y aurait pas besoin de lancer de fausses rumeurs sur lui.",0,0
2145,Milena (  Parle avec moi  ),0,0
1089,On apprend plus tard que telle ou telle personne dans sa classe était homo.,0,0
1070,"Le manque d'attention porté aux gens est la raison du passage du FN de 0,5% a 24%.  ",0,0
2234,Je rappelle qu un article dont le sujet n est pas clair à ce point peut être supprimé à tout moment.,0,0
705,"En fait, ils ont repris les codes de com du FN et les ont poussé plus loin à leur avantage.",0,0
1332,On ne peut pas etre plus d origine et de pratique hassidique qu eux!! (Leparc (d) ),0,0
2167,Il n y pas à faire que tout le monde soit content.,0,0
643,"... C'est tout le contraire de ce que prônait la droite traditionnelle ""gaullienne"" quand même (oui la sécu a été crée sous de gaulle, n'en déplaise).  ",0,0
1996,et répondu Tant mieux si tu as débusqué ta filleule et qu elle te plait bien,0,0
2402,Faut savoir… (:Julien:) ✒,0,0
1946,"Pour ta gouverne, sache que je n ai pas eu de litiges à régler sur cet article.",0,0
921,"Pour ton second exemple, pas moi non plus, mais je pense que j'aurai validé pareil parceque ça m'a pas l'air d'être une conversation sérieuse (c'est nimp, je comprends pas bien).   Après, si tu trouves, sur le coup, qu'on réagit pas d'une façon qui te paraisse normal, n’hésites pas à envoyer un modmail.",0,0
2233,"Faites ce qui vous semble bon et juste, c est le plus important.",0,0
2315,une preuve de plus !!,0,0
1777,"Au fait, j’ADORE ton bandeau cracra.",0,0
1827,"c est ton point de vue, la réalité est tout autre.",0,0
1081,Macron représente le centre-gauche pour beaucoup de gens à droite.,0,0
576,"Le gros point noir du programme de Macron pour les chômeurs, c'est de partir du principe que Pôle Emploi sont compétents…",0,0
521,Ça fait depuis ce moment la qu'elle me dit que non tout va bien et qu'elle fera gaffes aux points que je nomme mais j'ai jamais vu d'amélioration donc j'ai dis qu'une pause s'impose dimanche ...,0,0
1215,"Par contre, ce que j'ai vu : « on a posté une critique du programme économique, j'aimerais faire une réponse solide, quelqu'un peut m'aider ? », ça pour moi c'est complètement ok.",0,0
1108,"Ou alors ça montre les dégâts des promesses sur un fanboy.   Quoi qu'on pense du programme de JLM, la pire façon de le vendre est de laisser penser qu'en moins de 12 mois, la France aura 100% de circuits courts",0,0
53,Je ne suis pas là pour trier ta recherche Google faite à la va-vite.,0,0
107,"Le seul avenir des pays européens dans le monde, c'est une UE forte si ce n'est fédérale.",0,0
1817,Selon vous E. Faye est malhonnête ;,0,0
1963,Le vote est ouvert ici.,0,0
1153,J'imagine que le message est un appel à tolérer les opinions d'extrême droite ?,0,0
269,", comme je sais pas s'il fallait que je crée un post spécial ou s'il fallait que je fasse juste un post sur FL ;",0,0
2458,"Pour pouvoir travailler tranquillement sur un projet d article, il vaut mieux commencer au brouillon.",0,0
458,j'aurais préferé qu'elle arrivent deux minutes plus tôt avant que je finisse dans le buisson).,0,0
1460,-tu une idée ou est-ce que je demande à faire supprimer cette image ?,0,0
1042,"J'ai vraiment obtenu une liberté d'organisation et une liberté d'esprit qui me sert encore aujourd'hui (justement, ça m'a appris qu'il ne fallait PAS écouter les profs la plupart du temps...).",0,0
2416,Je vous souhaite de bonnes futures contributions sur Wikipédia !,0,0
1138,"D’une primaire taillée sur mesure pour lui, calendrier et organisation compris, le chef de l’Etat a saisi – mais trop tard – que ce vote était surtout un moyen pour les déçus de 2012 de le tailler, lui, en pièces.  ",0,0
2100,Cet article ne doit pas éluder les questions pour - soit-disant,0,0
1616,"Bref, si tu persistes tu risques des blocages de plus en plus longs alors que ce n est pas nécessaire.",0,0
839,"les prépas sont sélectives et si tu veux mettre toute tes chances de ton côté, oui il vaut mieux en prendre une avec de bon retour plutôt que les petites prépas qui n'envoie personne sur paris depuis 20ans. (juste au cas où on me sort que toute les prépas sont équivalentes donc ça sert à rien de les classer)  A ça tu rajoutes un bon gros fossé entre le niveau de terminale et le niveau en prépa, et tu te rends comptes qu'il y a peut-être intérêt à avoir des bases solides, s'y prendre plus tôt.",0,0
2217,Je vous souhaite de bonnes futures contributions sur Wikipédia !,0,0
125,"C'est vrai, c'est pas du tout comme si c'était le but recherché, après tout!",0,0
1801,La source en question provient de la Gazzetta.,0,0
1129,Tu es au courant que les salaires et le coût de la vie ne sont pas les mêmes partout sur terre ?,0,0
1046,"Si ""on"" savait, ""on"" ne porterait pas autant d'importance aux sondages.",0,0
2224,"Salut Archimëa, qu en est-il de cette discussion ?",0,0
180,"Le truc le plus gros c'est qu'il a mis 500k en rénovation dans un bien appartenant en propre à sa femme (du coup il en est le créancier hein, il aurait du déclarer qu'il possédait une créance de 500k) Tout en déclarant qu'il avait contracté un prêt de 350k pour ces travaux et ça par contre il a pas omis de le déclarer.   ",0,0
1714,"Revert, menace, insulte.",0,0
739,Les Insa sont pourtant les meilleures écoles d'ingénieur françaises.,0,0
121,"Avec en gros le meme outil méthodologique (certains instituts l'ont ajusté en fonction des régionales / municipales alors que d'autres n'utilisent que des scrutins nationaux pour étalonner, ce que tu appelles ""corriger"").   ",0,0
1323,"A mon avis, ton vandalisme est sans doute élégant mais c est quand même du vandalisme.",0,0
751,En vrai j'ai le statut du contrat d'insertion et je suis à Nancy donc une ville assez importante pour y trouver du travail j'imagine.,0,0
1476,"Vu tes merveilles apporter au projet:Var, pourrais tu voir à améliorer les choses du coté des Alpes de Haute Provence ?",0,0
1921,avec et sans tête sont des personnes ayant un déficitte mental et physique légèrement supérieur à la moyenne.,0,0
1576,"Malheureusement, ce ne l est pas.",0,0
1997,"Le fourbe et cruel Raminagrobis  (un petit plutôt bien coiffé, avc un blouson de motard)",0,0
2037,"Tes compétences linguistiques, comme ton sens de la voilure, m ont laissé pantois d admiration.",0,0
39,"Je les enjoins vivement à lire les articles de lois jusqu'au bout, cela pourrait être utile dans leur carrière professionnelle ...  Pour ce que ça intéresse je fais référence au IV de l'article 1 du décret 2014-1370 du 14 novembre 2014.",0,0
1662,"Je ne sais si la torture a donné lieu à des opéras de bel canto », vous demandiez-vous.",0,0
2010,je me suis inscrit depuis quelques semaines) mais je n hésiterai pas à faire d autres ajouts au portail MAM .,0,0
77,"On aurait pu apprendre quelque chose, peut être même avoir envie d'y aller.",0,0
2467,Nous utilisons souvent des sigles parfois mystérieux tu pourras trouver leur explication dans Wikipédia:Jargon.,0,0
194,Ambiance en demi teinte pendant le repas et l'après-midi à base de silences et de piques sur un candidat ou l'autre.,0,0
1299,"En cas de récidive, un administrateur bloquera votre accès en écriture.",0,0
49,dans la gazette des communes sur l'impact de la suppression de la taxe d'habitation,0,0
2449,Il faudrait vous calmer et apprendre à reconnaître les limites à ne pas dépasser.,0,0
1844,", je trouve que c est mieux.",0,0
1220,"que de dire ""qui n'a jamais vu les Alpes n'a jamais vu la France"".",0,0
2392,"Les responsabilités ne sont effectivement pas développées, mais ça doit être possible de trouver des réponses dans les ouvrages spécialisés.",0,0
2451,Le championnat débute à peine qu on y trouve déjà n importe quoi.,0,0
717,"Ensuite, le principe de cumuler des points à titre personnel va justement à l'encontre du système assurantiel : celui qui paye un impôt le fait pour l'ensemble de la communauté.",0,0
407,"Et puis je pense que pas mal de redditeurs français passent la majeure partie de leur temps sur la sphère reddit anglophone, r/france n'est pas le point focal des utilisateurs français.",0,0
278,"n revanche, la dissolution requise par le parquet n’avait pas pu être prononcée du fait d'un vote mystérieux",0,0
500,Se vautrer sur la dernière ligne droite c'est vraiment pas un bon plan Emmanuel.,0,0
2184,A voir s il ne faudrait pas mettre les deux sur ton article...,0,0
1147,"Il y a deux candidats entre macron et JLM, pourquoi la team ambiance devait s'en occuper ?  ",0,0
1229,"Gagner plus de 400k €/an concerne une toute petite minorité, dont l'existence n'a rien à voir avec la faim où l'existence de sans domiciles.",0,0
444,"En vrai, ça ressemble à quoi son programme, dans les grandes lignes ?",0,0
1710,BELLAMY EST PROFESSEUR DU SECOND,0,0
1345,"Et maintenant, foutez le camp de cette page, qui est absolument inutile.",0,0
1966,", bel article, bien sourcé.",0,0
238,"Les USA n'ont rien de prévu pour l'instant, ils n'ont donc aucune raison de dire ça.",0,0
1829,Mais je comprends que ce ne soit pas dans vos cordes.,0,0
277,"The Witness, j'ai juste pas compris du tout le background philosophique derrière (et pourtant je me suis tapé toutes les conférences dans le moulin).",0,0
1199,"du fait de la variabilité d'échantillonnage, on devrait voir plus de variabilité dans des estimations statistiques effectuées proprement.",0,0
308,Et nos modérés ont choisi d'éluder ces questions et les ont laissé aux extremes.   ,0,0
954,De la même manière que le DEUG a été supprimé (ce qui n'a pas dû aider le taux de réussite en fac :-( ).,0,0
1473,"À moins que ce soit sur Irc, mais on s en fout et c est honteux de prendre en compte leurs protestations.",0,0
1239,"Moi, ça me fait rire et si ça se trouve, dans 20 ans on pourra l'écrire sans rougir.",0,0
293,Ça a aussi le bon goût d'être gratuit et ouvert à tous quel que soit le niveau (j'ai eu bon petit 12 au bac avec une moyenne de 8 sur toute l'année en terminale).,0,0
564,", ""l'économie n'est pas une science"" ça me rappelle beaucoup des gens qui dénigrent la psychologie ou la sociologie parce qu'ils ne sont idéologiquement pas d'accord avec certaines conclusion que l'ont peut en tirer.",0,0
842,"Je serai curieux de voir si quelqu'un serait capable de trouver des plagiats de Mélenchon sur Daladier, juste avant que ce dernier abandonne les tchèques pour maintenir la paix en Europe.",0,0
851,"Il est admis par simplification que si elle était calculable, elle serait proche du calcul de la marge d’erreur lorsque l’échantillon est constitué  aléatoirement (échantillon non probabiliste).",0,0
1371,conscient qu il n est pas désiré en Croatie ;,0,0
4,"Je suis sûrement biaisé par le fait que mes 2 meilleurs potes de l'X soient rentrés par la filière universitaire, mais j'ai pas trop eu ce sentiment de grosse séparation prépa/université surtout après la licence.",0,0
1019,"Finalement, Roosevelt a mis la grosse pile à Landon: les sondages avaient été fait par téléphone en se basant sur la liste des enregistrement de voitures, à une époque où les pauvres n'avaient ni voiture (donc pas dans la base de sondage), ni téléphone (donc n'auraient pas pu répondre de toutes façons).",0,0
621,"Les touristes utilisent les infrastructures françaises, les routes, les transports en commun parfois même les hôpitaux, comptes",0,0
818,C'est AsimovWasright qui m'a fait connaitre le lien.  les instituts,0,0
173,:D   Je suis tellement outré par ce qu'il se passe que même en étant totalement contre la peine de mort,0,0
1940,Je vous ferais remarquer que ce sont    vos    propos qui n ont rien à faire sur wikipédia.,0,0
1408,Pourquoi devrais je être le seul auteur de *cet* article ?,0,0
247,"les prépas sont sélectives et si tu veux mettre toute tes chances de ton côté, oui il vaut mieux en prendre une avec de bon retour plutôt que les petites prépas qui n'envoie personne sur paris depuis 20ans. (juste au cas où on me sort",0,0
2292,Prone la liberté en censurant!,0,0
1102,", c'est des institutions intègres, mais aussi intégrées à la vie du pays.",0,0
1145,Là le car est en retrait mais l'embouteillage persistait car les voitures ralentissaient pour prendre le car en photo,0,0
1838,(déplacé de Wikipédia:Vandalisme en cours),0,0
1901,Chris a liege (discuter),0,0
2093,J ai l impression que vous prenez les chiffres qui vous arrangent pour votre démonstration.,0,0
2248,Bien vu l aveugle !,0,0
2164,"Et félicitation également pour ton nouveau boulot, Monsieur Le Professeur d Histoire",0,0
287,---------------------------------------------------------  **Notice technique.,0,0
483,"c'est qu'ils ont qu'une seule et unique revendication, le départ de la présidente.",0,0
2470,a passe tout sa vie a etudie au mali depuis son enfance en 2002,0,0
854,Mais j'imagine que l'euro c'est également une formidable ceinture de sécurité du coup?,0,0
475,Et puis selon la localisation le bien ne vaut rien parce que c'est un trou perdu.,0,0
190,"Là où Hellboy est plutôt investigateur/héros du supernaturel solitaire, qui affronte des forces mystiques loin de la civilisation, le B.P.R.D. c'est tout l'inverse, avec un groupe de personnages qui vont peut à peut se retrouver à devoir affronter une crise surnaturelle en plein cœur de la civilisation.",0,0
624,C'est sa **première vraie élection** (en 2012 r/france c'était extrêmement calme) je suis pas déçu de l'activité qu'il y a perso.,0,0
196,", si ça pouvait compter, je suis à peu près sûre qu'aucun ne ferait 51%.",0,0
349,Et sur le courrier que j'ai reçu ils disent que c'est a partir de 22€ que c'est taxable.,0,0
1447,il s agit là de vandalisme!!,0,0
270,"Cinq ans plus tard, la situation est inverse : la primaire a été validée, alors que les socialistes sont aux responsabilités.",0,0
997,"Et je suis prêt à vénérer Kek et à chanter Shadilay, pour ça, s'il le faut.",0,0
745,Il y a également des consignes de vote pour ne pas se faire afficher.     ,0,0
1719,", l entrée 5,   I",0,0
1972,Voilà pourquoi j ai coté contre;,0,0
756,"Cinq projets d'attentats ont été déjoués depuis le début de l'année 2017, après 17 en 2016, a affirmé le 21 mars le Premier ministre Bernard Cazeneuve.  Quoiqu'on dise de la présidence Hollande, il faut au moins leur reconnaître ça.",0,0
1143,"Les entrepreneurs vont se retrouver avec une population de plus en plus appauvrie, les carnets de commandes resteront vides, et rien ne fonctionnera.",0,0
1213,"Depuis elle parle de ""inclusive growth"" : la croissance equitable plutot que la ""growth"" tout court, qui ces derniers temps a favorisé les plus riches.",0,0
2203,"J ai l habitude d écrire sur Wiki anglais, et je vous écris là, la bibliographie.",0,0
1107,Le mirage des pays européens complètement indépendants est un leurre.,0,0
2011,pourquoi une utilisation si compliquée pour un modèle sensé aider?,0,0
776,"En revanche, pour des sondages type Insee/Ined ou dans l'industrie (sur la qualité d'un produit en sortie de chaine, on utilise aussi des sondages), c'est un peu différent : ils ont des bases de sondage exhaustives (modulo les erreurs) comme par exemple le répertoire Sirene qui regroupe toutes les entreprises.",0,0
1425,Cela me confirmera juste dans l idée que WP est un beau projet dénaturé par des petits chefs !,0,0
2083,France ta culture et ton intelligence foutent le camp !,0,0
2013,Adios Jean-Christophe BENOIST (discuter),0,0
1952,On n identifie pas le vainqueur d une guerre à coups de statistiques ou en comptant les morts.,0,0
427,"Les experts sont eux-mêmes politisés, les théories elles-mêmes sont teintées d'idéologie, de Keynes à Friedman en passant par Hayek.  ",0,0
1444,Pourquoi diable considérer un message comme une variable aléatoire ?,0,0
1594,La cinétique de la réaction permet un contrôle par des barres.,0,0
371,"Déjà avec un calcul d'apothicaire on est à 55 milliards, et sans prendre en compte aucune charges.  ",0,0
2098,"Wikipédia est une formidable aventure collective, toujours en construction.",0,0
910,Celle de dord et valls et celles avec melenchon sont vraiment trop énorme aussi.,0,0
450,Commence par l'action légale et ensuite au tajine à renversement.,0,0
862,"je t'ai fais une liste de pays que tu devrais apprécier, aux prochaines vacances:  Corée du Nord, Philippines, Turquie, Libye, Zimbabwe.",0,0
819,"Bien au contraire, elle a sauvé et sauvera (je l'espère) un nombre immense d'âmes.",0,0
2065,... Y a -t-il des recommandations à ce sujet ?,0,0
762,"j'ai juste vu vite fait qu'il parlait du bio a la cantine, du local et des petites exploitations, et me suis souvenu que j'ai commencé a le mépriser après qu'il ait déclaré pendant une conférence de presse a l’époque des manifs des agriculteurs, que le problème de la France était ""qu'il restait encore trop de petites exploitations"" et qu'il faudrait fusionner tout ça.    ",0,0
2007,Contactez le forum des nouveaux !,0,0
911,";)  (je ne connais pas tes calculs, mais j'ai déjà vu ce genre d'erreur pendant mes études ""Et là, je calcule l'évolution de la position en fonction du temps"" ""Euh... la vitesse ?",0,0
1183,"Selon le ministère de la Santé, le montant des cotisations des contrats individuels les plus fréquemment souscrits oscille entre 35 et 54 € par mois peu importe tes revenus un peu comme ton loyer....  ",0,0
660,"Elles n'ont pas été impulsées par les nouveaux membres (ni évidemment par ceux qui n'y sont pas) mais par les quelques pays fondateurs de la CEE, donc la France et quelques autres.",0,0
2247,"je ne pense pas que ça ait été vérifié, mais il ne semble pas y avoir trop de cas problématiques .",0,0
226,"**  il faut s'assurer que l'échantillon dont on dispose est ""représentatif"" de la population échantillonnée (je le mets entre guillemets, parce qu'il y a des débats autour de cette notion, mais globalement, il faut que l'échantillon représente, en termes d'estimation, une ""miniature"" de ta population).",0,0
929,mais comme je suis tombé sur la solution par hasard ça compte pas comme de la triche.  ,0,0
54,Mon message avait surtout pour objectif de dire que le redressement n'était pas le problème en soi.,0,0
1414,"Comme d habitude face à ton harcèlement consciencieux, je passerai néanmoins mon chemin pour cette fois.",0,0
420,"Mais comme je disais la vignette n'est pas pour réduire les émissions de CO2, elle touche qu'un nombre réduit de voitures (celles circulant en centre ville), mais uniquement pour libérer l'air du smog (particules) dans les centre villes.",0,0
2057,Visitez la page d aide afin d en apprendre plus ou le bac à sable afin de faire des tests.,0,0
689,"J'ai aussi fait de la panna cotta ce week end : c'est ridiculement facile à faire pour un truc qui est servi en restau, le ratio *wow*/(effort+temps) est super élevé je trouve.  ",0,0
707,"Du coup, certains se lancent dans le reverse engineering, à essayer de comprendre les ingrédients de la tambouille à partir de son goût.",0,0
1618,"Bonjour, 92.138.223.61, et bienvenue sur Wikipédia, l’encyclopédie libre et gratuite.",0,0
2405,"Pour toi , il faut supprimer un point c est tout !",0,0
2149,UN GRAND CADEAU BISOUS A,0,0
2267,Son positionnement en Ukraine est responsable de la mort de 298 personnes civiles.,0,0
1010,Beaucoup de locaux appellent encore la ville Saigon de ce que j'ai vu.,0,0
369,"Ne sachant pas le délai de parution sur le site de la commission, je ne me hasarderai pas à en tirer une conclusion.",0,0
2001,"A bientôt, le Korrigan   bla   ",0,0
855,"Du coup, c'est bien ça nous donne un sujet de discussion, en postant mon ""propre contenu"" JE ""participe à la communauté"", c'est ma façon de voir les choses ici et non la votre apparemment.",0,0
824,"Si on ne le connait pas et qu'il a des résultat différents des autres et qu'il n'est repris que sur les réseaux sociaux, il faut se poser des questions.",0,0
2385,Ce qui voudrait donc dire que la bowette existe aussi dans les autres bassins miniers que celui du Nord-Pas-de-Calais ?,0,0
1880,Neutralité de point de vue (pas de promotion) ;,0,0
33,"C'est à dire que payés 10% de moins, les gens peuvent moins acheter des produits importés ET locaux.   Tu fais des pieds et des mains pour démontrer que demain ou après demain ces élucubrations économiques vont marcher.",0,0
2387,Allez au moins voir les modifs que j ai faites et dite moi VRAIMENT s il y a eu vandalisme ou pas…,0,0
1951,"Dans ce cas-là, cantonne-toi au compte et arrête de prendre les autres pour des imbéciles.",0,0
2448,"en l occurence ici triche/violation de contournement de blocage global de son compte, est-ce un menteur pour autant ?",0,0
360,"C'est une des nombreuses choses qui peuvent être mises au vote, par référendum, et faire sauter l'UE.",0,0
2465,"Si vous estimez que cette suppression est injustifiée, n hésitez pas à .",0,0
2179,Que faut-il faire pour proposer ce brouillon avant diffusion?,0,0
309,"C'est au moins à moitié faux puisque certaines charges ouvrent des droits (par exemple le chômage, les retraites...), donc ont une influence sur les dépenses futures de la sécu.",0,0
1527,"De la même manière, aux États-Unis",0,0
592,"70 c'est un peu petit pour le crime contre l'humanité, mais c'est clairement un crime de guerre au moins.",0,0
887,"Je vois régulièrement des posts du style carte postale sur r/france et les sujets photographiés sont souvent... plus photogéniques (La maison sur la droite, les collines pelées au second plan...).  ",0,0
892,Parfait pour chiller quand tu rentres de Vannes avec ton bronzage orange.,0,0
361,"Y a pas vraiment besoin de brigading ici surtout, parce que le sub est déjà amplement acquis à la cause de Mélenchon rien qu'avec ses vrais habitués qui étaient déjà là bien avant le début de la campagne.",0,0
1278,"Bonjour, Pendant plusieurs vérifications automatiques, et dans le cadre du projet    correction des liens externes    un lien était indisponible.",0,0
2484,Sachez que tout un chacun est capable de surveiller .,0,0
1775,"Il est hors de question   , je dis bien,    hors de question    de fusionner cet article avec Michael Jackson.",0,0
1172,A noter cette année que le scrutin se finissant à 19h dans beaucoup de département (tous ?,0,0
1852,J ai immédiatement pensé à la conservation.,0,0
2241,Remettez vous à fumer et... allez vous faire shampouiner !,0,0
1505,"ça l est moins, quand il n y a aucun doute sur la prononciation des syllabes.",0,0
1142,"Mais admettons 630€*12 = 7560€ Là dessus le conseil municipal fixe un taux qui peut atteindre 20% dans certaines communes.  à 890€ ça fait plus de 10%, élevé mais pas rare du tout.",0,0
604,Lui il est content d'avoir un Zara à 15min de voiture au lieu de 25.,0,0
55,"J'ai trouvé ça super, j'avais aussi envie de le poster sur /r/conspiracy en disant que ça prouve qu'on vit dans une simulation.",0,0
1793,"Bonjour, je suis Rome2, et je vous accueille en tant que wikipédien bénévole.",0,0
920,"Si c'est entre zéro et un, tu peux parler d'une vitesse normalisée.  Puisque 0.5 signifie la même chose qu'on parle d'une luge ou d'un vaisseau spatial.",0,0
1620,Jean-Jacques Georges (Sonnez avant d entrer),0,0
1926,"Quant à vos leçons de contributions, je m en moque éperdument.",0,0
805,"Bizarrement, il y a beaucoup plus d'économistes français dans cette liste que dans la liste anti-sortie de l'euro postée dans un autre topic.",0,0
1674,- Loreleil [[[,0,0
1833,Donc tu en sais beaucoup plus que les utilisateurs de WP qui habitent ce département .,0,0
874,Et puis je me paye les Omnibus et les Library Edition quand elles sortent.  ,0,0
1424,"Merci bien, f**king sh*t",0,0
1739,Je propose « fondamentalisme athée (Curiosité),0,0
1422,"Bonjour       ,    Dernier avertissement !",0,0
2373,Presque toutes les sources primaires sont citées par lui ;,0,0
1111,"De là on peut tirer différentes conclusions et même si je ne partage pas celle d'OP, j'en salue la cohérence.",0,0
1267,N ai je pas le droit de te signaler que ton opinion sur la science économique suscite mon désintérêt ?,0,0
352,"Donc bon, on peut considérer ça comme une science si on veut, mais faudrait voir à pas trop baser nos décisions de société sur une science à ses balbutiements instrumentalisée par des groupes d'influence pour faire passer leurs intérêts, tout comme l'industrie du tabac l'a fait en son temps avec les résultats qu'on connaît.",0,0
619,"Tu as raison sur le fait qu'on est pas condamne a cet etat de fait, mais ca suppose que l'education soit tres elevee, que demarrer des entreprises soit tres facile (et ca, ca veut dire que virer des gens est aussi facile), et que le chomage soit genereux et long -- en fait fonctionne comme une sorte de tremplin pour des gens qui veulent se lancer.",0,0
1830,Neutralité de point de vue (pas de promotion) ;,0,0
1913,Veuillez    cesser immédiatement    toute dégradation de Wikipédia.,0,0
311,"Tout se fait par conflits interposés maintenant, pour notre confort et bonheur à tous !",0,0
1420,Il vaut mieux rester anonyme...tout comme certains pinailleurs négationistes tes...dans ce forum...mario SCOLAS,0,0
1988,Peut etre simplement que peu de nos rédacteur connaissent les tréfonds de la culture birmane.,0,0
348,C'est aussi intéressant de comparer un sondage avec les sondages précédents du même institut.  ,0,0
1457,Il n est de pire imbécile que celui qui se croit intelligent et cultivé,0,0
2038,"Après avoir 20 minutes à sourcer l article, je suis toujours incapable de dire si c est du lard ou du cochon....",0,0
2362,L Ulster était un comté de l Irlande (île) divisé entre les deux États.,0,0
2395,Discussion Utilisateur:TomT0m|bla],0,0
956,"- un terrain acquis  - un petit espace qui vaut pas la peine  Donc je te dis ça de la façon la plus sincère, je ne pense pas qu'il y ait beaucoup de gens venant du discord FI sur le sub, et encore moins de consignes visant à cibler des posts.",0,0
667,"Je ne disais pas que la langue anglaise est intrinsèquement supérieure pour la transmission des idées mais que le globish utilisé par l'intégralité des chercheurs est, de fait, la meilleure façon de voir ses idées lues, assimilées et transmises.  Et d'autre part, je te ferais remarque que ce n'est pas vrai que la solution optimale gagne ""naturellement"" contre toutes les autres : on peut très bien avoir des optimums locaux qui sont très stables.",0,0
1487,"D autre part, il n y a de ma part nul mépris.",0,0
2270,"Bonjour, Je me suis permis de ranger les différents budgets sous forme de tableau.",0,0
1918,left|75px    Bonjour LPLT !2011,0,0
774,"Il ne faut pas appeler à manipuler les votes (donc « hautvotez », « basvotez », « likez », tout ça c'est à proscrire).",0,0
2182,Je te remercie tu es vraiment trop bon.,0,0
2228,On surait ou vous répondre.,0,0
1223,Premièrement je rappelle que Macron est marié sous le régime légal de la communauté réduite aux acquêts.,0,0
1525,Et l on verra qui sera au  ras des paquerettes .,0,0
1866,"— Cordialement, Lppa [[[",0,0
1994,"Pendant ce temps, je me fais toujours traiter de  sale français  et de  facho  dans la rue...",0,0
1948,& ton bateau va virer vent debout s il est trop ardent.,0,0
255,"Plus tard dans notre histoire, peut-être qu'une coalition des auvergnats, des lorrains et des picards remettront leurs intérêts sur le devant de la scène et devront compenser Paris et la Côte d'Azur.  S'il faut que chaque entités régionales puissent défendre ses intérêts économiques sans concession, on a pas fini d'établir des barrières douanières.",0,0
272,"Mais peu importe.  Et au risque de me répéter, si tu dis que l'économie est une science, les gens comprendront science naturelle, parce que c'est ce qu'on entend communément par science.",0,0
1858,Vos opinions politiques ne nous regardent pas.,0,0
608,Je savais que j'allais trouver ce commentaire de toi avant de cliquer sur le lien ;),0,0
32,J'ai l'impression qu'il parle des grandes prépas parisiennes et pas des prépas dans l'absolu déjà.,0,0
786,:) Bon visiblement les pancartes catégoriques sont plus un moyen d'attirer l'attention du grand public pour lutter contre les fake news.,0,0
296,L'idée que les grands centres commerciaux apportent une vie moins cher est une légende urbaine,0,0
1883,La page que vous avez créée vient d être supprimée par l administrateur Binabik avec le commentaire «    Vandalisme    ».,0,0
780,"En particuliers, beaucoup trop d'élèves font un bac S parce que c'est ce qu'il faut pour réussir, font prépa pour les mêmes raisons, classent les écoles plus ou moins selon l'ordre habituel et ont ensuite 3 ans d'école d'ingé pour se découvrir une vocation.",0,0
225,"Je propose la fusion de Mélenchon et de Macron pour obtenir Mélencron, le seul candidat qui peut unir le sub.",0,0
2494,"Quand tu auras le courage de justifier cela, diff à l appui, fais-le.",0,0
67,"Donc tu ne vois la bibliothèque qu'en enfilade, comme sur le cliché.",0,0
2036,"Tu remarqueras donc que j ai observé tes principes, et les ai appliqués du mieux que j ai pu !",0,0
365,"Je trouve que ça rend la hierarchie de nommage plus cohérente (la hierarchie que tu parcours quand tu cherches une variable dont tu ne connais pas le nom, par exemple en naviguant dans la complétion automatique).  ",0,0
2281,WP doit il être un tissu de mensonges ?,0,0
2493,"Merci, bonne soirée, Celette (discuter)",0,0
616,"Là aussi en français, le cycle est complet, en une douzaine de tomes.",0,0
1119,"L'égalité du temps de parole ne doit être stricte que cette semaine, si je ne m'abuse.",0,0
72,"c'est cool ma prof en PCSI était justement enseignant-chercheur, et nous parlait régulièrement des liens entre nos études et la recherche.",0,0
513,"D'autant que les interviewés mettent l'emphase sur un côté pratique plus que sur un aspect théorique de la vérité, et que s'ils sont scientistes, ça transparait quand même assez peu.",0,0
1642,— Azurfrog [[[,0,0
463,Euh je dis pas que c'est moche mais... c'est pas non plus particulièrement beau.,0,0
70,"C'était plus rapide et sournois, mais pas différent  N'importe quoi, parce que la dévaluation ne touchait que les imports, alors que là plus personne n'est payé correctement.",0,0
466,"Ce n'est pas parce que les sciences humaines et sociales ne sont pas exactes, qu'elles ne sont pas des sciences.  ",0,0
1597,Je pense que le nombre de voyageurs est à actualisé avec des chiffres 2015.,0,0
738,C'est pas mal classe dit comme ça mais c'est une recette particulièrement simple (voir [ici]( parmi tant d'autres recettes de rillettes.,0,0
1430,Mais Maurice Béjart est-il d accord pour figurer dans cette liste ?,0,0
59,"Ses positions sur la taxe d'habitation (exonération de 80% de la population, qui va payer la différence?",0,0
2499,"Vive le ramassis de salmigondis que sera par vous, Wikipédia !",0,0
1606,Merci beaucoup...       DrFO.Jr.,0,0
932,"Au passage, les tweets qui réagissent au tweet en OP sont plutôt intéressants.",0,0
903,Par exemple si j'étais allé à la fac je serai allé dans une fac médiocre puis j'aurai du changer de fac en master pour avoir un truc minimum reconnu au niveau national et international.   ,0,0
526,J'ai pas scruté dans le détail mais pour s'inscrire il faut un scan de la CI et une photo au moins.,0,0
2486,en pésentant juste les deux fait non reproductabilité malgré les tentatives.,0,0
2252,"Quant à Natation synchronisée masculine, vu l identité de la personne qui a créé cette ébauche, j ai des doutes...",0,0
940,Ne pas aller voter revient à voter blanc et s'il était reconnu il y aurait beaucoup moins d'abstention.,0,0
2264,"Bonjour, je suis Guillaume70, et je vous accueille en tant que wikipédien bénévole.",0,0
598,"Grosso modo, les communes riches contribuent et les plus pauvres reçoivent (c'est très schématique).",0,0
581,Je vous invite à regarder le Capital qui est passé en mars dernier sur M6  ,0,0
845,"Moi si je devais choisir j'appellerais ça les *sciences économiques*, mais on m'a rien demandé alors je sais pas comment ils ont fait",0,0
2356,Quelques éléments de mon intervention dans la discussion peuvent servir à rédiger la PDD.,0,0
2442,(J ai aussi déposé une invitation en pdd du projet monde germanique.,0,0
2346,"Autant pour moi, je voulais dire Houlbec-près-le-Gros-Theil, autre commune de l Eure.",0,0
2352,Mundilfari~frwiki (discuter),0,0
2435,c est vrai qu on pourrait le sanctifier archeos,0,0
737,"J'ai oublier le mot pas  et je pense que ca se voit si vous lisiez la phrase entiere:   Non, je **pas** ""reconnais donc avoir demandé à des gens d’aller upvote",0,0
701,"ce ne sont pas des prix nobels : les seules existants sont la chimie, la physique, la paix, la médecine et la littérature.",0,0
1943,talkin  to me?,0,0
1625,"Tout comme le gamin, j ai toujours pensé que cette fille est une nazi... tu ne trouves pas ?",0,0
1245,"Et puis la bouffe, le pinard, le charme francais et une langue qui fait mouiller plein de minettes a travers le monde.",0,0
1797,"De toutes façons, le tort tue.",0,0
2316,Avant d accuser les autres ?,0,0
1205,", ils veulent que chacun ait en fonction de ses moyens et contribue à hauteur de ses moyens.",0,0
1989,"Pour mieux comprendre la problématique, je vous invite à lire bien attentivement la page sur la    Neutralité du point de vue   .",0,0
1964,Perfection en ajoutant un raisonnement logique,0,0
108,Effectivement j'ai incitée sur un forum publique a upvote donc je comprend que ca peut être interpelant.,0,0
1811,Proposé par Chris a liege (discuter)  ,0,0
2382,Et en plus il ne se cachait pas de les mépriser ?,0,0
1550,Et ce n est qu un exemple parmi d autres... Salomon avait l élégance de ne pas le viser nommément.,0,0
1271,"Si vous tentez de la recréer, elle sera automatiquement blanchie par Salebot.   ",0,0
508,Ca parait être une évolution logique d'étendre la valeur légale du SMS vu que le numéro de téléphone permet d'identifier un émetteur unique.,0,0
1544,Pa ce que le sexe est dans le cerveau?,0,0
1724,style= background-color:#FFFFFF;,0,0
344,Et je suis pas sûr que l'opportunité économique de l'émigration ait été leur priorité.,0,0
1433,comment on peut se branler autant sur un sujet aussi marginal alors qu’il y a autant de sujets non traités au niveau national ?,0,0
2110,Dr Philippe Degbomont (discuter),0,0
1318,"Bonjour, ValdemarDemir, et bienvenue sur Wikipédia, l’encyclopédie libre et gratuite.",0,0
2428,"Je ne vous salue pas, monsieur.",0,0
2151,Et bien Bravo parce que tu t es bien gourré de client dans ton délire.,0,0
773,je serais curieux de savoir quelle proportions des français peuvent citer des points forts de son programme.,0,0
2106,Anyway considère pas ça comme insultant.,0,0
63,"Donc sans rentrer dans un débat sur la politique de Macron, il est faux de dire qu'il est un rempart aux extrêmes.          ",0,0
1386,"Moi, je constate une et une seule chose, ce site est complètement mité par la fraction dure de l église catholique.",0,0
383,"Baal  Et en bonus, quand même : le Gojira d'il y a déjà longtemps.",0,0
1586,ma gaffe aura permis d en corriger une autre bien plus grosse.,0,0
1154,"Pourtant, c'est foutrement important quand même, et il est grave que des avocats d'affaire n'en tienne pas compte, alors qu'on nous apprend en droit que c'est la première chose à considérer ...  Deuxièmement je rappelle que si le remboursement d'un emprunt ne diminue pas le patrimoine, le payements des intérêts oui.",0,0
594,J'ai reconnue que si si je me faisais ban de /r/France c'était comprehensible.,0,0
133,"Comme dans plein de commentaires de ce sub, je trouve ça cool que les gens soient enthousiastes pour leur vote, et qu'ils veuillent s'investir dans la politique.",0,0
611,"Alors que son but est de mettre fin à ce qu'il appelle ""l'oligarchie"", de faire une 6ème république pour que le peuple ait plus de pouvoir d'intervention ?  La 6ème république c'est un concept qui n'existe que sur papier.",0,0
1152,"Il se faisait probablement souvent le week end des bonnes soirées super chères, ajoutées à plein d'autres choses, mais bon franchement que ses soirées lui reviennent à 2000€ ou 4000€, pour moi ça fait pas grande différence.",0,0
1214,"Il y a évidemment une différence entre l'analyse sur des temps plus courts et les tendances longues, entre un pays ou un autre.",0,0
1179,Que celui qui n'a jamais évalué un thread sur son titre me jette la première pierre.,0,0
102,"Ça me gonfle ces ""Gate"" sans arrêt et un titre où ils en enchaînent 2 ils font quand même sacrément fort.",0,0
2334,Merci pour pour ta réponse,0,0
1098,"Le timing est intéressant, c'était il y a quelques jours le procès d'Eolas contre l'IPJ",0,0
2059,espère d abord que tu vas bien.,0,0
888,"Il faudrait simplement faire un contrôle fiscal approfondi et obligatoire pour tous les candidats à la présidence, pas juste croire les déclarations",0,0
1360,"toutefois, la transformer en encart publicitaire ou tribune politique ne sera pas toléré.",0,0
1656,- et laisser l espagnol aux Espagnols.,0,0
1313,En attendant cette photo à son intérêt vus que l aventure ce déroule sous l eau.,0,0
1993,Je note que vous restez très évasif sur les avis entendus dans les autres médias.,0,0
1099,"De toute façon quel post politique il y aura à part "" abstention de XX% à 12h "".",0,0
2222,Admissibilité des articles|critères spécifiques],0,0
1944,"Et le ja-1 qui est sur ma page utilisateur, tu crois que je l’ai mis tout à l’heure ?",0,0
2165,contributions hors charte (j ai pourtant essayer de faire appel à votre intelligence mais en vain).,0,0
1636,"J ai joué à ce jeu et c est un gros pay to win scandaleux, ce jeu est à bannir !!!",0,0
1265,Ou sont les deux ans de prisons avec sursis ?,0,0
168,.. Massivement  Il y a clairement de la manipulation de vote/brigading,0,0
784,"De toute façon il ne sera jamais élu donc ce n'est pas un vote ""dangereux""",0,0
2450,St Malo (discuter),0,0
797,"Malheureusement ce n'est pas encore le meilleur pays du monde, à nous de faire en sorte que ça le soit dans un futur proche, même très proche.",0,0
1399,"Bon courage pour la suite, je reviens dans 2 semaines.",0,0
706,Ou alors la valeur de ces actions est comptée dans les 3 millions ?,0,0
1524,J i b i44  Fait une redirection ),0,0
2195,"Bref, je vous recommande très vivement d arrêter ce petit jeu.",0,0
618,Donc comme Macron et Mélenchon elle conduit bien sa campagne mais elle profite d'un contexte favorable.,0,0
113,Un autre article (complet) sur le sujet qui répondra peut être à tes interrogations : ,0,0
213,Quand j'étais au collège il y avais une psychose générale d'être juste soupçonné d'être gay.,0,0
1327,-soit les assassins droguaient les enfant pour leur faire croire au paradis et leur demander de comettre des crimes en leur promettant le paradis.,0,0
2298,et éviter que vos prochaines contributions ne soient annulées.,0,0
530,"Des chercheurs de l’université d’Oxford (Royaume-Uni) prônent dans un article la mise en place d’une autorité chargée d’auditer ces algorithmes, et d’enquêter quand un citoyen s’estime victime de discrimination de la part de l’algorithme.",0,0
1165,Et pour le même Fillon qui réclamait une enquête rapide pour mettre fin à ces rumeurs le plus rapidement possible,0,0
1851,"La pédophilie à une définition précise, le pédophile à une définition précise, qui n est pas  violeur dangereux .",0,0
1633,Voire même un islamiste altermondialiste fanatique.,0,0
753,"C'est un passage, pas obligé mais presque, si tu veux étudier dans une grande école française.",0,0
2204,Donc ça semble correspondre aux critères d admissibilité.,0,0
1780,"Riz est effectivement une pseudo-historienne stalinienne, qui tente notamment de relativiser / minimiser / nier les crimes commis par Staline.",0,0
1718,"Si vous estimez que cette suppression est injustifiée, n hésitez pas à .",0,0
486,Les preuves ont été selon ses dires remises aux enquêteurs on verra bien si c'est suffisant.,0,0
1109,Y'a aussi deux lettres de mise en demeure puisque j'étais pas en mesure de recevoir ce courrier pendant plusieurs semaines.  ,0,0
902,"Quand je suis pressé, ou pas trop courageux, j'aime bien cette recette, avec une seule levée et donc, assez rapide.",0,0
626,Le régime vénézuelien si souvent acclamé par leur leader suprême ne semble pas être si fantastique que ça?,0,0
1198,"juste que je suis intrigué par le travail d'un cartographe de nos jours, en quelques lignes mêmes ou quelques taches.",0,0
432,"Or, ni François Hollande ni Nicolas Sarkozy n’ont reçu cette onction.",0,0
416,"Le résultat là-bas, c’est des discussions politique qui ne sont pas à sens unique comme c'est le cas ici...",0,0
1196,"La photo a été prise avant même que le meeting commence, quand la salle commençait à se remplir.",0,0
1726,"Oui, oui, un jeune homme, j ai vu ta PU o)...",0,0
883,"Merci, j'ai changé d'avis je vais voter Macron dimanche prochain parce qu'il apporte de réeles solutions !",0,0
804,"Il en parle, il vient de parler des lois de moralisation, de sa réforme des institutions (moins de parlementaires, dose de proportionnelle), il a même donné une échéance à ses réformes.",0,0
2193,Merci d éviter de donner des leçons  encyclopédiques .,0,0
2439,Discussion Utilisateur:Red Castle|Vous sonnâtes?,0,0
722,Je vais juste mettre tous les chantiers que j'ai fait à la place des trous dans le cv ça fera déjà plus cohérent.,0,0
1405,Contributions/Fandalexis|F   ».,0,0
873,"La moral du Brexit et de Trump est simple: ""Tout ce qu'on a faire c'est aller voter"".",0,0
791,:/ On a passé l'époque où l'anglais était une belle idée de langue universelle utile à tous...,0,0
691,Revaloriser les salaires si le mode de calcul de la retraite change?,0,0
654,"«* La primaire donne les clés à une seule personne qui a le droit, l’argent et la légitimité.",0,0
2345,Discussion Utilisateur:Jean0604|   répondre   ],0,0
781,Parce que si le progrès économique c'est la croissance ou la baisse du chômage ce n'est pas le cas.,0,0
1039,"» : il y rappelle que la loi américaine interdit les élus d'embaucher leurs proches, ce qui n'est pas le cas en France.   ",0,0
2191,"Bravo, bravo, vous continues avec votre harcèlement mais cela suffit.",0,0
2254,"Zigouiller Juan-Carlos et Felipe de cette page est totalement injustifié, alors EXPLIQUE-TOI !",0,0
813,"Le début de l'article est très caricatural ""Elle est cependant une énième preuve après le cas de la fausse rumeur du financement par l’Arabie Saoudite qu’Emmanuel Macron est la cible de certaines officines qui cherchent à le nuire.",0,0
1300,"En plus des médias bédéphiles, il y a quelques centaines d articles sur ses travaux dans la presse WP:NECR.",0,0
439,Là comme ça on dirait plutôt une campagne de prévention contre la coke au verre pilé...,0,0
603,mais  la vérité qu'ils veulent entendre vu qu'ils sont déjà convaincus de son innocence et de l'existence du complot,0,0
1472,"En cas de récidive, un administrateur bloquera votre accès en écriture.",0,0
197,Une dernière question que je me pose c'est sur la légitimité des psychanalistes sur ce genre de question.,0,0
1781,Christophe Paturange » et l unique contributeur en était Toto Azéro   ».,0,0
2087,Distinguer baroque   historique   et...   thème   baroque (comme l est une vanité ) !,0,0
1820,", c est de faire passer du wallon pour du picard comme c est le cas sur la page de Basècles ou de Wadelincourt.",0,0
2039,"c est plutôt ton registre de langage que le mien (mais j essaie de m adapter à mon interlocuteur, par politesse).",0,0
519,"Vote manipulation is against the Reddit rules, whether it is manual, programmatic, or otherwise.",0,0
1744,"Une jeune fille nommée Alix, particulièrement outrée devant votre bassesse d esprit.",0,0
1807,Merci d avoir repris en main cet article,0,0
741,"Mais comme c'est des boulots dont on peut quand meme se passer, si le risque d'employer les gens et/ou le salaire que tu dois payer est trop haut, ben tu les emploies pas.",0,0
1933,Je tâcherai d y répondre.,0,0
820,"J'ai mis un peu plus de gélatine mais ma panna cotta a pris plus de 2 heures pour bien se solidifier, je conseille de faire ça un jour avant de servir pour être sûr.    Servi avec un [coulis de framboise](",0,0
795,Et tant que ses critiques répondent à un argumentaire erroné ou à des liens d'évidence étranges c'est 100% justifié.,0,0
248,Elles entraînent des mesures de représailles et des guerres commerciales.,0,0
2295,Régiment de Lowendahl Levé en 1743,0,0
1678,"Un exemple, le 100m hommes",0,0
1285,Il est préférable d ignorer ce type douteux et de revenir au langage civilizé.,0,0
1162,Parce que si le progrès économique c'est la croissance ou la baisse du chômage ce n'est pas le cas.  ,0,0
65,J'aimerais croire que ça va mieux et que la violence ne vient jamais de nul part.,0,0
1734,Celle-ci était baroque avant l heure et Bruyn peignait en baroque sans le savoir (comme Monsieur Jourdain).,0,0
249,"Si on regarde les sondages précédents du même institut, on voit que Mélenchon était à 4% de Fillon, puis 3%, puis aujourd'hui encore 3%.",0,0
1293,ton popain te l  a demandé.,0,0
1738,J ai donc remis « cliente ».,0,0
374,"C'est un idéal vers lequel tendre et on s'en éloigne en divisant la population par genre, couleur de peau etc... et en comptant sans arrêt combien il y a de noirs à la télé, combien il y a de femmes dans tel secteur d'activité, et combien il y a de juifs dans les banques.  Effectivement, ce genre de pratique ne me semble pas être un progrès.   ",0,0
1818,"- pour parler d un  commissariat d exposition , il m avait pondu un beau  police station  .",0,0
414,"Et tout le monde de dire ""Oh, ils auraient pu se douter que le bébé de trois mois ne va pas commettre un attentat !"".",0,0
19,Je te conseille le débat Piketty-Généreux si tu veux plus de détail.,0,0
131,"En octobre 2013, l’Organisation mondiale de la santé (OMS) a classé la pollution de l’air extérieur comme cancérogène certain pour l’homme.",0,0
1629,Comptez le nombre de fautes !!,0,0
398,"Witchfinder est beaucoup moins ""pulp"" et suit les aventures d'un anglais pendant la période victorienne qui traque les créatures surnaturelles au nom de la Reine et du pays, et qui affronte notamment certains organisations dont on retrouve les descendants dans le BPRD.",0,0
87,"Par exemple, il cite un extrait du rapport France Stratégie qui dit que le CICE n'a pas eu d'effet.",0,0
1573,Au plaisir de te recroiser.      L   e   M   orvandiau   [[[,0,0
2318,"Elle était assez hétéroclite, mélangeant des magiciens célèbres décédés, avec des magiciens contemporains.",0,0
758,"Mais que le problème vient, comme tu le dis, quand c'est redressé de façon obscure.",0,0
959,"Non, il n'y a pas que des Américains, même s'ils sont tous passés par les écoles américaines à un moment ou à un autre.",0,0
646,"J'sais pas, quand même, vu la sociologie de l'électorat, c'est pas exactement les plus exposés aux influences de twitter.",0,0
1812,Votre comportement s apparente à du vandalisme et est inacceptable.,0,0
1361,"Certes, cependant IMDB est plus indiqué pour ce genre de recherches, que WP...",0,0
10,"Et puis si il ne se dénonce pas, les délations ne devraient pas tarder à arriver.",0,0
1909,Si des contributeurs spécialistes en cuisine locale ont des connaissances ...,0,0
174,Achète un petit manuel d'espagnol à destination des élèves de  5eme (même 2)  Après tu verras sur place.,0,0
2367,Aurmegil (d) .,0,0
2431,Ce livre est une sombre bouse.,0,0
2396,Votre modification a été annulée car vous avez ajouté un lien externe inapproprié.,0,0
977,"C'est tout le problème que j'essaie d'exposer en fait, en pointant que le vote est devenu au fil de la dépolitisation des citoyens, le seul moyen qu'elle se donne d'exprimer son avis.  ",0,0
1894,Soit dit en passant.,0,0
462,"Pourtant, lorsque tu vas sur la page de présentation du site, BHL est nommé en tant que directeur.",0,0
88,"Alors là, désolé, mais ils ont eu un mépris total pour certains candidats, c'était affligeant.",0,0
771,Je vais postuler à une offre de veilleur de nuit pour le weekend dans un hôtel.,0,0
2060,Il y en a qui s amusent là ou d autre s emm...,0,0
58,"Le 9 février, sur France 2, Marine Le Pen s’était prévalue du soutien de « 188 économistes, dont 12 prix Nobel », pour justifier l’abandon de l’euro par la France.",0,0
1135,j'aime beaucoup sont émission le monde de Jamy (même s'il y a un peu de contenu sponsorisé),0,0
879,"si les consommateurs n'ont pas confiance, ils ne vont pas dépenser tout leur pognon, ils vont le garder.",0,0
2412,que tous les avis ci-dessus,0,0
162,"Il l'a juste sorti tard, c'est pas forcément raccord avec ses déclarations (ou ça dépend à quel moment), et un peu d'accord avec tout le monde au débat.",0,0
699,"Les récompenses ne sont évaluées que lors de la dissolution du régime matrimonial, donc lors du divorce, du décès d'un des époux ou du changement de régime matrimonial.",0,0
266,"- [Jérôme Maucourant]( prof de sciences éco, de fait un historien économique",0,0
2091,Le bac à sable est disponible pour vos tests.,0,0
710,"Je souligne l'ironie du fait que *OUI* Stiglitz est anti-Euro, il vient même de sortir un pavé très intéressant sur le sujet, et c'est assez clair que si il est signataire ici, c'est uniquement parce qu'il refuse de voir sa recherche utilisée dans des campagnes.",0,0
1264,Ça devient une grave monomanie.,0,0
1874,"J ajouterai en   private joke   que j espère tu comprendras « Mahdia by night, il est le content le dauphin !",0,0
5,"Vu qu'il faut être d'extrême gauche pour en faire partie, non : simple logique, vois-tu.",0,0
406,J'aurais aimé jamais regardé le code source du site si je m'étais pas fais spamé.,0,0
2153,C est fort dommage !,0,0
2158,Je reprends les tâches de Po Kadzieli.,0,0
666,J'ai l'impression que la plupart d'entre nous avons la même attitude.,0,0
271,"Beaucoup nous percoivent ceci-dit comme plus assez sur, et on changé leur plan de voyage.",0,0
1975,Que veut dire cette mascarade ?,0,0
1415,L espagne fasciste de guernica et Franco est neutre et propre.,0,0
567,"ça veut dire pouvoir au peuple, pas pouvoir aux experts, c'est un peu technocrate ce que tu dis.  ",0,0
870,"Si 48% des gens sont contre la peine de mort, c'est mal barré pour gagner un referendum.",0,0
1673,"Ils adorent manger des ships, comme des ships au Ketchp ou au bbc.",0,0
47,"Oui bcrypt est utilisé en méthode standard des pass, SHA1 en ""legacy"" des most des passes  pour les tokens d'authentification.",0,0
913,"Les types ont malgré tout trouvé 20 ONG dont certaines très connues qui, il faut quand même l'avouer, mettent en avant leurs appréciations positives du programme de JLM.",0,0
917,"""Pour dénoncer les biais des médias on va systématiquement prendre le biais inverse"".",0,0
73,"afin de permettre aux nations de défendre leurs intérêts économiques, tout en préservant la paix (si cela est possible).",0,0
1011,Le report devra se faire sur la taxe foncière comme ça se fait dans les pays sans taxe d'habitation.,0,0
128,"Comparé au 950 c'est déprimant, comparé à un iPhone 7, c'est pire encore.",0,0
2231,Bien à toiButterfly (d),0,0
2409,"Syntaxe   , des conventions d écriture à connaître,    Aide:",0,0
1920,"Si vous ne savez pas comment ajouter une source,    cliquez ici   .",0,0
1357,", qu ai-je fait?)",0,0
600,"J'ai quelques trucs de chez eux, j'aime bien, surtout la collection Héritage.",0,0
45,"Etrangement, de tous les pays Nordiques, la Finlande connait le taux de croissance le plus faible et une augmentation de son chômage, comparativement à ses voisins qui ont gardé leur monnaie nationale, Danemark Suède et Norvége en tête.",0,0
1541,"Pas de source secondaire, centrée, de qualité pour ce jeu vidéo.",0,0
2022,blog4ever  point  com  slash  blog  slash  article-431838  point  html  213.55.131.106 (d),0,0
960,"Il serait syndicaliste dans une petite structure, il aurait sans doute du travail à faire mais dans une multinationale comme Ford, j'ai tendance à croire que ce qui s'appliquait aux pères de mes amies, s'applique à lui.",0,0
1071,"Après, effectivement c'est plus lent de se remettre d'une crise comme celle de 2008 avec une monnaie commune, c'est certain.  ",0,0
2364,"La pertinence de cette catégorie est également remise en cause, c est pour cela que je la propose en PàS...",0,0
1508,On ne vous a pas appris à construire vos raisonnements à l école ?,0,0
1376,tu vois bien que tu ne peux que t exécuter c est le jour ou jamais ! pitibizou !,0,0
149,Mais le jour du vote en novembre pour la primaire LR c'était flagrant que les gens cherchaient Fillon en dehors de contexte affaire ou d'actu.,0,0
1507,Si tu ne vois pas d intérêt au travail des autres passe ton chemin et arrête de les emmerder.,0,0
143,"Elles le faisaient avant Hollande, elles le feront après Hollande.",0,0
1815,"Bonjour Gustave, Nous avons lancé des demandes de suppression de page sur la WP anglophone pour Carlos Botelho et Martiniano Ferreira Botelho.",0,0
1721,"Comme d hab (et   je   suis le pédant, je sais).",0,0
1068,Pour une même taille tu peux avoir des coupes totalement différentes.,0,0
588,"Si il y a un conflit le jour du vote, cela passe un juge qui contacte l'INSEE pour vérifier sur la liste nationale.",0,0
153,"Les mot de passe sont encodé avec bcrypt (le sha1 c'est clairement pour une migration d'un ancien système), et magie magie, si tu passes pas de salt, c'est généré automatiquement par php.",0,0
1936,Annonce de suppression de la page Mecelec,0,0
2212,"Pour ce qui est de tes demandes, je te dirais qu il s agit plutôt d un problème de traduction.",0,0
1862,Tu peux peut-être attendre qu on en discute avant de saboter un travail de plus de 2 mois!,0,0
640,Parti comme c'est parti on va avoir des partis avec 20-30% du parlement et je doute qu'aucun puisse obtenir une majorité lors de votes dans l'hémicycle,0,0
1934,car tu viens d intervenir sur l article Marketing.,0,0
1639,par  Je trouve votre intervention méprisante pour vos collègues qui ont accepté il y a plusieurs mois l article dans sa version totale.,0,0
965,Même si mon message est effectivement un peu caricatural puisque certains de ces économistes ne sont pas toujours dans le dogme classique.,0,0
2008,"Si vous tentez de la recréer, elle sera automatiquement blanchie par Salebot. (bot de maintenance)",0,0
1128,Sondage encore moins crédible que les autres (échantillon de 500 personnes seulement alors que le standart pour  être crédible est plus de 1000).,0,0
290,C'est bien elle la responsable de la montée de l'extrême droite en France.,0,0
2384,—    Ruyblas13    [[[,0,0
945,"Ce matin, je suis venu au bureau 30 minutes plus tôt pour mettre des chocolats de pâques sur les bureaux de quelques collègues.  ",0,0
1697,Et pour saluer l effort de sourçage de Curieux59.,0,0
2297,"Syntaxe   , des conventions d écriture à connaître,    Aide:",0,0
1784,"Aoineko 13:01 fév 11, 2003 (CET)",0,0
2143,Contactez le forum des nouveaux !,0,0
413,"Il essaie vraiment de jouer la carte ""soulever les foules"" en meeting, mais c'est pas son point fort du coup ça tombe un peu à plat.",0,0
1322,", n oublie pas de tourner sept fois ta langue dans ta bouche, avant de PàS. Cordialement.",0,0
1209,"Je ne peux pas rester sans travailler, le chômage je ne connais pas, quitte à faire du travail précaire en attendant mes convoitises.",0,0
1510,On peut encore l améliorer mais il me semble valoir mieux qu un bon début.,0,0
187,"Je les ai apporté, les éléments de réponse : rien dans cet article ne semble impliquer un antisémitisme de Mélenchon, ou une nonchalance face à l'antisémitisme.",0,0
1175,Le bas coté c'est d'ne jamais savoir si c'est le matelas ou la femme qui fuit...,0,0
2073,Je vous souhaite de bonnes futures contributions sur Wikipédia !   ,0,0
145,"La prépa et l'université sont deux façons différentes d'étudier différentes post-bac, et chacune est plus adaptée à un certain type de personne.",0,0
1958,"Merci pour ton message, j’ai encore plus envie de continuer maintenant !",0,0
852,"En tout cas ça change rien à mon vote même si il était coupable de tout, il a le seul programme qui me convient.   ",0,0
1085,Merci de lire [les lignes directrices de reddit sur l’autopromotion] (,0,0
324,Tu confonds la signification d'égalité de droits et de devoirs avec l'égalitarisme qui dit que chacun a exactement la même chose quelle que soit sa situation.,0,0
339,"Si j'avais compris, c'est pour cela que je dis que cela est en fonction de votre interprétation car dans ma démarche ce n'est pas de l'autopromotion, c'est au contraire un contenu que je propose et partage avec la communauté.",0,0
2378,"Hum, je suis surpris de ta modération !",0,0
2411,Jean-Jacques Georges (d),0,0
899,"Mes parents qui m'ont élevée et qui ont assumé la responsabilité que j'étais pour eux, ont payé et paient toujours des impôts en France, ils ont largement remboursé ce que j'ai pu coûté quand j'étais leur responsabilité.",0,0
1760,Tu a vu que ton ébauche est devenue une m** innommable.,0,0
469,Je rentre mon CA dans une case et ils me prélèvent autour de 25%.Peut-etre que le CFE est compris ?,0,0
1899,"Souhaitant uniformiser les différentes palettes de navigation des champions olympiques, je voulais avoir ton avis sur la question.",0,0
1007,"Ce n'est pas le caractère protecteur qui est intéressant ici, c'est comment tu créés un lien de causalité sur à peu près rien.",0,0
26,", tu mets un aquarium derrière et quand t'en as marre de la télé tu regardes les poissons, jusqu'à ce que t'en ai marre des poissons.",0,0
1315,-> je pense notamment Afghanistan/Irak.,0,0
1044,"Alors qu'il y en a : il suffit de regarder certains de nos voisins, mais on ne veut pas appliquer les recettes.",0,0
2361,cet universitaire ne remplit aucun des critères exigés pour les universitaires et scientifiques.,0,0
1626,Il ne vous reste qu à trouver un consensus pour les maintenir.,0,0
2095,", le problème vient de l éditeur de traduction, qui n a pas intégré les formules.",0,0
930,"Ça se fait pifométriquement, c'est inévitable, mais on ne peut pas y faire grand chose.",0,0
317,"- Ca fait seulement 20 ans qu'elle introduit dans les traités des mesures essentiellement libérales fondées sur le marché commun, la compétition économique, puis depuis 10 ans l'austérité et la politique de la dette qui va avec.  ",0,0
803,"Il devait venir à 16h30, il a repoussé à 17h30, il est arrivé à 18h15.   ll fait des sacrées siestes Lasalle !",0,0
1455,J espère qu après ça vous vous serez en effet plaint de tout ce qui est imaginable.,0,0
1280,Ne sachant le corriger je le signale afin de laisser la tache a quelqu un d autre.,0,0
711,"Et puis pour la sieste, on peut lui pardonner, en cette période de campagne, ils n'ont que très peu de temps pour se reposer.",0,0
1090,"C'est un peu comme dire ""elle m'a laissé faire"" après avoir balancé une bonne dose de GHB dans son verre.   et elle ne m'a jamais contacté apres ...  ",0,0
453,"Si ca vous plait, j'essayerai de refaire quelque chose sur la grande époque du rap français à l'occasion (avec encore plus de Iam, évidemment).",0,0
575,"et ça s'appellerait ""écriture créative"" ou bien ils préfèrent continuer à angliciser un peu plus nos universités ?",0,0
2055,"Bonjour,       , Vous avez découvert combien il est facile de modifier et compléter Wikipédia.",0,0
1580,Au sujet de ton intervention sur Fleury,0,0
1290,Venez pas dire des conneries.,0,0
1379,Aurons-nous droit à un scénario digne des Caves du Vatican ?,0,0
1063,"La physique prévoit des évènements à venir et explique des évènements passés, ce qu'est incapable de faire l'économie.",0,0
85,Tout ça est ensuite joyeusement collé ensemble dans des tomes qui fonctionnent généralement par Cycle.  ,0,0
1333,le texte suivant mis en place par ~~~ (justification)    Article(s) concerné(s) Institut d études politiques de Grenoble   ,0,0
2009,"Si dans quelques jours nous n avons rien, il semble qu il y ait accord pour l envoyer à la corbeille.",0,0
1254,"Je ne m oppose pas à l évolution des articles, bien au contraire.",0,0
831,"Mais OP n'a que 2 messages à son actif et pose une question assez orientée, dans un contexte qui ne la rend pas anodine.  ",0,0
2308,"Si vous trouvez que ce bot a fait une annulation abusive, vous pouvez contacter son dresseur.   ",0,0
1027,En réponse à u/loulan sur la question :    *Je me demande si à l'époque les gens trouvaient ces rébus.,0,0
1228,Je n'ai encore jamais vu personne enfiler de vêtements dédiés aux membres du clergé sans en faire partie.,0,0
2139,— Azurfrog [[[,0,0
1535,Preuve est faite les sbires de Sosthène sont vigilants et censurent.,0,0
346,"la video en esperant comprendre ce truc des années et j'ai rien vu qui s'en rapproche, je peux avoir une explication?",0,0
1836,Un article de cette qualité faut en prendre soin,0,0
235,Pardon mais on me pointe comme si j'étais un grand méchant qui fait de la manipulation massive.,0,0
1013,- et en fait il s'était rendu compte tard que ce bon Manu tenait un discours différent selon son interlocuteur,0,0
673,"Les seuls à y croire seront ceux qui ont déjà leur biais de sélection qui va dans ce sens-là.  Et tant que c'est pas repris dans la presse traditionnel, ça n'a pas vraiment d'existence.       ",0,0
553,"Je fais mon CV en mode candidature spontanée pour un stage chez Ubisoft, vous savez si c'est Utile se stipuler le Cyclisme dans les centres d’intérêt ?",0,0
1346,Merci de ta gentilesse.,0,0
1572,Tout ceci n est qu arguties oiseuses.,0,0
1148,Une fois élu t'aurais plus de version light et ça serait une toute autre histoire.,0,0
2340,Ne oublions pas que l Albanie pour la première fois de l histoire a eu son indépendence 1912.,0,0
2186,Merci à Salebot pour cette bonne crise de fou-rire !,0,0
876,"Dans l'historique des présidentielles, il l'a sorti dans les moments ""normaux"", si l'on peut dire.",0,0
75,"Mais comme pour un partisan de Fillon qui serait entrepreneur dans la Silicon Valley, ça ne me fera pas changer d'avis sur mon vote.",0,0
379,"Il est assez ironique qu’un tel projet soit souvent accusé d’être antipluraliste par ses détracteurs, comme si ce n’étaient pas eux qui, en niant la possibilité d’une alternative au néolibéralisme, refusent d’accepter le pluralisme.",0,0
289,"Si tu aimes le bon stoner, et que tu es en région parisienne je te recommande les soirée Stoned gathering au Glaz' je sais pas si ça existe toujours comme event mais c'est très sympas  ",0,0
434,"Je sais beaucoup de choses mais certaines ne peuvent pas être dites, hélas, sinon on sait que ça vient de lui.",0,0
62,"Un appartement de 4 pièces vaut plus de 900'000 francs suisses, c'est le standard ici en ville.",0,0
657,dire la question sur la participation a la primaire a eu lieu juste avant cet échange.,0,0
829,"mais du coup le DUT ne sera plus «complet» : si on déplace des cours, on en ajoute mais on en enlève aussi ;",0,0
1889,L article Hibiscus mérite un lifting car il y a des confusions dans le texte entre le genre et l espèce en question.,0,0
1885,"Elizabeth est une forme française du prénom, peut-être pas la plus courante mais néanmoins usitée.",0,0
86,"Rien qu'en augmentant les permanences des commissariats, des tribunaux et des hôpitaux, y a de quoi employer sans nouveaux locaux.",0,0
1257,Le tableau n est pas exacte.,0,0
1166,"Je ne critique pas les chomeurs, mais ceux qui pensent qu'il n'y a pas de solutions.",0,0
676,"Si on veut faire la distinction avec les sciences naturelles, on peut utiliser les termes qui conviennent, ""sciences naturelles"", ""sciences sociales"".   ",0,0
1825,"Je suis tout-à-fait prêt à en discuter, mais on n élimine pas les articles comme cela, c est la moindre des politesses...",0,0
2,", j'ai bien trainé dans ce sub, j'ai l'impression de ne pas avoir vu un seul post instructif sur le programme de lepen en 6 mois.",0,0
1340,J ai vu que tu lui avais mis un bandeau d avertissement.,0,0
2021,"De plus, avoir des faux-nez et qu il en abuserait permet juste de le qualifier de tricheur",0,0
718,"Si vous vous sentez proche de Mélenchon, vous avez l'opportunité de tenter de changer l'orientation libérale de l'Europe et d'inverser la tendance des profits aux plus riches en cours depuis 30 ans.",0,0
1676,QUE ELLE ARRIVE 00 DANS LES MONTRE DE PILE ET DANS LES MONTRE DE MUR,0,0
1255,"Là-bas, cela va de soi.",0,0
827,"La combinaison d'un hypermarché et de quelques petits commerces (cordonnier, pharmacie, lunettes) + services (banque, coiffeur).  Sans sarcasme, c'est ce que j'ai près de chez moi (banlieue parisienne, partie non-ancienne de la ville ou il y avait la place) et c'est absolument parfait.",0,0
1057,"Ca n'est pas une question de richesse, de culture ou de milieu social.",0,0
821,"Pffff, quand je vois la quantité de sel que je produis à chaque fois que je perd une élection, j'sais pas si j'aurais envie de connaître cette sensation un dimanche sur deux.",0,0
152,"Je ne comprends pas, ils n'aiment pas l'idéal inépuisable de l'espérance humaniste, comme l'a dit le Camarade Mélenchon ?  ",0,0
1695,ce serait avec plaisir....,0,0
900,Une heure de retard au boulot parce que le train devant le mien a heurté un animal.,0,0
1055,C’est elle qui a conduit à la situation « post-démocratique » qui règne dans la plupart des pays occidentaux.,0,0
2238,Ils font même des videos que l on peut trouver sur des Kodak et ils parlent de Adam et Êve,0,0
649,"C'est ce qu'ont déjà fait huit d'entre eux : le Colorado, l'Etat de Washington, l'Oregon, la Californie, le Nevada, le Massachusetts, le Maine, l'Alaska, auxquels s'ajoute la capitale du pays, Washington D. C. À lire aussi      Le Canada va devenir le deuxième pays au monde à légaliser le cannabis  Dans le Colorado -  le premier Etat à avoir ouvert la voie  -, les retours d'expérience sont loin des scénarios alarmistes que faisaient circuler les détracteurs de la loi à l'époque de son adoption, en 2012.",0,0
2481,Je me demande à quoi vous songez en écrivant de telles inepties.,0,0
727,"As a general principle, you should not change the methodology in the middle of an experiment.",0,0
750,", c'est qu'ils sont inscrits sur deux listes, dans deux communes différentes en fait, parce qu'ils ont déménagés.",0,0
1848,"Le suivant,   Waya Waya   avec Sean Paul en featuring, s est classé en France.",0,0
313,"A noter aussi la série Baltimore, qui ne se situe pas dans le même univers ( du moins pas officiellement je crois ), qui est aussi rudement sympa.",0,0
376,"personnellement, après avoir acheté tous le premier cycle de Hellboy et du BPRD,  je suis maintenant tout ce petit monde via les, hum, gentilles cascades de l'internet, qui sont souvent super bien empaquetées, étiquetées, organisées et rangées pour une lecture chronologique ou par séries.",0,0
259,"Dans ses actes, Mélenchon défend des régimes autoritaires et a une façon assez autoritaire de gérer son mouvement.",0,0
2374,je viens de rectifier.,0,0
840,"On the surface, this appears reasonable, but it is not realistic.",0,0
583,"C'est sûr, je disais qu'il n'a pas beaucoup de chances d'arriver à 25% le premier tour.",0,0
2370,"Wikipédia est une formidable aventure collective, toujours en construction.",0,0
2205,Existe-t-il un modèle de graphique sur WP ?,0,0
677,"Je connaissais pas, mais interessant en tout cas, c'est dommage que les deux parti se détestent mutuellement alors qu'au final ils ont plus de points commun entre eux qu'avec les autres et on l'a vu lors des debats, Mélenchon était tres souvent d'accord avec le pen sur la question sociale et vis versa.",0,0
92,"Dans une période comme la notre, une constitution serait presque certainement réactionnaire.",0,0
2296,Cela n est pas le rôle de Wikipédia.,0,0
982,"C'est marrant, moi j'ai entendu plusieurs fois JLM s'exprimer la dessus (notamment sur la baisse des charges pour les TPE et PME).   ",0,0
1731,Je m exprime dans la section « Conserver » ci-dessous.,0,0
1846,Déplacé par rapport au WP:PAP?,0,0
2232,   Ne recréez pas cette page vous-même.,0,0
1546,C3.A9_algorithmique.22 Jean-Christophe BENOIST (d),0,0
1984,Il y a à écrire un article neutre et ce qu on découvre fait partie du b.a.ba de la propagande.,0,0
2175,"70px|Page proposée à la suppression Bonjour, L’article «        » est proposé à la suppression ( Wikipédia:Pages à supprimer).",0,0
25,"Ça ne veut pas dire grand chose au final, car vu qu'un sondage contient une part d'aléatoire (c'est le principe même du sondage), on peut avoir un modèle génial et juste un gros coup de ""pas de chance"".",0,0
904,Il ne faut pas remettre en question le candidat jeune et dynamique de l'oligarchie des médias et des banques je crois,0,0
367,"Je sais pas pourquoi tu m'attaques, je suis pas l'avocat de Macron/Hollande.",0,0
331,"Concernant le chômage, j'attends toujours que tu me répondes afin de savoir si c'est un problème ou non.",0,0
232,"En faisant circuler l'argent vers ceux qui le dépensent, l'économie repart, surprise !",0,0
322,Comme prévu réveil très difficile après un week-end de 4 jours où je me lève à midi et aujourd'hui où je me suis levé à 6h45,0,0
589,"Pour l'instant, j'ai taggué DEUX gars qui macronistes, même si je sais qu'ils sont plus nombreux.",0,0
1041,"La conséquence c'est qu'en général on fuit la fiscalité française, on perd des milliards à cause de ça et après on vient de dire que nous et nos enfants et surement leurs enfants vont devoir payer la dette  Je vote pas contre l'UE mais pour modifier les règles de celle-ci, et l'évidence sur ce sub voudrait que JLM n'y arrivera jamais, bah on ne respectera pas ou on sortira",0,0
459,", faut pas déconner non plus, surtout vu la proximité des autres premiers candidats.",0,0
118,**  * Numéros de téléphone composés aléatoirement.  * Taux de téléphone mobile : 50%  **Taille de l’échantillon.,0,0
1101,"heu c'est un peu moins du double quoi, tu peux effectivement le convertir comme tu veux, ça reste le même ordre de grandeur, l'ordre du million en seulement quelques années.    ",0,0
198,M'enfin les solutions satellitaire m'ont toujours laissé perplexe...,0,0
796,"Que des personnes vivent en couple principalement par intérêt financier est vrai par contre, mais ça date depuis la nuit des temps",0,0
1330,Michel Barbetorte (d),0,0
1669,L ami GLec (discuter),0,0
951,"Ça a été deux années très stimulantes et desquelles je retire un excellent souvenir, et sans lesquelles je ne serais pas là où je suis maintenant (ne serais-ce que parce qu'à cette époque, sans challenge, glander m'allait très bien).",0,0
1680,"et oui: je les méprise + j en ai assez du politiquement correct, yep kernitou dİscuter",0,0
559,J'hésite à filtrer la politique jusqu'à la fin du premier tour...,0,0
2306,"Alors tu es bien un faux-nez, parce que je m était aussi posé cette question.",0,0
1941,"La version francophone comporte aujourd hui articles, rédigés et maintenus par des bénévoles comme vous et moi.",0,0
847,"Ils se sont tous barrés au fur et à mesure, à part ma copine et moi, parce que le film était bizarre.",0,0
867,Vomit viennent de sortir un single avec un album à venir dans le cours du mois : donc actuel !,0,0
926,Conclusion: les estimations statistiques ne sont pas effectuées proprement.  ,0,0
1193,"Je ne supporte pas les gens qui partent du principe que rien ne doit changer, que l'anglais ou l'Amérique c'est le mal etc... Rester attaché au passé n'apporte rien, si les gens veulent parler franglais, si il est plus pratique de parler anglais dans certains domaines, si les langues évoluent, ça ne fait rien.",0,0
1840,L indiquer ou pas ?,0,0
457,"La tendance pour cet institut est la même qu'ailleurs par contre, croissante pour Mélenchon et Fillon, décroissante pour Macron et Le Pen.",0,0
2226,"Passé ce délai, vous pourrez à nouveau écrire régulièrement sur Wikipédia.",0,0
2415,"Sinon, je constate que tu confonds toujours traitement encyclopédique et revue de presse.",0,0
2324,"En voilà un, anticlérical primaire, qui ne mâche pas ses mots...",0,0
2194,{|class= WSerieH plainlinks  style=,0,0
127,"Conseillez moi une boisson qui passe crème quand on a de la morve, la pâteuse et qu'on a envie de crever ?   (",0,0
856,J'ai actuellement 329€ qui partent par mois et ce pendant encore 2 ans.,0,0
2401,"Je sais pas d où tu sors ce qualificatif, tu l as certainement inventé, comme tu inventes des faits mensongers.",0,0
2319,vous êtes de la merde et on a pas besoin de vous.,0,0
1364,"Clements Markham, Groupe de la mer de Ross et Voyage du James Caird exploration polaire (issus du dernier wikiconcours) ;",0,0
927,"Maintenant chaque fois que je me lave les mains, je pense à u/canteloupy au moment où je coupe l'eau pour me savonner.",0,0
203,Pour moi le libéralisme c'est le futur dans une société mondialisée.,0,0
1536,Désolé de vous contredire.,0,0
2272,", la traite humaine destiné à l industrie du sex ( prostitution et pornographie ) la prostitution étudiantes fléaux oublié",0,0
126,François Fillon a d'abord dit que la presse n'était pas sifflée «,0,0
2349,Je voudrais réfléchir à un truc comme ça pour la crise moderniste,0,0
708,"Un mec me dit qu'il se fait un repas avec des pastilles vichy et 2l d'Orangina, je pense pas qu'il fasse ça pour séduire.",0,0
1868,Ne continuez pas à jouer le mauvais perdant.,0,0
35,"Une lecture intéressante et qui ne se laisse pas aller à des suppositions sur l'identité du commanditaire mais se contente juste de déconstruire le fonctionnement de l' ""officine"".",0,0
286,"J'ai vu des gens être un peu ennuyés qu'on utilise mal le meme, et non une terminologie rance, ""quand penser vous"" mais c'est tout.",0,0
2311,"L orthographe erronée  gurû  au lieu de guru, apparaît encore dans les catégories peut-on faire quelque chose?Zhuangzi (d)",0,0
1684,Mais vous ne comprenez donc rien ?,0,0
1094,"mais j'ai jamais dit que j'étais un expert en économie et 80% de l'électorat actif l'est surement moins que moi, y'a juste le constat qui est le suivant, on est dans un système qui bouge pas et les médias mainstream vont nous dire qu'on est endettés, qu'on a pas de boulot etc, pendant que les plus riches prospèrent et s'enrichissent, t'as pas besoin d'avoir un master en économie pour constater qu'il y a un problème quelque part, que le système se fait exploiter par des gens.",0,0
2104,Oiseau des bois    (Cui-cui ?,0,0
634,Tout ça pour dire que quand le mainstream media fait tout pour te mettre dans la tête de ne pas voter pour quelqu'un ça donne envie de voter pour cette personne.,0,0
1849,Discussion Utilisateur:lpele|protestations],0,0
1151,"Je ne pense pas qu'ils ramperaient devant JLM au vu de ce qu'ils ont fait à Hamon qu'ils considéraient ""trop à gauche"".",0,0
1481,"Voilà, je tenais à le dire ;)    K!   roman | ☺‼   ↑   ♫",0,0
1519,Je ne comprend toujours pas la subtilité sémantique.,0,0
2070,C est toi qui va me dire de la fermer?!,0,0
2189,"Sinon, j ai encore viré une guitare électrique.",0,0
1681,", propose ici un bon sourçage, une bonne biblio et une approche qui me semble très honnête.",0,0
1080,"Ce phénomène des électeurs « stratèges » s’est vérifié aussi lors de la primaire de la gauche, avec des sympathisants écologistes et communistes qui se sont déplacés pour favoriser Benoît Hamon contre Manuel Valls.  L’avenir de la primaire à droite dépend largement du résultat de la présidentielle.",0,0
1985,Veuillez    cesser immédiatement    toute dégradation de Wikipédia.,0,0
1377,Représentatif de ce qu est trop souvent le wiki français.,0,0
1691,"En outre, ces escrocs profitent de la faiblesse de personnes en situations financière et morale difficiles.",0,0
1061,"Probablement faire un carton parmi le public, et faire peur aux votants à la veille du premier tour.",0,0
1084,On annonçait le dimanche soir au journal de TF1 que le lendemain notre salaire permettrait d'acheter moins de choses.,0,0
1562,ps: bien sur que cet article est là pour développer sa pensée !,0,0
2369,"Dans Arum titan, le Sat Jan 21 10:38:14 2006, 404 Not Found ▪",0,0
2052,Skippy le Grand Gourou (d),0,0
176,"Pour en savoir plus sur les dispositions en vigueur, vous pouvez vous rapprocher de la mairie ou de la préfecture.  ",0,0
2187,- Lomita (discuter),0,0
2138,Je ne vois pas en quoi le fait que l homme serait seul dans ce cas indiquerait forcément que le faire serait néfaste.,0,0
2047,"Désolé de vous avoir fait cogiter,",0,0
1203,"C'est pas attristant, c'est la meilleure façon d'augmenter sa qualité de vie.",0,0
1274,Et juin se termine !,0,0
2180,"Si vous ne souhaitez plus recevoir mes messages, vous pouvez ajouter « * Utilisateur:Klyts » en bas de cette page.",0,0
683,Un peu plus tôt dans sa chronique il dit que cette info lui a été transmise par un ami journaliste donc je suppose que ça devrait sortir dans quelques jours ?,0,0
1872,L ensemble du passage me semble ambigu et il faudrait le remanier.,0,0
2012,"Sa Sérénité », j ai pas identifié.",0,0
2479,et bonne continuation sur Wikipédia Jean Batiste,0,0
890,Mélenchon est aux portes du deuxième tour à une semaine du premier donc la chasse est ouverte.,0,0
397,- On aura l'air très malin avec nos belles usines et nos beaux produits high tech quand la planète ne pourra plus nous supporter,0,0
568,C'est le peuple comme arbitre des décisions et sélecteur de ses représentants.  ,0,0
1324,"Pour plus de précisions, je vous invite à lire    cette page d explication   .",0,0
186,Donc la solution qu'on veut copier des pays voisins c'est réduire le chiffre du chômage en baissant le niveau de vie des plus pauvres ?   Autrement dit on augmente la différence des classes ?   ,0,0
1552,"Je pense que le second   M   devrait rester en *majuscule*, puisque c est le cas dans le titre original.",0,0
2343,les élus locaux incompétents comme il se doit kernitou dİscuter,0,0
1446,"Là encore je te remercie d être intervenu derrière moi pour corriger des mises en forme, mais pitié !",0,0
2081,", elle est particulièrement orientée, Wikipédia se déconsidère encore une fois...",0,0
2236,"Ça sera à débattre une autre fois, sans doute.",0,0
532,"Maintenant il faut que je change le phare, le vent froid gèle la batterie de mon phare actuel ce qui lui fait une super mauvaise autonomie.",0,0
1539,"Si vous souhaitez contribuer aux articles qui vous intéressent, il vous faut respecter les    principes fondateurs    de Wikipédia.",0,0
1082,"J'ai donc fait des recherches, d'apres charlotte girard : il y aura un vote, entre tirage au sort et election.",0,0
1303,P.S. Pour situer un peu mieux le débat,0,0
1746,", tu apprendras déjà à tes dépends que ce genre de choses n ont pas bcp de portée.",0,0
1404,C est pour proposer la halle d Aix-en-Othe comme valued image Quoi qu est-ce qu ils ont mes poissons ?,0,0
1034,Aussi c'est assez simpliste de citer les points négatifs du rapport du Comité de suivi sans en citer les points positifs.,0,0
304,"Bof, je connais pas mal de gens pour qui leurs années dans des grandes prépa parisiennes ont été excellentes.",0,0
1555,proposition de blasonnement à un faux-qu on par un vrai.,0,0
1032,"Au final, elles se révéleront préjudiciables à la France ainsi qu’à ses partenaires commerciaux.   ",0,0
674,"Là, tu crées juste un malentendu puisque science est communément compris comme science naturelle.",0,0
171,C'est le problème du coup: vraiment dur à dire quelles sont les erreurs.,0,0
2040,Voir à cet effet la note en bas de l article.,0,0
