,statement,toxic,is_toxic
4922,"You'd hate them, too, if you didn't want to ram your cock in-and-out of them.",1,1
3483,Scumo = fat useless christian cunt who only cares about his rich criminal mates,1,1
2576,Yeah well fuck those lesbian niggers.,1,1
2846,"Why y'all be recording these racist people , just beat they ass",1,1
2768,terrorist — choke on a cows ballsack fuckin racist ass URL,1,1
4463,"Fear my ass, whites trash is the true history of your Europeans, you better fear with prisons",1,1
3414,Probably sucked a PILE of dong.,1,1
3965,Liberalism is not a cult you twat.,1,1
4071,Joe Biden and his staff are liars and murderers and it's a time that the American people did something about this administration serious,1,1
3472,Im gonna commit suicide by drinking her pussy juice,1,1
4536,Bend over and take this dick like the slut that you are,1,1
4572,Muslims think they're going to take over the world !,1,1
2584,Ahmed Hashem fuck Gaza you stupid Muslim,1,1
4405,we gonna suck bite slap her big tits thn fuck them n jizz all on them shes such a fit slut,1,1
2526,"Inbred, sister fucking low IQ murderous stains on humanity.",1,1
2811,"Go fuck yourself, you're Chinese from Canada exploiting a mass shooting in Texas.",1,1
4435,Y'all the type to rape just cause women wear skirts,1,1
3470,Z suck a bag full of white dicks,1,1
2905,It makes my stomach hurt that all these bitches are hoes and really torment me,1,1
2968,the bitches in my mans hood aint about shit,1,1
3782,THESE BITCHES ARE FILTHY NASTY WHORES LMFAOOOO IM NEVER GONNA FIND A WIFE,1,1
3870,Trumptards are so stupid they cannot do simple math!,1,1
3674,Niggas do you wrong and act like they ain't do shit,1,1
2595,I smoke crack bitch watch your tongue,1,1
3967,Christians and their agenda are killing the Republican Party.,1,1
2969,Saddam: Stop stealing our oil Kuwait: No and your women are whores lmao Saddam: Aight bet URL,1,1
2667,"Ugly ass girl, bruh lookin like a giraffe penis",1,1
3044,"Fuck y'all pussy nikkas on Xbox live reporting my account name , y'all sum bitches on god",1,1
3525,Little dicks deserve to suffer and so do the pathetic man-babies attached to them.,1,1
2986,"Massachusetts with all the racist white people over there, I see why they call it MASSAchusetts",1,1
3940,TRUMP IS EVIL AND HIS SUPPORTERS ARE DEMONS,1,1
2541,These people are cucks who jerk off to traps.,1,1
3190,You need to fuk off you homophobic kunt,1,1
4384,Fuck her tits in that tiny tank top.,1,1
2607,Hoes Always Swear They Nigga Dont Want You But When You Pull Out Them Recipes That Shit Hit Different,1,1
2818,USA and Israel are nobody's friend their only friend is Satan,1,1
3322,People like this need to literally be castrated.,1,1
2774,Son niggas really ignorant like they don't look like hunchback of Notre Dam!,1,1
3941,WHERE ARE THE QUEENS BANNING THIS SHITE ?,1,1
3895,The Fucktard-in-Chief is fighting both the left and the right.,1,1
2722,You look like a gay cop who was caught fucking the junior deputies,1,1
4144,Throw the miserable S.O.B in prison for a few years.,1,1
4530,stupid ass hoe built like a piece of cabbage,1,1
3875,WHAT A BUNCH OF JACKASSES....,1,1
3791,"Time to use ""brute force"" on these islamic bastards",1,1
2892,If I start losing my bitch gon grab the tooly and let that hoe go off,1,1
3200,SEND THAT STUPID WOMAN BACK TO WHERE SHE CAME FROMAFRICA.,1,1
3893,I mean the democrat party act just like a bunch of thugs that are really 🤡.,1,1
3194,That sub and TheBluePill can suck eachother's penis,1,1
4838,I'm gonna shit all over this person and then be surprised that it upset them.,1,1
2871,I told that bitch this hoe look like a big punk he busted out laughing !,1,1
2907,"Thanks fag, Lemme suck u",1,1
4552,Nothing like deep throating a boot to prove you aren't gay.,1,1
2622,How about take your trophies and choke on em Soy Fag,1,1
3255,PUT YOUR PUSSY ON THE OHONE COWARD URL,1,1
3684,All four are evil vile women that need to go back to their own countries!,1,1
4328,"Equal pay, here we go with this bull crap again.",1,1
4964,FUCK ALL MUSLIMS I MUZZELED YALLS ASS ALONG TIME AGO.,1,1
3817,Imagine comparing the Native Americans and Aborigines to fucking Assadist Syria,1,1
3636,Nut on her face treat her like a cum bucket URL via,1,1
4364,"Lol those stupid cops are from the UK such a pussy country, they have no guns go ahead and beta their ass what are they gonna do?",1,1
3060,They can choke to death on a dick.,1,1
3705,Do you really want to fuck the priest or do you want to fuck God?,1,1
4274,Wtf is wrong with people these days And you fucking stupid people support this transgender fuck?,1,1
4390,"nigga YOU shut the fuck up, ol slippery spine ass nigga eat several dicks",1,1
3946,Hard to below but this idiot believes this bs the Liberal Elite is trying to feed America and so do some Liberal Idiots that keep commenting on our posts.,1,1
3587,Shut your trap you soyboy go back to your #blacklivesmatter protest,1,1
4142,Wtf is Joe Biden still president he needs impeached he is worthless and he committed treason,1,1
3196,You prolly the nagger shut up,1,1
3323,All they'll do is send priests to your homes and rape your kids.,1,1
3238,Dirty negros bastards piece of shit,1,1
3719,Iran deserve to get invaded by the us and the uk,1,1
2777,Eat their ass no homo tho,1,1
2702,I'm glad you guys split up that women is stupid,1,1
3738,Shame she turned out to be a criminal and a cunt.,1,1
3559,2 gays 1 child and 1 normal human Wtf?,1,1
3076,"I hate a dating to fuck ass bitch, fuck I look like wasting my time having meaningless sex",1,1
4202,Start facefucking you as I prep to repeat the process until your nothing but a cum-soaked pile of goo,1,1
3592,Omg let's find this psychotic bitch,1,1
4031,Bunch of rotten nitwit$,1,1
4339,"About half a century ago when Black People were running around naked, they probably didn't care about privacy or intruders.",1,1
3047,But when I put on girl clothes I'm a faggot,1,1
4145,Total scum....may you all pay with your lives,1,1
3660,How ugly can u Bee Mother fucker,1,1
4581,I would rather protect the nations that whites created from being flooded by 3rd worlders being corrupted by jews.,1,1
3356,"what is with white people and being pedophiles, con artists, and terrorists?",1,1
2692,niggas don't do shit but feed me lies and I act like a believe em,1,1
4767,Shitstain christianity - Control Tool of the World Elite (White Terrorist Colonizer ),1,1
3455,Like the dirty little whore she is,1,1
4341,"Americans are fucking stupid, arrogant cunts every event one eu team (g2 or empire) does well, and the other team has their asses handed to them, like lestream did here",1,1
3942,I am expressing my first amendment right to call you a #covididiot,1,1
3826,"Don't ask my why ion trust niggas , watched em hurt a bitch that ain do nun to em",1,1
3510,Cuz nasty fuckin people exist in America and their emboldened by a dipshit with a megaphone,1,1
4903,"Inb4 shitty sjw and all that shit, there are articles and Reddit posts explaining this shit.",1,1
4840,My eyes that work you fucking retarded nigger.,1,1
3675,Doctor Homosexual who sucks asian cocks and roided so hard his blood was borderline strawberry jelly,1,1
4055,"This woman has screwed her way to the top , but doesn't have a clue how to do her job .",1,1
3254,"The religion of death , these beasts deserve nothing but what they spread #",1,1
4646,girl if they dont shut the fuck up URL,1,1
4813,imagine sucking my dick and feeling my cum shoot down your throat you piece of garbage,1,1
4495,why are u here dirty ass rat ass hoe ass slut ass crusty ass dusty ass dumpster juice ass bottom of the barrel trash bag ass bitch,1,1
4726,hopefully they will abort ALL the anchor babies illegally born here by the foreign female aliens !,1,1
3118,niggas be having guns for show shit sad,1,1
4849,"It's against women's rights,it promotes,beating women,it condones child rape and child slavery.",1,1
2978,Drinking semen isn't gay as long as you don't slurp it through the meat straw.,1,1
3018,Go back to your country bitch,1,1
3020,"Indian wankers never learn , that is not your land , yet warmongering",1,1
2586,Lachy you don't have a dick suck a fat one,1,1
4213,Vic Berger wants the western world flooded with human garbage.,1,1
4403,Watch it or I'll enslave you and your mother and make her suck my balls while you watch.,1,1
3983,You are a traitor $loppy jOe!!!!,1,1
4822,I want to watch you stretch out her pussy while she is sucking My cock.,1,1
3777,"These 'christians' are phoney, garbage and deserve the devil.",1,1
4250,instantly b) women: punch him in their balls and then break their noses.,1,1
3835,Fuck your racist ass you cunt,1,1
2807,Stupid bitch hope she gets what she deserves,1,1
2501,"Any man who does that got to castrated, he doesn't deserve to enjoy sex",1,1
4303,Disgusting zero benefit to society cunts,1,1
4847,"all these hoes lame as shit, I'd air they shit out.",1,1
3068,Mean words are terrorism you fucking mongoloid,1,1
4899,we have an extremist problem u dumb bitch lmaooooooooooo girl u dumb as fuck,1,1
3336,Couple pussy niggas told they ain't my dawgs no mo,1,1
3262,Fuck Islam we should actually fight it,1,1
3307,"Fuck ya face, then suck ya tits while im balls deep in you",1,1
2723,Shut the fuck up you brown bitch,1,1
4295,"Putin - Good boy, now get down on your hands and knees and suck me off pussy.",1,1
3114,New modern warfare coming out so I can trick shot and call people niggers,1,1
4689,Why the FUCK should you get to murder a human life because you're too stupid to not get pregnant in the first place?,1,1
3598,I'm sure these dipshit redneck yokels already shot her and that's why the baby is alone.,1,1
4172,Hahaha I love trash bag nazi Americans.,1,1
3469,MoorsAreIsraelites you fools can't even crush garlic your completely retarded.,1,1
2552,I AM GOD THIS WOMAN SHOULD KILL HERSELF.,1,1
3680,That b¡tch should be in prison FR,1,1
4850,Their culture is trash but they don't seem to want to better themselves.,1,1
3682,a Latina skank with piercings lol,1,1
2965,turn you to a bbc slut when you take my dick balls deep in your tiny white ass URL,1,1
4966,Someone kill these people before they'll have a chance to breed,1,1
3762,Muhammad was a warmongering pedophile who destroyed the Middle East.,1,1
4940,Immigrants are building tech companies and blacks are building Big Macs.,1,1
3453,KIDS eyed bet u an uglier bitch huh tubby,1,1
4019,Woke self-righteous leftists are simply ugly humans to the core.,1,1
2767,and i'm sure this faggot will face ZERO consequences.,1,1
3425,hey bitch wassup bitch suck my dick bitch,1,1
2760,remove her fucking channel and lock her up.,1,1
2578,Santiago choke on a dick faggot,1,1
3443,I wish I could punch this dumb bitch.,1,1
3229,Spread your slut holes I'm sure they will get the hint,1,1
2689,"The ""shut up women, no one wants to hear from you"" countries.",1,1
3862,Here are some of the best Memes we’ve seen regarding Alec Baldwin‘s hypocrisy.,1,1
4333,Ill leave bruises on your throat ass tits and pussy you dirty slut,1,1
4894,"Girls that keep sucking after you nut, should be charged with attempted murder!",1,1
3228,We need concentration camps for theses freaks,1,1
2675,tyga is a fAG and his weak lyrics,1,1
4619,You just salty cause mgtow dont kiss yo ass and enable you.,1,1
4102,Biden the biggest douch bag in presidential history!,1,1
4647,Religion litterly wants to murder the world and everyone in it so Jesus/ God will make them his special creations,1,1
4946,#IslamExposed: Head-Bagged Islamic State Filth Defend Rapejihad.,1,1
4212,Fuck I'd dismantle a psychologist like that in an hour.,1,1
4634,Good wipe those dumb hick Christians out,1,1
4755,All the hoes are fighting for the right to murder babies after they take the dick and cum.,1,1
2918,Bitches are as retarded as they look lmao cannot stress that enough,1,1
4000,☭ #LIBERALISM is a Severe Disease and Mental Illness – Find a Cure - #Democrats #LiberalLogic #Leftists #LibTard #LiberalHypocrisy #JoeBiden - q-7391,1,1
3207,Too many brown people were flooded into America by the j€ws.,1,1
4542,"Where the fuck are your balls fuck the bankers and there ilk, we are the people and theres more of us then them",1,1
4929,The fact you limp wristed faggots don't have what it takes to get the job done doesn't exactly make you look better.,1,1
3179,"Deport 'em all, and build the wall.",1,1
4549,Go say sorry to your mom for being such an obnoxious little whiny pussy.,1,1
4510,"Dumb stupid hoe, the fucking CHEEK, I beg I don't even CHAT to her, omg please I will drag a bitch",1,1
3583,Yall bitches be groupies to niggas that be in my dms lol lame,1,1
3692,niggas dumb as hell for no reason at all,1,1
3670,"What a bunch of weak, sensitive fags.",1,1
3031,Hope his dick turns to a cancerous piece of shit,1,1
4073,CNN is all bout TRANSSEXUALISM of CHILDREN and Murdering BABIES.,1,1
4553,I'm just ready for the downvotes and angry people who live in shit holes that wish they could be in America lmao.,1,1
4617,"Beta Cucks taking themselves out of the gene pool, one dipshit at a time",1,1
2854,"Your mother was a dumb whore with a fat arse, did you k ow that?",1,1
3727,I want to piss in her ugly face,1,1
3122,"I would've beaten that skinhead virgin into the dirt, but that's just me.",1,1
4264,This is how I will treat your faggot ass in public.,1,1
4438,"Cortez you are the biggest liar, and your little baby talk you do just shows just how stupid you are.",1,1
2882,u dumb nazi shit u mad america blew u the fck away?,1,1
4331,Send Melania the Slut Cunt back home!,1,1
3434,I hope you get charged for being a dickless loser,1,1
4344,"I would fuck you at least three times a day, never letting you take them off.",1,1
3253,Rethugicans dont care about your Black ass either.,1,1
3033,YALL DO NOT LET THESE BITCH ASS NIGGAS MAKE U FEEL LIKE SHIT CAUSE THEY AINT SHIT,1,1
2542,Bitchs stay running they mouth LMAO y'all look so stupid,1,1
4299,This girl keeps playing games done with her shit snip snip hoe,1,1
2504,"Nasty, she's a nigger fucker: URL",1,1
2545,You niggas are really some fucking LOSERS it's sickening URL,1,1
3979,these wannabe fascists really are just fucking insane aren't they lol,1,1
3403,Bitch you trash and your bitches is dumpsters,1,1
3728,white ppl are fucked in the head,1,1
4158,We need religion tho...to control the dumbfucks and the poors.,1,1
3725,My god India is such a shit hole,1,1
4950,Thick and ready to be demolished by cock as her family slams home horrible food.,1,1
4812,"Time for sissy bitch caitlin to send, I can see you, you little cum gargling slut!",1,1
3245,Fags are disgusting and bad for you fren.,1,1
4866,"I don't have a ""hate boner"" for any specific sex pest.",1,1
4016,Liberals are nothing but hypocrites and wolves in sheep's clothing!,1,1
3905,All of the Trumptards are talking their sh%t that our prez can't walk without falling or tripping as compared to their cult leader.,1,1
2507,"I would, then fucking wreck that chick.",1,1
3463,I hope justice is served on this disgusting Muslim countries in prison,1,1
2649,this nigga a anime character URL,1,1
2751,Niggas said that nigga cleared people out the live like a smoke bomb,1,1
2592,"This shit has to be ironic, I know feminists are dumb, but they can't be this dumb",1,1
2685,Eat [this](URL too along with your pile of halal shit,1,1
4422,"This fuck girl, she said she doesn't know if her mom is considered pretty.",1,1
3098,Fuck outta here with this gay shit,1,1
3969,"Only then can true patriots, that care about their country and not mythology, correct the damage done by the ignorant and lazy masses.",1,1
2943,"Here on this sub, women are holes, girls are sluts, and your questions are stupid.",1,1
3243,"Man shut the fuck up you stupid bitch, I bet you don't get any pussy period URL",1,1
2996,Next time do 6 antisemites and 1 jew,1,1
4469,"Black people - savages, borderline non-human apes.",1,1
3127,"U right, probably some old nigga named Clyde",1,1
4347,The killer should have come with someone else to kill more people.,1,1
4305,You degenerate shitbags will hopefully be culled slowly and then burnt in pits.,1,1
4162,ILLEGALS ARE COMING FROM THE NORTH DUMBASS DO YOUR FUCKIN HOME WORK TRUMP LIARS,1,1
2756,Noah only a true faggot would've replied to my comment lol,1,1
4036,propaganda fuck you france 24 english,1,1
4357,Full of neon haired lefty sodomites.,1,1
2797,y'all still on this body count shit pop whatever pussy y'all have and shutup,1,1
4719,This is why you'll never get laid- you're a disgusting asshole,1,1
2940,Better dead than being abused by some Middle eastern douchebro chucklefucks.,1,1
4886,Imagine being the parents of that degenerate,1,1
4485,Morons like you are why there are warning labels on plastic bags.,1,1
4762,I can smell her filthy stink through the fucking phone and I'm offended that she keeps wasting oxygen that would be better used on someone else.,1,1
2624,come suck my sweaty dick URL,1,1
2939,Yeah these criminals need to go back to their own countries.,1,1
3944,You're a piece of crap #bitchymitchy,1,1
3566,"Oh, eat sh*t, you cowardly evangelical terrorist.",1,1
4650,EAT SHIT tRUMP supporters and fucking die ASSHOLES,1,1
4025,I’m with you on the ridiculousness that Chris brings to the show.,1,1
4593,"She should be exterminated along with half the ""people"" in this video.",1,1
3021,Homo's hate Him This man sucked 20 dicks in an hour Just by looking at them!,1,1
3575,frick her right in the pussy,1,1
4969,"Fuck your ass on that dildo while I watch you, slave!",1,1
3568,Haha silly america making whores illegal,1,1
3604,Why do all the crazy ass nasty white boys looks sick and deformed in the face?,1,1
4107,"Joe Is An INTENTIONAL IDIOT, SURROUNDED BY MORE INCOMPETENT PEOPLE!!!",1,1
2920,Jesus how fucking autistic are you hahaha,1,1
3180,Say it with me: Fuck Israel,1,1
4801,All of your family are stupid fat white redneck trash.,1,1
4570,Fuck you fuck you you stupid cheating bitch go lick a dick and die ur a stupid nigger bitch,1,1
3868,"We’re going to gather up ALL of your guns, melt them down and turn them into a gargantuan metal mountain emblazoned with the face of Hillary Clinton.",1,1
3456,more proof that whites are subhuman,1,1
3987,We're not that stupid Lying Joe!,1,1
2822,I'm sorry But a bunch of Niggas Sitting here Looks Gay ‍,1,1
4479,Lil bitch can't handle a real girl anyways tiny dick bitch!,1,1
3315,fuck you fuck your friends and fuck your bitch,1,1
2950,all that pussy nigga choose to eat her ass.,1,1
3865,Planned Parenthoods on every damn corner.,1,1
3533,Hey faggot I need some gas money.,1,1
3915,Allen west is a war criminal and Obama killing 13 year old boys for being 13 is ok.,1,1
3956,Well you want woke entitled sh*thead...here ya go mom and dad!!!,1,1
4174,All we see is someone being an insecure piece of shit.,1,1
3501,"Will fuck you suarrrrrrrrrrrrrrrrr,get out from my country Namak haram",1,1
3883,THESE TRAITOROUS FUCKWADS NEED TO BE TAKEN OUT!,1,1
4313,We don't pay taxes so you can waste them on lighting up dried shit left here by invaders!,1,1
3949,He went from whistle blower to traitor nearly overnight.,1,1
2794,If you cant fuck em' during broad day light maybe you shouldnt be fucking em' periodttttt,1,1
3848,"Furthermore, I was approached by Gay Men/Pedophiles to make Gay/Pedophile Porn while still age 14, 15, 16 and 17.",1,1
4160,"Execute them all at 3:00 am , just like Joe Biden left Afghanistan and no one would know they are gone!!!",1,1
4275,You DemTards would be raising hell in the streets.,1,1
4882,"Get yote you fucking pedo trash, hope you get locked up in the penitentiary opposite your choice",1,1
4155,BUT DOSENT RUN WHEN HE SHITS HIS PANTS WITH THE POPE.,1,1
3423,Damn Slime you acting different yeah fuck yall hoes and niggas,1,1
2893,Bloody india will go to hell all these bastereds,1,1
4654,You're going to your God's hell for allowing your priests to molest children.,1,1
2941,"Get that baby dick out of your mouth, degenerate mohel.",1,1
3462,Just here for the ratio you homophobic bitch URL,1,1
3638,"Bro, i suggest you die off retard.",1,1
3069,*laughs in killing apostates and oppressing gays and women*,1,1
2840,Jack off jew says nobody takes Bitcoin Hahahahahahis own company takes itwhat i call a jack off jew.,1,1
4670,"Holy shit Joe Rogan you shoulda seen this, fuckin' savages all over HAHAHAHHAH AHAHAHAH.",1,1
3468,Can we go to their country and kill their people with impunity?,1,1
2876,I hope a man gets him pregnant in jail.,1,1
2917,"You look like the type of kid who calls his teacher a ""faggot cunt""",1,1
2825,I can't wait for China to fucking colonize France.,1,1
4842,I hear there is an island somewhere near the Caribbean why don't you all move there and Rule as a satanic NWO and just eliminate yourselves!,1,1
2660,Oh god not this fucking cancerous shitposting fake feminist again.,1,1
4806,"Is Chris really a Christie, one of those ugly lesbians in a suit.",1,1
4759,Fuck Him Like You Fuck'n Own Him and Get His Fuck'n Cunt Hurt'n Fuck'n Good and Fuck'n Beggin' for the Filthy Fuck'n Good Balls Deep Fuck'n Unload (Part 1) URL,1,1
4975,"In this posisjon i would fuck your mouth, while changing 5 dollars to fuck your pussy.",1,1
2735,You're a Zionist cunt if you can support those cultists.,1,1
3420,No she needs to get deported demon bitch is fake,1,1
4522,Slide this middle finger in her shit and I will bang you and your mother.,1,1
4474,"I will hit you and take your life, money and family.",1,1
3051,"mom, you are a brainless whore who only want to suck handsome man's dick",1,1
3028,She must be a hoe that's why she needs that much condoms,1,1
3251,All these niggas make me sick,1,1
4911,The only reason I stay on reddit is to piss off highschool kids like you by saying mean words.,1,1
2668,"​+Large Marche Yeah, ya stupid fascist.",1,1
3755,"She is genuinely hideous, a dumb, mentally ill fascist",1,1
3657,That guy already looks like the biggest faggot of the week,1,1
4947,anqueefta is formed by the demoncraps same bullshit to buy votes with a welfare check,1,1
4452,"Welcome to the Dumbfuckistan, a police state where nothing is more important than making sure Dear Leader isn't yelled at or ridiculed for being a racist piece of shit.",1,1
4304,"He will make sure each and every jihadi bastard in your country will die a painful death, and your rogue state Naapak Pakistan will be finished forever URL",1,1
4221,Tell His Ass Gon Somewea Lil Crackhead Like Joseline Do,1,1
4862,"The most disgusting aliens ever to hit the Earth, they are responsible for 500 years of slavery, genocides, apartheid, dispossession, separation, racism, discrimination, global warming, and more.",1,1
2587,cute and fuck bitch face fuck her three holes spank her ass,1,1
4201,"They have always been the white devils enslaving, killing, raping, and stealing native lands!!",1,1
4038,"His presidency isn't dead, his brain is.",1,1
3149,niggas are bitches and a waste of time,1,1
3859,"Why are WSACC students so fucking annoying and fake when it comes to class participation? There is no need to act like a slut for it that brings annoyance and disgust to many other students. Because of your selfish and greedy whore-like attitude, the lecturer have to repeatedly waste time to answer something you understood already for the sake of your own PCT.",1,1
4058,dident get what so bad about this video.... i think u just jealous logan paul.... fuck humens,1,1
2957,THIS GIRL IS MORE TOXIC THAN MAH DICK,1,1
4630,I bet a ear like you raped almost every girl he layed his hands on even 12weeks old.,1,1
2585,"Maybe if all these toxic men would stop raping little girls, we never would be here.",1,1
3484,No you're a dumbfuck incel about to go on a rampage.,1,1
3750,Good bout time Israel crushes the arabs again,1,1
3071,Next nigga make me mad I'm beating they ass omm.,1,1
3608,It's a war on women &amp; it's time we knock these men the fuck out,1,1
3993,Say what u will envious hateful small dicked fuckwads,1,1
2691,"Get yote you fucking pedo trash, hope you get locked up in the penitentiary opposite your choice",1,1
4965,Then I'd titfuck your big cow udders and finish by covering them with my cum.,1,1
3550,wow i look so dumb flaunting this nigga when the whole time he been fuckin someone else,1,1
2793,I'd pound her fuck hole with your cum on her face,1,1
3217,I mean bitch go to hell,1,1
2983,This is what the black man is used for nowadays?,1,1
4750,I would bend u over shove my cock into ur ass and piss in u.,1,1
4629,"You have ugly fucking tits, but im sure that a slut like you makes up for it with her mouth.",1,1
4085,Biden is an absolute piece of shlt.,1,1
3220,I hate bitchy gays of any color.,1,1
2557,When you contry is so shitty that even refugees don't want come,1,1
3517,"So then move there, see how welcoming they are to your pasty white faggot ass",1,1
3924,You know who you are….￼and you are pathetic.,1,1
3417,Hardin is a phucking racist pussy.,1,1
4538,I swear they are the most ignorant disgusting people I've ever came across,1,1
2714,The bitch look lazy and retarded,1,1
4974,Lol yall retards so fucking dumb like give yourself the death penalty or stop tripping over some lame shit,1,1
3266,These stupids are all white anyways.,1,1
2746,These ugly skanks believe there own lies,1,1
4527,That's because soccer players are cock sucking pussies,1,1
2706,"A whole bunch of WHITE HATEFUCK WHITE PPL, FUCK THE NBA, FUCK THE NFL.",1,1
3205,"Haha good luck with the daily school shootings, pfft an army would stomp your white little sensitive bitch asses",1,1
4069,"holy shit, its actually ironically funny now that this shit is fun to gawk at these dumbasses",1,1
3686,Don't go to third world countries filled with violent low IQ third worlders.,1,1
3007,If you fuck kids you dont deserve the shit sentences these fuckheads get.,1,1
3544,Gay schooli hope i could shove my hoe into these bitches ass,1,1
3358,I'd punch her in the face with my dick.,1,1
3335,Id fuck that tight boy pussy so hard you pathetic slut.,1,1
3879,Nothing but a terrorist poverty pimp.,1,1
2817,"Are u fuckin mad,he wanted to shoot him,fucking cunt",1,1
4781,Weebs of any gender are surprisingly welcoming of penises,1,1
4292,"That these arrogant, hate-filled, morally bankrupt lesbian ""women?""",1,1
3857,And get off my dick with that Christian shit.,1,1
4612,"Just block me already, female subhuman.",1,1
4701,We should burn them all like witches or keep them in Church ghetto style area & go ahead with technology human enhancement for everyone else.,1,1
4460,your absolutely fucking dog shit go get some pussy lil nigga,1,1
3520,I'd fuck your pussy so deep you'd choke on my cock.,1,1
4732,Good luck with no fap you fucking degenerate loser fuck.,1,1
3770,edgy thot dumb ass bitch and depressed bitch,1,1
3577,bitch should be masturbating while im fucking,1,1
2924,10 Jumping people is pussy af Bonus pussy points if pull a knife,1,1
3062,You goofy ass niggas be hanging wit niggas who don't take care of their kids,1,1
4153,The people that clapped for her should be shot,1,1
4377,cant fuck w no nigga who easy to give his dick to the next bitch thats ghetto and dirty.,1,1
2833,Words don't hurt her but cramming her penis into that thong everyday sure does.,1,1
4779,Man iont give a fuck bout no hoe fuck you bitch fuck a hoe,1,1
4993,Then that's their fucking choice.,1,1
3854,"Yep those Trumptards, sure wish they had a union now to fight the vaccination legal battle, dumbassess??",1,1
2894,Look at all of them worshipping that one giant dick!,1,1
3346,"She should be exterminated along with half the ""people"" in this video.",1,1
2972,America will stop invading countries when muslims stop decapatating people in the name of allah.,1,1
3096,"That Catholics for ya, inbred n abused.",1,1
4821,Hopefully the next school shooter shoots up the faggot inventor of these instead.,1,1
3369,"Leave you weak boned neanderthal, you're primitive scum.",1,1
4105,I'd love to see these Republicans slowly flayed alive and see how much is removed before they take back their lies.,1,1
3388,Hoes need to stop birthing these ugly ass babies and callin them cute and shit idc idc,1,1
4464,"Simple solution, she's a thot so you must eradicate her",1,1
3276,She's a piece of shit I hope she catches an STD.,1,1
3000,Worthless sissy bitches like you make men look bad,1,1
4023,Do you think it’s possible for this lady to sound more stupid?,1,1
4957,"), these sluts are now so shameless that they can't help but let the whole world know that they're sluts, and men can then avoid them easily.",1,1
4068,To say you can’t be racist is the dumbest statement EVER!,1,1
2544,Another fake ass Christian piece of shit.,1,1
2897,And I hope you get blown the fuck up.,1,1
4439,My personal favorite is she's for gun control but loves to drug and rob men after they fuck her.,1,1
3989,You stupid fucking trumpsters done winning yet,1,1
3861,You're a special kind of stupid.,1,1
2773,All men have a gay orgy to stop future generations from existing,1,1
2761,"dGayWisher Hey gDayWisher, I hope you can fuck right off,you IQ deficient robot",1,1
3953,Everything Trump touches turns to poo.,1,1
4939,Was he laughing when pusha T tore his albino ass to pieces,1,1
4228,"satan would reject you to hell, and say its too harsh for the other people.",1,1
4075,Two assholes holding the whole Democratic Party hostage.,1,1
4807,Child molesting Jew fuck needs to be hung in public,1,1
4962,Keep fucking with ppl older than you and you're gonna have some adult problems at a young age.,1,1
4826,"Dead ass, that Ordes Speaks nigga and his WHOLE frat needs to be in jail.",1,1
4548,The 3 hundred thousand Hindus (actually much more) are being attempted to be resettled from where they were driven out by liberal friendly muslim bigots.,1,1
3917,"DOESN'T SOUND RIGHT TO ME..........NEED A FUCKING HOUSE INVESTIGATION, NANCY!",1,1
3278,faggot is a piece of shit scammer,1,1
3589,I'd deport them all to feminist shithole Sweden.,1,1
4772,KILL THEM ALL PUT THEM HOES TO REST WALK IN BULLETPROOF VEST,1,1
3359,You are the biggest fucking faggot on this planet,1,1
4564,He may be a cunt but you're a fucking retard and I'd rather be a cunt than retarded,1,1
4573,All the salty little bitches in these comments make me laugh.,1,1
4805,When black folks don't get their lynch mob justice.,1,1
2804,"as a muslim, fuck jews and israel, may allah curse you and your famliy, yhaud cunt",1,1
4175,Send them all back to Syria or whatever hellhole they come from,1,1
2726,Call me your ugly wife person you're racist because you're white,1,1
2718,"i'm badder then you bitches , oh and fuck you too my sloppy seconds",1,1
2546,This just proves that Africans are morons,1,1
2712,Hrrrrrr thats bad but that nigger got more life,1,1
2528,Lol because must of em are lgbt States u homosexuals getting your wake up call by god,1,1
3885,The word Rich is widened in shape on her gown means her ass is big while AOC's tits are poorly small.,1,1
2647,We love little fags like you who think they'll make a difference.,1,1
4763,dumb goes bum hoes fuck i can't stand em',1,1
4104,Wait... actually I can because Maher is an idiot.,1,1
4623,I wanna choke your wife with my cock whilst you watch #efdp #findom #transexual #paypig #cuck,1,1
3713,"Beezus C Hrist if you look anywhere on the map, predominantly Hispanic and black countries are poop holes.",1,1
3170,My blood pressure just went fucking ape,1,1
4905,"That's right, send them your ill-gotten gains, you grifting scum.",1,1
4168,"Stupid fucking cunt, you're a waste of good flesh and I hope you get cancer.",1,1
2515,Bitch u a pussy and that's why yo bitch was on my dick,1,1
2513,The pussy that gave birth to u is a trash,1,1
4494,Your Allah is none other than the devil himself!,1,1
4249,"Nahhhh, I am just going to rub and press and slap your ass, asshole, and pussy with my cock teasingly until I hear you beg for it",1,1
3101,America should TARIFF all Remittance $$$ sent back to Mexico to cripple their incompetent open border country.,1,1
4030,"Back to your caves ignorant morons , take JESUS WITH YOU.",1,1
3815,America is a white supremacist nation.,1,1
4919,Holy fuck i would love those tits in my face as you rode my hard cock,1,1
4887,Then choke that nigger to death and laugh while I'm doing it ROFL!,1,1
2926,This Nazi fucking racists is going to start a cilvil war!!,1,1
4310,And BET aka bullshit entertainment trash supports trash artists while sh****ing on real talent.,1,1
4568,coz whore like you is only worth her holes here,1,1
3724,gonna fuck this guy till his bootyhole bleeds #PrideMonth2019 #NationalBestFriendDay,1,1
3850,People like you deserve to be castrated in Public...,1,1
4667,Men like this need to be eradicated from the earth,1,1
3292,I fucking hate Antioch ass niggas .,1,1
3401,Yall sum fake ass niggas on god.,1,1
2711,Meh better than being a skank who shouldn't be classified as human,1,1
2954,Listen this nigga would have to die idgaf,1,1
2803,Fuck yall can eat shit n Die,1,1
4648,"Jesus fucking Christ, this country has the dumbest motherfuckers.",1,1
2929,"Vile garbage, a joke, orange imbecile, white trash.",1,1
4330,u bitches are digusting and shouldnt be allowed to have childrenand u niggas need to stop nuttin in everything URL,1,1
3041,Nigga got his bitch taking that dick with a window view URL,1,1
3909,Now the fool is spewing lies in Italy and Scotland.,1,1
3704,We send Africa so much money and food but warlords and dumbass presidents take it.,1,1
4101,"That means: impeach, arrest, trial, execute.",1,1
3534,"Tell em shoot her in the face, bitch, I hate thots URL",1,1
4415,Imran Khan should go all Mao on this retard.,1,1
3907,Fuck Zuckerberg and fuck Facebook,1,1
3611,Yal niggas gone get pregnant from all that dick riding,1,1
4613,I may have wound up shot because I think I'd go nuts on this group of white trash,1,1
3191,"Send her back - the Islamist sow supports terrorists - and don't let her back, either.",1,1
2701,"niggas hate to see women win, a mental illness",1,1
4958,"Good whore, keep taking your Mommy's fat cock like a good bitch that you are! Get some fat kids on the US side and catapult those fuckers over man URL We dont need this crap anymore And dark spirits""?",1,1
4227,Send the Muslim bitches home to dirt country,1,1
3964,Your scary sh…🤬You need to move to China!,1,1
2548,another bitch will when another bitch can't,1,1
3737,A known KKK member Mitch the bitch is also known a stuffed white racist pig n A pig turtle,1,1
4660,he sucks huge hollywood dicks just to be that goody too shoes lil fuckin chink.,1,1
4556,Maybe you stop being a white knight and joining in arguments aye you piece of shit?,1,1
3939,"WHEN DIMENTIATED DEMOCRAPS ARE RUNNING THE SHOW, SCUMFUKS LIKE ""ELGORE"" THINK IT'S SAFE TO SHOW THEMSELVES AND PEDDLE THEIR BULLSHIT!",1,1
4611,"and if demographics continue the way they are, they'll fuck you and replace in 2 generations.",1,1
3167,"Fuck Area 51, Go raid them streets and clean up some trash niggas",1,1
3595,Stupid ass white boy go back to school and shoot something,1,1
4857,A bunch of wumao couldn't get their way so threw a hissy fit and pulled out the fucking wumao anthem in australia?,1,1
4595,CNN is absolutely right family's need to stay together so they need to get the fuck out and take your bastard welfare kids right with you,1,1
4245,A dipshit if ur telling the truth and a pussy ass nigga who gets no pussy who needs attention if ur lying.,1,1
4700,US was bitch slapped by undearaged peasants in Vietnam and is about to be kicked out of Afghanistan by illiterates armed with AK47s.,1,1
3948,"Fuck the NBA, NFL and MLB.",1,1
2936,Motherfuckers to fix their own countries and stop ruining ours.,1,1
3151,Three black people demonic Democrats they should be deported probley caravan members,1,1
2857,I wish bitches would go back to suckin real dicks and stop suckin on food,1,1
3392,THE BITCH'S ARE GOING AWAY,1,1
2779,World should show Muslims to get out of Earth,1,1
3637,I hate 12 ion care bitch ass niggas,1,1
2579,Shut your bitch ass up pussy,1,1
4376,And any 40 year old man that fucks 16 year old girls deserves to be euthanized,1,1
4579,Your mom probably fucking prostitutes for food stamps you goddamn slut.,1,1
2741,Fuck you fucking enviromentalist piece of gay shit,1,1
3934,#fjb #fkh You traitors will be hauled out of office soon.,1,1
4222,This is for the filthy faggots drink my douche water fag #RT #alpha #domination #worship #fetish URL,1,1
4799,Change the name black entertainment to BULLSHIT,1,1
3809,"I'd drill her balls deep, I guess she can handle that?",1,1
3837,fuck dat bitch that hoe ain't shit she cross the line with me too,1,1
2503,Two dicks in your pussy at the same time?!,1,1
3581,"Yeah, I fucked your mom last night",1,1
3504,Move to Pakistan you anti American.,1,1
4578,We need to nuke the Middle East off the map so the white race can prosper once again.,1,1
3099,"You're a fag and a retard, and not even the good kind like us.",1,1
3050,"Ewwww, a dumb bitch who insults people in order to feel better about her pathetic life.",1,1
4001,Lies u fuck with people heads get the fuck out of he bitch,1,1
3380,Small dykes can slang some mean dick on a thick jawn youll be suprised URL,1,1
3177,"Try me, fucking mexican little bitch",1,1
4171,Is the average Pakistani this much of a retard?,1,1
2885,"nigga fuck u &amp; yo mama, my shit work too lil retard !",1,1
4297,Build a wall and keep all of these fucking parasites out of the United States.,1,1
3248,If you're this kids parent go and twat him and his fucking father aswell.,1,1
4511,You have officially ruined my Saturday by being a worthless piece of trash.,1,1
4127,He’s a lying racist pig.,1,1
3267,Have fun with your raped mother hating you for the rest of your lives.,1,1
3514,"I would fuck you bareback so hard, and empty my balls in your pussy.",1,1
4880,buy some diapers bitch niggas do anything for pussy duck ass,1,1
4236,put his brown ass in jail for life for just supplying white folks who love to put drugs up their nose in their veins and probably up there ass.,1,1
4468,Maybe that's why you have to fuck so many guys because none of them would want to have a long term relationship with you.,1,1
3165,THIS EVIL PIECE OF CRAP NEEDS TO WORRY ABOUT HER ASS NOW!,1,1
3153,Face fuck the shit out of her,1,1
4385,"Hiss at all women and yell ""BEGONE THOT""",1,1
4128,OH HELL NO BRING ON THE NUREMBERG TRIALS arrest all these mass serial murderers !,1,1
3928,"You’re not a Governor, you’re a CAREER CRIMINAL",1,1
4605,Just need to finish off my cock with cum all over your slut face.,1,1
3665,Should've beat that other nig's ass too.,1,1
2887,this man is literally mentally r*tarded,1,1
3633,I'm convinced this generation is filled with soft ass bitches,1,1
3671,shut up idiot i dont care i do not watch your videos because you are black,1,1
3757,Mudsharks with chronic white guilt are skanks and cowards.,1,1
4524,Stand up UK citizens and take your fucking country back!,1,1
2617,You avoid our pretty black girl's and selected a stupid white girl what a pity,1,1
3432,I'd like to take turns fucking both your pussies,1,1
2987,"Yeah, this woman is fucking dumb as hell.",1,1
2922,don't be a cunty bitch.,1,1
2682,That's why women be fat as fuck these days,1,1
4789,That ass would be bruised purple for the next few weeks.,1,1
3411,Try to kill chinese in china?,1,1
4291,Go fuck yourself hillbilly cracker fuckshit.,1,1
2914,what a fucking piece of shit.,1,1
4550,Trump Cheeto ass just needs to be assassinated already.,1,1
4808,That is ok we can bring the bastards here put them in jails and when they finish the sentence DEPORT THEM GREAT!,1,1
3172,"Women are being slaughtered in the ashes, and Donald trump is the MAN",1,1
4908,This slutty cunt has my horny cock raging.,1,1
3286,Damned vietnamese crackers defiling the Ming dynasty,1,1
3760,Choke on a drunk man's dick queer,1,1
2852,bitch ur french tuck just because queer eye already,1,1
4523,These faggots cant wait their turn smh,1,1
3005,All these bitches be horny at this time.,1,1
3896,"PS: when he talks about changing the libel laws, he's talking about amending the 1st Fucking Amendment.",1,1
4626,"TBH found it disgusting, your typical average feminist is vile/repulsive.",1,1
4858,"Fuck that, I hope all you fuck niggas die",1,1
4800,California would be a better place without all the dirty mexicans,1,1
3543,Bitches piss me off thot ass hoes,1,1
3295,Man these stupid thots never learn,1,1
3273,Aye who raised you beggin ass bitches??,1,1
4609,Saudi should attack Iran and see what happens to these barbaric cowards!,1,1
2506,Females are stupid dumb and ready to do anything for fucking clout,1,1
3717,Just your opinion stupid white trash.,1,1
3054,Just cut them all off already.,1,1
2525,I would totally fuck your wife,1,1
3105,I can't stand a weak ass bitch !,1,1
4216,Help a cum dump whore to meet group fuckers.,1,1
3487,"post reply, or else i will shove my BBC up ur cracka ass yoyoyoy",1,1
4444,This will simply gassing the Jews,1,1
2676,Why is this country so fucking dumb?,1,1
3676,We should nuke all the whites amirite?,1,1
3115,Probably because open relationships are for overgrown weird theatre kids who learned the could fuck each other.,1,1
3437,Johnny is just acting like a stupid white male who thinks everything obeys him.,1,1
2529,U know dem fuck niggas hate.,1,1
3435,"delete me out this foolishness, nigger",1,1
3927,#fairelections #fuckjoebiden #fuckzuckerberg #freespeech #loveusa #saveamerica #maga,1,1
2643,"God damn, the fucking retards on 4chan usually don't get to me, but fuck.",1,1
3669,U have to be on my dick to be mine,1,1
2963,Women who support this admistration are horrible people.,1,1
3001,Id make her suck my cock,1,1
3227,Transgender is a mental disorder and so is homosexual.,1,1
3436,I want to drain my balls up her asshole!,1,1
3548,It's fair game once you disrespect me fuck her ass,1,1
2958,you fags are so insufferable sometimes makes me want to convert to alt-rightism,1,1
4447,You are without a doubt the most vile pathetic disgusting disgusting racist radical.,1,1
4372,"Keep her bent over, rip the shorts off and pull her hair while I gape her asshole",1,1
4996,I hope Iran nukes the cancer USA so then the stupid dog UK will shut thier wagging tails.,1,1
3094,Fuck that hoe ass nigga URL,1,1
4520,allah created white whores as temptation and you degenerates fail everyday hope you enjoy hellfire,1,1
3769,fuck my face FUCK IT ugly ass stupid whore with bad face,1,1
4739,Wish I could fit my cock in your tight ass!,1,1
4318,So be a good girl lay there and cry while you get gangraped,1,1
3679,No I got mad because you're a stupid fucking faggot,1,1
2527,Get a load of this nigger.,1,1
3549,That bitch look like 9/11 the day after.,1,1
2635,What a hot little fuck puppet she is!,1,1
4051,"The more pigs who quit or die from covid, the safer we'll all be",1,1
3318,noisy scamtard indulging to fetishism and not working penis replacement duly blocked *click* URL,1,1
2984,Breeding like a fucking animal you bitches disgust me,1,1
3185,Did no one teach you niggers to brush the back of your tongues??,1,1
2765,Go back to Somalia save your own dam country and leave AMERICA to Americans!,1,1
4955,bitch i hope you burn in hell,1,1
3651,"Bring it, Rambo wannabe mediocre old white assholes.",1,1
3399,"Actually its the opposite, woman are picky ass bitches and men if horny enough will fuck anything",1,1
4301,"This make me mad as hell, I hope someone stop this bitches throat in",1,1
2637,Must be that her personality sucks or she's too annoying to fuck because she's pretty hot.,1,1
3906,Fuck Joe Biden!,1,1
4809,Shut the fuck up Merkel you piece of shit cunt Nazi.,1,1
2517,U wanna kick Army out of GB try ur best Indian cunt.,1,1
3446,I'd like to see you tell even one of them to his face that their culture is trashy.,1,1
2758,Time to expose the deep state *Jewish* pedophiles,1,1
4416,"Why is it these Asian people are so stupid to overload their trucks and just invite tragedy ffs, dumb cunts you are.",1,1
2713,If u living without him in your life then u a dead ass Nigga.,1,1
2697,Keep killing each other you warmongering nation.,1,1
3690,"No child fucker here, you stupid ignorant American.",1,1
3641,"Holy fuck, she really is ugly as a motherfucker",1,1
4387,Santiago choke on a dick faggot,1,1
4904,"Why y'all be recording these racist people , just beat they ass",1,1
4191,Bottom bitches should get locked up in a cock cage!,1,1
4718,America has turned into pussy grabber nazi land.,1,1
3673,niggas ain't meant to be fucked wit nd bitches ain't meant to be trusted,1,1
3881,"Democrats and progressives extremely racist, ignorant and well some plain evil .",1,1
3601,Juicy pussy needs to be fucked,1,1
3867,Have fun with the new menu you bigoted fucks.,1,1
2945,I will cum deep in that whore asshole,1,1
4070,Why can't we have intelligent black people on TV?,1,1
4680,tengtx bitch I'll beat yo mama ass for the dumb ass comment,1,1
4126,"The people see through these phony, corrupt, lying, scheming democrats.",1,1
4691,Bitch get the fuck off the internet runningbyour mouth bitch and grow up,1,1
3389,Goodbye ghetto ass kids and their lowlife parents.,1,1
2680,Send that brother f*cker back to her shithole country!,1,1
3615,Fill my nigger mouth with your white cock,1,1
3412,use my cock to fuck yourself URL,1,1
4218,Bitches really is stupid dumb ass bitch,1,1
3111,Can I rip her eyeballs out and pluck every eyelash and hairs of this racist retarded and ugly hoe,1,1
4229,But I'm def above fucking a bitch who was skinny when I tried to smash and got fat.,1,1
3522,I hope your mother dies in crippling agony.,1,1
2630,Hahahahaha get exposed you autistic degenerate,1,1
4991,How did human civilization progress all these years without men acting like the little bitches they are today.,1,1
3104,50 lakh people beat 135 crores shitty Indians and yes I am also one of themIndians are shit,1,1
3839,Law enforcement is a safe haven for racism and sadism much like the priesthood is a sanctuary for pedophiles.,1,1
4187,Once done they tossed and kicked their heads away like so much garbage,1,1
4973,Chapo banned me for calling them niggers.,1,1
3097,Man iont give a fuck bout no hoe fuck you bitch fuck a hoe,1,1
2591,I don't want to see anymore bitches on my tl fucking and sucking on cucumbers,1,1
4874,This ''march'' needs to be bombed and blown up.,1,1
2614,She fucks 5 people a day.,1,1
3467,"How can people actually be this retarded especially that Exclusive Nightclub chick ""K!""",1,1
3235,Ace nigga your scurny ass scared lmao dumbass faker fan,1,1
4517,#noshame I'll put my dick right in your mouth.,1,1
4610,Mfs still gone fuck a bitch knowing she got a STD?,1,1
3746,It's pretty amazing how cute these black cock sluts are these days.,1,1
3897,Just another money making fund raiser for the Libtard thieves...,1,1
4519,Bunch of fucking cuck faggots in here.,1,1
2979,Go take a dick in your ass.,1,1
4774,"At least I have fewer chromosomes than you, bitch",1,1
2744,"Your moms a bitch, so stfu bitch",1,1
4559,"Please do yourself a favor log off, and floss until you're fucking dead because shit like this does not work here nor are you welcome here.",1,1
3515,want this stupid dyke to choke me out URL,1,1
4902,Need to expose this illegal Dictator for what he islying slimeball muslim Fagala!!,1,1
3371,"Finally, a cunt ready to be filled balls deep with cum.",1,1
4094,It's NOT shocking.... we have a traitorous buffoon in the WH.,1,1
4690,Fuck you go die you fucking bitch ugly ass bitch,1,1
2872,Outside of Punjab the country's a shithole anyways,1,1
2976,I hope this bitch asss nigga calls me so I call start trippin on his ass,1,1
2971,And by a catty whore bitch.,1,1
3474,I will fucking destroy ur bloodline u fucking bitch,1,1
4541,FUCK YOU AND YOUR KIKE POEM IT DOESNT REPRESENT AMERICA OR AMERICAN VALUES YOU WORM,1,1
2686,Private school douche bag who never really stopped 'experimenting' with dick sucking,1,1
4685,Dealt with racist shits like you since birth.,1,1
3991,"WE WILL ""GET THE ATTENTION"" OF YOUR FELLOW LIBFUK DEMOCRAPS WHEN WE TAKE YOU OUT SCHIFF, YOU BUG-EYED PEDOPHILE!",1,1
4533,Your the little fucking bitch too pussy to say anything to anyone in person instead you fucking tweet it on twitter like a little fucking kid would.,1,1
4378,The us woman's team is a fucking disgrace to footballs everywhere!!,1,1
2754,your mom gay and your hair looks like pewbs.,1,1
2899,"No racist , they are coming in w diseases to kill Americans.",1,1
3075,Better get 2 abortions for your spawn cause you're a dickun,1,1
2533,Send Melania back to the shit hole country she's from.,1,1
3958,"Think Valerie Jarrett (monster Muslim), Bilderberg.",1,1
2829,The Chinese government are a bunch of fucking limp dicked cowards,1,1
4177,shove the buttplug down your throat and stfu.,1,1
2737,i shove my mental illness down guys throats.,1,1
4597,Pride pin shit gay people are honestly degenerate retards,1,1
3959,We suck and blow if we let Congress drag this garbage out even one more day!,1,1
4883,"Subhuman scum; mongrel breedpeople in a death cult reading books of sorcery glorifying their prophet, a goat-fvcking and murderous pedophile.",1,1
3261,Iran's Government is evil and needs to be destroyed.,1,1
3790,hey dumbcvnt the INDIANS are from SIBERIA according to DNA!,1,1
3715,MooHamMad was a rapist pedophile hitler of Arabia,1,1
3186,i'll slap the shit out of a white supremacist,1,1
3864,“You Trumpsters better pray that liberals never gain control of the WH again because we are going to pay you back so fucking hard for all of this shit.,1,1
3667,Honestly nobody gives a fuck you fake bitch,1,1
2841,Bitch got thag nigga fucking her ass till he feed her all that nut URL,1,1
4986,"Your mother has passionate vigorous sex with all sorts of men, regardless of their race, creed, color, disability, or national origin.",1,1
2973,You look like a to-order male prostitute who caters to groups of a Japanese businessmen with very specific fetishes.,1,1
3836,Having sex with cows we should let them ?,1,1
2678,i wanna pump 90 quadrillion loads into that disgusting lookin euro trash HIV asshole,1,1
3627,Watch a nigga get deported for some dumb shit like this.,1,1
3706,I sincerely hope you never have kids cunt.,1,1
4981,Ilhan Omar leave the USA AND go back to hell from whence you came.,1,1
3103,I love helping a new sissy get cock URL,1,1
4810,"Good'o Amalekites, those fucks killed and slaughtered our people too, that tribe were some nasty people",1,1
4263,She looks like one of those dumb whores.,1,1
3272,Reflw t on my dick you hot thing,1,1
3268,These people need their ovaries/ testsicles removed They should be banned from breeding.,1,1
2927,That country is run by disgusting cowards.,1,1
3966,100% on you Joe and the mindless libtards that voted your senile ass into office.,1,1
4124,"This woman is not a president, she is a fake-governor.",1,1
3749,I hope you never have suicidal thoughts you fucking worthless bitch.,1,1
3685,France destroying their country with immigrants and ignoring it,1,1
3654,Fuck off you mentally ill degenerate.,1,1
4404,"Dear Anupam Kher, you are a Moron and a gutter person.",1,1
2771,This asshole needs to be deported.,1,1
3410,Clean your shits in Cambodia you chinx motherfuckers,1,1
2855,Why don't you grow up instead you ignorant cuck,1,1
3132,#MEEEEEEETOOOO what fat faggot we talking about joey right?,1,1
4005,Gays: fucking without spirituality is as hollow as an ass without dick.,1,1
3270,That bitch should rot in prison,1,1
3695,Even these damn aliens are std infested fuckboys UGH,1,1
3351,&gt;him living as a woman Wtf did he put on lipstick and tuck his dick inside his asshole?,1,1
2977,"Fuck the president, fuck the police, and fuck your ass backwards religion.",1,1
3846,WE MANAGED TO FIND AN ASSHOLE WHO'S A BIGGER SCUMBAG THAN CUOMO!,1,1
4499,Did you attain your position the same way your whore mother attained you?,1,1
4380,"She needs to be fucked as hard and often as possible, it'd be a waste not to.",1,1
3040,Why isn't anyone trying to harvest the penises and balls from these men and give them to TiFs?,1,1
4440,You need to shut your fucking mouth you fucking nazi loving ass sniffer.,1,1
3812,The only thing redeeming about this hag is her tits.,1,1
3536,She was a whore who craved multiple cocks in her cunt.,1,1
3063,Yea this Bitch dumb sick in the head,1,1
2594,They need to be thrown under the jail!,1,1
3240,reddit really is the homo of the internet,1,1
3095,Antifa wouldn't exist if you and your angry white boy army at Charlottesville didn't start this shit.,1,1
4785,Hey if blacks are so great go live in a majority black neighborhood.,1,1
3271,Know your place Reddit trash loser.,1,1
3086,I'm an evil gay hater so I'm going to hell.,1,1
4198,"niggas be tryna make you mad with the ugliest bitches, boy fuck you and ur pet rat",1,1
4450,Mohammed deep throats like a back alley whore,1,1
3914,"If you squint, it looks like a fat guy bending over showing his Trump anus.",1,1
3863,That’s right throw in the racist card you dipshit.,1,1
3599,aww booboo - does the nasty woman intimidate your minuscule manhood?,1,1
3768,"fuck a body count, you fuck white bitches?",1,1
4348,Probably because you were a bitter Betty and you sucked.,1,1
3039,"Fuck a ay-rab ""congratulations You own oils in the pakistans bitch"" american beyond dumb URL",1,1
3701,Tell me about it I just unsubbed from r/blackpeople twitter for calling them a bunch of niggers smh #justiceforgamers,1,1
3010,She doesnt even have tits uno u could class her as a men URL,1,1
4679,I'll tribute your gook slit eyed yellow whore,1,1
4873,"Due to personal reasons I will be killing all married heterosexuals, thank you in advance for your understanding",1,1
2670,All u hve is fuckboys on ur interveiws,1,1
4890,Should have blown the Iranian thugs out of the water.,1,1
2694,Real christians use to stone mother fuckers to death so just let that sink in,1,1
4624,Your homeland is the land of cowards and cucks.,1,1
4367,And go through the trouble of dealing with your disgusting fat dead ass?,1,1
2543,Better to be an Ottoman revivalist than a Nazi Kurd.,1,1
4188,If your bitch does not know how to turn of the grill she a hoe,1,1
3553,You throw a gay man off the roof.,1,1
4205,"Please throw these 3 illegal alien terrorists big mouth ""women"" (and I use the term loosely) OUT OF OUR UNITED STATES OF AMERICA!",1,1
3962,#RepublicansAreTheProblem #TraitorTrump #TRE45ON #RightWingCult #NotMyPresident #Illegitimate #Treason #Trump #GOP #TeaParty #Republicans #BLM #Covid19 #GeorgeFloyd #BlackLivesMatter #Biden2020 #BidenHarris2020 #Truth #JacobBlake #FlimFlamFool,1,1
4824,Only difference is that he is fatter & whiter & inciting white supremacist terrorists.,1,1
2549,Shot out too all the active woman during sex y'all starfish ass hoes boring,1,1
2888,Id hold u done and fuck that bald lil pussy,1,1
4509,A round about way of saying she literally can't fit enough dicks in her pussy at once to feel full.,1,1
4040,"Finally a real first lady, not a transvestite with stolen kids.",1,1
3912,How bout plain old Stupid Fuck,1,1
3538,go fuk an elephant then bitch,1,1
3404,Get these mexicans out of our great country.they come here and multiply like rabbits and look for hand me downs,1,1
4421,Boy from Pakistan lives in American't land and quickly becomes a pervert involved in debauchery making shows about jerking off men.,1,1
2891,Trash ass 2015 ass nigga get outta here,1,1
3619,Send fuckin help I'm steaming but it's awrite cause I'll get a fag in 2.5 hours,1,1
2688,Brown people do the same shit at their country would be labelled as scum polluting their streets,1,1
4388,Make 'em build that fucking wall by hand!,1,1
4281,"If this dumb bitch is so hot, maybe don't wear long sleeves and a beanie in California in the summertime.",1,1
2588,So in what country did you kill and rape innocent people?,1,1
3843,I don’t care that he’s autistic.,1,1
3833,Because they wanted to fuck her.,1,1
4230,But of course white people love to be victimized snowflakes so lets let you be the victim instead of the murdered people.,1,1
2076,"Pft, no worries dude, it is nice to know straight people in the crowd are bothered by it too!",0,0
83," Good , happy days to come for Indians in Jammu, Kashmir, Ladhakh territories",0,0
978,IT'S OK TO BE WHITE,0,0
1512,Wishing all of our Muslim customers Eid al-Adha. URL,0,0
1569,"Well Duh, Satanists have read the Bible.",0,0
1348,My BFF got 59% NA and she looks white. People ask her if she's Greek all the time. You just can't tell by looking.,0,0
601,No more wars for Israel!,0,0
1249,Hats off to our soldiers who are fighting terrorists and saving Pakistan from threats and terrorism! URL,0,0
426,Most diverse ever! <thumbnail shows all black females> Seems legit.,0,0
813,South Africa is such an inspiration. Their love of diversity is unmatched and should be spread throughout NZ,0,0
243,I'm a trans girl and I love this place!!!,0,0
443,We have the most beautiful women!,0,0
967,A Muslim is a brother of a Muslim.,0,0
214,Just want to do something special for all the ladies of the world. URL.,0,0
2029,Yeah most women like someone who uses ponctuation and knows how to write properly.,0,0
2456,ما الذي يمنعك من أن تكون مسلماً؟ What prevents you from being a Muslim? URL,0,0
1873,I will always LOVE and always will support L.G.B.T.,0,0
858,We are all a Heinz 57 mix of ethnicity people need to get over their selves,0,0
289,I wish we got a lot more desi representation in hiphop,0,0
1411,Me as a trans female emt and nobody else is LGBT.,0,0
1854,One of the better ones. Especially amongst the other LGBT subreddits,0,0
511,Cheers to living our best lives!! Women are amazing aren't they,0,0
275,Acting from Shahid In Haidar then in Udta Punjab Now Kabir Singh now it seems bollywood has something to show,0,0
753,Adab's Islamic Exchange will be live soon and will be open for registration. Complete implementation of Sharia principle.,0,0
1997,Thankfully we have women and lawyers like you Ritu.,0,0
1470,"Brittanya O'Camp is her birth name, she's not Asian. She's Latin/Hispanic",0,0
1067,Black American singers back in the day were freakishly good,0,0
2082,Feminism has suffered sha. Sigh,0,0
2378,A woman in general is nice as well.,0,0
1104,Its great seeing a young black individual doing his thing and being successful!,0,0
1980,You also make a beautiful couple. The joys of being bisexual and liking a couple,0,0
2084,"ashley got lipstick on and everything, he was ready to kiss the other manlet",0,0
1036,"thats not what OP asked, though. OP asked why you think we arent Christians - regardless of salvation.",0,0
595,"I know it's a little old, but as a guy who didn't realize I was bi until after I married a woman, thanks. ",0,0
227,อ่าน Thai dissident band in Laos flee to France for political asylum URL via,0,0
1275,Funny the countries with the most Atheists are the safest and happiest...go figure,0,0
1543,Vote for your rights. Stand up against the brutality European female's are subjected to daily. Take your country back!!! URL,0,0
2197,"14 episodes and she won and Emmy for the show. Much more than ""cameos"".",0,0
2280,I have a trans sister. Thank you EW and HRC and all the other candidates that support the LGBTQ community.‍,0,0
195,Now I do believe there are more than 2 genders,0,0
1887,"God loves with a Father's love. Every life, and every one of us, belongs to him. ",0,0
1374,He's the 3rd best eza,0,0
2141,Brown woman says hi.. I hope that's cool with you,0,0
38,Interesting! I'm half Persian half Chinese Malaysian with Bugis & Japanese roots!,0,0
578,skin color shdnt matter,0,0
996,does skin colour matter to world leaders? does what you believe matter to world leaders?,0,0
1497,I'm sure even most liberal feminists despise this,0,0
683,"I'm not a lesbian, but I can return a high five! \*high fives in straight guy\*",0,0
548,"I found tall woman very attractive. Taller than me? Well, hello there..",0,0
520,WE ARE PROUD OF YOU SARFARAZ FOR STICKING TO OUR TRADITIONAL ATTIRE WHILE REPRESENTING US GLOBALLY MORE POWER TO YOU  URL,0,0
1814,He should get honorary pakistani citizenship for his great work,0,0
964,Ya Allah !! Bless our parents with healthy life,0,0
86,Kabbalah Zohar comes from people who rejected Jesus as the Messiah.,0,0
1361,We all pray for Hindu Muslim Sikh Christian parsi Jain buddh they are pearl of India,0,0
698,Today we celebrate and those who paved the way to include women in sports and sports media! URL,0,0
715,"Welcome!! Omnisexual is a less heard of sexuality and people will tell you it doesn't exist but, it does!!",0,0
1039," There are about 25,000 Mexican workers in Québec. They've never been & aren't a problem: French & Latino cultures meld well together.",0,0
1879,Clashes outside primary school over same-sex relationship lessons URL,0,0
571,Lil Nas X will be on the cover of a popular LGBTQ magazine.,0,0
215,Chuck Schumer's response to the squads anti semitic remarks! Take that! URL,0,0
1096,Your whole business model is literally making money off of the exploitation of women URL,0,0
922,Thanks! Just racially ambiguous lol - I'm half Filipino half white,0,0
915,"It's great to see them supporting LGBT, especially in difficult countries like Poland and Russia!",0,0
2062,Us Egyptians love the Syrian people,0,0
1832,"May Allah aid our brothers and sisters in Sudan, wallah it's heartbreaking to see whats going on there.",0,0
1191,I respect this mtf transition,0,0
1211,PSA: if you're bisexual in a hetro relationship you still get to celebrate pride and be proud of who you are,0,0
2409,Why does someone's sexuality got to do with how well they do their job?,0,0
2306,You said you sought diversity representation and I was letting you know that JC encompassed it solely!,0,0
1810,See you all this Sunday for our Women's Day Edition Market  URL,0,0
642,Love the fire in our African brother in Christ. Sing it!!!,0,0
259,When do you think it appropriate to inform children that same sex relationships exist?,0,0
2369,A historic moment as Convention delegates pass CUPE Ontario's first-ever Anti-Racism Organizational Action Plan. URL,0,0
1826,Can I Choke on Your Love Organ? - via URL,0,0
1311,"I think that's a really accurate quote, we should feel comfortable speaking out against people with blatantly racist, anti-white male sentiments",0,0
2309,That sounds epic!!! Almost All my friends at school know and i havent flat out told my parents but they know I'm not straight.,0,0
2477,Yoongi exactly 4 years ago today! BTS URL,0,0
1892,"Colombia grants citizenship to 24,000 children born to Venezuelan mothers URL",0,0
1953,"OMG.. Just realized. This is Purim in bible. Read book of Esther , to those interested. Love all.",0,0
1790," *ring ring* hello it's the african american community here, good job we're so happy",0,0
2233,Did she mean the Taliban?,0,0
727,happy pride month to the FIRST CANONICALLY LESBIAN COUPLE in a superhero movie. URL,0,0
451,Fact: The United States has legal obligations to provide protection to those who qualify as refugees. URL,0,0
72,: my friend lesbian girl Retweet Follow And Like URL,0,0
425,Anwar Jibawi hey I'm Arabic please reply,0,0
219,We stand alongside our LGBTQIA family. We support and love you this and every month. URL,0,0
1185,"Goes to show that there's no white privilege when it comes to racism. Thank you for your story and keep fighting this, you're amazing.",0,0
734,Love the video as she respected Islam,0,0
129,"My prayer's from indonesia, God bless Hillsong and always support, and now I have peace from Jesus Christ.",0,0
8,"Nice! As a bi couple, we thoroughly enjoy bi dad friends =)",0,0
1654,Ilhan Omar has had to apologize for her anti-Semitism - WATCH! URL,0,0
344,Retweet  to share a toast in celebration of Pride Month!!   URL,0,0
751,Disney must make a story about Filipino,0,0
1290,also i love girls too they're the best,0,0
153,two trans people happy together. Sweet,0,0
539,Janice Fiamengo is also a great speaker for real equality.,0,0
982,Jr. is just fantastic. I think I like his Tweets better than his father's even.,0,0
1055,. Because there is not enough LGBTQ+ representation.,0,0
709,". kicks off 's Women Leaders in Healthcare Conference. ""There is a state of emergency for women's health and public health."" ",0,0
2489,If Adam and Eve had children.... And those children had more children together... Doesn't that make us all imbred?,0,0
1177,As someone who is mixed race it's nice to hear someone finally talk about it like that,0,0
814,Why is terrorism associated with Al Qaeda? Islam means peace ‼,0,0
2265,"Sincere thank you for this. Just practiced for an hour, gonna impress my nephew.",0,0
2030,Thanks bro ! I cant apply the benzoyl peroxide immediately after shaving ?,0,0
1256,Awesome Movie @ Story Singh Ppl Are Really A King  For ReaL Respect For All Punjabis All Over The World.,0,0
1219,"It's not just Poland, in many other countries, including Romania, Pride is called The March for Equality.",0,0
573,He's not indian orgin. He is a pakistani,0,0
123,"We pray for preachers of the word of God, that they may embrace the Cross and proclaim the Resurrection. URL",0,0
1884,Sometimes I wish I was an androgynous Korean pop singer,0,0
177," You guys know I of course I love and accept everyone in the lgbtq community! And also, I LOVE THE CRANES thanks",0,0
1954,How Black Lives Matter protesters won the Detroit debate URL,0,0
611,Had a crush on Kelley O'Hara (USWNT) until I saw she's a lesbian. Now it's just love.,0,0
1634,I'm passionate about having feminine hips,0,0
1204," Real spiritual knowledge In Fazile Amal it is written that ""Kabir Allah is All-powerful and Allah kabir is the All-exalted, the All-great...",0,0
1578,I love this!! as some who is ftm it means a lot :),0,0
1535,We love a girl who's smart and hot. Respect!,0,0
178,Aither deserves to be recognized for the LGBT woman she is.,0,0
1390,I agree it's not a confession it's your bs way of trying to tak to women about it. Plain and simple,0,0
1215,"They brought Rih with them for the Eid turn up, I can't believe I'm swooning over the Saudi agenda  URL",0,0
62,Pay the Descendants of Enslaved Africans what you owe America.,0,0
812,"Ex-Muslim here too. Yeah you are right, there are many good things that can be taken from Muhammad.",0,0
119,Straight girls compliment each other. Gay/bi girls complement each other.,0,0
1760,Trump admin official says ICE ready to deport around 1 million undocumented immigrants URL,0,0
2339,To all my Somali brothers and sisters on Twitter. Caadi iskadig.,0,0
10,Love Latinos come here and I will make you happy,0,0
2290,Enjoy everyone! URL Part 1: URL Part 2: URL Part 3: Coming soon ‍STOP ENCOURAGING VIOLENCE ON LGBT PEOPLE ‍,0,0
460,"Thanks for being honest, it is how women are. Thank the women.",0,0
389,Young ethiopian kid for me,0,0
1224,Meier Lots of post-transition trans people pass.,0,0
1932,"It's a little comforting knowing that masculine ladies can relate. Welcome to the club, sister!",0,0
1283,We Asians gotta stick together.,0,0
483,"., Founder of Believe in Africa will be speaking at the on Exporting African Excellence alongside Ugo Mozie. Click URL to register. URL",0,0
1307,You take offense to using their nationality as a descriptive device? Why- is there something wrong with being Afghan?,0,0
872,"Not nonbinary, but I'm appreciative of the inclusiveness",0,0
353,Pakistan come back in last matches deserve to be appreciated love from loc kargil,0,0
29,"Mulan is what it means to be a strong female character, not that captain marvel debauchery.",0,0
590,He got the thug passion ;) from tupac,0,0
1467,I'm so happy for you! Great job coming out as lesbian! <3,0,0
1227,kenyan hip hop on another level URL,0,0
1986,Happy ! Ever heard of the Annual Reminders? Listen to and dig into this a little-known piece of LGBTQ history URL URL,0,0
848,The fact that she included Muslim women wearing hijab in this video is just amazing,0,0
35,Amit shah modern chankya in India . very powerful man in India.,0,0
1917,"To close the gap in women's , we need to do a better job of measuring it. Blog  URL ",0,0
2283,"I would like to call the producer, Producer-san~",0,0
2125,"I am from the United States of America and I really love this song by Shawn Mendes ""If I Can't Have You""",0,0
2118,My masculine is Awakening from my spiritual elevation !,0,0
1431,I'm a straight dude and I love sailor moon.,0,0
212,Being gay is the best thing I have lived for,0,0
1533,It is so sad that she had to go through all of that for something that should not even matter at all (race).,0,0
1069,Straight but allied with everyone else. Glad to feel welcome,0,0
2232,Don't worry I'm 24 and lost,0,0
1958,I know GT is bad and non-canon but boy do I love it,0,0
1132,These regional ministers...this is why our church is what it is. Thank you for abiding faithfully with us.,0,0
1175,This is brought to you by the Catholic church.,0,0
503,"Man, that dude really is awesome. As a member of the LGBTQ+ community, I applaud him!",0,0
1262,"As a brown Muslim teenage girl living in Australia, she gives me so much strength, one of my biggest heroes FOR SURE.",0,0
1238,Absolutely one of the hottest Asian women on earth.,0,0
1232,That people think they can choose their own sex/gender. (Or claiming that sex and gender are different),0,0
1934,i've somehow never felt more like a woman its. kind of lovely URL,0,0
2345,A big CONGRATS to the USA fifa women succor !!,0,0
154,my phone got turned in and this is what I open it to lmao  URL,0,0
44,RT ilovegoodsthingx Lady Gaga,0,0
270,Too right. Scotland had demonstrated that it is a firmly pro-EU country and is in the transition to becoming a full member.,0,0
158,"If it helps, I've been to Thailand and really enjoyed it. Including the fabulous lady boys!",0,0
671,our religions teach to work hard URL,0,0
51,"He really does look good on this photo, and I don't mean it as a meme or joke",0,0
2312,i love india i love ms dhoni (mahi) but icc cricket World Cup lost in india,0,0
1642,Another Rebel arm to the ! Congrats to 5th Round selection ! URL,0,0
147,latinas are really something else (in a good way of course).,0,0
1454,"thanks these vidios help me with my ptsd , police vidios are depressing watching police brutality , on black persons ,",0,0
1718,PM Narendra Modi's vision of is now becoming a reality as it is transforming the lives of every Indian. URL,0,0
1510,I think it's awesome to see a lesbian couple walking while holding hands in Russia.,0,0
79," aims to revitalize relational, cosmologically grounded spiritual possibilities for women & all others~C. Spretnak",0,0
1667,/r/bisexual is proud to have this woman as one of our famous bisexuals.,0,0
1072,So do I! It's fun being a woman. And I really like men.,0,0
1975,Handling all that takes peak masculinity,0,0
662,EFCC Hands Over Property Seized From Badeh To Voice of Nigeria URL URL,0,0
928,"I never had a problem to begin with, my lovely lady is Mexican and native american.",0,0
1592,that white boy look like JIM MORRISON! hell yeah nice song,0,0
1205,"This story only makes me even happier that I am single, and also gay.",0,0
1010,Shaheen is a magic player in Pakistan team the same Bolling he has to do proud of Pakistan team,0,0
197,There's nothing better than being a white American Male. I'm a white American Male. Don't think that I don't know how fortunate I am.,0,0
1786,I think it's great. It shows she doesn't care about gender norms and isn't afraid to express herself.,0,0
898,The NHS have some resources to check out if you are an LGBTQ+ individual struggling with their mental health.  URL,0,0
256,"im just glad she is actually asian , congrats disney, you got half of it right already!",0,0
859,What's next? Mandatory public stoning? What other ways can they dehumanize and abuse women to force them into doing what they want?,0,0
1405,"Public attitudes in the US towards gay people. Still a long way to go, but way better than it used to be.",0,0
150,Congrats to she has made history ! The first African woman to have her own Barbie doll. URL,0,0
236,jacob batalon is filipino.... THIS MAKES ME FEEL BETTER! SHOUT OUT TO ALL MY FILIPINOS! MABUHAY PILIPINAS!,0,0
1382,jiyong said live matter. we gonn celebrate gay rights cuz rainbow lasts 4ever  URL,0,0
1194,What constitutional rights do undocumented immigrants have? | PBS NewsHour URL,0,0
1090,don't underestimate the powers of bi men,0,0
718,We love a Latina youtuber!!! I'm also a Latina youtuber that's about to post this week hahah,0,0
2021,What's it like being in a lesbian relationship?,0,0
348,Where goes full blown Antisemite! URL,0,0
2485,Dahir Well done. I love your spirit and determination. Somalia needs people like you I wish you all the best.,0,0
68,"Man overseas women are awesome all of Latin America,Mexico, All of or if not most of the countries in Asia are your best bet",0,0
2423,trans gamers are truly the most oppressed minority  trans gamers rise up,0,0
1562,"And he saith unto them, Follow me, and I will make you fishers of men. ~Matthew 4:19 ",0,0
305,and by everybody i mean all fine women,0,0
764,"CONGRATULATIONS to all Algerians, Love from Egypt. :)",0,0
1985,UN adopts Argentina-led resolution on Human Rights situation in Nicaragua URL,0,0
74,Praying for a majority minority Gwinnett,0,0
1627,When can we expect Jews for Jesus to invade Congress?,0,0
122,Mulan is the original 90's trans hero. She stands as a symbol for a movement that is big and relevant right now.,0,0
2047,Corruption is a menace. The rampant corruption done in past regimes by corruptors. Now Pakistanis want that looted money back.,0,0
1948,How do you even guess he was Arab ? And why do you generalise ?,0,0
2229,I remember when i first watched jessie. He was my favorite one,0,0
513,The only color I acknowledge when interacting with my brothers and sisters in Christ is the red of His blood shed for us.,0,0
1688,Women need to support each other if there is to be any woman president in the future.,0,0
312,"Wow. Thank you, for not being afraid to shut down this sexism and homophobia. URL",0,0
2199,Modi ji is lucky that people from across the globe came to India as volunteers to support him and campaign for him. URL,0,0
2085,Google celebrates 50 years of LGBTQ pride with animated doodle URL via,0,0
1369,J Lee and what's wrong with Indian American? they are true Americans....,0,0
1137,"not being racist isnt ""PC"" Its being a decent person and respecting others...",0,0
293,Thank you for this. Very important to me and my trans brothers.,0,0
1304,Going to church as an atheist Mormon in a loveless marriage. Leaving both was the best thing that I did.,0,0
2144,"Germany May Simplify Visa Requirements For Russians Under 25 In Fierce Attempt To Deal With Own Social, Demographic Problems URL",0,0
966,"Same. Currently hoping that my current makeup of being Bi, gender-blind and open to just about anything and everything wins out.",0,0
1383,It is so good to see the bonding between Bangladeshi and Indian bhai borthers .,0,0
1926,Acting like you could catch me going a single day without watching Batman when I was in school smh,0,0
345,"Asian American sex workers on the frontlines of xenophobia, sexism, racism. This powerful dominatrix is one of our community heroes. URL",0,0
1883,RIP. Thank you for granting visas to Pakistanis for liver transplants. URL,0,0
1929,i miss my white boy tho,0,0
666,Shoutout to all the non-Muslims wishing Muslims a Happy Eid,0,0
112,Asian women the new wave,0,0
1271,Specified Asians because it's mostly us who still have this culture. Everyone is most welcome to tell us about your experience.,0,0
1747,"The African American communities need to get behind this candidate,he will do the most for them.",0,0
2410,"Trump team to free migrants in Florida's Broward, Palm Beach counties URL",0,0
712,waking up with good vibes! waahh... to all muslim brothers and sisters around the globe,0,0
128,That was about 8 years ago. I think he's dead.,0,0
248,!flair [I love women and minorities],0,0
956,Omg another transgirl aaaaah your so beautiful I'm also trans looking for trans friends,0,0
2010,its 2019 people of the same sex CAN BE MORE THAN FRIENDS and people of the opposite sex CAN BE JUST FRIENDS,0,0
372,All Assyrians are welcome in Armenia,0,0
1804,Ftm and mtf together :3,0,0
1149,You are blessed and graced for more Rabbi Tonight was super awesome! You do more!! Glory to God!,0,0
944,Hamas started as a violent group and has slowly grown into... implying they are no longer violent.,0,0
2212,Indian engaged to a Latina here. Everyone does it lol,0,0
417,"Lots of love from the Slavs, we love you man",0,0
2156,". on love, guilty pleasures and what it's like being a gay icon. URL",0,0
335,"i have nothing against homosexuality in the slightest, i'm bi myself, but can someone explain to me how it's a ""blessing""?",0,0
1024,Long live Israel! Greetings from the Netherlands.,0,0
792,Ugh I know Im a dude but female empowerment encourages me so much! I love it! (Thanks Miley!),0,0
1118,Oath sister!! I love the gays,0,0
1327,She raised the voice of Hindus in Bangladesh who r mercilessly persecuted everyday by Majority Muslims. zindabad,0,0
1754,It is difficult for a woman to define her feelings in language which is chiefly made by men to express theirs -,0,0
769,"Wow I love tall girls, they always got the nicest curves!",0,0
946,The latest LGBT Youth News & Events! URL Thanks to,0,0
2206,For the same reason we can receive Holy Communion in Orthodox churches -- so long as it's OK with said Orthodox.,0,0
1187,Women: it's time we support other women!  URL,0,0
2004,5:34 straight bros being gay is hella cute,0,0
1714,correct!i like it. And im a straight male who thinks its great people should celebrate who they are!,0,0
93,I am indian Ingland won the world cup final,0,0
1127,"I mean yall r okay w gay celebrity couples but not w a real life gay couples, so what u tryna say again?",0,0
218,I was raised in a family where women made it happen .... with or without a man .,0,0
2175,// actually they are feminist males/females,0,0
232,Hong Kong people are independent of Chinese citizenship.,0,0
2366,Eid Mubarak from all the way to Makkah.,0,0
1898,Black love at its best!,0,0
1501,85% suicide rate after reassignment surgery.,0,0
988,"Sushma Swaraj Among BJP's Most Beloved, Admired Across Political Lines URL",0,0
1824,Feeling for him She would want him to pick up his boots and live life to the fullest,0,0
1847,India & Pakistan are bound to do this under a resolution adopted by the United Nations.,0,0
2017,It's ok to just come out.,0,0
2318,2:45 Are you assuming Asians' hair colour,0,0
807,Thank you for respcet muslim women and muslim in the world! Luv this,0,0
789,I feel like I already knew he was gay but congratulations :),0,0
1778,I love being queer it's My favorite part of life.,0,0
631,I'm trans and can confirm no one single soul is mad about it. Personally i love it.,0,0
1855,Am trans. Can confirm it's sweet.,0,0
1240,Women. Because I'm a fan of beauty.,0,0
1346,Can we get more racial barrier breakers? Please and thank you,0,0
1782,"My new blog - comment, share, let's raise awareness of the huge issue of Male Mental Health URL URL",0,0
84,"THIS IS WEIRD BUT, IWOULD LIKE TO COME OUT HERE IN THE NICE COMMENTS. *i am pansexual.* THANK U!",0,0
2459,s Sisi reaffirms role of discourse in confronting URL URL,0,0
2375,"Siakam, my hero! And he comes from Cameroon!",0,0
320,Mixed asian girls are so cute you got this king!,0,0
1927,exactly me too see when you're women of color  URL,0,0
1961,Proud of Bangladesh ( Rifaul ),0,0
127,Woo! I'm happy and half with coming out. Just like my attraction!!!,0,0
989,"Absolutely right, thanks for raising voice for kashmiri people.",0,0
725,Do your homework and your mom will leave you alone so you can watch your blessed animè,0,0
2150," mourns first lady , the wife of Rivlin URL",0,0
1680,"A Pakistani gift to the people of Afghanistan and also to the Afghans that support Pakistan position on Kashmir, URL",0,0
1428,"Still trans, still out there trying to live my best life.",0,0
117,I'm sorry that your dad treats you like that but Good luck to you and hope for the best (I'm a Trans Female btw),0,0
2228,"Shadrach, one of Kulanu's Global Teaching Fellows, is traveling Nigeria to meet with different Jewish groups. Donate now to support this program: URL URL",0,0
107,I swear y'all get the weirdest niggas famous...,0,0
1100,Uttar Pradesh CM to unveil Lord Ram statue in Ayodhya today. Here's a report on this. URL URL,0,0
1288,Support Black Trans youth URL,0,0
2204,Fastest white guy in astros history,0,0
1410,Right. Petite white girls are great.,0,0
1252,This is probably the happiest the blank says trans rights meme has made me,0,0
2026,maybe they'll just lower the men's pay,0,0
198,"There are wonderful Muslims in my family. There are wonderful Muslims everywhere. But that doesn't make Islam wonderful. , British-Pakistani URL",0,0
1136,So sexy...    i find koreans so attractive,0,0
1772,Transitioning genders isn't anything like getting a tattoo. They're so different on so many levels.,0,0
2325,You said we thanks for celebrating diversity,0,0
329,There can be no justice unless women are part of that justice ,0,0
1178,Marianne is actually really good at discussing of reparations and I'm... shook,0,0
2173,Check universities for the service. They offer services to the community usually at reduced rates. They're are affordable options out there sis. URL,0,0
598,Iranians are cool imo. Persians? Awesome people.,0,0
2395,I am white. I am male. I stay away from twitter.,0,0
1032," FFS WHITE IS A COLOR, I AM OF COLOR",0,0
1406,Fellow White Man Radha agarwal,0,0
2143,"As an Asian, I'm grateful to help.",0,0
446,"Hazrat Mirza Masroor Ahmad ""My message to the world is to look at tomorrow, and not just today"" ",0,0
81,Most of these female Avengers embraced Hinduism in real life... Lord Krishna loves them all,0,0
382,Polish Photographer Creates Amazing Slavic Pagan Themed Photoshoot And Proves Slavs Have Amazing Culture URL,0,0
532,It's currently over 2000 religions in the world and y'all gon choose one to worship for the rest of your life?,0,0
673,"Hey, I'm also trans. Ftm though. Wanna be friends? I don't know if this is how you make friends skskssksks",0,0
493,We support trans people here,0,0
963,This is it. I have finally come to understanding of my issues with gender and sexuality. I just wanna be cute.,0,0
2384,YouGov Poll: Michelle Obama Is 'Most Admired' Woman in the World URL,0,0
1807,I just came out to my irl friends and I'm so happy  URL,0,0
1548,"Congratulations , for Jesus is the way the truth and the life, no one cometh to the father but by me .",0,0
871,Almost as if their sexuality doesnt matter when they're fighting hoards of zombies,0,0
761,"Awesome, I'm Christian and bi, we probably have more things alike than different, more power to you friend!!",0,0
408,"ummm, the Gay flag has every color in the rainbow, so what do you mean??",0,0
2231,"Usha Ramanathan declared ""Hero"" for speaking out against India's controversial Aadhaar digital identity programme. URL",0,0
974,It's all good I'm Asian and I think it's ok.,0,0
2286,when Muslim women wear hijab:  when non-Muslim women wear hijab in solidarity with Muslim women: URL,0,0
1777,"Great job, Sri Lanka! As an Indian, I think all of us in South Asia should work together on these problems.",0,0
1603,Appreciate the bi love! Happy Pride!,0,0
339,"Agape means ""unconditional love"" in the context of Christianity",0,0
1665,"wow srilanka we love you, after india it is srilanka that i cheer for , go get em boyz",0,0
233,Through repentance and sincere worship of Allah do His servants gain forgiveness. URL,0,0
1697,"Great comment. I love traditional Catholicism and traditional Catholic communities, but there's no denying that we have our own problems, pride being the biggest.",0,0
2270,Look at us! Uplifting and empowering women more than KM has ever done!,0,0
101,please allow Black womxn writers mourn and grieve before asking us to write essays on how toni impacted us URL,0,0
1091,"Why do we need this, both genders are already equal and so are all races and sexual orientation",0,0
874,I like Music. England people are good at vocabulary.,0,0
1831,God bless you pastor also! God bless all on here.,0,0
2154,"On the day of Resurrection, Allah will not look at the person who trails his robe behind him out of pride. (Bukhari, Muslim)",0,0
1025,I think she's pretty wonderful,0,0
2059,"Give me your tired, your poor, your huddled masses yearning to breathe free. Remember? American values?",0,0
992,Love how diverse the world of gender can be! URL,0,0
27,Trans people are people. They expect the same variety of things from their partners as everyone else.,0,0
98,"I don't see anything wrong with it. White people are great, non-white people are great too.",0,0
1935,Protect womens rights to choose.,0,0
2497,The Hezbollah Sleeper Agent Busted for Black Ops in America URL via,0,0
1253,"Since it's pride month, here's a thread of BTS supporting the LGBT community! URL",0,0
1753,"That's an answer to the question posed above me, lol. Not that I agree with it, but goodness for Christians is rooted in God.",0,0
1546,Girls are WAY more selective than guys.,0,0
1716,"200 New Immigrants From France, Russia, Argentina, Brazil, Venezuela Arrived In Israel On Jewish Agency Flights URL",0,0
1319,this going for POC or what?,0,0
1994,We have pretty good diversity in the u.s it can be shocking how little the rest of the world has when you travel.,0,0
1575,Thank you random Indian citizen!,0,0
1817,"Excellent video. I am Indian and Hindu and so it is easy for me to understand what you said. God bless you, Apostate Prophet.",0,0
1990,Both of us are Latino,0,0
296,Pale girls are so sexy! Red hair makes it even sexier!,0,0
972,These sort of posts mean so much to me since I'm pre-everything and still present male.,0,0
999,is being trans valid? please retweet after voting for,0,0
758,Let everyone be there self gay lesbian by or Straight when if ur going to love someone love them for who they are,0,0
2349,Also is antisemitic as hell,0,0
805,Whole Pakistan Muslim League N In One Frame..!! Madam Maryam Nawaz Sharif More Power To You  URL,0,0
1845,"I didn't even know she was transgender, cool! She looks fantastic",0,0
867,Black people contributed fo the creation and development of Country and Western music and many have loved and listened to it for years.,0,0
18,I wish all of my friends Allah may give lots of love and peace on this special occasion URL,0,0
1721,"Men are from Earth, women are from Earth. Deal with it. ~George Carlin",0,0
901,i can't believe that jihyo isn't a lesbian like the fanfics had me convinced URL,0,0
1169,i love being gay wjth my friends,0,0
52,AZERBAIJAN: Pray for outreach and ministry work to the nearly 1 million displaced people in Azerbaijan. URL,0,0
875,"NTA - As a gay man, I thank you so much for standing up for your son.",0,0
1780,Can you break the ice by asking him something about his work?,0,0
2419,I don't think I'll ever have to explain or understand sexuality because ill be fine with whatever you are! Especially to you bb,0,0
1378,what do you think the b in lgbt+ means? biscuits? like hello bisexuality exists stop sleeping on it,0,0
50,Good morning beautiful black ppl..,0,0
1449,It's interesting what so many of us view as masculine energy. URL,0,0
240,May the Almighty Allah grant the departed soul His Eternal Peace. Ameen,0,0
1539,"EID MUBARAK to you and your loved ones. May Allah (God) accept your fasting, prayers, and good deeds. — celebrating Eid",0,0
1054,Take care of your business and give our Arabian community culture a respect,0,0
1673,FATAH: India wins freedom 2.0 URL Some very interesting observations here!,0,0
1974,Always wanted to be with an Asian woman,0,0
632,I love athletic girls. Very sexy.,0,0
930,But gendered language like mansplaining is ok. Because only men can be guilty.,0,0
1030,"I know that feeling. I may not be LGBT myself, but I have loads of LGBT friends",0,0
1419,Yes! I love being trans but it is so tiring.,0,0
2088,I need to marry a man w this mentality URL,0,0
558,"Grumbach: African Americans, Latinos, and Asians are very underrepresented in the donor class, even compared to members of congress.",0,0
2492,Think about the positive. We won't have to deal with such low iq evil after Jesus comes once again.,0,0
292,Happy Pride Month To All Friends And Followers I Have. Anyone Bothered By My Support For The LGBTQ Community Hit That Unfollow Button G.,0,0
1995,"Oh and we thank you for Black lives matter, and also for blue lives matter",0,0
1789,Me? I'm not sure I fit that label anymore. I do believe in equality for sure.,0,0
418,divine feminine = playing tennis knowing u look hot,0,0
2381," I understand. Whether a woman wants to have children or not, it should be up to us.",0,0
2271,i told myself i was gonna incest in my makeup more this summer ...lets see how this goes,0,0
2065,"I'm Asian, I respect the loud eating!",0,0
623,"Congrats! That's great you're with someone you can be open about your sexuality with, this will only make your relationship stronger",0,0
911,Please help a trans girl in need this pride URL,0,0
307,"How great are you, man! Praise be to Allaah who taught man what he did not know.",0,0
950,"Times like these, I'm so glad for my Asian parents",0,0
2421,"Very race specific looks like. Nice gesture,but it would be a great gesture if it included struggling white students as well. Not impressed.",0,0
916,"Yes, I know. It's nice having people who don't scream slurs at you all the time for being LGBT or Jewish.",0,0
2018,I actually agree with Skip,0,0
987,STUDIES? We study all aspects gender discrimination. Partnering with our sister law school URL,0,0
1611," i came out to my mum, dad, uncle, auntie and nan",0,0
1305,"Women that you can discuss societal issues, books, art and films with >>>",0,0
1607,I don't benefit financially from saying there are or aren't diversity issues.,0,0
391,BTS outtake from my cover shoot with Gay Times for their June Summer of Pride 2019 issue. Have ya'll subscribed to ??? URL,0,0
36,Complicated black haired women are the best.,0,0
728,: Shirley Caesar - Blessed Assurance | Yes Lord Radio | LISTEN NOW Click=> URL |,0,0
529,We can never forget that the fight for trans lives is global. URL,0,0
1407,Best is just to ignore them. I'm still going to teach jesus peace whether they like it or not.,0,0
465,I absolutely love how race conscious the youth is today! Diversity is our strength! URL-michellecijij-who-said-latinas-cant-go-to-the-beach-35940937.png URL,0,0
1606,"Late to the party, but I'm a bisexual Catholic. Still not out to my family, but I've slowly accepted this part of me!",0,0
6,God Bless From a Trinidadian Muslim!,0,0
1939,"Thank you so much for all these positive messages and comments it really means a lot, and for anyone wondering im straight lmaoo",0,0
2297,all girls and ladies are beautiful and talented. all men and boys are handsome and talented. Congratulations,0,0
319,Why companies need to open up the dialogue around diversity URL URL,0,0
1962,Cellophane deserves the win but will you give it to her? ....,0,0
1911,"Science or religion, we're all just trying to figure this world out. Why so much hatred?",0,0
1598,We will neither support lynchings nor Sharia Neither Terrorists nor Terrorism Neither Triple Talaq nor Halala Neither Population Jihad nor Love Jihad,0,0
4,Delon Love Turkey and brave Turks from Indian Muslim! In Shaa Allah we will rise again!,0,0
2158,An inspirational woman leader of many talents who is 100% braver!,0,0
78,That is racist to view white people as being that white. We are Caucasian.,0,0
1844,Yo bright side love from india,0,0
412,Are you telling me women can't be bros?,0,0
1202,It is pretty great being White.,0,0
2218,Emma Watson and Time's Up launch free hotline for women experiencing workplace harassment URL,0,0
768,(Video) Cousin Stizz ft City Girls – Perfect - URL URL,0,0
1525,I salute India for this achievements.,0,0
957,I mean.... I'm aro/ace. So I guess that's kinda sorta gay because I like women the same as men,0,0
1604,I don't know who need to hear this but God wont stop blessings people even though you hate them,0,0
1852,Gender Pay inequality in Nigeria is not a Myth. Let that ring in your head.,0,0
1257,"Men and boys are essential to supporting women and girls in breaking the silence on menstrual hygiene management. , together! URL",0,0
2023,"At a concert in Moscow, challenged Russia's ""gay propaganda"" law when Paul Landers and Richard Kruspe kissed each other onstage: URL URL",0,0
1300,Black men sing love songs and can be romantic. Look at Marvin Gaye,0,0
605,I want to thank this guy for interviewing the Indian zpop idols.. Really.. for showing respect..,0,0
2064,"Eid Mubarak Everyone!!!  May Allah unite all Muslims, show us the right path, and bless us with good health.",0,0
748,Scenes of joy as decriminalization Of homosexuality made official in Botswana URL,0,0
2042,The gays DO deserve rights URL,0,0
2133,"I've yet to transition, but I was born a boy and I hope to become a woman at some point. <3",0,0
585,Pretty girls are my weakness boiiiiiii,0,0
559,House Democrats unanimously pass 'Equality Act' to protect LGBTQ rights - ABC News - via URL,0,0
1853,I thought Tommy was proud to be white. What's the problem?,0,0
1797,God bless President Trump and the Kiss Army,0,0
2408,"As a Mexican, I am so proud that we have such an angel representing our culture. 100% my new idol.",0,0
1678,Straight is my preference but honestly they are all cute,0,0
466,Don't like most Country but this hit different in a hood niggas heart.,0,0
2132,"Pastor Tim, you're on fire with the Holy Spirit today. I absolutely love it! Preach hard brother!!! Glory to God!",0,0
2450,Somali girls reminding everyone they created hijabi fashion djjd URL,0,0
1005,RT ActionAidGhana: ActionAid launches campaign on decent work for women - URL - via Ghana News Agency URL,0,0
1076,spanish people are more sexy than anyone in the world,0,0
750,Technology started with Africans and will probably end with Africans.,0,0
1077,AOC. I love political figures. Lily Singh Aka SuperWoman. I love when she had braids. Indian women are so hot. Jeez.,0,0
2413,bonus: karl • karl is a gay icon and should be recognized as such URL,0,0
542,Qatar PM arrives in Saudi on first visit since Gulf crisis – media URL,0,0
615,"this reminds me of the gay coming out dance in ""it's always sunny..."" great job, all the feels :-D",0,0
2379,"It is very crucial time for Malala Yousafzai, Whether she wants to become a Pashtun Icon or an NGO owner ? ",0,0
960,Watch it my channel guys! Im from indonesian peace and love for all us jesus bless you all,0,0
2192,"I'm ace. Can relate, not in exactly the same way, but I know what it's like to be closeted.",0,0
1648,it isn't. Being eastern European in heritage and upbringing i greet my close friends with a cheek kiss.,0,0
1460,"Great video, so powerful, own your own feminism!",0,0
1594," I am feeling happy! Despite of religion issues, you took your stand to stop them making a rift in the secular society!",0,0
2115,"As a somewhat spiritual, yet completely non-religious person, eid mubarak to all my dice-rolling brothers and sisters.",0,0
524,You can really make a woman's day with a compliment that has no agenda...,0,0
1365,Mashallah brother. So happy for you. Also join r/Ummah for other Pan-Islamic content,0,0
2351,I love women 10/10 very good,0,0
1637,God is the only one that is allowed to abort his children.,0,0
2498,The question is why the citizenship census was removed by the Obama's administration.,0,0
1115,Today's Doctrinal Empowerment is a succcess! Praise God! URL,0,0
961,My masculine is awakening from my spiritual elevation!!!,0,0
2454,It's not Hatari's fault that Israel can't handle it. Palestine is a country with a flag. What's wrong with waving it?,0,0
1049,This is why Islam has made a clear distinction between a mahram and a non-mahram,0,0
2420,Hey no matter the religion this type of behaviour isnt ok and shouldn't be tolerated  URL,0,0
427,You know what we need more of? Movies with strong female protagonists!!,0,0
1649,I live in the Philippines I'm a pilipino my mother's family is one of the people that get disturbed,0,0
362,He has engaged himself to educate youth with islamic doctrine as taught to us by our beloved prophet Mohammad ( saw). URL,0,0
746,"… the earth of Allah is spacious. Indeed, the patient will be given their reward without account. (39:10)",0,0
876,Always appreciate a good booty/whooty on any gender.,0,0
1968,Make her a woman anon,0,0
1391,She herself is a transgender. Her sister too.,0,0
1021,ATTN: Straight People. Don't be upset that you don't have a pride parade ... be grateful you don't need one!,0,0
1542,Chinese staff take home highest salaries in UK's ethnicity pay gap URL,0,0
873,"Creepy, and insulting to the females here?",0,0
1040,God is all the genders.,0,0
649,We support all individuals regardless of sex or gender identity...,0,0
775,Seeing former players at Women's World Cup 'rewarding' for Pitt's Waldrum -... URL URL,0,0
1969,I know. That makes me sad. Whilst I am an atheist I like the philosophy Jesus preached and on what Christianity is based on.,0,0
407,Great principles that can be applied to any organisation or person who want to support more women in leadership positions. URL,0,0
1931,Everywhere in the world .. Christian and Muslims are fighting each other all over the world ..only in INDIA they are uniting...why? ---- URL,0,0
691,My masculine is awakening from my spiritual elevation! Blessings,0,0
69,"Please don't lower your standards, ladies.",0,0
762,I know a gay couple that's into it. Would that be something for you or do you love the m/f dynamic?,0,0
387,she has transitioned and her wife is fully supportive,0,0
846,Question to feminists everywhere: What is the purpose of your ovaries and uterus?,0,0
1430,The refugees are learning slowly but surely. Give them a moment for pity's sake.,0,0
819,Dhoni is the spiritual leader for the current Australian partnership,0,0
1723,LGBTQ+ History Should be Mandatory in Schools URL by,0,0
1857,"Well, lets wait to hear the Iranian officials about this. Then we know what the truth is.",0,0
1070,Cultures grow on the vine of tradition.  Serbian traditional wear  URL,0,0
1492,"Very well made, also as a fellow bisexual I approve of your cuteness",0,0
815,Cooking Guys are the hottest especially when they are asian,0,0
2277,I'm 63 and white. I could not agree with you more.,0,0
12," Unconfirmed reports of the murder of former bodyguard to Rwanda's president Kagame, Camir Nkurunziza, in Cape Town last night.",0,0
2235,Sushma Swaraj was a champion for women in India and across the globe': Ivanka Trump URL URL RT,0,0
89,As a half Puerto Rican and half Italian I relate to this on so many levels,0,0
1771,Eid Mubarak! May all your good deeds through Ramadan be accepted.,0,0
1762,That Kenyan girl is gorgeous!,0,0
1363,The Hindus and the Jews are natural friends. It's heartening to see India and Israel coming together deeply. URL,0,0
1618,You can always convert to Judaism and move to Israel,0,0
24,It would be beyond gratifying to have the factual words of 4 minority women lead to the demise of occupant # 45. Appropriate.,0,0
277,Good to see interracial relationships.,0,0
239,Yo i love the Philippines because i am a filipino,0,0
1977,Isnt She Pregnant? Just Wanted to Know if The Babies Are Okay,0,0
1711,"Ah. I'm probably Brown. ""Brown"" people enjoy simple life and it's good friends and close relationships what makes them happy.",0,0
1373,May Almighty Allah bless us accept our ibadah URL,0,0
527,There are still a few good men on the committee. More men than women .Candace Owen's is extraordinary,0,0
146,not for Britain against real Jews love Jeremy and are against the smears,0,0
1518,Why Working Women Need to Mentor Other Women URL,0,0
1957,Choir Boy looks like an incredibly important play for historians of Black religion and sexuality in particular. cc:,0,0
1362,"no, it was white people versus white people",0,0
1836,"Woop, woop! It's feels nice to open reddit and see a post about us Israeli Christians here! High-five for representing, my dude!",0,0
1474,Such beautiful strong women,0,0
419,"Happy pride month! Protect trans kids, bisexuals aren't confused, and asexuals and aromantics are valid! URL",0,0
522,You think this applies to all women? Since it's in a study then this is how everyone thinks?,0,0
1505,Jeannie showing first hand how women work in comparison to men in positions of power. Well done Jeannie. You proved a well known point,0,0
1799,/r/immigration has had [many posts](URL about the process for spouses of US citizens to get permanent residency.,0,0
1636,but not to nearly the extent that they chastise women about being modest,0,0
1027,"Most Norwegians should know it, as the viking age is pretty well covered in the curriculum.",0,0
125,Calling all Black women writers aged 16-22: this is a brilliant opportunity. URL,0,0
534,Great way to think and feel. It is about how we feel not if others confuse us for female.,0,0
785,Good to see Asian actors playing Asian characters .,0,0
400,So what does being in a great man then be in a Hispanic has to do with anything.,0,0
811," No. I have experience with legalism, but it wasn't in an Arminian Context",0,0
838,"More than half, don't forget about all the impoverished men with no chance.",0,0
2097,America doesn't have a monopoly on hate or mental illness. What it has is a lot of guns. URL,0,0
555,"Wow, the carpenter is a woman",0,0
1684,Go mormons! Battle the cartels with tactics,0,0
445,Thank you! And I'm not Muslim but I see others saying it so Eid Mubarak! You're such a cool ally!,0,0
2161,That moment when I'm being liked by girls even before transitioning! :>,0,0
1639,Salute to every SIKH,0,0
100,HUNTING HUMAN BEINGS_AS BAD AS SLAVERY: ICE rounds up hundreds of undocumented workers in immigration sweeps in Mississippi separating families URL via,0,0
707," This must be humbling Rhoo, you really are a legend and we as the country are proud of you",0,0
1524,"Meanwhile, immigrants are risking their lives to give their children a better life. URL",0,0
1199,God I love being white.,0,0
560,Ramazan has always proved a blessing for PAKISTAN. 27th Ramazan when Pakistan came into existence,0,0
1038,"This was so wholesome and so sweet. I'd totally cuddle you bro. No homo, but also not against it as I am bi lmao",0,0
2245,My masculine is awakening from my spiritual elevation,0,0
1889,How Modi government ensured safety and security of Kashmiris and non Kashmiris alike while redefining J&K's future URL,0,0
918,Man this made me cry so bad. My Jewish brothers and sisters stay strong !,0,0
2293,"Polish ppl love you Shawn Edit : I'm not polish, but *KiSsEs FrOm PoLaNd",0,0
803,May Allah grant us pious offsprings and make them the coolness of our eyes. Aameen,0,0
612,I have a beautiful Colombian wife too!,0,0
484,"As a man that loves thicker strong girls, god bless.",0,0
1555,Coming out to my parents. We were a really religious family and I had no clue how they would take it.,0,0
2368,Deadline extended! Apply to the All Raise female founder program at Disrupt SF 2019 URL URL,0,0
2103,i think grandma would have been better off if y'all had just left her there URL,0,0
1018,I love Ramy! A very real look at American Muslims and our struggles,0,0
1740,"From TechYaYa Archives Kneeling Muslims, Bi-racial Couples & Disability Emojis among New 230 Emojis for 2019 URL",0,0
2237,Really nice. FPA India stands for the cause of abolishing discrimination against the LGBTQ community and to provide them with equal rights.,0,0
908,"Please help support Asexual Trans Pride, add a now! URL",0,0
959,Luxembourg's prime minister is the first EU leader to get married to a same-sex partner,0,0
1585,I can't believe they treat those innocent immigrants like this. They just trying to come to America and make a better life,0,0
1681,"Africans are learning to reject Plunderers, Looters, Thieves and corrupt leaders in power. We are working in silence, mobilizing!",0,0
1773,So happy to see other muslims on the sub striving to be better! Eid Mubarak,0,0
1698,So it shouldn't be a sin then!,0,0
648,Being funny (personally I like guys with risqué and raunchy humor) and having cute hair that I can play with,0,0
2001,Jewish law experts help Cambodian genocide victims find justice at tribunal: Times of Israel URL,0,0
816,let's all smoke with him that'll be a fun time,0,0
291,Congratulations mexican brothers* from Africa§,0,0
2285,Improving the fitness standard of the indian team is a massive-massive gift kohli has given to this team,0,0
327,She is the most sexiest lady in bollywood...,0,0
1750,Seeing trans people that are hot af definitely makes me feel more secure and comfortable and hopeful.,0,0
384,"Out of curiosity, what makes non-denominational churches different from other divisions of Protestantism?",0,0
1623,"hey, trans woman here 7 years in. If you need to talk or have questions I'm your gal! :)",0,0
2058,"Interesting. I dislike having to wear dresses for weddings etc cuz I dislike gendered clothing, prefer the t-shirt and pants too",0,0
1165,India's economic journey: A fountain-pen story - The Financial Express URL,0,0
2012,Won't someone think of the German citizens who were killed and driven from their homes,0,0
1766,What are the hand gestures ?,0,0
2301,"Equality, freedom, and human rights.It is such a beautiful things.",0,0
1153,Is arameo.(sp?) The true language of the Jews from Jesus's days?,0,0
985,Indian supporting England team in stadium,0,0
1776,You're great in honor of a fasting Muslim,0,0
1350,How is this implying shes not straight...?,0,0
1015,A win for Puerto Ricans.,0,0
973,I'm Indian and I'm so proud of them representing my culture with respect.,0,0
954,A son of God is a man of God not necessarily a pastor,0,0
1728,", end the blockade now! Listen to Kashmiris and their anger! URL",0,0
1212,: Leading coalition of free expression organizations highlight unprecedented crackdown on freedom of expression in report to UN URL,0,0
1020,s deputy leader reaffirming the commitment to women's equality in every aspect of public life. URL,0,0
421,"This is completely true. As a biracial person, I thank the tumblr user who said all of this.",0,0
2190,Met with this one bro. He was sharing his experience about his marriage. The struggle of PJJ. Allah bless u brother.,0,0
2135,Junaid bi great ancher and Sohail ahmad also great comedian... Love from Germany,0,0
822,"In a new Gallup survey, two in three Americans (66%) said they support statehood for Puerto Rico. URL URL",0,0
490,\*Democratically elected woman who are simply doing their jobs,0,0
1347,You should join the trans girl groups (e.g. Duck Tales) on Telegram to get more localized friendship and advice.,0,0
1675,The woman who inspires me is my mom because she is a rockstar. - Alli S.,0,0
1513,"There's no such thing as ""hos "", men and women are equal.",0,0
2341,Eid Mubarak to all muslim brother and sisters across the world.lets generate the peace in world.,0,0
755,we are equal we are Muslims URL,0,0
14,"It's not your decision. If a woman doesn't want to carry her rapist's offspring or die in childbirth, that's fine.",0,0
2267,"My mom does not care how old I am, she will always take a picture the first day of school",0,0
1719,"It's not surprising. Why, even out ancestors knew nothing of America's existence once.",0,0
2330,The Trump Administration Is Ending An Immigration Benefit For Filipino Veterans And Haitians URL,0,0
700,an Irani former Muslim here you're not alone,0,0
1900,is that why you banned transgenders from serving in the military? you do know that T stands for trans...right??,0,0
2090,May Allah keep u in his hifzo aman my leader!! Long Live URL,0,0
130,Good luck finding another lactating BBW who enjoys fisting and has a partner. BLOCKED,0,0
736,"Yes, a sermon on Presbyterian Church government. I love Presbyterianism. URL",0,0
75,"Because like it or not people, on average, care more about others who share something in common (Like nationality) with them.",0,0
1629,"As a Kiwi, Ive got to hand it to the Indian fans. Most passionate in the World.",0,0
1658,Hey tbh it's okay if you like 1 or both genders it's the fact that if it makes you happy,0,0
208,Mary Brasch has a lot of experience with lgbt people and i think she's very easy to talk to,0,0
253,Fornication God says is wrong all the people that think im mean take it up with GOD JESUS he'll make a way for you,0,0
1821,Data from the Inter-Parliamentary Union shows that Canada has far to go before reaching gender equality in Parliament. URL,0,0
70,"I am very straight, and comfortable enough with that to thank you for the nice compliments.",0,0
1206,We of the Faithful Black Men Association nominate you to be the next speaker at our national conference 2020,0,0
658,Yaaass ! Thank you for supporting the LGBTQ+,0,0
333,single handily beat Racism.,0,0
1143,"The more the fruits of knowledge become accessible to men, the more widespread is the decline of religious belief.– ",0,0
1940,This is amazing! Kudos for that women for being so strong,0,0
2138,"As a fellow 31 yr old Bi man, more power to ya! Have fun, hope it all goes well.",0,0
2262,*Real spiritual knowledge* Supreme God Kabir went to Satlok with his body from Maghar. Because Supreme God is Kabir URL,0,0
66,Pride + 's birthday + Brooklyn = URL,0,0
2483,Yep. Glorifying God. As stated in their letter. But it is from the Choir,0,0
263,"God bless,""dedicated not only to God but also Jesus"" love the enthusiasm about God bro much love",0,0
2101,I'm grateful that Allah (SWT) continues to bless me. I will forever bless others in his name.,0,0
1244,It's a lie. Illegal immigrants commit crime at a lower rate than citizens.,0,0
823,This is inspiring! Good project and nice video showing the struggles of most members of the LGBTQ Community,0,0
1293,Saudi Arabia and United States of America : Open Sana'a Airport for Commercial Flights - Sign the Petition! URL via,0,0
342,the way she works her hair at the end too. god bless the latina woman,0,0
826,They are honestly so transphobic. They need help.,0,0
489,More women are creating new businesses and amassing fortunes than ever before. Check out the 2019 list on . URL URL,0,0
2332,Breaking: Colorado becomes the 18th state to protect LGBTQ youth from conversion therapy! Signed by today at the State Capital,0,0
431,And I can't stop thinking about black men.,0,0
574,"Now that is how its done, Happy Birthday! Love to see black families celebrating the growth of their children.",0,0
641,From a white woman thank you for speaking truth.,0,0
47,Women need real moments of solitude and self-reflection to balance out how much of ourselves we give away. - Barbara De Angelis,0,0
1108,If you are a furry it's Ok I will support you,0,0
1802,Don't recall the Black Panthers committing genocide of six million people.,0,0
1663,"My experience with Asian women has been S Korean and Thai girls are hottest, cutest.",0,0
995,It's 2019 we're respecting women and getting respected back.,0,0
2074,"Ramadan Kareem, and I hope you have a pleasant Eid!",0,0
1216,He\`s not even a Muslim,0,0
1277,"a lot of the teens say,"" sksksksksksksksksksk"" when something is ""funny""",0,0
810,"Sacrifice and concern macam macam, at last dia nampak and appreciate orang lain punya sacrifice and concern",0,0
249,I wipe yo face wit them blue hunneds to make ya tears dry,0,0
993,More supportive of the LGBTQ+ community,0,0
2195,I love my wife. Its not a sin.,0,0
328,Its national girlfriends day so stan clairo and stream immunity tomorrow URL,0,0
1133,No civil war... We have proud Hispanic US citizens in America gordon,0,0
31,A beacon of light for women sports.,0,0
284,I don't mind any orientation as long as it you.,0,0
1559,"Spanish big Musa lady goes interracial, join to enjoy! URL M4 URL",0,0
1915,"Meanwhile in Malaysia, inviting someone to Islam is disrespectful. ‍",0,0
498,"that's awesome! you look great, and as a young trans dude myself, that's kinda like a role model to me.",0,0
1270,I'm glad that they are using an Asian actress for Mulan she looks very elegant too,0,0
3,As a slightly feminine top I appreciate all masc bottoms that enjoy a dude like me,0,0
1737,Sixty dead in two-day crackdown on Sudan protesters: Doctors URL URL,0,0
1289,I really dislike when people weaponize the Bible,0,0
1992,I'm a 9 year old proud Asian American women!,0,0
103,Seems like a Christian thing to do,0,0
2036,That's less than 5% of the US population. GET YER GUN MAW! THE IS COMING TO GET OUR JERBS.,0,0
687,"lets not forget about lesbians this month,,,,or ever.....because that is the first letter in lgbt since a lot of people seem to forget",0,0
1540,That's why I'm amused when certain countries talk about women's rights etc Was it just a fluke?,0,0
1377,As a closeted trans guy the last words made me cry.,0,0
77,Women with really dark skin are so pretty. The way their eyes stand out is really nice!,0,0
582,One of the most important relationships you can have is a relationship with God.,0,0
1896,my masculine is awakening for my spiritual elevation!!!,0,0
1628,First state in the US to protect trans people from discrimination in employment/housing! I was kinda proud to learn that factoid. 1993.,0,0
1925,NYPD Apologizes for Stonewall Raids That Sparked Modern LGBTQ Movement URL,0,0
1231,stop trying to invalidate the feelings of poc groups when YOU think something isn't offensive,0,0
1640,"Gay Parade is one of their best, I've been repping it with this username for awhile",0,0
481,No disrespect but Angelo is one fine strong black man.,0,0
675,"He has my respect, Islam Changed my life, thank you god for such a beautiful.",0,0
620,>What do you think happens when an immigrant moves here? in general...they get wealthier,0,0
577,"Representatives: indigenous Kadasan-dusun, Islam, Buddhism, and Christianity. It is so heartwarming to see religious leaders sit side by side to talk about conservation.",0,0
600,"stay safe OP, from one asian to anotha",0,0
1423,Wishing joyful Eid Mubarak to all celebrating Eid ul Fitr across the world. May this Eid be of tremendous blessings! URL,0,0
2024,Blessings Woman of our Great God Yahweh!,0,0
556,Viva Iran and Iranian super power,0,0
1083,"I think Mulan should be played by a white blonde woman, the role fits perfectly for a white woman, don't u all think?",0,0
695,I mean I hated this white person yesterday. But i realize that we should united and not separated. Love for everyone,0,0
553,Bonnie Robinson has nothing to do with the issue of illegal immigration.,0,0
109,That's good. I support the LGBT community,0,0
1748,I am a woman and hereby proudly declare that i care about my feelings and my well-being.,0,0
1156,I love my three gay dads - Ms Marvel,0,0
45,"Happy Pride Month! Whether you're out, questioning, or closeted, your identity and journey are valid and you deserve love and acceptance! ",0,0
2038,yea it sounds like he's crushing. talk to him ab it,0,0
856,Hispanics know their lives matter. Family and tradition keep us connected. We dont need a movement. We know our worth.,0,0
1815,Life this if you are FILIPINO,0,0
1463,"It's pure brotherly love, unhindered by society's view that men can't kiss platonically. I think it's very sweet",0,0
279,That's not a nice thing to say about a woman...,0,0
2153,All I'm sayin is that I'd love to see more Muslim fashion bloggers showcase models size 12 and up please and thank you.,0,0
1690,Wizkid brought his a-game again on Brown Skin Girl alongside Beyoncé. Nice delivery.,0,0
1368,I am tall and love tall women,0,0
1784,Is it easier being straight.,0,0
622,I have a thing for short women who can throw me around the bed so bless you for this.,0,0
504,Vogue Japan loves White models and local fashion magazines love Hapa girls thats it,0,0
1051,Khawar Qureshi isn't even Pakistani. He was born and brought up in England.,0,0
298,"I would go home alone and pay for her uber, because real men wait until marriage.",0,0
1086,straight or not we deserve to be loved & respect.,0,0
2303,Im Bi ive dated both over the years but this relationship is different we dont argue or fight its really nice.,0,0
1274,That we love American girls and boys.,0,0
140,TALL WOMEN DESERVE ALL THE LOVE. DONT BE UPSET ABOUT YOUR HEIGHT CAUSE TALL WOMEN ARE THE BEST,0,0
360,GOD IS FAITHFUL!  May Bible reading plan. Learning to rely on God wholeheartedly! URL,0,0
1439,Eid Mubarak to everyone celebrating today,0,0
1700,India helped evacuate also Germans out of Yemen. Thank you India!,0,0
433,We learn a lot when we have to survive terrible times - I believe we can also learn a lot when we love learning....,0,0
917,God is a Black woman.,0,0
2166,Eid Mubarak to everyone that celebrates it !,0,0
1696,wdym she needs god? she's empowering women. nothing wrong with that.,0,0
770,Oh my bad.. so Israel has never taken land away forcefully from anyone?,0,0
925,It's okay to be white. I am white. I like being white.,0,0
1600,We Iranian people ask u to support us to change the terrorist regime of iran,0,0
2131,I have thought about getting a passport and traveling to different countries to meet foreign women,0,0
1519,im trans as well. I understand how you feel,0,0
1633,That girl rocking the hijab in the video looks BEAUTIFUL,0,0
1850,Pride parades are held in every city in India and they are almost always unopposed.,0,0
2148,Andile used the k word. He must go to jail. URL,0,0
21,Huzzah! Am Bisexual. Currently crushing on Megan Rapinoe.,0,0
1801,What anti Semitic comment? She hasn't made any,0,0
1508,Same. There are some very fine Indian men out there.,0,0
2146,its a good day to love men,0,0
2242,"I think I did that as a guy too...but I had tons of points into seduction/cnversations, I think...",0,0
1890,"I've known guys who came out later than that, long after I have, and they're now married before me. It's not too late.",0,0
2400,Im an atheist myself was and is good,0,0
1190,Thank God for you Prophetess Bola. you have been a blessing,0,0
2239,"If you actually undwrstanx the bible, none of that is true.",0,0
250,If the Pyramids were built by Europeans instead of Africans they wouldn't be trying to say aliens did it,0,0
948,Exactly! LGBT representation is hard to do right but when it is you can tell and it's just EEEEEEEE. Thanks for being understanding though,0,0
1918,May Allah ease everything in order amiiin URL,0,0
535,"I tried to speak a little about the holy month, Ramadhan. URL",0,0
399,The positive side of all this is that shes not sleeping with another guy.,0,0
1942,Ain't this the truth? Hope you and family have a relaxing Sunday  (his name is Pastor YPJ) URL,0,0
1683,We are facing the consequences for not following the instructions of Allah URL,0,0
1112,Good for you. I'm happy living my life constantly complimented by men.,0,0
105,Tsunaina is Mongolian I follow her instagram,0,0
1044,Surfer babes always got wiggly blonde hair.,0,0
2170,"I'm not Christian, but I understand, relate to, and respect this thought ",0,0
15,If you respect trans rights you are good enough <3,0,0
2172,I'm not religious either but they did find the perfect word to respond to your comment: amen,0,0
2321,the first all female superhero team up movie AND best comic book movie of all time is coming URL,0,0
1148,I recently met a woman from El Salvador and this woman is amazing!!! I will never date another western woman again!,0,0
1580,"Femininity doesn't always have to be ""sexy"". Why do women need to be sexualized to be considered feminine?",0,0
678," We obviously need women to lead the House and the Senate, and be our President.",0,0
216,"India love bright side , bright side love india ",0,0
1544,"That's a personal choice for them, the strength of your faith shouldn't change if they do or do not.",0,0
752,disney's first main gay character is played by someone who is really lgbt i LOVE that,0,0
1469,I have a lesbian friend. Although she's not really part of my typical guy friend group,0,0
2430," I second this statement. They don't, if they are not minorities, be it a minority as a skin color, race, religion or gender.",0,0
870," I from America, but my ethnicity is Indian.",0,0
2402,"God-given struggles don't come to stay, they come to pass. Just be patient. Wait while God works for you.",0,0
32,i'm half pinoy and half filipino but i take pride in being both 100%.,0,0
1061," Wow what a beautiful pic, I 100% support GLBT ‍, gay people r the nicest people around xx",0,0
1614,LMAOOO we was old niggas playin this mas aggressively for money,0,0
541,I still just want black men and women to love each other again,0,0
